ISO-10303-21;
HEADER;
FILE_DESCRIPTION((''),'2;1');
FILE_NAME('PRT0006','2023-11-24T',('ZLW'),(''),
'PRO/ENGINEER BY PARAMETRIC TECHNOLOGY CORPORATION, 2014320',
'PRO/ENGINEER BY PARAMETRIC TECHNOLOGY CORPORATION, 2014320','');
FILE_SCHEMA(('CONFIG_CONTROL_DESIGN'));
ENDSEC;
DATA;
#1=DIRECTION('',(0.E0,1.E0,0.E0));
#2=VECTOR('',#1,4.158823529412E1);
#3=CARTESIAN_POINT('',(3.475E1,-2.079411764706E1,-3.3E1));
#4=LINE('',#3,#2);
#5=DIRECTION('',(0.E0,2.821663239916E-1,9.593655015713E-1));
#6=VECTOR('',#5,3.262573018181E1);
#7=CARTESIAN_POINT('',(3.475E1,2.079411764706E1,-3.3E1));
#8=LINE('',#7,#6);
#9=DIRECTION('',(0.E0,1.642003358679E-9,-1.E0));
#10=VECTOR('',#9,7.E-1);
#11=CARTESIAN_POINT('',(3.475E1,2.999999999885E1,-1.E0));
#12=LINE('',#11,#10);
#13=DIRECTION('',(0.E0,-1.E0,0.E0));
#14=VECTOR('',#13,5.999999999699E1);
#15=CARTESIAN_POINT('',(3.475E1,2.999999999885E1,-1.E0));
#16=LINE('',#15,#14);
#17=DIRECTION('',(0.E0,2.657998265931E-9,1.E0));
#18=VECTOR('',#17,7.E-1);
#19=CARTESIAN_POINT('',(3.475E1,-3.E1,-1.7E0));
#20=LINE('',#19,#18);
#21=DIRECTION('',(0.E0,2.821663239916E-1,-9.593655015713E-1));
#22=VECTOR('',#21,3.262573018181E1);
#23=CARTESIAN_POINT('',(3.475E1,-3.E1,-1.7E0));
#24=LINE('',#23,#22);
#25=CARTESIAN_POINT('',(3.475E1,-2.079411764706E1,-3.3E1));
#26=CARTESIAN_POINT('',(3.475E1,-2.069807031855E1,-3.332656091693E1));
#27=CARTESIAN_POINT('',(3.450258084499E1,-2.057578901499E1,-3.374231734904E1));
#28=CARTESIAN_POINT('',(3.409039259948E1,-2.05E1,-3.4E1));
#29=CARTESIAN_POINT('',(3.375E1,-2.05E1,-3.4E1));
#31=CARTESIAN_POINT('',(3.375E1,2.05E1,-3.4E1));
#32=CARTESIAN_POINT('',(3.409039259948E1,2.05E1,-3.4E1));
#33=CARTESIAN_POINT('',(3.450258084499E1,2.057578901499E1,-3.374231734904E1));
#34=CARTESIAN_POINT('',(3.475E1,2.069807031855E1,-3.332656091693E1));
#35=CARTESIAN_POINT('',(3.475E1,2.079411764706E1,-3.3E1));
#37=DIRECTION('',(-1.E0,0.E0,0.E0));
#38=VECTOR('',#37,2.828427124746E0);
#39=CARTESIAN_POINT('',(3.657842712475E1,-2.05E1,-3.4E1));
#40=LINE('',#39,#38);
#41=CARTESIAN_POINT('',(3.493368249465E1,-3.05E1,1.429844405795E-14));
#42=CARTESIAN_POINT('',(3.487384052534E1,-3.045220135280E1,-1.625154004800E-1));
#43=CARTESIAN_POINT('',(3.478459484117E1,-3.035529944874E1,-4.919818742886E-1));
#44=CARTESIAN_POINT('',(3.475300329335E1,-3.025608958670E1,-8.292954052286E-1));
#45=CARTESIAN_POINT('',(3.475201864849E1,-3.020588235294E1,-1.E0));
#47=DIRECTION('',(1.E0,0.E0,0.E0));
#48=VECTOR('',#47,2.033662451107E0);
#49=CARTESIAN_POINT('',(3.571633754889E1,-3.05E1,0.E0));
#50=LINE('',#49,#48);
#51=DIRECTION('',(-1.E0,0.E0,0.E0));
#52=VECTOR('',#51,2.828427124746E0);
#53=CARTESIAN_POINT('',(-3.375E1,-2.05E1,-3.4E1));
#54=LINE('',#53,#52);
#55=DIRECTION('',(1.E0,0.E0,1.442833949464E-14));
#56=VECTOR('',#55,2.048565342077E0);
#57=CARTESIAN_POINT('',(-3.775E1,-3.05E1,0.E0));
#58=LINE('',#57,#56);
#59=CARTESIAN_POINT('',(-3.475201864849E1,-3.020588235294E1,-1.E0));
#60=CARTESIAN_POINT('',(-3.475300245394E1,-3.025604678524E1,
-8.294409301806E-1));
#61=CARTESIAN_POINT('',(-3.478454150641E1,-3.035521275267E1,
-4.922766409102E-1));
#62=CARTESIAN_POINT('',(-3.487378999164E1,-3.045216098912E1,
-1.626526370078E-1));
#63=CARTESIAN_POINT('',(-3.493368249465E1,-3.05E1,8.516482006648E-14));
#65=CARTESIAN_POINT('',(3.375E1,-2.05E1,-3.3E1));
#66=DIRECTION('',(0.E0,1.E0,0.E0));
#67=DIRECTION('',(9.428090415821E-1,0.E0,-3.333333333333E-1));
#68=AXIS2_PLACEMENT_3D('',#65,#66,#67);
#70=CARTESIAN_POINT('',(-3.375E1,-2.05E1,-3.3E1));
#71=DIRECTION('',(0.E0,1.E0,0.E0));
#72=DIRECTION('',(-5.210646728907E-14,0.E0,-1.E0));
#73=AXIS2_PLACEMENT_3D('',#70,#71,#72);
#75=CARTESIAN_POINT('',(3.675E1,2.079411764706E1,-3.3E1));
#76=CARTESIAN_POINT('',(3.675E1,2.069341612904E1,-3.334238516127E1));
#77=CARTESIAN_POINT('',(3.669306370024E1,2.059536505871E1,-3.367575880039E1));
#78=CARTESIAN_POINT('',(3.657842712475E1,2.05E1,-3.4E1));
#80=CARTESIAN_POINT('',(3.675E1,-2.079411764706E1,-3.3E1));
#81=CARTESIAN_POINT('',(3.675E1,-2.069341612904E1,-3.334238516127E1));
#82=CARTESIAN_POINT('',(3.669306370024E1,-2.059536505871E1,-3.367575880039E1));
#83=CARTESIAN_POINT('',(3.657842712475E1,-2.05E1,-3.4E1));
#85=DIRECTION('',(1.E0,0.E0,0.E0));
#86=VECTOR('',#85,2.828427124746E0);
#87=CARTESIAN_POINT('',(3.375E1,2.05E1,-3.4E1));
#88=LINE('',#87,#86);
#89=DIRECTION('',(-1.E0,1.048172082894E-14,1.720749169418E-14));
#90=VECTOR('',#89,2.033662451107E0);
#91=CARTESIAN_POINT('',(3.775E1,3.05E1,0.E0));
#92=LINE('',#91,#90);
#93=CARTESIAN_POINT('',(3.475201864849E1,3.020588235294E1,-1.E0));
#94=CARTESIAN_POINT('',(3.475300245394E1,3.025604678524E1,-8.294409301806E-1));
#95=CARTESIAN_POINT('',(3.478454150641E1,3.035521275267E1,-4.922766409102E-1));
#96=CARTESIAN_POINT('',(3.487378999164E1,3.045216098912E1,-1.626526370078E-1));
#97=CARTESIAN_POINT('',(3.493368249465E1,3.05E1,9.334755191048E-14));
#99=DIRECTION('',(1.E0,0.E0,0.E0));
#100=VECTOR('',#99,2.828427124746E0);
#101=CARTESIAN_POINT('',(-3.657842712475E1,2.05E1,-3.4E1));
#102=LINE('',#101,#100);
#103=CARTESIAN_POINT('',(-3.493368249465E1,3.05E1,2.888060161392E-14));
#104=CARTESIAN_POINT('',(-3.487384052534E1,3.045220135280E1,
-1.625154004800E-1));
#105=CARTESIAN_POINT('',(-3.478459484117E1,3.035529944874E1,
-4.919818742886E-1));
#106=CARTESIAN_POINT('',(-3.475300329335E1,3.025608958670E1,
-8.292954052286E-1));
#107=CARTESIAN_POINT('',(-3.475201864849E1,3.020588235294E1,-1.E0));
#109=DIRECTION('',(-1.E0,0.E0,0.E0));
#110=VECTOR('',#109,2.048565342077E0);
#111=CARTESIAN_POINT('',(-3.570143465792E1,3.05E1,1.048050535246E-14));
#112=LINE('',#111,#110);
#113=CARTESIAN_POINT('',(-3.375E1,2.05E1,-3.3E1));
#114=DIRECTION('',(0.E0,-1.E0,0.E0));
#115=DIRECTION('',(-9.428090415821E-1,0.E0,-3.333333333333E-1));
#116=AXIS2_PLACEMENT_3D('',#113,#114,#115);
#118=CARTESIAN_POINT('',(3.375E1,2.05E1,-3.3E1));
#119=DIRECTION('',(0.E0,-1.E0,0.E0));
#120=DIRECTION('',(4.973799150321E-14,0.E0,-1.E0));
#121=AXIS2_PLACEMENT_3D('',#118,#119,#120);
#123=CARTESIAN_POINT('',(2.4E1,-2.251490350671E-13,-3.4E1));
#124=DIRECTION('',(0.E0,0.E0,1.E0));
#125=DIRECTION('',(0.E0,-1.E0,0.E0));
#126=AXIS2_PLACEMENT_3D('',#123,#124,#125);
#128=DIRECTION('',(-1.E0,0.E0,0.E0));
#129=VECTOR('',#128,2.5E0);
#130=CARTESIAN_POINT('',(2.4E1,1.5E0,-3.4E1));
#131=LINE('',#130,#129);
#132=DIRECTION('',(0.E0,1.E0,0.E0));
#133=VECTOR('',#132,1.5E0);
#134=CARTESIAN_POINT('',(2.15E1,1.5E0,-3.4E1));
#135=LINE('',#134,#133);
#136=DIRECTION('',(1.E0,0.E0,0.E0));
#137=VECTOR('',#136,4.E0);
#138=CARTESIAN_POINT('',(2.15E1,2.999999999999E0,-3.4E1));
#139=LINE('',#138,#137);
#140=DIRECTION('',(0.E0,1.E0,0.E0));
#141=VECTOR('',#140,2.E0);
#142=CARTESIAN_POINT('',(2.65E1,3.999999999999E0,-3.4E1));
#143=LINE('',#142,#141);
#144=DIRECTION('',(-1.E0,0.E0,0.E0));
#145=VECTOR('',#144,4.E0);
#146=CARTESIAN_POINT('',(2.55E1,6.999999999999E0,-3.4E1));
#147=LINE('',#146,#145);
#148=DIRECTION('',(0.E0,1.E0,0.E0));
#149=VECTOR('',#148,3.5E0);
#150=CARTESIAN_POINT('',(2.15E1,6.999999999999E0,-3.4E1));
#151=LINE('',#150,#149);
#152=DIRECTION('',(-1.E0,0.E0,0.E0));
#153=VECTOR('',#152,4.3E1);
#154=CARTESIAN_POINT('',(2.15E1,1.05E1,-3.4E1));
#155=LINE('',#154,#153);
#156=DIRECTION('',(0.E0,-1.E0,0.E0));
#157=VECTOR('',#156,3.5E0);
#158=CARTESIAN_POINT('',(-2.15E1,1.05E1,-3.4E1));
#159=LINE('',#158,#157);
#160=DIRECTION('',(-1.E0,0.E0,0.E0));
#161=VECTOR('',#160,4.E0);
#162=CARTESIAN_POINT('',(-2.15E1,6.999999999999E0,-3.4E1));
#163=LINE('',#162,#161);
#164=DIRECTION('',(0.E0,-1.E0,0.E0));
#165=VECTOR('',#164,2.E0);
#166=CARTESIAN_POINT('',(-2.65E1,5.999999999999E0,-3.4E1));
#167=LINE('',#166,#165);
#168=DIRECTION('',(1.E0,0.E0,0.E0));
#169=VECTOR('',#168,4.E0);
#170=CARTESIAN_POINT('',(-2.55E1,2.999999999999E0,-3.4E1));
#171=LINE('',#170,#169);
#172=DIRECTION('',(0.E0,-1.E0,0.E0));
#173=VECTOR('',#172,1.5E0);
#174=CARTESIAN_POINT('',(-2.15E1,2.999999999999E0,-3.4E1));
#175=LINE('',#174,#173);
#176=DIRECTION('',(-1.E0,0.E0,0.E0));
#177=VECTOR('',#176,2.5E0);
#178=CARTESIAN_POINT('',(-2.15E1,1.5E0,-3.4E1));
#179=LINE('',#178,#177);
#180=CARTESIAN_POINT('',(-2.4E1,-2.413909756233E-13,-3.4E1));
#181=DIRECTION('',(0.E0,0.E0,1.E0));
#182=DIRECTION('',(0.E0,1.E0,0.E0));
#183=AXIS2_PLACEMENT_3D('',#180,#181,#182);
#185=DIRECTION('',(1.E0,6.057376822355E-14,0.E0));
#186=VECTOR('',#185,2.5E0);
#187=CARTESIAN_POINT('',(-2.4E1,-1.5E0,-3.4E1));
#188=LINE('',#187,#186);
#189=DIRECTION('',(0.E0,-1.E0,0.E0));
#190=VECTOR('',#189,1.5E0);
#191=CARTESIAN_POINT('',(-2.15E1,-1.5E0,-3.4E1));
#192=LINE('',#191,#190);
#193=DIRECTION('',(-1.E0,0.E0,0.E0));
#194=VECTOR('',#193,4.E0);
#195=CARTESIAN_POINT('',(-2.15E1,-2.999999999999E0,-3.4E1));
#196=LINE('',#195,#194);
#197=DIRECTION('',(0.E0,-1.E0,0.E0));
#198=VECTOR('',#197,2.E0);
#199=CARTESIAN_POINT('',(-2.65E1,-3.999999999999E0,-3.4E1));
#200=LINE('',#199,#198);
#201=DIRECTION('',(1.E0,0.E0,0.E0));
#202=VECTOR('',#201,4.E0);
#203=CARTESIAN_POINT('',(-2.55E1,-6.999999999999E0,-3.4E1));
#204=LINE('',#203,#202);
#205=DIRECTION('',(0.E0,-1.E0,0.E0));
#206=VECTOR('',#205,3.5E0);
#207=CARTESIAN_POINT('',(-2.15E1,-6.999999999999E0,-3.4E1));
#208=LINE('',#207,#206);
#209=DIRECTION('',(1.E0,0.E0,0.E0));
#210=VECTOR('',#209,4.3E1);
#211=CARTESIAN_POINT('',(-2.15E1,-1.05E1,-3.4E1));
#212=LINE('',#211,#210);
#213=DIRECTION('',(0.E0,1.E0,0.E0));
#214=VECTOR('',#213,3.5E0);
#215=CARTESIAN_POINT('',(2.15E1,-1.05E1,-3.4E1));
#216=LINE('',#215,#214);
#217=DIRECTION('',(1.E0,0.E0,0.E0));
#218=VECTOR('',#217,4.E0);
#219=CARTESIAN_POINT('',(2.15E1,-6.999999999999E0,-3.4E1));
#220=LINE('',#219,#218);
#221=DIRECTION('',(0.E0,1.E0,0.E0));
#222=VECTOR('',#221,2.E0);
#223=CARTESIAN_POINT('',(2.65E1,-5.999999999999E0,-3.4E1));
#224=LINE('',#223,#222);
#225=DIRECTION('',(-1.E0,0.E0,0.E0));
#226=VECTOR('',#225,4.E0);
#227=CARTESIAN_POINT('',(2.55E1,-2.999999999999E0,-3.4E1));
#228=LINE('',#227,#226);
#229=DIRECTION('',(0.E0,1.E0,0.E0));
#230=VECTOR('',#229,1.5E0);
#231=CARTESIAN_POINT('',(2.15E1,-2.999999999999E0,-3.4E1));
#232=LINE('',#231,#230);
#233=DIRECTION('',(1.E0,-5.995204332976E-14,0.E0));
#234=VECTOR('',#233,2.5E0);
#235=CARTESIAN_POINT('',(2.15E1,-1.5E0,-3.4E1));
#236=LINE('',#235,#234);
#237=DIRECTION('',(0.E0,1.E0,0.E0));
#238=VECTOR('',#237,4.1E1);
#239=CARTESIAN_POINT('',(3.375E1,-2.05E1,-3.4E1));
#240=LINE('',#239,#238);
#241=DIRECTION('',(-1.E0,0.E0,0.E0));
#242=VECTOR('',#241,6.75E1);
#243=CARTESIAN_POINT('',(3.375E1,-2.05E1,-3.4E1));
#244=LINE('',#243,#242);
#245=DIRECTION('',(0.E0,-1.E0,0.E0));
#246=VECTOR('',#245,4.1E1);
#247=CARTESIAN_POINT('',(-3.375E1,2.05E1,-3.4E1));
#248=LINE('',#247,#246);
#249=DIRECTION('',(1.E0,0.E0,0.E0));
#250=VECTOR('',#249,6.75E1);
#251=CARTESIAN_POINT('',(-3.375E1,2.05E1,-3.4E1));
#252=LINE('',#251,#250);
#253=DIRECTION('',(0.E0,0.E0,-1.E0));
#254=VECTOR('',#253,2.E0);
#255=CARTESIAN_POINT('',(2.4E1,1.5E0,-3.4E1));
#256=LINE('',#255,#254);
#257=DIRECTION('',(-1.E0,0.E0,0.E0));
#258=VECTOR('',#257,2.5E0);
#259=CARTESIAN_POINT('',(2.4E1,1.5E0,-3.6E1));
#260=LINE('',#259,#258);
#261=CARTESIAN_POINT('',(2.4E1,-2.251489369964E-13,-3.6E1));
#262=DIRECTION('',(0.E0,0.E0,-1.E0));
#263=DIRECTION('',(0.E0,1.E0,0.E0));
#264=AXIS2_PLACEMENT_3D('',#261,#262,#263);
#266=DIRECTION('',(1.E0,-6.004086117173E-14,0.E0));
#267=VECTOR('',#266,2.5E0);
#268=CARTESIAN_POINT('',(2.15E1,-1.5E0,-3.6E1));
#269=LINE('',#268,#267);
#270=DIRECTION('',(0.E0,1.E0,0.E0));
#271=VECTOR('',#270,1.5E0);
#272=CARTESIAN_POINT('',(2.15E1,-2.999999999999E0,-3.6E1));
#273=LINE('',#272,#271);
#274=DIRECTION('',(-1.E0,0.E0,0.E0));
#275=VECTOR('',#274,4.E0);
#276=CARTESIAN_POINT('',(2.55E1,-2.999999999999E0,-3.6E1));
#277=LINE('',#276,#275);
#278=DIRECTION('',(0.E0,1.E0,0.E0));
#279=VECTOR('',#278,2.E0);
#280=CARTESIAN_POINT('',(2.65E1,-5.999999999999E0,-3.6E1));
#281=LINE('',#280,#279);
#282=DIRECTION('',(1.E0,0.E0,0.E0));
#283=VECTOR('',#282,4.E0);
#284=CARTESIAN_POINT('',(2.15E1,-6.999999999999E0,-3.6E1));
#285=LINE('',#284,#283);
#286=DIRECTION('',(0.E0,1.E0,0.E0));
#287=VECTOR('',#286,3.5E0);
#288=CARTESIAN_POINT('',(2.15E1,-1.05E1,-3.6E1));
#289=LINE('',#288,#287);
#290=DIRECTION('',(1.E0,0.E0,0.E0));
#291=VECTOR('',#290,4.3E1);
#292=CARTESIAN_POINT('',(-2.15E1,-1.05E1,-3.6E1));
#293=LINE('',#292,#291);
#294=DIRECTION('',(0.E0,-1.E0,0.E0));
#295=VECTOR('',#294,3.5E0);
#296=CARTESIAN_POINT('',(-2.15E1,-6.999999999999E0,-3.6E1));
#297=LINE('',#296,#295);
#298=DIRECTION('',(1.E0,0.E0,0.E0));
#299=VECTOR('',#298,4.E0);
#300=CARTESIAN_POINT('',(-2.55E1,-6.999999999999E0,-3.6E1));
#301=LINE('',#300,#299);
#302=DIRECTION('',(0.E0,-1.E0,0.E0));
#303=VECTOR('',#302,2.E0);
#304=CARTESIAN_POINT('',(-2.65E1,-3.999999999999E0,-3.6E1));
#305=LINE('',#304,#303);
#306=DIRECTION('',(-1.E0,0.E0,0.E0));
#307=VECTOR('',#306,4.E0);
#308=CARTESIAN_POINT('',(-2.15E1,-2.999999999999E0,-3.6E1));
#309=LINE('',#308,#307);
#310=DIRECTION('',(0.E0,-1.E0,0.E0));
#311=VECTOR('',#310,1.5E0);
#312=CARTESIAN_POINT('',(-2.15E1,-1.5E0,-3.6E1));
#313=LINE('',#312,#311);
#314=DIRECTION('',(1.E0,6.101785743340E-14,0.E0));
#315=VECTOR('',#314,2.5E0);
#316=CARTESIAN_POINT('',(-2.4E1,-1.5E0,-3.6E1));
#317=LINE('',#316,#315);
#318=CARTESIAN_POINT('',(-2.4E1,-2.413898944949E-13,-3.6E1));
#319=DIRECTION('',(0.E0,0.E0,-1.E0));
#320=DIRECTION('',(0.E0,-1.E0,0.E0));
#321=AXIS2_PLACEMENT_3D('',#318,#319,#320);
#323=DIRECTION('',(-1.E0,0.E0,0.E0));
#324=VECTOR('',#323,2.5E0);
#325=CARTESIAN_POINT('',(-2.15E1,1.5E0,-3.6E1));
#326=LINE('',#325,#324);
#327=DIRECTION('',(0.E0,-1.E0,0.E0));
#328=VECTOR('',#327,1.5E0);
#329=CARTESIAN_POINT('',(-2.15E1,2.999999999999E0,-3.6E1));
#330=LINE('',#329,#328);
#331=DIRECTION('',(1.E0,0.E0,0.E0));
#332=VECTOR('',#331,4.E0);
#333=CARTESIAN_POINT('',(-2.55E1,2.999999999999E0,-3.6E1));
#334=LINE('',#333,#332);
#335=DIRECTION('',(0.E0,-1.E0,0.E0));
#336=VECTOR('',#335,2.E0);
#337=CARTESIAN_POINT('',(-2.65E1,5.999999999999E0,-3.6E1));
#338=LINE('',#337,#336);
#339=DIRECTION('',(-1.E0,0.E0,0.E0));
#340=VECTOR('',#339,4.E0);
#341=CARTESIAN_POINT('',(-2.15E1,6.999999999999E0,-3.6E1));
#342=LINE('',#341,#340);
#343=DIRECTION('',(0.E0,-1.E0,0.E0));
#344=VECTOR('',#343,3.5E0);
#345=CARTESIAN_POINT('',(-2.15E1,1.05E1,-3.6E1));
#346=LINE('',#345,#344);
#347=DIRECTION('',(-1.E0,0.E0,0.E0));
#348=VECTOR('',#347,4.3E1);
#349=CARTESIAN_POINT('',(2.15E1,1.05E1,-3.6E1));
#350=LINE('',#349,#348);
#351=DIRECTION('',(0.E0,1.E0,0.E0));
#352=VECTOR('',#351,3.5E0);
#353=CARTESIAN_POINT('',(2.15E1,6.999999999999E0,-3.6E1));
#354=LINE('',#353,#352);
#355=DIRECTION('',(-1.E0,0.E0,0.E0));
#356=VECTOR('',#355,4.E0);
#357=CARTESIAN_POINT('',(2.55E1,6.999999999999E0,-3.6E1));
#358=LINE('',#357,#356);
#359=DIRECTION('',(0.E0,1.E0,0.E0));
#360=VECTOR('',#359,2.E0);
#361=CARTESIAN_POINT('',(2.65E1,3.999999999999E0,-3.6E1));
#362=LINE('',#361,#360);
#363=DIRECTION('',(1.E0,0.E0,0.E0));
#364=VECTOR('',#363,4.E0);
#365=CARTESIAN_POINT('',(2.15E1,2.999999999999E0,-3.6E1));
#366=LINE('',#365,#364);
#367=DIRECTION('',(0.E0,1.E0,0.E0));
#368=VECTOR('',#367,1.5E0);
#369=CARTESIAN_POINT('',(2.15E1,1.5E0,-3.6E1));
#370=LINE('',#369,#368);
#371=DIRECTION('',(0.E0,-1.E0,0.E0));
#372=VECTOR('',#371,4.1E1);
#373=CARTESIAN_POINT('',(-3.375E1,2.05E1,-3.6E1));
#374=LINE('',#373,#372);
#375=DIRECTION('',(-1.E0,0.E0,0.E0));
#376=VECTOR('',#375,6.75E1);
#377=CARTESIAN_POINT('',(3.375E1,-2.05E1,-3.6E1));
#378=LINE('',#377,#376);
#379=DIRECTION('',(0.E0,1.E0,0.E0));
#380=VECTOR('',#379,4.1E1);
#381=CARTESIAN_POINT('',(3.375E1,-2.05E1,-3.6E1));
#382=LINE('',#381,#380);
#383=DIRECTION('',(1.E0,0.E0,0.E0));
#384=VECTOR('',#383,6.75E1);
#385=CARTESIAN_POINT('',(-3.375E1,2.05E1,-3.6E1));
#386=LINE('',#385,#384);
#387=DIRECTION('',(0.E0,0.E0,-1.E0));
#388=VECTOR('',#387,2.E0);
#389=CARTESIAN_POINT('',(2.4E1,-1.5E0,-3.4E1));
#390=LINE('',#389,#388);
#391=DIRECTION('',(0.E0,0.E0,1.E0));
#392=VECTOR('',#391,2.E0);
#393=CARTESIAN_POINT('',(2.15E1,-1.5E0,-3.6E1));
#394=LINE('',#393,#392);
#395=DIRECTION('',(0.E0,0.E0,1.E0));
#396=VECTOR('',#395,2.E0);
#397=CARTESIAN_POINT('',(2.15E1,-2.999999999999E0,-3.6E1));
#398=LINE('',#397,#396);
#399=DIRECTION('',(0.E0,0.E0,-1.E0));
#400=VECTOR('',#399,2.E0);
#401=CARTESIAN_POINT('',(2.55E1,-2.999999999999E0,-3.4E1));
#402=LINE('',#401,#400);
#403=CARTESIAN_POINT('',(2.55E1,-3.999999999999E0,-3.4E1));
#404=DIRECTION('',(0.E0,0.E0,-1.E0));
#405=DIRECTION('',(0.E0,1.E0,0.E0));
#406=AXIS2_PLACEMENT_3D('',#403,#404,#405);
#408=CARTESIAN_POINT('',(2.55E1,-3.999999999999E0,-3.6E1));
#409=DIRECTION('',(0.E0,0.E0,1.E0));
#410=DIRECTION('',(1.E0,0.E0,0.E0));
#411=AXIS2_PLACEMENT_3D('',#408,#409,#410);
#413=DIRECTION('',(0.E0,0.E0,-1.E0));
#414=VECTOR('',#413,2.E0);
#415=CARTESIAN_POINT('',(2.65E1,-3.999999999999E0,-3.4E1));
#416=LINE('',#415,#414);
#417=DIRECTION('',(0.E0,0.E0,-1.E0));
#418=VECTOR('',#417,2.E0);
#419=CARTESIAN_POINT('',(2.65E1,-5.999999999999E0,-3.4E1));
#420=LINE('',#419,#418);
#421=CARTESIAN_POINT('',(2.55E1,-5.999999999999E0,-3.4E1));
#422=DIRECTION('',(0.E0,0.E0,-1.E0));
#423=DIRECTION('',(1.E0,0.E0,0.E0));
#424=AXIS2_PLACEMENT_3D('',#421,#422,#423);
#426=CARTESIAN_POINT('',(2.55E1,-5.999999999999E0,-3.6E1));
#427=DIRECTION('',(0.E0,0.E0,1.E0));
#428=DIRECTION('',(0.E0,-1.E0,0.E0));
#429=AXIS2_PLACEMENT_3D('',#426,#427,#428);
#431=DIRECTION('',(0.E0,0.E0,-1.E0));
#432=VECTOR('',#431,2.E0);
#433=CARTESIAN_POINT('',(2.55E1,-6.999999999999E0,-3.4E1));
#434=LINE('',#433,#432);
#435=DIRECTION('',(0.E0,0.E0,1.E0));
#436=VECTOR('',#435,2.E0);
#437=CARTESIAN_POINT('',(2.15E1,-6.999999999999E0,-3.6E1));
#438=LINE('',#437,#436);
#439=DIRECTION('',(0.E0,0.E0,1.E0));
#440=VECTOR('',#439,2.E0);
#441=CARTESIAN_POINT('',(2.15E1,-1.05E1,-3.6E1));
#442=LINE('',#441,#440);
#443=DIRECTION('',(0.E0,0.E0,1.E0));
#444=VECTOR('',#443,2.E0);
#445=CARTESIAN_POINT('',(-2.15E1,-1.05E1,-3.6E1));
#446=LINE('',#445,#444);
#447=DIRECTION('',(0.E0,0.E0,1.E0));
#448=VECTOR('',#447,2.E0);
#449=CARTESIAN_POINT('',(-2.15E1,-6.999999999999E0,-3.6E1));
#450=LINE('',#449,#448);
#451=DIRECTION('',(0.E0,0.E0,-1.E0));
#452=VECTOR('',#451,2.E0);
#453=CARTESIAN_POINT('',(-2.55E1,-6.999999999999E0,-3.4E1));
#454=LINE('',#453,#452);
#455=CARTESIAN_POINT('',(-2.55E1,-5.999999999999E0,-3.4E1));
#456=DIRECTION('',(0.E0,0.E0,-1.E0));
#457=DIRECTION('',(0.E0,-1.E0,0.E0));
#458=AXIS2_PLACEMENT_3D('',#455,#456,#457);
#460=CARTESIAN_POINT('',(-2.55E1,-5.999999999999E0,-3.6E1));
#461=DIRECTION('',(0.E0,0.E0,1.E0));
#462=DIRECTION('',(-1.E0,0.E0,0.E0));
#463=AXIS2_PLACEMENT_3D('',#460,#461,#462);
#465=DIRECTION('',(0.E0,0.E0,-1.E0));
#466=VECTOR('',#465,2.E0);
#467=CARTESIAN_POINT('',(-2.65E1,-3.999999999999E0,-3.4E1));
#468=LINE('',#467,#466);
#469=DIRECTION('',(0.E0,0.E0,-1.E0));
#470=VECTOR('',#469,2.E0);
#471=CARTESIAN_POINT('',(-2.65E1,-5.999999999999E0,-3.4E1));
#472=LINE('',#471,#470);
#473=CARTESIAN_POINT('',(-2.55E1,-3.999999999999E0,-3.4E1));
#474=DIRECTION('',(0.E0,0.E0,-1.E0));
#475=DIRECTION('',(-1.E0,0.E0,0.E0));
#476=AXIS2_PLACEMENT_3D('',#473,#474,#475);
#478=CARTESIAN_POINT('',(-2.55E1,-3.999999999999E0,-3.6E1));
#479=DIRECTION('',(0.E0,0.E0,1.E0));
#480=DIRECTION('',(0.E0,1.E0,0.E0));
#481=AXIS2_PLACEMENT_3D('',#478,#479,#480);
#483=DIRECTION('',(0.E0,0.E0,-1.E0));
#484=VECTOR('',#483,2.E0);
#485=CARTESIAN_POINT('',(-2.55E1,-2.999999999999E0,-3.4E1));
#486=LINE('',#485,#484);
#487=DIRECTION('',(0.E0,0.E0,1.E0));
#488=VECTOR('',#487,2.E0);
#489=CARTESIAN_POINT('',(-2.15E1,-2.999999999999E0,-3.6E1));
#490=LINE('',#489,#488);
#491=DIRECTION('',(0.E0,0.E0,1.E0));
#492=VECTOR('',#491,2.E0);
#493=CARTESIAN_POINT('',(-2.15E1,-1.5E0,-3.6E1));
#494=LINE('',#493,#492);
#495=DIRECTION('',(0.E0,0.E0,-1.E0));
#496=VECTOR('',#495,2.E0);
#497=CARTESIAN_POINT('',(-2.4E1,-1.5E0,-3.4E1));
#498=LINE('',#497,#496);
#499=DIRECTION('',(0.E0,0.E0,-1.E0));
#500=VECTOR('',#499,2.E0);
#501=CARTESIAN_POINT('',(-2.4E1,1.5E0,-3.4E1));
#502=LINE('',#501,#500);
#503=DIRECTION('',(0.E0,0.E0,1.E0));
#504=VECTOR('',#503,2.E0);
#505=CARTESIAN_POINT('',(-2.15E1,1.5E0,-3.6E1));
#506=LINE('',#505,#504);
#507=DIRECTION('',(0.E0,0.E0,1.E0));
#508=VECTOR('',#507,2.E0);
#509=CARTESIAN_POINT('',(-2.15E1,2.999999999999E0,-3.6E1));
#510=LINE('',#509,#508);
#511=DIRECTION('',(0.E0,0.E0,-1.E0));
#512=VECTOR('',#511,2.E0);
#513=CARTESIAN_POINT('',(-2.55E1,2.999999999999E0,-3.4E1));
#514=LINE('',#513,#512);
#515=CARTESIAN_POINT('',(-2.55E1,3.999999999999E0,-3.4E1));
#516=DIRECTION('',(0.E0,0.E0,-1.E0));
#517=DIRECTION('',(0.E0,-1.E0,0.E0));
#518=AXIS2_PLACEMENT_3D('',#515,#516,#517);
#520=CARTESIAN_POINT('',(-2.55E1,3.999999999999E0,-3.6E1));
#521=DIRECTION('',(0.E0,0.E0,1.E0));
#522=DIRECTION('',(-1.E0,0.E0,0.E0));
#523=AXIS2_PLACEMENT_3D('',#520,#521,#522);
#525=DIRECTION('',(0.E0,0.E0,-1.E0));
#526=VECTOR('',#525,2.E0);
#527=CARTESIAN_POINT('',(-2.65E1,5.999999999999E0,-3.4E1));
#528=LINE('',#527,#526);
#529=DIRECTION('',(0.E0,0.E0,-1.E0));
#530=VECTOR('',#529,2.E0);
#531=CARTESIAN_POINT('',(-2.65E1,3.999999999999E0,-3.4E1));
#532=LINE('',#531,#530);
#533=CARTESIAN_POINT('',(-2.55E1,5.999999999999E0,-3.4E1));
#534=DIRECTION('',(0.E0,0.E0,-1.E0));
#535=DIRECTION('',(-1.E0,0.E0,0.E0));
#536=AXIS2_PLACEMENT_3D('',#533,#534,#535);
#538=CARTESIAN_POINT('',(-2.55E1,5.999999999999E0,-3.6E1));
#539=DIRECTION('',(0.E0,0.E0,1.E0));
#540=DIRECTION('',(0.E0,1.E0,0.E0));
#541=AXIS2_PLACEMENT_3D('',#538,#539,#540);
#543=DIRECTION('',(0.E0,0.E0,-1.E0));
#544=VECTOR('',#543,2.E0);
#545=CARTESIAN_POINT('',(-2.55E1,6.999999999999E0,-3.4E1));
#546=LINE('',#545,#544);
#547=DIRECTION('',(0.E0,0.E0,1.E0));
#548=VECTOR('',#547,2.E0);
#549=CARTESIAN_POINT('',(-2.15E1,6.999999999999E0,-3.6E1));
#550=LINE('',#549,#548);
#551=DIRECTION('',(0.E0,0.E0,1.E0));
#552=VECTOR('',#551,2.E0);
#553=CARTESIAN_POINT('',(-2.15E1,1.05E1,-3.6E1));
#554=LINE('',#553,#552);
#555=DIRECTION('',(0.E0,0.E0,1.E0));
#556=VECTOR('',#555,2.E0);
#557=CARTESIAN_POINT('',(2.15E1,1.05E1,-3.6E1));
#558=LINE('',#557,#556);
#559=DIRECTION('',(0.E0,0.E0,1.E0));
#560=VECTOR('',#559,2.E0);
#561=CARTESIAN_POINT('',(2.15E1,6.999999999999E0,-3.6E1));
#562=LINE('',#561,#560);
#563=DIRECTION('',(0.E0,0.E0,-1.E0));
#564=VECTOR('',#563,2.E0);
#565=CARTESIAN_POINT('',(2.55E1,6.999999999999E0,-3.4E1));
#566=LINE('',#565,#564);
#567=CARTESIAN_POINT('',(2.55E1,5.999999999999E0,-3.4E1));
#568=DIRECTION('',(0.E0,0.E0,-1.E0));
#569=DIRECTION('',(0.E0,1.E0,0.E0));
#570=AXIS2_PLACEMENT_3D('',#567,#568,#569);
#572=CARTESIAN_POINT('',(2.55E1,5.999999999999E0,-3.6E1));
#573=DIRECTION('',(0.E0,0.E0,1.E0));
#574=DIRECTION('',(1.E0,0.E0,0.E0));
#575=AXIS2_PLACEMENT_3D('',#572,#573,#574);
#577=DIRECTION('',(0.E0,0.E0,-1.E0));
#578=VECTOR('',#577,2.E0);
#579=CARTESIAN_POINT('',(2.65E1,5.999999999999E0,-3.4E1));
#580=LINE('',#579,#578);
#581=DIRECTION('',(0.E0,0.E0,-1.E0));
#582=VECTOR('',#581,2.E0);
#583=CARTESIAN_POINT('',(2.65E1,3.999999999999E0,-3.4E1));
#584=LINE('',#583,#582);
#585=CARTESIAN_POINT('',(2.55E1,3.999999999999E0,-3.4E1));
#586=DIRECTION('',(0.E0,0.E0,-1.E0));
#587=DIRECTION('',(1.E0,0.E0,0.E0));
#588=AXIS2_PLACEMENT_3D('',#585,#586,#587);
#590=CARTESIAN_POINT('',(2.55E1,3.999999999999E0,-3.6E1));
#591=DIRECTION('',(0.E0,0.E0,1.E0));
#592=DIRECTION('',(0.E0,-1.E0,0.E0));
#593=AXIS2_PLACEMENT_3D('',#590,#591,#592);
#595=DIRECTION('',(0.E0,0.E0,-1.E0));
#596=VECTOR('',#595,2.E0);
#597=CARTESIAN_POINT('',(2.55E1,2.999999999999E0,-3.4E1));
#598=LINE('',#597,#596);
#599=DIRECTION('',(0.E0,0.E0,1.E0));
#600=VECTOR('',#599,2.E0);
#601=CARTESIAN_POINT('',(2.15E1,2.999999999999E0,-3.6E1));
#602=LINE('',#601,#600);
#603=DIRECTION('',(0.E0,0.E0,1.E0));
#604=VECTOR('',#603,2.E0);
#605=CARTESIAN_POINT('',(2.15E1,1.5E0,-3.6E1));
#606=LINE('',#605,#604);
#607=CARTESIAN_POINT('',(-3.675E1,2.079411764706E1,-3.3E1));
#608=CARTESIAN_POINT('',(-3.675E1,2.069341612904E1,-3.334238516127E1));
#609=CARTESIAN_POINT('',(-3.669306370024E1,2.059536505871E1,-3.367575880039E1));
#610=CARTESIAN_POINT('',(-3.657842712475E1,2.05E1,-3.4E1));
#612=CARTESIAN_POINT('',(-3.675E1,-2.079411764706E1,-3.3E1));
#613=CARTESIAN_POINT('',(-3.675E1,-2.069341612904E1,-3.334238516127E1));
#614=CARTESIAN_POINT('',(-3.669306370024E1,-2.059536505871E1,
-3.367575880039E1));
#615=CARTESIAN_POINT('',(-3.657842712475E1,-2.05E1,-3.4E1));
#617=DIRECTION('',(0.E0,1.E0,0.E0));
#618=VECTOR('',#617,6.041176470588E1);
#619=CARTESIAN_POINT('',(-3.675E1,-3.020588235294E1,-1.E0));
#620=LINE('',#619,#618);
#621=DIRECTION('',(0.E0,-2.821663239916E-1,9.593655015713E-1));
#622=VECTOR('',#621,3.335537909961E1);
#623=CARTESIAN_POINT('',(-3.675E1,-2.079411764706E1,-3.3E1));
#624=LINE('',#623,#622);
#625=DIRECTION('',(0.E0,-1.E0,0.E0));
#626=VECTOR('',#625,4.158823529412E1);
#627=CARTESIAN_POINT('',(-3.675E1,2.079411764706E1,-3.3E1));
#628=LINE('',#627,#626);
#629=DIRECTION('',(0.E0,2.821663239916E-1,9.593655015713E-1));
#630=VECTOR('',#629,3.335537909961E1);
#631=CARTESIAN_POINT('',(-3.675E1,2.079411764706E1,-3.3E1));
#632=LINE('',#631,#630);
#633=CARTESIAN_POINT('',(-3.775E1,-3.05E1,0.E0));
#634=CARTESIAN_POINT('',(-3.740960740052E1,-3.05E1,0.E0));
#635=CARTESIAN_POINT('',(-3.699741915501E1,-3.042421098501E1,
-2.576826509634E-1));
#636=CARTESIAN_POINT('',(-3.675E1,-3.030192968145E1,-6.734390830714E-1));
#637=CARTESIAN_POINT('',(-3.675E1,-3.020588235294E1,-1.E0));
#639=CARTESIAN_POINT('',(-3.675E1,3.020588235294E1,-1.E0));
#640=CARTESIAN_POINT('',(-3.675E1,3.030192968145E1,-6.734390830715E-1));
#641=CARTESIAN_POINT('',(-3.699741915501E1,3.042421098501E1,
-2.576826509634E-1));
#642=CARTESIAN_POINT('',(-3.740960740052E1,3.05E1,0.E0));
#643=CARTESIAN_POINT('',(-3.775E1,3.05E1,0.E0));
#645=CARTESIAN_POINT('',(-6.35E1,4.2E1,0.E0));
#646=DIRECTION('',(0.E0,0.E0,1.E0));
#647=DIRECTION('',(1.E0,-2.131628207280E-14,0.E0));
#648=AXIS2_PLACEMENT_3D('',#645,#646,#647);
#650=DIRECTION('',(0.E0,1.E0,0.E0));
#651=VECTOR('',#650,6.E0);
#652=CARTESIAN_POINT('',(-6.15E1,3.6E1,0.E0));
#653=LINE('',#652,#651);
#654=CARTESIAN_POINT('',(-6.35E1,3.6E1,0.E0));
#655=DIRECTION('',(0.E0,0.E0,1.E0));
#656=DIRECTION('',(-1.E0,0.E0,0.E0));
#657=AXIS2_PLACEMENT_3D('',#654,#655,#656);
#659=DIRECTION('',(0.E0,-1.E0,0.E0));
#660=VECTOR('',#659,6.E0);
#661=CARTESIAN_POINT('',(-6.55E1,4.2E1,0.E0));
#662=LINE('',#661,#660);
#663=DIRECTION('',(0.E0,-1.E0,0.E0));
#664=VECTOR('',#663,6.E0);
#665=CARTESIAN_POINT('',(6.15E1,4.2E1,0.E0));
#666=LINE('',#665,#664);
#667=CARTESIAN_POINT('',(6.35E1,4.2E1,0.E0));
#668=DIRECTION('',(0.E0,0.E0,1.E0));
#669=DIRECTION('',(1.E0,0.E0,0.E0));
#670=AXIS2_PLACEMENT_3D('',#667,#668,#669);
#672=DIRECTION('',(0.E0,1.E0,0.E0));
#673=VECTOR('',#672,6.E0);
#674=CARTESIAN_POINT('',(6.55E1,3.6E1,0.E0));
#675=LINE('',#674,#673);
#676=CARTESIAN_POINT('',(6.35E1,3.6E1,0.E0));
#677=DIRECTION('',(0.E0,0.E0,1.E0));
#678=DIRECTION('',(-1.E0,2.131628207280E-14,0.E0));
#679=AXIS2_PLACEMENT_3D('',#676,#677,#678);
#681=DIRECTION('',(0.E0,1.E0,0.E0));
#682=VECTOR('',#681,6.E0);
#683=CARTESIAN_POINT('',(-6.15E1,-4.2E1,0.E0));
#684=LINE('',#683,#682);
#685=CARTESIAN_POINT('',(-6.35E1,-4.2E1,0.E0));
#686=DIRECTION('',(0.E0,0.E0,1.E0));
#687=DIRECTION('',(-1.E0,0.E0,0.E0));
#688=AXIS2_PLACEMENT_3D('',#685,#686,#687);
#690=DIRECTION('',(0.E0,-1.E0,0.E0));
#691=VECTOR('',#690,6.E0);
#692=CARTESIAN_POINT('',(-6.55E1,-3.6E1,0.E0));
#693=LINE('',#692,#691);
#694=CARTESIAN_POINT('',(-6.35E1,-3.6E1,0.E0));
#695=DIRECTION('',(0.E0,0.E0,1.E0));
#696=DIRECTION('',(1.E0,-2.131628207280E-14,0.E0));
#697=AXIS2_PLACEMENT_3D('',#694,#695,#696);
#699=CARTESIAN_POINT('',(6.35E1,-4.2E1,0.E0));
#700=DIRECTION('',(0.E0,0.E0,1.E0));
#701=DIRECTION('',(-1.E0,2.131628207280E-14,0.E0));
#702=AXIS2_PLACEMENT_3D('',#699,#700,#701);
#704=DIRECTION('',(0.E0,-1.E0,0.E0));
#705=VECTOR('',#704,6.E0);
#706=CARTESIAN_POINT('',(6.15E1,-3.6E1,0.E0));
#707=LINE('',#706,#705);
#708=CARTESIAN_POINT('',(6.35E1,-3.6E1,0.E0));
#709=DIRECTION('',(0.E0,0.E0,1.E0));
#710=DIRECTION('',(1.E0,0.E0,0.E0));
#711=AXIS2_PLACEMENT_3D('',#708,#709,#710);
#713=DIRECTION('',(0.E0,1.E0,0.E0));
#714=VECTOR('',#713,6.E0);
#715=CARTESIAN_POINT('',(6.55E1,-4.2E1,0.E0));
#716=LINE('',#715,#714);
#717=DIRECTION('',(0.E0,-1.E0,0.E0));
#718=VECTOR('',#717,6.1E1);
#719=CARTESIAN_POINT('',(3.775E1,3.05E1,0.E0));
#720=LINE('',#719,#718);
#721=DIRECTION('',(0.E0,1.E0,1.630854629695E-14));
#722=VECTOR('',#721,3.E-1);
#723=CARTESIAN_POINT('',(3.571633754889E1,-3.08E1,0.E0));
#724=LINE('',#723,#722);
#725=DIRECTION('',(1.E0,0.E0,0.E0));
#726=VECTOR('',#725,9.358170010911E-1);
#727=CARTESIAN_POINT('',(3.478052054780E1,-3.08E1,0.E0));
#728=LINE('',#727,#726);
#729=CARTESIAN_POINT('',(4.525E1,-3.E1,-1.421085471520E-14));
#730=DIRECTION('',(0.E0,0.E0,-1.E0));
#731=DIRECTION('',(0.E0,-1.E0,0.E0));
#732=AXIS2_PLACEMENT_3D('',#729,#730,#731);
#734=DIRECTION('',(-1.E0,0.E0,0.E0));
#735=VECTOR('',#734,5.E-1);
#736=CARTESIAN_POINT('',(4.575E1,-4.05E1,0.E0));
#737=LINE('',#736,#735);
#738=DIRECTION('',(0.E0,1.E0,0.E0));
#739=VECTOR('',#738,5.25E0);
#740=CARTESIAN_POINT('',(4.575E1,-4.575E1,0.E0));
#741=LINE('',#740,#739);
#742=CARTESIAN_POINT('',(5.075E1,-4.575E1,0.E0));
#743=DIRECTION('',(0.E0,0.E0,-1.E0));
#744=DIRECTION('',(0.E0,-1.E0,0.E0));
#745=AXIS2_PLACEMENT_3D('',#742,#743,#744);
#747=DIRECTION('',(1.E0,0.E0,0.E0));
#748=VECTOR('',#747,1.2E1);
#749=CARTESIAN_POINT('',(5.075E1,-5.075E1,0.E0));
#750=LINE('',#749,#748);
#751=CARTESIAN_POINT('',(6.275E1,-4.275E1,0.E0));
#752=DIRECTION('',(0.E0,0.E0,-1.E0));
#753=DIRECTION('',(1.E0,0.E0,0.E0));
#754=AXIS2_PLACEMENT_3D('',#751,#752,#753);
#756=DIRECTION('',(0.E0,1.E0,0.E0));
#757=VECTOR('',#756,8.55E1);
#758=CARTESIAN_POINT('',(7.075E1,-4.275E1,0.E0));
#759=LINE('',#758,#757);
#760=CARTESIAN_POINT('',(6.275E1,4.275E1,0.E0));
#761=DIRECTION('',(0.E0,0.E0,-1.E0));
#762=DIRECTION('',(0.E0,1.E0,0.E0));
#763=AXIS2_PLACEMENT_3D('',#760,#761,#762);
#765=DIRECTION('',(-1.E0,0.E0,0.E0));
#766=VECTOR('',#765,1.2E1);
#767=CARTESIAN_POINT('',(6.275E1,5.075E1,0.E0));
#768=LINE('',#767,#766);
#769=CARTESIAN_POINT('',(5.075E1,4.575E1,0.E0));
#770=DIRECTION('',(0.E0,0.E0,-1.E0));
#771=DIRECTION('',(-1.E0,0.E0,0.E0));
#772=AXIS2_PLACEMENT_3D('',#769,#770,#771);
#774=DIRECTION('',(0.E0,-1.E0,0.E0));
#775=VECTOR('',#774,5.25E0);
#776=CARTESIAN_POINT('',(4.575E1,4.575E1,0.E0));
#777=LINE('',#776,#775);
#778=DIRECTION('',(1.E0,0.E0,0.E0));
#779=VECTOR('',#778,5.E-1);
#780=CARTESIAN_POINT('',(4.525E1,4.05E1,0.E0));
#781=LINE('',#780,#779);
#782=CARTESIAN_POINT('',(4.525E1,3.E1,1.421085471520E-14));
#783=DIRECTION('',(0.E0,0.E0,-1.E0));
#784=DIRECTION('',(-9.970932811617E-1,7.619047619048E-2,0.E0));
#785=AXIS2_PLACEMENT_3D('',#782,#783,#784);
#787=DIRECTION('',(1.E0,0.E0,0.E0));
#788=VECTOR('',#787,9.358170010911E-1);
#789=CARTESIAN_POINT('',(3.478052054780E1,3.08E1,0.E0));
#790=LINE('',#789,#788);
#791=DIRECTION('',(0.E0,-1.E0,1.166474324539E-13));
#792=VECTOR('',#791,3.E-1);
#793=CARTESIAN_POINT('',(3.571633754889E1,3.08E1,0.E0));
#794=LINE('',#793,#792);
#795=DIRECTION('',(0.E0,1.E0,0.E0));
#796=VECTOR('',#795,6.1E1);
#797=CARTESIAN_POINT('',(-3.775E1,-3.05E1,0.E0));
#798=LINE('',#797,#796);
#799=DIRECTION('',(2.368475785867E-14,1.E0,-3.493501784154E-14));
#800=VECTOR('',#799,3.E-1);
#801=CARTESIAN_POINT('',(-3.570143465792E1,3.05E1,1.048050535246E-14));
#802=LINE('',#801,#800);
#803=DIRECTION('',(1.E0,0.E0,0.E0));
#804=VECTOR('',#803,9.209141101210E-1);
#805=CARTESIAN_POINT('',(-3.570143465792E1,3.08E1,0.E0));
#806=LINE('',#805,#804);
#807=CARTESIAN_POINT('',(-4.525E1,3.E1,-1.421085471520E-14));
#808=DIRECTION('',(0.E0,0.E0,-1.E0));
#809=DIRECTION('',(0.E0,1.E0,0.E0));
#810=AXIS2_PLACEMENT_3D('',#807,#808,#809);
#812=DIRECTION('',(1.E0,0.E0,0.E0));
#813=VECTOR('',#812,5.E-1);
#814=CARTESIAN_POINT('',(-4.575E1,4.05E1,0.E0));
#815=LINE('',#814,#813);
#816=DIRECTION('',(0.E0,-1.E0,0.E0));
#817=VECTOR('',#816,5.25E0);
#818=CARTESIAN_POINT('',(-4.575E1,4.575E1,0.E0));
#819=LINE('',#818,#817);
#820=CARTESIAN_POINT('',(-5.075E1,4.575E1,0.E0));
#821=DIRECTION('',(0.E0,0.E0,-1.E0));
#822=DIRECTION('',(0.E0,1.E0,0.E0));
#823=AXIS2_PLACEMENT_3D('',#820,#821,#822);
#825=DIRECTION('',(-1.E0,0.E0,0.E0));
#826=VECTOR('',#825,1.2E1);
#827=CARTESIAN_POINT('',(-5.075E1,5.075E1,0.E0));
#828=LINE('',#827,#826);
#829=CARTESIAN_POINT('',(-6.275E1,4.275E1,0.E0));
#830=DIRECTION('',(0.E0,0.E0,-1.E0));
#831=DIRECTION('',(-1.E0,0.E0,0.E0));
#832=AXIS2_PLACEMENT_3D('',#829,#830,#831);
#834=DIRECTION('',(0.E0,-1.E0,0.E0));
#835=VECTOR('',#834,8.55E1);
#836=CARTESIAN_POINT('',(-7.075E1,4.275E1,0.E0));
#837=LINE('',#836,#835);
#838=CARTESIAN_POINT('',(-6.275E1,-4.275E1,0.E0));
#839=DIRECTION('',(0.E0,0.E0,-1.E0));
#840=DIRECTION('',(0.E0,-1.E0,0.E0));
#841=AXIS2_PLACEMENT_3D('',#838,#839,#840);
#843=DIRECTION('',(1.E0,0.E0,0.E0));
#844=VECTOR('',#843,1.2E1);
#845=CARTESIAN_POINT('',(-6.275E1,-5.075E1,0.E0));
#846=LINE('',#845,#844);
#847=CARTESIAN_POINT('',(-5.075E1,-4.575E1,0.E0));
#848=DIRECTION('',(0.E0,0.E0,-1.E0));
#849=DIRECTION('',(1.E0,0.E0,0.E0));
#850=AXIS2_PLACEMENT_3D('',#847,#848,#849);
#852=DIRECTION('',(0.E0,1.E0,0.E0));
#853=VECTOR('',#852,5.25E0);
#854=CARTESIAN_POINT('',(-4.575E1,-4.575E1,0.E0));
#855=LINE('',#854,#853);
#856=DIRECTION('',(-1.E0,0.E0,0.E0));
#857=VECTOR('',#856,5.E-1);
#858=CARTESIAN_POINT('',(-4.525E1,-4.05E1,0.E0));
#859=LINE('',#858,#857);
#860=CARTESIAN_POINT('',(-4.525E1,-3.E1,1.421085471520E-14));
#861=DIRECTION('',(0.E0,0.E0,-1.E0));
#862=DIRECTION('',(9.970932811617E-1,-7.619047619048E-2,0.E0));
#863=AXIS2_PLACEMENT_3D('',#860,#861,#862);
#865=DIRECTION('',(1.E0,0.E0,0.E0));
#866=VECTOR('',#865,9.209141101209E-1);
#867=CARTESIAN_POINT('',(-3.570143465792E1,-3.08E1,0.E0));
#868=LINE('',#867,#866);
#869=DIRECTION('',(2.368475785867E-14,-1.E0,-9.860887714970E-14));
#870=VECTOR('',#869,3.E-1);
#871=CARTESIAN_POINT('',(-3.570143465792E1,-3.05E1,2.958266314491E-14));
#872=LINE('',#871,#870);
#873=DIRECTION('',(0.E0,0.E0,-1.E0));
#874=VECTOR('',#873,2.E0);
#875=CARTESIAN_POINT('',(-6.15E1,4.2E1,2.E0));
#876=LINE('',#875,#874);
#877=DIRECTION('',(0.E0,0.E0,-1.E0));
#878=VECTOR('',#877,2.E0);
#879=CARTESIAN_POINT('',(-6.55E1,4.2E1,2.E0));
#880=LINE('',#879,#878);
#881=DIRECTION('',(0.E0,0.E0,-1.E0));
#882=VECTOR('',#881,2.E0);
#883=CARTESIAN_POINT('',(-6.55E1,3.6E1,2.E0));
#884=LINE('',#883,#882);
#885=DIRECTION('',(0.E0,0.E0,-1.E0));
#886=VECTOR('',#885,2.E0);
#887=CARTESIAN_POINT('',(-6.15E1,3.6E1,2.E0));
#888=LINE('',#887,#886);
#889=CARTESIAN_POINT('',(-6.35E1,4.2E1,2.E0));
#890=DIRECTION('',(0.E0,0.E0,1.E0));
#891=DIRECTION('',(1.E0,-2.131628207280E-14,0.E0));
#892=AXIS2_PLACEMENT_3D('',#889,#890,#891);
#894=DIRECTION('',(0.E0,-1.E0,0.E0));
#895=VECTOR('',#894,6.E0);
#896=CARTESIAN_POINT('',(-6.55E1,4.2E1,2.E0));
#897=LINE('',#896,#895);
#898=CARTESIAN_POINT('',(-6.35E1,3.6E1,2.E0));
#899=DIRECTION('',(0.E0,0.E0,1.E0));
#900=DIRECTION('',(-1.E0,0.E0,0.E0));
#901=AXIS2_PLACEMENT_3D('',#898,#899,#900);
#903=DIRECTION('',(0.E0,1.E0,0.E0));
#904=VECTOR('',#903,6.E0);
#905=CARTESIAN_POINT('',(-6.15E1,3.6E1,2.E0));
#906=LINE('',#905,#904);
#907=DIRECTION('',(0.E0,1.E0,0.E0));
#908=VECTOR('',#907,6.E0);
#909=CARTESIAN_POINT('',(-6.15E1,-4.2E1,2.E0));
#910=LINE('',#909,#908);
#911=CARTESIAN_POINT('',(-6.35E1,-3.6E1,2.E0));
#912=DIRECTION('',(0.E0,0.E0,1.E0));
#913=DIRECTION('',(1.E0,-2.131628207280E-14,0.E0));
#914=AXIS2_PLACEMENT_3D('',#911,#912,#913);
#916=DIRECTION('',(0.E0,-1.E0,0.E0));
#917=VECTOR('',#916,6.E0);
#918=CARTESIAN_POINT('',(-6.55E1,-3.6E1,2.E0));
#919=LINE('',#918,#917);
#920=CARTESIAN_POINT('',(-6.35E1,-4.2E1,2.E0));
#921=DIRECTION('',(0.E0,0.E0,1.E0));
#922=DIRECTION('',(-1.E0,0.E0,0.E0));
#923=AXIS2_PLACEMENT_3D('',#920,#921,#922);
#925=DIRECTION('',(0.E0,-1.E0,0.E0));
#926=VECTOR('',#925,6.E0);
#927=CARTESIAN_POINT('',(6.15E1,4.2E1,2.E0));
#928=LINE('',#927,#926);
#929=CARTESIAN_POINT('',(6.35E1,3.6E1,2.E0));
#930=DIRECTION('',(0.E0,0.E0,1.E0));
#931=DIRECTION('',(-1.E0,2.131628207280E-14,0.E0));
#932=AXIS2_PLACEMENT_3D('',#929,#930,#931);
#934=DIRECTION('',(0.E0,1.E0,0.E0));
#935=VECTOR('',#934,6.E0);
#936=CARTESIAN_POINT('',(6.55E1,3.6E1,2.E0));
#937=LINE('',#936,#935);
#938=CARTESIAN_POINT('',(6.35E1,4.2E1,2.E0));
#939=DIRECTION('',(0.E0,0.E0,1.E0));
#940=DIRECTION('',(1.E0,0.E0,0.E0));
#941=AXIS2_PLACEMENT_3D('',#938,#939,#940);
#943=CARTESIAN_POINT('',(6.35E1,-4.2E1,2.E0));
#944=DIRECTION('',(0.E0,0.E0,1.E0));
#945=DIRECTION('',(-1.E0,2.131628207280E-14,0.E0));
#946=AXIS2_PLACEMENT_3D('',#943,#944,#945);
#948=DIRECTION('',(0.E0,1.E0,0.E0));
#949=VECTOR('',#948,6.E0);
#950=CARTESIAN_POINT('',(6.55E1,-4.2E1,2.E0));
#951=LINE('',#950,#949);
#952=CARTESIAN_POINT('',(6.35E1,-3.6E1,2.E0));
#953=DIRECTION('',(0.E0,0.E0,1.E0));
#954=DIRECTION('',(1.E0,0.E0,0.E0));
#955=AXIS2_PLACEMENT_3D('',#952,#953,#954);
#957=DIRECTION('',(0.E0,-1.E0,0.E0));
#958=VECTOR('',#957,6.E0);
#959=CARTESIAN_POINT('',(6.15E1,-3.6E1,2.E0));
#960=LINE('',#959,#958);
#961=CARTESIAN_POINT('',(4.525E1,-3.E1,2.E0));
#962=DIRECTION('',(0.E0,0.E0,1.E0));
#963=DIRECTION('',(-1.E0,0.E0,0.E0));
#964=AXIS2_PLACEMENT_3D('',#961,#962,#963);
#966=DIRECTION('',(0.E0,-1.E0,0.E0));
#967=VECTOR('',#966,6.E1);
#968=CARTESIAN_POINT('',(3.775E1,3.E1,2.E0));
#969=LINE('',#968,#967);
#970=CARTESIAN_POINT('',(4.525E1,3.E1,2.E0));
#971=DIRECTION('',(0.E0,0.E0,1.E0));
#972=DIRECTION('',(-9.977753031397E-1,6.666666666667E-2,0.E0));
#973=AXIS2_PLACEMENT_3D('',#970,#971,#972);
#975=DIRECTION('',(-1.E0,0.E0,0.E0));
#976=VECTOR('',#975,2.050347677559E0);
#977=CARTESIAN_POINT('',(3.776668522645E1,3.05E1,2.E0));
#978=LINE('',#977,#976);
#979=DIRECTION('',(0.E0,-1.E0,0.E0));
#980=VECTOR('',#979,3.E-1);
#981=CARTESIAN_POINT('',(3.571633754889E1,3.08E1,2.E0));
#982=LINE('',#981,#980);
#983=DIRECTION('',(1.E0,0.E0,0.E0));
#984=VECTOR('',#983,9.358170010911E-1);
#985=CARTESIAN_POINT('',(3.478052054780E1,3.08E1,2.E0));
#986=LINE('',#985,#984);
#987=CARTESIAN_POINT('',(4.525E1,3.E1,2.E0));
#988=DIRECTION('',(0.E0,0.E0,1.E0));
#989=DIRECTION('',(0.E0,1.E0,0.E0));
#990=AXIS2_PLACEMENT_3D('',#987,#988,#989);
#992=DIRECTION('',(1.E0,0.E0,0.E0));
#993=VECTOR('',#992,5.E-1);
#994=CARTESIAN_POINT('',(4.525E1,4.05E1,2.E0));
#995=LINE('',#994,#993);
#996=DIRECTION('',(0.E0,-1.E0,0.E0));
#997=VECTOR('',#996,5.25E0);
#998=CARTESIAN_POINT('',(4.575E1,4.575E1,2.E0));
#999=LINE('',#998,#997);
#1000=CARTESIAN_POINT('',(5.075E1,4.575E1,2.E0));
#1001=DIRECTION('',(0.E0,0.E0,1.E0));
#1002=DIRECTION('',(0.E0,1.E0,0.E0));
#1003=AXIS2_PLACEMENT_3D('',#1000,#1001,#1002);
#1005=DIRECTION('',(-1.E0,0.E0,0.E0));
#1006=VECTOR('',#1005,1.2E1);
#1007=CARTESIAN_POINT('',(6.275E1,5.075E1,2.E0));
#1008=LINE('',#1007,#1006);
#1009=CARTESIAN_POINT('',(6.275E1,4.275E1,2.E0));
#1010=DIRECTION('',(0.E0,0.E0,1.E0));
#1011=DIRECTION('',(1.E0,0.E0,0.E0));
#1012=AXIS2_PLACEMENT_3D('',#1009,#1010,#1011);
#1014=DIRECTION('',(0.E0,1.E0,0.E0));
#1015=VECTOR('',#1014,8.55E1);
#1016=CARTESIAN_POINT('',(7.075E1,-4.275E1,2.E0));
#1017=LINE('',#1016,#1015);
#1018=CARTESIAN_POINT('',(6.275E1,-4.275E1,2.E0));
#1019=DIRECTION('',(0.E0,0.E0,1.E0));
#1020=DIRECTION('',(0.E0,-1.E0,0.E0));
#1021=AXIS2_PLACEMENT_3D('',#1018,#1019,#1020);
#1023=DIRECTION('',(1.E0,0.E0,0.E0));
#1024=VECTOR('',#1023,1.2E1);
#1025=CARTESIAN_POINT('',(5.075E1,-5.075E1,2.E0));
#1026=LINE('',#1025,#1024);
#1027=CARTESIAN_POINT('',(5.075E1,-4.575E1,2.E0));
#1028=DIRECTION('',(0.E0,0.E0,1.E0));
#1029=DIRECTION('',(-1.E0,0.E0,0.E0));
#1030=AXIS2_PLACEMENT_3D('',#1027,#1028,#1029);
#1032=DIRECTION('',(0.E0,1.E0,0.E0));
#1033=VECTOR('',#1032,5.25E0);
#1034=CARTESIAN_POINT('',(4.575E1,-4.575E1,2.E0));
#1035=LINE('',#1034,#1033);
#1036=DIRECTION('',(-1.E0,0.E0,0.E0));
#1037=VECTOR('',#1036,5.E-1);
#1038=CARTESIAN_POINT('',(4.575E1,-4.05E1,2.E0));
#1039=LINE('',#1038,#1037);
#1040=CARTESIAN_POINT('',(4.525E1,-3.E1,2.E0));
#1041=DIRECTION('',(0.E0,0.E0,1.E0));
#1042=DIRECTION('',(-9.970932811617E-1,-7.619047619048E-2,0.E0));
#1043=AXIS2_PLACEMENT_3D('',#1040,#1041,#1042);
#1045=DIRECTION('',(1.E0,0.E0,0.E0));
#1046=VECTOR('',#1045,9.358170010911E-1);
#1047=CARTESIAN_POINT('',(3.478052054780E1,-3.08E1,2.E0));
#1048=LINE('',#1047,#1046);
#1049=DIRECTION('',(0.E0,1.E0,0.E0));
#1050=VECTOR('',#1049,3.E-1);
#1051=CARTESIAN_POINT('',(3.571633754889E1,-3.08E1,2.E0));
#1052=LINE('',#1051,#1050);
#1053=DIRECTION('',(-1.E0,0.E0,0.E0));
#1054=VECTOR('',#1053,2.050347677559E0);
#1055=CARTESIAN_POINT('',(3.776668522645E1,-3.05E1,2.E0));
#1056=LINE('',#1055,#1054);
#1057=CARTESIAN_POINT('',(-4.525E1,3.E1,2.E0));
#1058=DIRECTION('',(0.E0,0.E0,1.E0));
#1059=DIRECTION('',(1.E0,0.E0,0.E0));
#1060=AXIS2_PLACEMENT_3D('',#1057,#1058,#1059);
#1062=DIRECTION('',(0.E0,1.E0,0.E0));
#1063=VECTOR('',#1062,6.E1);
#1064=CARTESIAN_POINT('',(-3.775E1,-3.E1,2.E0));
#1065=LINE('',#1064,#1063);
#1066=CARTESIAN_POINT('',(-4.525E1,-3.E1,2.E0));
#1067=DIRECTION('',(0.E0,0.E0,1.E0));
#1068=DIRECTION('',(9.977753031397E-1,-6.666666666667E-2,0.E0));
#1069=AXIS2_PLACEMENT_3D('',#1066,#1067,#1068);
#1071=DIRECTION('',(1.E0,0.E0,0.E0));
#1072=VECTOR('',#1071,2.065250568529E0);
#1073=CARTESIAN_POINT('',(-3.776668522645E1,-3.05E1,2.E0));
#1074=LINE('',#1073,#1072);
#1075=DIRECTION('',(0.E0,-1.E0,0.E0));
#1076=VECTOR('',#1075,3.E-1);
#1077=CARTESIAN_POINT('',(-3.570143465792E1,-3.05E1,2.E0));
#1078=LINE('',#1077,#1076);
#1079=DIRECTION('',(1.E0,0.E0,0.E0));
#1080=VECTOR('',#1079,9.209141101209E-1);
#1081=CARTESIAN_POINT('',(-3.570143465792E1,-3.08E1,2.E0));
#1082=LINE('',#1081,#1080);
#1083=CARTESIAN_POINT('',(-4.525E1,-3.E1,2.E0));
#1084=DIRECTION('',(0.E0,0.E0,1.E0));
#1085=DIRECTION('',(0.E0,-1.E0,0.E0));
#1086=AXIS2_PLACEMENT_3D('',#1083,#1084,#1085);
#1088=DIRECTION('',(-1.E0,0.E0,0.E0));
#1089=VECTOR('',#1088,5.E-1);
#1090=CARTESIAN_POINT('',(-4.525E1,-4.05E1,2.E0));
#1091=LINE('',#1090,#1089);
#1092=DIRECTION('',(0.E0,1.E0,0.E0));
#1093=VECTOR('',#1092,5.25E0);
#1094=CARTESIAN_POINT('',(-4.575E1,-4.575E1,2.E0));
#1095=LINE('',#1094,#1093);
#1096=CARTESIAN_POINT('',(-5.075E1,-4.575E1,2.E0));
#1097=DIRECTION('',(0.E0,0.E0,1.E0));
#1098=DIRECTION('',(0.E0,-1.E0,0.E0));
#1099=AXIS2_PLACEMENT_3D('',#1096,#1097,#1098);
#1101=DIRECTION('',(1.E0,0.E0,0.E0));
#1102=VECTOR('',#1101,1.2E1);
#1103=CARTESIAN_POINT('',(-6.275E1,-5.075E1,2.E0));
#1104=LINE('',#1103,#1102);
#1105=CARTESIAN_POINT('',(-6.275E1,-4.275E1,2.E0));
#1106=DIRECTION('',(0.E0,0.E0,1.E0));
#1107=DIRECTION('',(-1.E0,0.E0,0.E0));
#1108=AXIS2_PLACEMENT_3D('',#1105,#1106,#1107);
#1110=DIRECTION('',(0.E0,-1.E0,0.E0));
#1111=VECTOR('',#1110,8.55E1);
#1112=CARTESIAN_POINT('',(-7.075E1,4.275E1,2.E0));
#1113=LINE('',#1112,#1111);
#1114=CARTESIAN_POINT('',(-6.275E1,4.275E1,2.E0));
#1115=DIRECTION('',(0.E0,0.E0,1.E0));
#1116=DIRECTION('',(0.E0,1.E0,0.E0));
#1117=AXIS2_PLACEMENT_3D('',#1114,#1115,#1116);
#1119=DIRECTION('',(-1.E0,0.E0,0.E0));
#1120=VECTOR('',#1119,1.2E1);
#1121=CARTESIAN_POINT('',(-5.075E1,5.075E1,2.E0));
#1122=LINE('',#1121,#1120);
#1123=CARTESIAN_POINT('',(-5.075E1,4.575E1,2.E0));
#1124=DIRECTION('',(0.E0,0.E0,1.E0));
#1125=DIRECTION('',(1.E0,0.E0,0.E0));
#1126=AXIS2_PLACEMENT_3D('',#1123,#1124,#1125);
#1128=DIRECTION('',(0.E0,-1.E0,0.E0));
#1129=VECTOR('',#1128,5.25E0);
#1130=CARTESIAN_POINT('',(-4.575E1,4.575E1,2.E0));
#1131=LINE('',#1130,#1129);
#1132=DIRECTION('',(1.E0,0.E0,0.E0));
#1133=VECTOR('',#1132,5.E-1);
#1134=CARTESIAN_POINT('',(-4.575E1,4.05E1,2.E0));
#1135=LINE('',#1134,#1133);
#1136=CARTESIAN_POINT('',(-4.525E1,3.E1,2.E0));
#1137=DIRECTION('',(0.E0,0.E0,1.E0));
#1138=DIRECTION('',(9.970932811617E-1,7.619047619048E-2,0.E0));
#1139=AXIS2_PLACEMENT_3D('',#1136,#1137,#1138);
#1141=DIRECTION('',(1.E0,0.E0,0.E0));
#1142=VECTOR('',#1141,9.209141101210E-1);
#1143=CARTESIAN_POINT('',(-3.570143465792E1,3.08E1,2.E0));
#1144=LINE('',#1143,#1142);
#1145=DIRECTION('',(0.E0,1.E0,0.E0));
#1146=VECTOR('',#1145,3.E-1);
#1147=CARTESIAN_POINT('',(-3.570143465792E1,3.05E1,2.E0));
#1148=LINE('',#1147,#1146);
#1149=DIRECTION('',(1.E0,0.E0,0.E0));
#1150=VECTOR('',#1149,2.065250568529E0);
#1151=CARTESIAN_POINT('',(-3.776668522645E1,3.05E1,2.E0));
#1152=LINE('',#1151,#1150);
#1153=DIRECTION('',(0.E0,0.E0,-1.E0));
#1154=VECTOR('',#1153,2.E0);
#1155=CARTESIAN_POINT('',(-6.15E1,-4.2E1,2.E0));
#1156=LINE('',#1155,#1154);
#1157=DIRECTION('',(0.E0,0.E0,-1.E0));
#1158=VECTOR('',#1157,2.E0);
#1159=CARTESIAN_POINT('',(-6.15E1,-3.6E1,2.E0));
#1160=LINE('',#1159,#1158);
#1161=DIRECTION('',(0.E0,0.E0,-1.E0));
#1162=VECTOR('',#1161,2.E0);
#1163=CARTESIAN_POINT('',(-6.55E1,-3.6E1,2.E0));
#1164=LINE('',#1163,#1162);
#1165=DIRECTION('',(0.E0,0.E0,-1.E0));
#1166=VECTOR('',#1165,2.E0);
#1167=CARTESIAN_POINT('',(-6.55E1,-4.2E1,2.E0));
#1168=LINE('',#1167,#1166);
#1169=DIRECTION('',(0.E0,0.E0,-1.E0));
#1170=VECTOR('',#1169,2.E0);
#1171=CARTESIAN_POINT('',(6.15E1,4.2E1,2.E0));
#1172=LINE('',#1171,#1170);
#1173=DIRECTION('',(0.E0,0.E0,-1.E0));
#1174=VECTOR('',#1173,2.E0);
#1175=CARTESIAN_POINT('',(6.15E1,3.6E1,2.E0));
#1176=LINE('',#1175,#1174);
#1177=DIRECTION('',(0.E0,0.E0,-1.E0));
#1178=VECTOR('',#1177,2.E0);
#1179=CARTESIAN_POINT('',(6.55E1,3.6E1,2.E0));
#1180=LINE('',#1179,#1178);
#1181=DIRECTION('',(0.E0,0.E0,-1.E0));
#1182=VECTOR('',#1181,2.E0);
#1183=CARTESIAN_POINT('',(6.55E1,4.2E1,2.E0));
#1184=LINE('',#1183,#1182);
#1185=DIRECTION('',(0.E0,0.E0,-1.E0));
#1186=VECTOR('',#1185,2.E0);
#1187=CARTESIAN_POINT('',(6.15E1,-4.2E1,2.E0));
#1188=LINE('',#1187,#1186);
#1189=DIRECTION('',(0.E0,0.E0,-1.E0));
#1190=VECTOR('',#1189,2.E0);
#1191=CARTESIAN_POINT('',(6.55E1,-4.2E1,2.E0));
#1192=LINE('',#1191,#1190);
#1193=DIRECTION('',(0.E0,0.E0,-1.E0));
#1194=VECTOR('',#1193,2.E0);
#1195=CARTESIAN_POINT('',(6.55E1,-3.6E1,2.E0));
#1196=LINE('',#1195,#1194);
#1197=DIRECTION('',(0.E0,0.E0,-1.E0));
#1198=VECTOR('',#1197,2.E0);
#1199=CARTESIAN_POINT('',(6.15E1,-3.6E1,2.E0));
#1200=LINE('',#1199,#1198);
#1201=CARTESIAN_POINT('',(3.775E1,-3.E1,-1.E0));
#1202=DIRECTION('',(0.E0,-1.E0,0.E0));
#1203=DIRECTION('',(0.E0,0.E0,1.E0));
#1204=AXIS2_PLACEMENT_3D('',#1201,#1202,#1203);
#1206=CARTESIAN_POINT('',(3.776668522645E1,-3.05E1,2.E0));
#1207=CARTESIAN_POINT('',(3.758098779856E1,-3.05E1,2.E0));
#1208=CARTESIAN_POINT('',(3.721373538049E1,-3.05E1,1.966464688044E0));
#1209=CARTESIAN_POINT('',(3.666291832750E1,-3.05E1,1.810277479193E0));
#1210=CARTESIAN_POINT('',(3.614924427566E1,-3.05E1,1.549511177135E0));
#1211=CARTESIAN_POINT('',(3.585415015362E1,-3.05E1,1.321769275616E0));
#1212=CARTESIAN_POINT('',(3.571633754889E1,-3.05E1,1.193342999542E0));
#1214=CARTESIAN_POINT('',(3.571633754889E1,-3.05E1,1.193342999542E0));
#1215=CARTESIAN_POINT('',(3.553632313356E1,-3.05E1,1.025589251280E0));
#1216=CARTESIAN_POINT('',(3.522806229745E1,-3.05E1,6.567669837895E-1));
#1217=CARTESIAN_POINT('',(3.501486740547E1,-3.05E1,2.293563781273E-1));
#1218=CARTESIAN_POINT('',(3.493368249465E1,-3.05E1,1.429844405795E-14));
#1220=DIRECTION('',(0.E0,0.E0,1.E0));
#1221=VECTOR('',#1220,1.193342999542E0);
#1222=CARTESIAN_POINT('',(3.571633754889E1,-3.05E1,0.E0));
#1223=LINE('',#1222,#1221);
#1224=DIRECTION('',(-1.E0,0.E0,1.201791276742E-14));
#1225=VECTOR('',#1224,7.826550542430E-1);
#1226=CARTESIAN_POINT('',(3.571633754889E1,-3.05E1,0.E0));
#1227=LINE('',#1226,#1225);
#1228=CARTESIAN_POINT('',(-3.493368249465E1,-3.05E1,8.516482006648E-14));
#1229=CARTESIAN_POINT('',(-3.501369265097E1,-3.05E1,2.260375663445E-1));
#1230=CARTESIAN_POINT('',(-3.522315292042E1,-3.05E1,6.478457546111E-1));
#1231=CARTESIAN_POINT('',(-3.552523163227E1,-3.05E1,1.012902238590E0));
#1232=CARTESIAN_POINT('',(-3.570143465792E1,-3.05E1,1.179360042372E0));
#1234=DIRECTION('',(1.E0,0.E0,7.239596263022E-14));
#1235=VECTOR('',#1234,7.677521632728E-1);
#1236=CARTESIAN_POINT('',(-3.570143465792E1,-3.05E1,2.958266314491E-14));
#1237=LINE('',#1236,#1235);
#1238=DIRECTION('',(0.E0,0.E0,1.E0));
#1239=VECTOR('',#1238,8.066570004582E-1);
#1240=CARTESIAN_POINT('',(3.571633754889E1,-3.05E1,1.193342999542E0));
#1241=LINE('',#1240,#1239);
#1242=DIRECTION('',(0.E0,0.E0,1.E0));
#1243=VECTOR('',#1242,2.E0);
#1244=CARTESIAN_POINT('',(3.571633754889E1,-3.08E1,0.E0));
#1245=LINE('',#1244,#1243);
#1246=DIRECTION('',(0.E0,0.E0,1.E0));
#1247=VECTOR('',#1246,2.E0);
#1248=CARTESIAN_POINT('',(-3.570143465792E1,-3.08E1,0.E0));
#1249=LINE('',#1248,#1247);
#1250=DIRECTION('',(0.E0,0.E0,1.E0));
#1251=VECTOR('',#1250,8.206399576284E-1);
#1252=CARTESIAN_POINT('',(-3.570143465792E1,-3.05E1,1.179360042372E0));
#1253=LINE('',#1252,#1251);
#1254=DIRECTION('',(0.E0,0.E0,1.E0));
#1255=VECTOR('',#1254,1.179360042372E0);
#1256=CARTESIAN_POINT('',(-3.570143465792E1,-3.05E1,2.958266314491E-14));
#1257=LINE('',#1256,#1255);
#1258=CARTESIAN_POINT('',(-3.570143465792E1,-3.05E1,1.179360042372E0));
#1259=CARTESIAN_POINT('',(-3.583949497458E1,-3.05E1,1.309784687558E0));
#1260=CARTESIAN_POINT('',(-3.613565464368E1,-3.05E1,1.541211377398E0));
#1261=CARTESIAN_POINT('',(-3.665261108055E1,-3.05E1,1.806622518616E0));
#1262=CARTESIAN_POINT('',(-3.720897957054E1,-3.05E1,1.965934866715E0));
#1263=CARTESIAN_POINT('',(-3.757937983348E1,-3.05E1,2.E0));
#1264=CARTESIAN_POINT('',(-3.776668522645E1,-3.05E1,2.E0));
#1266=CARTESIAN_POINT('',(-3.775E1,-3.E1,-1.E0));
#1267=DIRECTION('',(0.E0,1.E0,0.E0));
#1268=DIRECTION('',(0.E0,0.E0,1.E0));
#1269=AXIS2_PLACEMENT_3D('',#1266,#1267,#1268);
#1271=CARTESIAN_POINT('',(-3.775E1,3.E1,-1.E0));
#1272=DIRECTION('',(0.E0,1.E0,0.E0));
#1273=DIRECTION('',(0.E0,0.E0,1.E0));
#1274=AXIS2_PLACEMENT_3D('',#1271,#1272,#1273);
#1276=CARTESIAN_POINT('',(-3.776668522645E1,3.05E1,2.E0));
#1277=CARTESIAN_POINT('',(-3.757928797584E1,3.05E1,2.E0));
#1278=CARTESIAN_POINT('',(-3.720877936983E1,3.05E1,1.965893964535E0));
#1279=CARTESIAN_POINT('',(-3.665262897908E1,3.05E1,1.806610995774E0));
#1280=CARTESIAN_POINT('',(-3.613580923E1,3.05E1,1.541308650249E0));
#1281=CARTESIAN_POINT('',(-3.583955560786E1,3.05E1,1.309841967401E0));
#1282=CARTESIAN_POINT('',(-3.570143465792E1,3.05E1,1.179360042372E0));
#1284=CARTESIAN_POINT('',(3.493368249465E1,3.05E1,9.334755191048E-14));
#1285=CARTESIAN_POINT('',(3.501486750219E1,3.05E1,2.293566513723E-1));
#1286=CARTESIAN_POINT('',(3.522806263319E1,3.05E1,6.567674968097E-1));
#1287=CARTESIAN_POINT('',(3.553632334568E1,3.05E1,1.025589448956E0));
#1288=CARTESIAN_POINT('',(3.571633754889E1,3.05E1,1.193342999542E0));
#1290=DIRECTION('',(-1.E0,0.E0,7.455816180826E-14));
#1291=VECTOR('',#1290,7.826550542429E-1);
#1292=CARTESIAN_POINT('',(3.571633754889E1,3.05E1,3.499422973619E-14));
#1293=LINE('',#1292,#1291);
#1294=DIRECTION('',(0.E0,0.E0,1.E0));
#1295=VECTOR('',#1294,1.193342999542E0);
#1296=CARTESIAN_POINT('',(3.571633754889E1,3.05E1,3.499422973619E-14));
#1297=LINE('',#1296,#1295);
#1298=CARTESIAN_POINT('',(-3.570143465792E1,3.05E1,1.179360042372E0));
#1299=CARTESIAN_POINT('',(-3.552523111608E1,3.05E1,1.012901750947E0));
#1300=CARTESIAN_POINT('',(-3.522315210364E1,3.05E1,6.478444973614E-1));
#1301=CARTESIAN_POINT('',(-3.501369241409E1,3.05E1,2.260368971442E-1));
#1302=CARTESIAN_POINT('',(-3.493368249465E1,3.05E1,2.888060161392E-14));
#1304=DIRECTION('',(1.E0,0.E0,2.396619266173E-14));
#1305=VECTOR('',#1304,7.677521632729E-1);
#1306=CARTESIAN_POINT('',(-3.570143465792E1,3.05E1,1.048050535246E-14));
#1307=LINE('',#1306,#1305);
#1308=CARTESIAN_POINT('',(3.571633754889E1,3.05E1,1.193342999542E0));
#1309=CARTESIAN_POINT('',(3.585408953519E1,3.05E1,1.321712785862E0));
#1310=CARTESIAN_POINT('',(3.614908980920E1,3.05E1,1.549415893748E0));
#1311=CARTESIAN_POINT('',(3.666291247836E1,3.05E1,1.810293481534E0));
#1312=CARTESIAN_POINT('',(3.721393459179E1,3.05E1,1.966504321374E0));
#1313=CARTESIAN_POINT('',(3.758107922690E1,3.05E1,2.E0));
#1314=CARTESIAN_POINT('',(3.776668522645E1,3.05E1,2.E0));
#1316=DIRECTION('',(0.E0,0.E0,1.E0));
#1317=VECTOR('',#1316,8.066570004582E-1);
#1318=CARTESIAN_POINT('',(3.571633754889E1,3.05E1,1.193342999542E0));
#1319=LINE('',#1318,#1317);
#1320=DIRECTION('',(0.E0,0.E0,1.E0));
#1321=VECTOR('',#1320,2.E0);
#1322=CARTESIAN_POINT('',(3.571633754889E1,3.08E1,0.E0));
#1323=LINE('',#1322,#1321);
#1324=DIRECTION('',(0.E0,0.E0,1.E0));
#1325=VECTOR('',#1324,2.E0);
#1326=CARTESIAN_POINT('',(-3.570143465792E1,3.08E1,0.E0));
#1327=LINE('',#1326,#1325);
#1328=DIRECTION('',(0.E0,0.E0,1.E0));
#1329=VECTOR('',#1328,8.206399576284E-1);
#1330=CARTESIAN_POINT('',(-3.570143465792E1,3.05E1,1.179360042372E0));
#1331=LINE('',#1330,#1329);
#1332=DIRECTION('',(0.E0,0.E0,1.E0));
#1333=VECTOR('',#1332,1.179360042372E0);
#1334=CARTESIAN_POINT('',(-3.570143465792E1,3.05E1,1.048050535246E-14));
#1335=LINE('',#1334,#1333);
#1336=DIRECTION('',(0.E0,0.E0,1.E0));
#1337=VECTOR('',#1336,2.E0);
#1338=CARTESIAN_POINT('',(-3.478052054780E1,3.08E1,0.E0));
#1339=LINE('',#1338,#1337);
#1340=CARTESIAN_POINT('',(-4.525E1,3.E1,-1.E0));
#1341=DIRECTION('',(0.E0,0.E0,1.E0));
#1342=DIRECTION('',(1.E0,0.E0,0.E0));
#1343=AXIS2_PLACEMENT_3D('',#1340,#1341,#1342);
#1345=CARTESIAN_POINT('',(-3.475E1,3.E1,-1.7E0));
#1346=CARTESIAN_POINT('',(-3.475E1,3.006862797631E1,-1.466664880555E0));
#1347=CARTESIAN_POINT('',(-3.475067276374E1,3.013725542738E1,
-1.233331546905E0));
#1348=CARTESIAN_POINT('',(-3.475201864849E1,3.020588235294E1,-1.E0));
#1350=DIRECTION('',(0.E0,0.E0,1.E0));
#1351=VECTOR('',#1350,2.E0);
#1352=CARTESIAN_POINT('',(-4.525E1,4.05E1,0.E0));
#1353=LINE('',#1352,#1351);
#1354=DIRECTION('',(0.E0,0.E0,-1.E0));
#1355=VECTOR('',#1354,2.E0);
#1356=CARTESIAN_POINT('',(-4.575E1,4.05E1,2.E0));
#1357=LINE('',#1356,#1355);
#1358=DIRECTION('',(0.E0,0.E0,-1.E0));
#1359=VECTOR('',#1358,2.E0);
#1360=CARTESIAN_POINT('',(-4.575E1,4.575E1,2.E0));
#1361=LINE('',#1360,#1359);
#1362=DIRECTION('',(0.E0,0.E0,-1.E0));
#1363=VECTOR('',#1362,2.E0);
#1364=CARTESIAN_POINT('',(-5.075E1,5.075E1,2.E0));
#1365=LINE('',#1364,#1363);
#1366=DIRECTION('',(0.E0,0.E0,-1.E0));
#1367=VECTOR('',#1366,2.E0);
#1368=CARTESIAN_POINT('',(-6.275E1,5.075E1,2.E0));
#1369=LINE('',#1368,#1367);
#1370=DIRECTION('',(0.E0,0.E0,-1.E0));
#1371=VECTOR('',#1370,2.E0);
#1372=CARTESIAN_POINT('',(-7.075E1,4.275E1,2.E0));
#1373=LINE('',#1372,#1371);
#1374=DIRECTION('',(0.E0,0.E0,-1.E0));
#1375=VECTOR('',#1374,2.E0);
#1376=CARTESIAN_POINT('',(-7.075E1,-4.275E1,2.E0));
#1377=LINE('',#1376,#1375);
#1378=DIRECTION('',(0.E0,0.E0,1.E0));
#1379=VECTOR('',#1378,2.E0);
#1380=CARTESIAN_POINT('',(-5.075E1,-5.075E1,0.E0));
#1381=LINE('',#1380,#1379);
#1382=DIRECTION('',(0.E0,0.E0,-1.E0));
#1383=VECTOR('',#1382,2.E0);
#1384=CARTESIAN_POINT('',(-6.275E1,-5.075E1,2.E0));
#1385=LINE('',#1384,#1383);
#1386=DIRECTION('',(0.E0,0.E0,1.E0));
#1387=VECTOR('',#1386,2.E0);
#1388=CARTESIAN_POINT('',(-4.575E1,-4.575E1,0.E0));
#1389=LINE('',#1388,#1387);
#1390=DIRECTION('',(0.E0,0.E0,-1.E0));
#1391=VECTOR('',#1390,2.E0);
#1392=CARTESIAN_POINT('',(-4.575E1,-4.05E1,2.E0));
#1393=LINE('',#1392,#1391);
#1394=DIRECTION('',(0.E0,0.E0,-1.E0));
#1395=VECTOR('',#1394,2.E0);
#1396=CARTESIAN_POINT('',(-4.525E1,-4.05E1,2.E0));
#1397=LINE('',#1396,#1395);
#1398=DIRECTION('',(0.E0,0.E0,-1.E0));
#1399=VECTOR('',#1398,2.E0);
#1400=CARTESIAN_POINT('',(-3.478052054780E1,-3.08E1,2.E0));
#1401=LINE('',#1400,#1399);
#1402=CARTESIAN_POINT('',(-4.525E1,-3.E1,-1.E0));
#1403=DIRECTION('',(0.E0,0.E0,1.E0));
#1404=DIRECTION('',(9.998077477633E-1,-1.960784313725E-2,0.E0));
#1405=AXIS2_PLACEMENT_3D('',#1402,#1403,#1404);
#1407=CARTESIAN_POINT('',(-3.475E1,-3.E1,-1.7E0));
#1408=CARTESIAN_POINT('',(-3.475E1,-3.006862797631E1,-1.466664880554E0));
#1409=CARTESIAN_POINT('',(-3.475067276374E1,-3.013725542738E1,
-1.233331546905E0));
#1410=CARTESIAN_POINT('',(-3.475201864849E1,-3.020588235294E1,-1.E0));
#1412=DIRECTION('',(0.E0,-1.E0,0.E0));
#1413=VECTOR('',#1412,4.158823529412E1);
#1414=CARTESIAN_POINT('',(-3.475E1,2.079411764706E1,-3.3E1));
#1415=LINE('',#1414,#1413);
#1416=DIRECTION('',(0.E0,2.821663239916E-1,-9.593655015713E-1));
#1417=VECTOR('',#1416,3.262573018181E1);
#1418=CARTESIAN_POINT('',(-3.475E1,-3.E1,-1.7E0));
#1419=LINE('',#1418,#1417);
#1420=DIRECTION('',(1.015061051086E-14,-1.642038885816E-9,-1.E0));
#1421=VECTOR('',#1420,6.999999999998E-1);
#1422=CARTESIAN_POINT('',(-3.475E1,-2.999999999885E1,-1.E0));
#1423=LINE('',#1422,#1421);
#1424=DIRECTION('',(0.E0,1.E0,0.E0));
#1425=VECTOR('',#1424,5.999999999699E1);
#1426=CARTESIAN_POINT('',(-3.475E1,-2.999999999885E1,-1.E0));
#1427=LINE('',#1426,#1425);
#1428=DIRECTION('',(0.E0,-2.657947512878E-9,1.E0));
#1429=VECTOR('',#1428,7.000000000001E-1);
#1430=CARTESIAN_POINT('',(-3.475E1,3.E1,-1.7E0));
#1431=LINE('',#1430,#1429);
#1432=DIRECTION('',(0.E0,2.821663239916E-1,9.593655015713E-1));
#1433=VECTOR('',#1432,3.262573018181E1);
#1434=CARTESIAN_POINT('',(-3.475E1,2.079411764706E1,-3.3E1));
#1435=LINE('',#1434,#1433);
#1436=CARTESIAN_POINT('',(-3.475E1,2.079411764706E1,-3.3E1));
#1437=CARTESIAN_POINT('',(-3.475E1,2.069807031855E1,-3.332656091693E1));
#1438=CARTESIAN_POINT('',(-3.450258084499E1,2.057578901499E1,
-3.374231734904E1));
#1439=CARTESIAN_POINT('',(-3.409039259948E1,2.05E1,-3.4E1));
#1440=CARTESIAN_POINT('',(-3.375E1,2.05E1,-3.4E1));
#1442=CARTESIAN_POINT('',(-3.375E1,-2.05E1,-3.4E1));
#1443=CARTESIAN_POINT('',(-3.409039259948E1,-2.05E1,-3.4E1));
#1444=CARTESIAN_POINT('',(-3.450258084499E1,-2.057578901499E1,
-3.374231734904E1));
#1445=CARTESIAN_POINT('',(-3.475E1,-2.069807031855E1,-3.332656091693E1));
#1446=CARTESIAN_POINT('',(-3.475E1,-2.079411764706E1,-3.3E1));
#1448=DIRECTION('',(0.E0,0.E0,-1.E0));
#1449=VECTOR('',#1448,2.E0);
#1450=CARTESIAN_POINT('',(3.478052054780E1,3.08E1,2.E0));
#1451=LINE('',#1450,#1449);
#1452=CARTESIAN_POINT('',(4.525E1,3.E1,-1.E0));
#1453=DIRECTION('',(0.E0,0.E0,1.E0));
#1454=DIRECTION('',(-9.998077477633E-1,1.960784313725E-2,0.E0));
#1455=AXIS2_PLACEMENT_3D('',#1452,#1453,#1454);
#1457=CARTESIAN_POINT('',(3.475E1,3.E1,-1.7E0));
#1458=CARTESIAN_POINT('',(3.475E1,3.006862797631E1,-1.466664880554E0));
#1459=CARTESIAN_POINT('',(3.475067276374E1,3.013725542738E1,-1.233331546905E0));
#1460=CARTESIAN_POINT('',(3.475201864849E1,3.020588235294E1,-1.E0));
#1462=DIRECTION('',(0.E0,0.E0,-1.E0));
#1463=VECTOR('',#1462,2.E0);
#1464=CARTESIAN_POINT('',(4.525E1,4.05E1,2.E0));
#1465=LINE('',#1464,#1463);
#1466=DIRECTION('',(0.E0,0.E0,1.E0));
#1467=VECTOR('',#1466,2.E0);
#1468=CARTESIAN_POINT('',(4.575E1,4.575E1,0.E0));
#1469=LINE('',#1468,#1467);
#1470=DIRECTION('',(0.E0,0.E0,-1.E0));
#1471=VECTOR('',#1470,2.E0);
#1472=CARTESIAN_POINT('',(4.575E1,4.05E1,2.E0));
#1473=LINE('',#1472,#1471);
#1474=DIRECTION('',(0.E0,0.E0,1.E0));
#1475=VECTOR('',#1474,2.E0);
#1476=CARTESIAN_POINT('',(5.075E1,5.075E1,0.E0));
#1477=LINE('',#1476,#1475);
#1478=DIRECTION('',(0.E0,0.E0,-1.E0));
#1479=VECTOR('',#1478,2.E0);
#1480=CARTESIAN_POINT('',(6.275E1,5.075E1,2.E0));
#1481=LINE('',#1480,#1479);
#1482=DIRECTION('',(0.E0,0.E0,-1.E0));
#1483=VECTOR('',#1482,2.E0);
#1484=CARTESIAN_POINT('',(7.075E1,-4.275E1,2.E0));
#1485=LINE('',#1484,#1483);
#1486=DIRECTION('',(0.E0,0.E0,-1.E0));
#1487=VECTOR('',#1486,2.E0);
#1488=CARTESIAN_POINT('',(7.075E1,4.275E1,2.E0));
#1489=LINE('',#1488,#1487);
#1490=DIRECTION('',(0.E0,0.E0,-1.E0));
#1491=VECTOR('',#1490,2.E0);
#1492=CARTESIAN_POINT('',(5.075E1,-5.075E1,2.E0));
#1493=LINE('',#1492,#1491);
#1494=DIRECTION('',(0.E0,0.E0,-1.E0));
#1495=VECTOR('',#1494,2.E0);
#1496=CARTESIAN_POINT('',(6.275E1,-5.075E1,2.E0));
#1497=LINE('',#1496,#1495);
#1498=DIRECTION('',(0.E0,0.E0,-1.E0));
#1499=VECTOR('',#1498,2.E0);
#1500=CARTESIAN_POINT('',(4.575E1,-4.575E1,2.E0));
#1501=LINE('',#1500,#1499);
#1502=DIRECTION('',(0.E0,0.E0,1.E0));
#1503=VECTOR('',#1502,2.E0);
#1504=CARTESIAN_POINT('',(4.525E1,-4.05E1,0.E0));
#1505=LINE('',#1504,#1503);
#1506=DIRECTION('',(0.E0,0.E0,-1.E0));
#1507=VECTOR('',#1506,2.E0);
#1508=CARTESIAN_POINT('',(4.575E1,-4.05E1,2.E0));
#1509=LINE('',#1508,#1507);
#1510=DIRECTION('',(0.E0,0.E0,1.E0));
#1511=VECTOR('',#1510,2.E0);
#1512=CARTESIAN_POINT('',(3.478052054780E1,-3.08E1,0.E0));
#1513=LINE('',#1512,#1511);
#1514=CARTESIAN_POINT('',(4.525E1,-3.E1,-1.E0));
#1515=DIRECTION('',(0.E0,0.E0,1.E0));
#1516=DIRECTION('',(-1.E0,0.E0,0.E0));
#1517=AXIS2_PLACEMENT_3D('',#1514,#1515,#1516);
#1519=CARTESIAN_POINT('',(3.475E1,-3.E1,-1.7E0));
#1520=CARTESIAN_POINT('',(3.475E1,-3.006862797631E1,-1.466664880555E0));
#1521=CARTESIAN_POINT('',(3.475067276374E1,-3.013725542738E1,
-1.233331546905E0));
#1522=CARTESIAN_POINT('',(3.475201864849E1,-3.020588235294E1,-1.E0));
#1524=CARTESIAN_POINT('',(3.775E1,3.E1,-1.E0));
#1525=DIRECTION('',(0.E0,-1.E0,0.E0));
#1526=DIRECTION('',(0.E0,0.E0,1.E0));
#1527=AXIS2_PLACEMENT_3D('',#1524,#1525,#1526);
#1529=CARTESIAN_POINT('',(3.775E1,3.05E1,0.E0));
#1530=CARTESIAN_POINT('',(3.740960740052E1,3.05E1,0.E0));
#1531=CARTESIAN_POINT('',(3.699741915501E1,3.042421098501E1,
-2.576826509634E-1));
#1532=CARTESIAN_POINT('',(3.675E1,3.030192968145E1,-6.734390830715E-1));
#1533=CARTESIAN_POINT('',(3.675E1,3.020588235294E1,-1.E0));
#1535=CARTESIAN_POINT('',(3.675E1,-3.020588235294E1,-1.E0));
#1536=CARTESIAN_POINT('',(3.675E1,-3.030192968145E1,-6.734390830715E-1));
#1537=CARTESIAN_POINT('',(3.699741915501E1,-3.042421098501E1,
-2.576826509634E-1));
#1538=CARTESIAN_POINT('',(3.740960740052E1,-3.05E1,0.E0));
#1539=CARTESIAN_POINT('',(3.775E1,-3.05E1,0.E0));
#1541=DIRECTION('',(0.E0,-1.E0,0.E0));
#1542=VECTOR('',#1541,6.041176470588E1);
#1543=CARTESIAN_POINT('',(3.675E1,3.020588235294E1,-1.E0));
#1544=LINE('',#1543,#1542);
#1545=DIRECTION('',(0.E0,2.821663239916E-1,9.593655015713E-1));
#1546=VECTOR('',#1545,3.335537909961E1);
#1547=CARTESIAN_POINT('',(3.675E1,2.079411764706E1,-3.3E1));
#1548=LINE('',#1547,#1546);
#1549=DIRECTION('',(0.E0,1.E0,0.E0));
#1550=VECTOR('',#1549,4.158823529412E1);
#1551=CARTESIAN_POINT('',(3.675E1,-2.079411764706E1,-3.3E1));
#1552=LINE('',#1551,#1550);
#1553=DIRECTION('',(0.E0,-2.821663239916E-1,9.593655015713E-1));
#1554=VECTOR('',#1553,3.335537909961E1);
#1555=CARTESIAN_POINT('',(3.675E1,-2.079411764706E1,-3.3E1));
#1556=LINE('',#1555,#1554);
#1557=CARTESIAN_POINT('',(-4.575E1,4.05E1,2.E0));
#1558=CARTESIAN_POINT('',(-4.575E1,4.05E1,0.E0));
#1559=VERTEX_POINT('',#1557);
#1560=VERTEX_POINT('',#1558);
#1561=CARTESIAN_POINT('',(4.575E1,4.05E1,2.E0));
#1562=CARTESIAN_POINT('',(4.575E1,4.05E1,0.E0));
#1563=VERTEX_POINT('',#1561);
#1564=VERTEX_POINT('',#1562);
#1565=CARTESIAN_POINT('',(-4.575E1,-4.05E1,2.E0));
#1566=CARTESIAN_POINT('',(-4.575E1,-4.05E1,0.E0));
#1567=VERTEX_POINT('',#1565);
#1568=VERTEX_POINT('',#1566);
#1569=CARTESIAN_POINT('',(4.575E1,-4.05E1,2.E0));
#1570=CARTESIAN_POINT('',(4.575E1,-4.05E1,0.E0));
#1571=VERTEX_POINT('',#1569);
#1572=VERTEX_POINT('',#1570);
#1573=CARTESIAN_POINT('',(-7.075E1,4.275E1,0.E0));
#1574=CARTESIAN_POINT('',(-6.275E1,5.075E1,0.E0));
#1575=VERTEX_POINT('',#1573);
#1576=VERTEX_POINT('',#1574);
#1577=CARTESIAN_POINT('',(-6.275E1,5.075E1,2.E0));
#1578=VERTEX_POINT('',#1577);
#1579=CARTESIAN_POINT('',(-7.075E1,4.275E1,2.E0));
#1580=VERTEX_POINT('',#1579);
#1581=CARTESIAN_POINT('',(-6.275E1,-5.075E1,0.E0));
#1582=CARTESIAN_POINT('',(-7.075E1,-4.275E1,0.E0));
#1583=VERTEX_POINT('',#1581);
#1584=VERTEX_POINT('',#1582);
#1585=CARTESIAN_POINT('',(-7.075E1,-4.275E1,2.E0));
#1586=VERTEX_POINT('',#1585);
#1587=CARTESIAN_POINT('',(-6.275E1,-5.075E1,2.E0));
#1588=VERTEX_POINT('',#1587);
#1589=CARTESIAN_POINT('',(7.075E1,-4.275E1,0.E0));
#1590=CARTESIAN_POINT('',(6.275E1,-5.075E1,0.E0));
#1591=VERTEX_POINT('',#1589);
#1592=VERTEX_POINT('',#1590);
#1593=CARTESIAN_POINT('',(6.275E1,-5.075E1,2.E0));
#1594=VERTEX_POINT('',#1593);
#1595=CARTESIAN_POINT('',(7.075E1,-4.275E1,2.E0));
#1596=VERTEX_POINT('',#1595);
#1597=CARTESIAN_POINT('',(6.275E1,5.075E1,0.E0));
#1598=CARTESIAN_POINT('',(7.075E1,4.275E1,0.E0));
#1599=VERTEX_POINT('',#1597);
#1600=VERTEX_POINT('',#1598);
#1601=CARTESIAN_POINT('',(7.075E1,4.275E1,2.E0));
#1602=VERTEX_POINT('',#1601);
#1603=CARTESIAN_POINT('',(6.275E1,5.075E1,2.E0));
#1604=VERTEX_POINT('',#1603);
#1605=CARTESIAN_POINT('',(-5.075E1,-5.075E1,2.E0));
#1606=CARTESIAN_POINT('',(-4.575E1,-4.575E1,2.E0));
#1607=VERTEX_POINT('',#1605);
#1608=VERTEX_POINT('',#1606);
#1609=CARTESIAN_POINT('',(-4.575E1,-4.575E1,0.E0));
#1610=VERTEX_POINT('',#1609);
#1611=CARTESIAN_POINT('',(-5.075E1,-5.075E1,0.E0));
#1612=VERTEX_POINT('',#1611);
#1613=CARTESIAN_POINT('',(-5.075E1,5.075E1,0.E0));
#1614=CARTESIAN_POINT('',(-4.575E1,4.575E1,0.E0));
#1615=VERTEX_POINT('',#1613);
#1616=VERTEX_POINT('',#1614);
#1617=CARTESIAN_POINT('',(-4.575E1,4.575E1,2.E0));
#1618=VERTEX_POINT('',#1617);
#1619=CARTESIAN_POINT('',(-5.075E1,5.075E1,2.E0));
#1620=VERTEX_POINT('',#1619);
#1621=CARTESIAN_POINT('',(5.075E1,5.075E1,2.E0));
#1622=CARTESIAN_POINT('',(4.575E1,4.575E1,2.E0));
#1623=VERTEX_POINT('',#1621);
#1624=VERTEX_POINT('',#1622);
#1625=CARTESIAN_POINT('',(4.575E1,4.575E1,0.E0));
#1626=VERTEX_POINT('',#1625);
#1627=CARTESIAN_POINT('',(5.075E1,5.075E1,0.E0));
#1628=VERTEX_POINT('',#1627);
#1629=CARTESIAN_POINT('',(5.075E1,-5.075E1,0.E0));
#1630=CARTESIAN_POINT('',(4.575E1,-4.575E1,0.E0));
#1631=VERTEX_POINT('',#1629);
#1632=VERTEX_POINT('',#1630);
#1633=CARTESIAN_POINT('',(4.575E1,-4.575E1,2.E0));
#1634=VERTEX_POINT('',#1633);
#1635=CARTESIAN_POINT('',(5.075E1,-5.075E1,2.E0));
#1636=VERTEX_POINT('',#1635);
#1637=CARTESIAN_POINT('',(-6.15E1,4.2E1,0.E0));
#1638=CARTESIAN_POINT('',(-6.55E1,4.2E1,0.E0));
#1639=VERTEX_POINT('',#1637);
#1640=VERTEX_POINT('',#1638);
#1641=CARTESIAN_POINT('',(-6.55E1,3.6E1,0.E0));
#1642=VERTEX_POINT('',#1641);
#1643=CARTESIAN_POINT('',(-6.15E1,3.6E1,0.E0));
#1644=VERTEX_POINT('',#1643);
#1645=CARTESIAN_POINT('',(6.15E1,4.2E1,0.E0));
#1646=CARTESIAN_POINT('',(6.15E1,3.6E1,0.E0));
#1647=VERTEX_POINT('',#1645);
#1648=VERTEX_POINT('',#1646);
#1649=CARTESIAN_POINT('',(6.55E1,3.6E1,0.E0));
#1650=VERTEX_POINT('',#1649);
#1651=CARTESIAN_POINT('',(6.55E1,4.2E1,0.E0));
#1652=VERTEX_POINT('',#1651);
#1653=CARTESIAN_POINT('',(-6.15E1,-4.2E1,0.E0));
#1654=CARTESIAN_POINT('',(-6.15E1,-3.6E1,0.E0));
#1655=VERTEX_POINT('',#1653);
#1656=VERTEX_POINT('',#1654);
#1657=CARTESIAN_POINT('',(-6.55E1,-3.6E1,0.E0));
#1658=VERTEX_POINT('',#1657);
#1659=CARTESIAN_POINT('',(-6.55E1,-4.2E1,0.E0));
#1660=VERTEX_POINT('',#1659);
#1661=CARTESIAN_POINT('',(6.15E1,-4.2E1,0.E0));
#1662=CARTESIAN_POINT('',(6.55E1,-4.2E1,0.E0));
#1663=VERTEX_POINT('',#1661);
#1664=VERTEX_POINT('',#1662);
#1665=CARTESIAN_POINT('',(6.55E1,-3.6E1,0.E0));
#1666=VERTEX_POINT('',#1665);
#1667=CARTESIAN_POINT('',(6.15E1,-3.6E1,0.E0));
#1668=VERTEX_POINT('',#1667);
#1669=CARTESIAN_POINT('',(-6.15E1,4.2E1,2.E0));
#1670=CARTESIAN_POINT('',(-6.55E1,4.2E1,2.E0));
#1671=VERTEX_POINT('',#1669);
#1672=VERTEX_POINT('',#1670);
#1673=CARTESIAN_POINT('',(-6.55E1,3.6E1,2.E0));
#1674=VERTEX_POINT('',#1673);
#1675=CARTESIAN_POINT('',(-6.15E1,3.6E1,2.E0));
#1676=VERTEX_POINT('',#1675);
#1677=CARTESIAN_POINT('',(6.15E1,4.2E1,2.E0));
#1678=CARTESIAN_POINT('',(6.15E1,3.6E1,2.E0));
#1679=VERTEX_POINT('',#1677);
#1680=VERTEX_POINT('',#1678);
#1681=CARTESIAN_POINT('',(6.55E1,3.6E1,2.E0));
#1682=VERTEX_POINT('',#1681);
#1683=CARTESIAN_POINT('',(6.55E1,4.2E1,2.E0));
#1684=VERTEX_POINT('',#1683);
#1685=CARTESIAN_POINT('',(-6.15E1,-4.2E1,2.E0));
#1686=CARTESIAN_POINT('',(-6.15E1,-3.6E1,2.E0));
#1687=VERTEX_POINT('',#1685);
#1688=VERTEX_POINT('',#1686);
#1689=CARTESIAN_POINT('',(-6.55E1,-3.6E1,2.E0));
#1690=VERTEX_POINT('',#1689);
#1691=CARTESIAN_POINT('',(-6.55E1,-4.2E1,2.E0));
#1692=VERTEX_POINT('',#1691);
#1693=CARTESIAN_POINT('',(6.15E1,-4.2E1,2.E0));
#1694=CARTESIAN_POINT('',(6.55E1,-4.2E1,2.E0));
#1695=VERTEX_POINT('',#1693);
#1696=VERTEX_POINT('',#1694);
#1697=CARTESIAN_POINT('',(6.55E1,-3.6E1,2.E0));
#1698=VERTEX_POINT('',#1697);
#1699=CARTESIAN_POINT('',(6.15E1,-3.6E1,2.E0));
#1700=VERTEX_POINT('',#1699);
#1701=CARTESIAN_POINT('',(2.15E1,1.05E1,-3.6E1));
#1702=CARTESIAN_POINT('',(-2.15E1,1.05E1,-3.6E1));
#1703=VERTEX_POINT('',#1701);
#1704=VERTEX_POINT('',#1702);
#1705=CARTESIAN_POINT('',(-2.15E1,6.999999999999E0,-3.6E1));
#1706=VERTEX_POINT('',#1705);
#1707=CARTESIAN_POINT('',(-2.15E1,2.999999999999E0,-3.6E1));
#1708=CARTESIAN_POINT('',(-2.15E1,1.5E0,-3.6E1));
#1709=VERTEX_POINT('',#1707);
#1710=VERTEX_POINT('',#1708);
#1711=CARTESIAN_POINT('',(-2.15E1,-1.5E0,-3.6E1));
#1712=CARTESIAN_POINT('',(-2.15E1,-2.999999999999E0,-3.6E1));
#1713=VERTEX_POINT('',#1711);
#1714=VERTEX_POINT('',#1712);
#1715=CARTESIAN_POINT('',(-2.15E1,-6.999999999999E0,-3.6E1));
#1716=CARTESIAN_POINT('',(-2.15E1,-1.05E1,-3.6E1));
#1717=VERTEX_POINT('',#1715);
#1718=VERTEX_POINT('',#1716);
#1719=CARTESIAN_POINT('',(2.15E1,-1.05E1,-3.6E1));
#1720=VERTEX_POINT('',#1719);
#1721=CARTESIAN_POINT('',(2.15E1,-6.999999999999E0,-3.6E1));
#1722=VERTEX_POINT('',#1721);
#1723=CARTESIAN_POINT('',(2.15E1,-2.999999999999E0,-3.6E1));
#1724=CARTESIAN_POINT('',(2.15E1,-1.5E0,-3.6E1));
#1725=VERTEX_POINT('',#1723);
#1726=VERTEX_POINT('',#1724);
#1727=CARTESIAN_POINT('',(2.15E1,1.5E0,-3.6E1));
#1728=CARTESIAN_POINT('',(2.15E1,2.999999999999E0,-3.6E1));
#1729=VERTEX_POINT('',#1727);
#1730=VERTEX_POINT('',#1728);
#1731=CARTESIAN_POINT('',(2.15E1,6.999999999999E0,-3.6E1));
#1732=VERTEX_POINT('',#1731);
#1733=CARTESIAN_POINT('',(2.15E1,1.05E1,-3.4E1));
#1734=CARTESIAN_POINT('',(-2.15E1,1.05E1,-3.4E1));
#1735=VERTEX_POINT('',#1733);
#1736=VERTEX_POINT('',#1734);
#1737=CARTESIAN_POINT('',(-2.15E1,6.999999999999E0,-3.4E1));
#1738=VERTEX_POINT('',#1737);
#1739=CARTESIAN_POINT('',(-2.15E1,2.999999999999E0,-3.4E1));
#1740=CARTESIAN_POINT('',(-2.15E1,1.5E0,-3.4E1));
#1741=VERTEX_POINT('',#1739);
#1742=VERTEX_POINT('',#1740);
#1743=CARTESIAN_POINT('',(-2.15E1,-1.5E0,-3.4E1));
#1744=CARTESIAN_POINT('',(-2.15E1,-2.999999999999E0,-3.4E1));
#1745=VERTEX_POINT('',#1743);
#1746=VERTEX_POINT('',#1744);
#1747=CARTESIAN_POINT('',(-2.15E1,-6.999999999999E0,-3.4E1));
#1748=CARTESIAN_POINT('',(-2.15E1,-1.05E1,-3.4E1));
#1749=VERTEX_POINT('',#1747);
#1750=VERTEX_POINT('',#1748);
#1751=CARTESIAN_POINT('',(2.15E1,-1.05E1,-3.4E1));
#1752=VERTEX_POINT('',#1751);
#1753=CARTESIAN_POINT('',(2.15E1,-6.999999999999E0,-3.4E1));
#1754=VERTEX_POINT('',#1753);
#1755=CARTESIAN_POINT('',(2.15E1,-2.999999999999E0,-3.4E1));
#1756=CARTESIAN_POINT('',(2.15E1,-1.5E0,-3.4E1));
#1757=VERTEX_POINT('',#1755);
#1758=VERTEX_POINT('',#1756);
#1759=CARTESIAN_POINT('',(2.15E1,1.5E0,-3.4E1));
#1760=CARTESIAN_POINT('',(2.15E1,2.999999999999E0,-3.4E1));
#1761=VERTEX_POINT('',#1759);
#1762=VERTEX_POINT('',#1760);
#1763=CARTESIAN_POINT('',(2.15E1,6.999999999999E0,-3.4E1));
#1764=VERTEX_POINT('',#1763);
#1765=CARTESIAN_POINT('',(-2.65E1,5.999999999999E0,-3.4E1));
#1766=CARTESIAN_POINT('',(-2.65E1,5.999999999999E0,-3.6E1));
#1767=VERTEX_POINT('',#1765);
#1768=VERTEX_POINT('',#1766);
#1769=CARTESIAN_POINT('',(-2.55E1,6.999999999999E0,-3.4E1));
#1770=CARTESIAN_POINT('',(-2.55E1,6.999999999999E0,-3.6E1));
#1771=VERTEX_POINT('',#1769);
#1772=VERTEX_POINT('',#1770);
#1773=CARTESIAN_POINT('',(-2.55E1,2.999999999999E0,-3.4E1));
#1774=CARTESIAN_POINT('',(-2.55E1,2.999999999999E0,-3.6E1));
#1775=VERTEX_POINT('',#1773);
#1776=VERTEX_POINT('',#1774);
#1777=CARTESIAN_POINT('',(-2.65E1,3.999999999999E0,-3.4E1));
#1778=CARTESIAN_POINT('',(-2.65E1,3.999999999999E0,-3.6E1));
#1779=VERTEX_POINT('',#1777);
#1780=VERTEX_POINT('',#1778);
#1781=CARTESIAN_POINT('',(-2.65E1,-3.999999999999E0,-3.4E1));
#1782=CARTESIAN_POINT('',(-2.65E1,-3.999999999999E0,-3.6E1));
#1783=VERTEX_POINT('',#1781);
#1784=VERTEX_POINT('',#1782);
#1785=CARTESIAN_POINT('',(-2.55E1,-2.999999999999E0,-3.4E1));
#1786=CARTESIAN_POINT('',(-2.55E1,-2.999999999999E0,-3.6E1));
#1787=VERTEX_POINT('',#1785);
#1788=VERTEX_POINT('',#1786);
#1789=CARTESIAN_POINT('',(-2.55E1,-6.999999999999E0,-3.4E1));
#1790=CARTESIAN_POINT('',(-2.55E1,-6.999999999999E0,-3.6E1));
#1791=VERTEX_POINT('',#1789);
#1792=VERTEX_POINT('',#1790);
#1793=CARTESIAN_POINT('',(-2.65E1,-5.999999999999E0,-3.4E1));
#1794=CARTESIAN_POINT('',(-2.65E1,-5.999999999999E0,-3.6E1));
#1795=VERTEX_POINT('',#1793);
#1796=VERTEX_POINT('',#1794);
#1797=CARTESIAN_POINT('',(2.55E1,6.999999999999E0,-3.4E1));
#1798=CARTESIAN_POINT('',(2.55E1,6.999999999999E0,-3.6E1));
#1799=VERTEX_POINT('',#1797);
#1800=VERTEX_POINT('',#1798);
#1801=CARTESIAN_POINT('',(2.65E1,5.999999999999E0,-3.4E1));
#1802=CARTESIAN_POINT('',(2.65E1,5.999999999999E0,-3.6E1));
#1803=VERTEX_POINT('',#1801);
#1804=VERTEX_POINT('',#1802);
#1805=CARTESIAN_POINT('',(2.65E1,3.999999999999E0,-3.4E1));
#1806=CARTESIAN_POINT('',(2.65E1,3.999999999999E0,-3.6E1));
#1807=VERTEX_POINT('',#1805);
#1808=VERTEX_POINT('',#1806);
#1809=CARTESIAN_POINT('',(2.55E1,2.999999999999E0,-3.4E1));
#1810=CARTESIAN_POINT('',(2.55E1,2.999999999999E0,-3.6E1));
#1811=VERTEX_POINT('',#1809);
#1812=VERTEX_POINT('',#1810);
#1813=CARTESIAN_POINT('',(2.55E1,-2.999999999999E0,-3.4E1));
#1814=CARTESIAN_POINT('',(2.55E1,-2.999999999999E0,-3.6E1));
#1815=VERTEX_POINT('',#1813);
#1816=VERTEX_POINT('',#1814);
#1817=CARTESIAN_POINT('',(2.65E1,-3.999999999999E0,-3.4E1));
#1818=CARTESIAN_POINT('',(2.65E1,-3.999999999999E0,-3.6E1));
#1819=VERTEX_POINT('',#1817);
#1820=VERTEX_POINT('',#1818);
#1821=CARTESIAN_POINT('',(2.65E1,-5.999999999999E0,-3.4E1));
#1822=CARTESIAN_POINT('',(2.65E1,-5.999999999999E0,-3.6E1));
#1823=VERTEX_POINT('',#1821);
#1824=VERTEX_POINT('',#1822);
#1825=CARTESIAN_POINT('',(2.55E1,-6.999999999999E0,-3.4E1));
#1826=CARTESIAN_POINT('',(2.55E1,-6.999999999999E0,-3.6E1));
#1827=VERTEX_POINT('',#1825);
#1828=VERTEX_POINT('',#1826);
#1829=CARTESIAN_POINT('',(2.4E1,1.5E0,-3.4E1));
#1830=CARTESIAN_POINT('',(2.4E1,1.5E0,-3.6E1));
#1831=VERTEX_POINT('',#1829);
#1832=VERTEX_POINT('',#1830);
#1833=CARTESIAN_POINT('',(2.4E1,-1.5E0,-3.4E1));
#1834=CARTESIAN_POINT('',(2.4E1,-1.5E0,-3.6E1));
#1835=VERTEX_POINT('',#1833);
#1836=VERTEX_POINT('',#1834);
#1837=CARTESIAN_POINT('',(-2.4E1,1.5E0,-3.4E1));
#1838=CARTESIAN_POINT('',(-2.4E1,1.5E0,-3.6E1));
#1839=VERTEX_POINT('',#1837);
#1840=VERTEX_POINT('',#1838);
#1841=CARTESIAN_POINT('',(-2.4E1,-1.5E0,-3.4E1));
#1842=CARTESIAN_POINT('',(-2.4E1,-1.5E0,-3.6E1));
#1843=VERTEX_POINT('',#1841);
#1844=VERTEX_POINT('',#1842);
#1845=CARTESIAN_POINT('',(4.525E1,4.05E1,2.E0));
#1846=CARTESIAN_POINT('',(4.525E1,4.05E1,0.E0));
#1847=VERTEX_POINT('',#1845);
#1848=VERTEX_POINT('',#1846);
#1849=CARTESIAN_POINT('',(4.525E1,-4.05E1,0.E0));
#1850=CARTESIAN_POINT('',(4.525E1,-4.05E1,2.E0));
#1851=VERTEX_POINT('',#1849);
#1852=VERTEX_POINT('',#1850);
#1853=CARTESIAN_POINT('',(-4.525E1,-4.05E1,2.E0));
#1854=CARTESIAN_POINT('',(-4.525E1,-4.05E1,0.E0));
#1855=VERTEX_POINT('',#1853);
#1856=VERTEX_POINT('',#1854);
#1857=CARTESIAN_POINT('',(-4.525E1,4.05E1,0.E0));
#1858=CARTESIAN_POINT('',(-4.525E1,4.05E1,2.E0));
#1859=VERTEX_POINT('',#1857);
#1860=VERTEX_POINT('',#1858);
#1861=CARTESIAN_POINT('',(-3.375E1,2.05E1,-3.6E1));
#1862=CARTESIAN_POINT('',(-3.375E1,-2.05E1,-3.6E1));
#1863=VERTEX_POINT('',#1861);
#1864=VERTEX_POINT('',#1862);
#1865=CARTESIAN_POINT('',(3.375E1,-2.05E1,-3.6E1));
#1866=CARTESIAN_POINT('',(3.375E1,2.05E1,-3.6E1));
#1867=VERTEX_POINT('',#1865);
#1868=VERTEX_POINT('',#1866);
#1869=CARTESIAN_POINT('',(-3.570143465792E1,3.08E1,0.E0));
#1870=CARTESIAN_POINT('',(-3.478052054780E1,3.08E1,0.E0));
#1871=VERTEX_POINT('',#1869);
#1872=VERTEX_POINT('',#1870);
#1873=CARTESIAN_POINT('',(3.478052054780E1,3.08E1,0.E0));
#1874=CARTESIAN_POINT('',(3.571633754889E1,3.08E1,0.E0));
#1875=VERTEX_POINT('',#1873);
#1876=VERTEX_POINT('',#1874);
#1877=CARTESIAN_POINT('',(-3.570143465792E1,3.08E1,2.E0));
#1878=CARTESIAN_POINT('',(-3.478052054780E1,3.08E1,2.E0));
#1879=VERTEX_POINT('',#1877);
#1880=VERTEX_POINT('',#1878);
#1881=CARTESIAN_POINT('',(3.478052054780E1,3.08E1,2.E0));
#1882=CARTESIAN_POINT('',(3.571633754889E1,3.08E1,2.E0));
#1883=VERTEX_POINT('',#1881);
#1884=VERTEX_POINT('',#1882);
#1885=CARTESIAN_POINT('',(-3.570143465792E1,-3.08E1,0.E0));
#1886=CARTESIAN_POINT('',(-3.570143465792E1,-3.08E1,2.E0));
#1887=VERTEX_POINT('',#1885);
#1888=VERTEX_POINT('',#1886);
#1889=CARTESIAN_POINT('',(3.571633754889E1,-3.08E1,0.E0));
#1890=CARTESIAN_POINT('',(3.571633754889E1,-3.08E1,2.E0));
#1891=VERTEX_POINT('',#1889);
#1892=VERTEX_POINT('',#1890);
#1893=CARTESIAN_POINT('',(-3.478052054780E1,-3.08E1,0.E0));
#1894=VERTEX_POINT('',#1893);
#1895=CARTESIAN_POINT('',(3.478052054780E1,-3.08E1,0.E0));
#1896=VERTEX_POINT('',#1895);
#1897=CARTESIAN_POINT('',(-3.478052054780E1,-3.08E1,2.E0));
#1898=VERTEX_POINT('',#1897);
#1899=CARTESIAN_POINT('',(3.478052054780E1,-3.08E1,2.E0));
#1900=VERTEX_POINT('',#1899);
#1901=VERTEX_POINT('',#1214);
#1902=VERTEX_POINT('',#1218);
#1903=CARTESIAN_POINT('',(3.475E1,-3.E1,-1.E0));
#1904=CARTESIAN_POINT('',(3.475201864849E1,-3.020588235294E1,-1.E0));
#1905=VERTEX_POINT('',#1903);
#1906=VERTEX_POINT('',#1904);
#1907=CARTESIAN_POINT('',(3.775E1,-3.E1,2.E0));
#1908=CARTESIAN_POINT('',(3.776668522645E1,-3.05E1,2.E0));
#1909=VERTEX_POINT('',#1907);
#1910=VERTEX_POINT('',#1908);
#1911=CARTESIAN_POINT('',(3.775E1,3.E1,2.E0));
#1912=VERTEX_POINT('',#1911);
#1913=CARTESIAN_POINT('',(3.475E1,2.999999999885E1,-1.E0));
#1914=VERTEX_POINT('',#1913);
#1915=VERTEX_POINT('',#1284);
#1916=VERTEX_POINT('',#1288);
#1917=CARTESIAN_POINT('',(3.776668522645E1,3.05E1,2.E0));
#1918=VERTEX_POINT('',#1917);
#1919=CARTESIAN_POINT('',(3.475201864849E1,3.020588235294E1,-1.E0));
#1920=VERTEX_POINT('',#1919);
#1921=CARTESIAN_POINT('',(3.571633754889E1,3.05E1,2.E0));
#1922=VERTEX_POINT('',#1921);
#1923=CARTESIAN_POINT('',(3.571633754889E1,-3.05E1,2.E0));
#1924=VERTEX_POINT('',#1923);
#1925=VERTEX_POINT('',#1298);
#1926=VERTEX_POINT('',#1302);
#1927=CARTESIAN_POINT('',(-3.475E1,3.E1,-1.E0));
#1928=CARTESIAN_POINT('',(-3.475201864849E1,3.020588235294E1,-1.E0));
#1929=VERTEX_POINT('',#1927);
#1930=VERTEX_POINT('',#1928);
#1931=CARTESIAN_POINT('',(-3.775E1,3.E1,2.E0));
#1932=CARTESIAN_POINT('',(-3.776668522645E1,3.05E1,2.E0));
#1933=VERTEX_POINT('',#1931);
#1934=VERTEX_POINT('',#1932);
#1935=CARTESIAN_POINT('',(-3.775E1,-3.E1,2.E0));
#1936=VERTEX_POINT('',#1935);
#1937=CARTESIAN_POINT('',(-3.475E1,-2.999999999885E1,-1.E0));
#1938=VERTEX_POINT('',#1937);
#1939=VERTEX_POINT('',#1228);
#1940=VERTEX_POINT('',#1232);
#1941=CARTESIAN_POINT('',(-3.776668522645E1,-3.05E1,2.E0));
#1942=VERTEX_POINT('',#1941);
#1943=CARTESIAN_POINT('',(-3.475201864849E1,-3.020588235294E1,-1.E0));
#1944=VERTEX_POINT('',#1943);
#1945=CARTESIAN_POINT('',(-3.570143465792E1,-3.05E1,2.E0));
#1946=VERTEX_POINT('',#1945);
#1947=CARTESIAN_POINT('',(-3.570143465792E1,3.05E1,2.E0));
#1948=VERTEX_POINT('',#1947);
#1949=CARTESIAN_POINT('',(3.775E1,3.05E1,0.E0));
#1950=CARTESIAN_POINT('',(3.775E1,-3.05E1,0.E0));
#1951=VERTEX_POINT('',#1949);
#1952=VERTEX_POINT('',#1950);
#1953=CARTESIAN_POINT('',(3.675E1,3.020588235294E1,-1.E0));
#1954=CARTESIAN_POINT('',(3.675E1,-3.020588235294E1,-1.E0));
#1955=VERTEX_POINT('',#1953);
#1956=VERTEX_POINT('',#1954);
#1957=CARTESIAN_POINT('',(-3.775E1,-3.05E1,0.E0));
#1958=CARTESIAN_POINT('',(-3.775E1,3.05E1,0.E0));
#1959=VERTEX_POINT('',#1957);
#1960=VERTEX_POINT('',#1958);
#1961=CARTESIAN_POINT('',(-3.675E1,-3.020588235294E1,-1.E0));
#1962=CARTESIAN_POINT('',(-3.675E1,3.020588235294E1,-1.E0));
#1963=VERTEX_POINT('',#1961);
#1964=VERTEX_POINT('',#1962);
#1965=CARTESIAN_POINT('',(3.475E1,-2.079411764706E1,-3.3E1));
#1966=CARTESIAN_POINT('',(3.475E1,2.079411764706E1,-3.3E1));
#1967=VERTEX_POINT('',#1965);
#1968=VERTEX_POINT('',#1966);
#1969=CARTESIAN_POINT('',(3.375E1,-2.05E1,-3.4E1));
#1970=CARTESIAN_POINT('',(3.375E1,2.05E1,-3.4E1));
#1971=VERTEX_POINT('',#1969);
#1972=VERTEX_POINT('',#1970);
#1973=CARTESIAN_POINT('',(-3.475E1,2.079411764706E1,-3.3E1));
#1974=CARTESIAN_POINT('',(-3.475E1,-2.079411764706E1,-3.3E1));
#1975=VERTEX_POINT('',#1973);
#1976=VERTEX_POINT('',#1974);
#1977=CARTESIAN_POINT('',(-3.375E1,2.05E1,-3.4E1));
#1978=CARTESIAN_POINT('',(-3.375E1,-2.05E1,-3.4E1));
#1979=VERTEX_POINT('',#1977);
#1980=VERTEX_POINT('',#1978);
#1981=VERTEX_POINT('',#607);
#1982=VERTEX_POINT('',#610);
#1983=VERTEX_POINT('',#75);
#1984=VERTEX_POINT('',#78);
#1985=CARTESIAN_POINT('',(-3.675E1,-2.079411764706E1,-3.3E1));
#1986=VERTEX_POINT('',#1985);
#1987=CARTESIAN_POINT('',(3.675E1,-2.079411764706E1,-3.3E1));
#1988=VERTEX_POINT('',#1987);
#1989=CARTESIAN_POINT('',(-3.570143465792E1,3.05E1,1.048050535246E-14));
#1990=VERTEX_POINT('',#1989);
#1991=CARTESIAN_POINT('',(3.571633754889E1,3.05E1,3.499422973619E-14));
#1992=VERTEX_POINT('',#1991);
#1993=CARTESIAN_POINT('',(-3.570143465792E1,-3.05E1,2.958266314491E-14));
#1994=VERTEX_POINT('',#1993);
#1995=CARTESIAN_POINT('',(3.571633754889E1,-3.05E1,0.E0));
#1996=VERTEX_POINT('',#1995);
#1997=VERTEX_POINT('',#615);
#1998=VERTEX_POINT('',#83);
#1999=VERTEX_POINT('',#1457);
#2000=VERTEX_POINT('',#1345);
#2001=CARTESIAN_POINT('',(3.475E1,-3.E1,-1.7E0));
#2002=VERTEX_POINT('',#2001);
#2003=CARTESIAN_POINT('',(-3.475E1,-3.E1,-1.7E0));
#2004=VERTEX_POINT('',#2003);
#2005=CARTESIAN_POINT('',(3.475E1,5.075E1,0.E0));
#2006=DIRECTION('',(-1.E0,0.E0,0.E0));
#2007=DIRECTION('',(0.E0,-1.E0,0.E0));
#2008=AXIS2_PLACEMENT_3D('',#2005,#2006,#2007);
#2009=PLANE('',#2008);
#2011=ORIENTED_EDGE('',*,*,#2010,.T.);
#2013=ORIENTED_EDGE('',*,*,#2012,.T.);
#2015=ORIENTED_EDGE('',*,*,#2014,.F.);
#2017=ORIENTED_EDGE('',*,*,#2016,.T.);
#2019=ORIENTED_EDGE('',*,*,#2018,.F.);
#2021=ORIENTED_EDGE('',*,*,#2020,.T.);
#2022=EDGE_LOOP('',(#2011,#2013,#2015,#2017,#2019,#2021));
#2023=FACE_OUTER_BOUND('',#2022,.F.);
#2025=CARTESIAN_POINT('',(3.375E1,-1.830654E2,-3.3E1));
#2026=DIRECTION('',(0.E0,1.E0,0.E0));
#2027=DIRECTION('',(1.E0,0.E0,0.E0));
#2028=AXIS2_PLACEMENT_3D('',#2025,#2026,#2027);
#2029=CYLINDRICAL_SURFACE('',#2028,1.E0);
#2030=ORIENTED_EDGE('',*,*,#2010,.F.);
#2032=ORIENTED_EDGE('',*,*,#2031,.T.);
#2034=ORIENTED_EDGE('',*,*,#2033,.T.);
#2036=ORIENTED_EDGE('',*,*,#2035,.T.);
#2037=EDGE_LOOP('',(#2030,#2032,#2034,#2036));
#2038=FACE_OUTER_BOUND('',#2037,.F.);
#2040=CARTESIAN_POINT('',(-3.675E1,-3.05E1,0.E0));
#2041=DIRECTION('',(0.E0,9.593655015713E-1,2.821663239916E-1));
#2042=DIRECTION('',(0.E0,2.821663239916E-1,-9.593655015713E-1));
#2043=AXIS2_PLACEMENT_3D('',#2040,#2041,#2042);
#2044=PLANE('',#2043);
#2046=ORIENTED_EDGE('',*,*,#2045,.T.);
#2047=ORIENTED_EDGE('',*,*,#2031,.F.);
#2048=ORIENTED_EDGE('',*,*,#2020,.F.);
#2050=ORIENTED_EDGE('',*,*,#2049,.T.);
#2052=ORIENTED_EDGE('',*,*,#2051,.F.);
#2054=ORIENTED_EDGE('',*,*,#2053,.F.);
#2056=ORIENTED_EDGE('',*,*,#2055,.T.);
#2058=ORIENTED_EDGE('',*,*,#2057,.F.);
#2060=ORIENTED_EDGE('',*,*,#2059,.F.);
#2062=ORIENTED_EDGE('',*,*,#2061,.T.);
#2063=EDGE_LOOP('',(#2046,#2047,#2048,#2050,#2052,#2054,#2056,#2058,#2060,
#2062));
#2064=FACE_OUTER_BOUND('',#2063,.F.);
#2066=CARTESIAN_POINT('',(-3.675E1,-3.05E1,0.E0));
#2067=DIRECTION('',(0.E0,9.593655015713E-1,2.821663239916E-1));
#2068=DIRECTION('',(0.E0,2.821663239916E-1,-9.593655015713E-1));
#2069=AXIS2_PLACEMENT_3D('',#2066,#2067,#2068);
#2070=PLANE('',#2069);
#2072=ORIENTED_EDGE('',*,*,#2071,.T.);
#2074=ORIENTED_EDGE('',*,*,#2073,.F.);
#2076=ORIENTED_EDGE('',*,*,#2075,.T.);
#2078=ORIENTED_EDGE('',*,*,#2077,.F.);
#2080=ORIENTED_EDGE('',*,*,#2079,.T.);
#2082=ORIENTED_EDGE('',*,*,#2081,.F.);
#2084=ORIENTED_EDGE('',*,*,#2083,.T.);
#2086=ORIENTED_EDGE('',*,*,#2085,.T.);
#2088=ORIENTED_EDGE('',*,*,#2087,.F.);
#2090=ORIENTED_EDGE('',*,*,#2089,.F.);
#2091=EDGE_LOOP('',(#2072,#2074,#2076,#2078,#2080,#2082,#2084,#2086,#2088,
#2090));
#2092=FACE_OUTER_BOUND('',#2091,.F.);
#2094=CARTESIAN_POINT('',(3.675E1,-2.05E1,-3.6E1));
#2095=DIRECTION('',(0.E0,-1.E0,0.E0));
#2096=DIRECTION('',(-1.E0,0.E0,0.E0));
#2097=AXIS2_PLACEMENT_3D('',#2094,#2095,#2096);
#2098=PLANE('',#2097);
#2099=ORIENTED_EDGE('',*,*,#2045,.F.);
#2101=ORIENTED_EDGE('',*,*,#2100,.T.);
#2103=ORIENTED_EDGE('',*,*,#2102,.T.);
#2105=ORIENTED_EDGE('',*,*,#2104,.T.);
#2106=ORIENTED_EDGE('',*,*,#2075,.F.);
#2108=ORIENTED_EDGE('',*,*,#2107,.F.);
#2109=EDGE_LOOP('',(#2099,#2101,#2103,#2105,#2106,#2108));
#2110=FACE_OUTER_BOUND('',#2109,.F.);
#2112=CARTESIAN_POINT('',(3.375E1,-1.830654E2,-3.3E1));
#2113=DIRECTION('',(0.E0,1.E0,0.E0));
#2114=DIRECTION('',(1.E0,0.E0,0.E0));
#2115=AXIS2_PLACEMENT_3D('',#2112,#2113,#2114);
#2116=CYLINDRICAL_SURFACE('',#2115,3.E0);
#2118=ORIENTED_EDGE('',*,*,#2117,.T.);
#2120=ORIENTED_EDGE('',*,*,#2119,.F.);
#2122=ORIENTED_EDGE('',*,*,#2121,.F.);
#2123=ORIENTED_EDGE('',*,*,#2100,.F.);
#2124=ORIENTED_EDGE('',*,*,#2061,.F.);
#2126=ORIENTED_EDGE('',*,*,#2125,.T.);
#2127=EDGE_LOOP('',(#2118,#2120,#2122,#2123,#2124,#2126));
#2128=FACE_OUTER_BOUND('',#2127,.F.);
#2130=CARTESIAN_POINT('',(-3.675E1,2.05E1,-3.4E1));
#2131=DIRECTION('',(0.E0,-9.593655015713E-1,2.821663239916E-1));
#2132=DIRECTION('',(0.E0,2.821663239916E-1,9.593655015713E-1));
#2133=AXIS2_PLACEMENT_3D('',#2130,#2131,#2132);
#2134=PLANE('',#2133);
#2135=ORIENTED_EDGE('',*,*,#2012,.F.);
#2136=ORIENTED_EDGE('',*,*,#2035,.F.);
#2138=ORIENTED_EDGE('',*,*,#2137,.T.);
#2139=ORIENTED_EDGE('',*,*,#2117,.F.);
#2141=ORIENTED_EDGE('',*,*,#2140,.T.);
#2143=ORIENTED_EDGE('',*,*,#2142,.F.);
#2145=ORIENTED_EDGE('',*,*,#2144,.T.);
#2147=ORIENTED_EDGE('',*,*,#2146,.T.);
#2149=ORIENTED_EDGE('',*,*,#2148,.F.);
#2151=ORIENTED_EDGE('',*,*,#2150,.F.);
#2152=EDGE_LOOP('',(#2135,#2136,#2138,#2139,#2141,#2143,#2145,#2147,#2149,
#2151));
#2153=FACE_OUTER_BOUND('',#2152,.F.);
#2155=CARTESIAN_POINT('',(-3.675E1,2.05E1,-3.4E1));
#2156=DIRECTION('',(0.E0,-9.593655015713E-1,2.821663239916E-1));
#2157=DIRECTION('',(0.E0,2.821663239916E-1,9.593655015713E-1));
#2158=AXIS2_PLACEMENT_3D('',#2155,#2156,#2157);
#2159=PLANE('',#2158);
#2161=ORIENTED_EDGE('',*,*,#2160,.T.);
#2163=ORIENTED_EDGE('',*,*,#2162,.F.);
#2165=ORIENTED_EDGE('',*,*,#2164,.T.);
#2167=ORIENTED_EDGE('',*,*,#2166,.T.);
#2169=ORIENTED_EDGE('',*,*,#2168,.F.);
#2171=ORIENTED_EDGE('',*,*,#2170,.F.);
#2173=ORIENTED_EDGE('',*,*,#2172,.T.);
#2175=ORIENTED_EDGE('',*,*,#2174,.F.);
#2177=ORIENTED_EDGE('',*,*,#2176,.F.);
#2179=ORIENTED_EDGE('',*,*,#2178,.T.);
#2180=EDGE_LOOP('',(#2161,#2163,#2165,#2167,#2169,#2171,#2173,#2175,#2177,
#2179));
#2181=FACE_OUTER_BOUND('',#2180,.F.);
#2183=CARTESIAN_POINT('',(-3.675E1,2.05E1,-3.6E1));
#2184=DIRECTION('',(0.E0,1.E0,0.E0));
#2185=DIRECTION('',(1.E0,0.E0,0.E0));
#2186=AXIS2_PLACEMENT_3D('',#2183,#2184,#2185);
#2187=PLANE('',#2186);
#2188=ORIENTED_EDGE('',*,*,#2137,.F.);
#2190=ORIENTED_EDGE('',*,*,#2189,.F.);
#2191=ORIENTED_EDGE('',*,*,#2160,.F.);
#2193=ORIENTED_EDGE('',*,*,#2192,.T.);
#2195=ORIENTED_EDGE('',*,*,#2194,.T.);
#2196=ORIENTED_EDGE('',*,*,#2119,.T.);
#2197=EDGE_LOOP('',(#2188,#2190,#2191,#2193,#2195,#2196));
#2198=FACE_OUTER_BOUND('',#2197,.F.);
#2200=CARTESIAN_POINT('',(3.675E1,0.E0,-3.4E1));
#2201=DIRECTION('',(0.E0,0.E0,-1.E0));
#2202=DIRECTION('',(-1.E0,0.E0,0.E0));
#2203=AXIS2_PLACEMENT_3D('',#2200,#2201,#2202);
#2204=PLANE('',#2203);
#2205=ORIENTED_EDGE('',*,*,#2033,.F.);
#2206=ORIENTED_EDGE('',*,*,#2107,.T.);
#2208=ORIENTED_EDGE('',*,*,#2207,.F.);
#2209=ORIENTED_EDGE('',*,*,#2189,.T.);
#2210=EDGE_LOOP('',(#2205,#2206,#2208,#2209));
#2211=FACE_OUTER_BOUND('',#2210,.F.);
#2213=ORIENTED_EDGE('',*,*,#2212,.T.);
#2215=ORIENTED_EDGE('',*,*,#2214,.T.);
#2217=ORIENTED_EDGE('',*,*,#2216,.T.);
#2219=ORIENTED_EDGE('',*,*,#2218,.T.);
#2221=ORIENTED_EDGE('',*,*,#2220,.F.);
#2223=ORIENTED_EDGE('',*,*,#2222,.T.);
#2225=ORIENTED_EDGE('',*,*,#2224,.F.);
#2227=ORIENTED_EDGE('',*,*,#2226,.T.);
#2229=ORIENTED_EDGE('',*,*,#2228,.T.);
#2231=ORIENTED_EDGE('',*,*,#2230,.T.);
#2233=ORIENTED_EDGE('',*,*,#2232,.T.);
#2235=ORIENTED_EDGE('',*,*,#2234,.T.);
#2237=ORIENTED_EDGE('',*,*,#2236,.F.);
#2239=ORIENTED_EDGE('',*,*,#2238,.T.);
#2241=ORIENTED_EDGE('',*,*,#2240,.F.);
#2243=ORIENTED_EDGE('',*,*,#2242,.T.);
#2245=ORIENTED_EDGE('',*,*,#2244,.T.);
#2247=ORIENTED_EDGE('',*,*,#2246,.T.);
#2249=ORIENTED_EDGE('',*,*,#2248,.T.);
#2251=ORIENTED_EDGE('',*,*,#2250,.T.);
#2253=ORIENTED_EDGE('',*,*,#2252,.T.);
#2255=ORIENTED_EDGE('',*,*,#2254,.T.);
#2257=ORIENTED_EDGE('',*,*,#2256,.F.);
#2259=ORIENTED_EDGE('',*,*,#2258,.T.);
#2261=ORIENTED_EDGE('',*,*,#2260,.F.);
#2263=ORIENTED_EDGE('',*,*,#2262,.T.);
#2265=ORIENTED_EDGE('',*,*,#2264,.T.);
#2267=ORIENTED_EDGE('',*,*,#2266,.T.);
#2269=ORIENTED_EDGE('',*,*,#2268,.T.);
#2271=ORIENTED_EDGE('',*,*,#2270,.T.);
#2273=ORIENTED_EDGE('',*,*,#2272,.F.);
#2275=ORIENTED_EDGE('',*,*,#2274,.T.);
#2277=ORIENTED_EDGE('',*,*,#2276,.F.);
#2279=ORIENTED_EDGE('',*,*,#2278,.T.);
#2281=ORIENTED_EDGE('',*,*,#2280,.T.);
#2283=ORIENTED_EDGE('',*,*,#2282,.T.);
#2284=EDGE_LOOP('',(#2213,#2215,#2217,#2219,#2221,#2223,#2225,#2227,#2229,#2231,
#2233,#2235,#2237,#2239,#2241,#2243,#2245,#2247,#2249,#2251,#2253,#2255,#2257,
#2259,#2261,#2263,#2265,#2267,#2269,#2271,#2273,#2275,#2277,#2279,#2281,#2283));
#2285=FACE_BOUND('',#2284,.F.);
#2287=CARTESIAN_POINT('',(2.4E1,-2.251532293940E-13,5.15368E1));
#2288=DIRECTION('',(0.E0,0.E0,-1.E0));
#2289=DIRECTION('',(0.E0,1.E0,0.E0));
#2290=AXIS2_PLACEMENT_3D('',#2287,#2288,#2289);
#2291=CYLINDRICAL_SURFACE('',#2290,1.5E0);
#2293=ORIENTED_EDGE('',*,*,#2292,.F.);
#2294=ORIENTED_EDGE('',*,*,#2212,.F.);
#2296=ORIENTED_EDGE('',*,*,#2295,.T.);
#2298=ORIENTED_EDGE('',*,*,#2297,.F.);
#2299=EDGE_LOOP('',(#2293,#2294,#2296,#2298));
#2300=FACE_OUTER_BOUND('',#2299,.F.);
#2302=CARTESIAN_POINT('',(2.55E1,1.5E0,-3.6E1));
#2303=DIRECTION('',(0.E0,-1.E0,0.E0));
#2304=DIRECTION('',(-1.E0,0.E0,0.E0));
#2305=AXIS2_PLACEMENT_3D('',#2302,#2303,#2304);
#2306=PLANE('',#2305);
#2307=ORIENTED_EDGE('',*,*,#2292,.T.);
#2309=ORIENTED_EDGE('',*,*,#2308,.T.);
#2311=ORIENTED_EDGE('',*,*,#2310,.T.);
#2312=ORIENTED_EDGE('',*,*,#2214,.F.);
#2313=EDGE_LOOP('',(#2307,#2309,#2311,#2312));
#2314=FACE_OUTER_BOUND('',#2313,.F.);
#2316=CARTESIAN_POINT('',(-3.475E1,-2.05E1,-3.6E1));
#2317=DIRECTION('',(0.E0,0.E0,-1.E0));
#2318=DIRECTION('',(0.E0,1.E0,0.E0));
#2319=AXIS2_PLACEMENT_3D('',#2316,#2317,#2318);
#2320=PLANE('',#2319);
#2322=ORIENTED_EDGE('',*,*,#2321,.T.);
#2323=ORIENTED_EDGE('',*,*,#2102,.F.);
#2324=ORIENTED_EDGE('',*,*,#2121,.T.);
#2325=ORIENTED_EDGE('',*,*,#2194,.F.);
#2326=EDGE_LOOP('',(#2322,#2323,#2324,#2325));
#2327=FACE_OUTER_BOUND('',#2326,.F.);
#2328=ORIENTED_EDGE('',*,*,#2308,.F.);
#2329=ORIENTED_EDGE('',*,*,#2297,.T.);
#2331=ORIENTED_EDGE('',*,*,#2330,.F.);
#2333=ORIENTED_EDGE('',*,*,#2332,.F.);
#2335=ORIENTED_EDGE('',*,*,#2334,.F.);
#2337=ORIENTED_EDGE('',*,*,#2336,.F.);
#2339=ORIENTED_EDGE('',*,*,#2338,.F.);
#2341=ORIENTED_EDGE('',*,*,#2340,.F.);
#2343=ORIENTED_EDGE('',*,*,#2342,.F.);
#2345=ORIENTED_EDGE('',*,*,#2344,.F.);
#2347=ORIENTED_EDGE('',*,*,#2346,.F.);
#2349=ORIENTED_EDGE('',*,*,#2348,.F.);
#2351=ORIENTED_EDGE('',*,*,#2350,.F.);
#2353=ORIENTED_EDGE('',*,*,#2352,.F.);
#2355=ORIENTED_EDGE('',*,*,#2354,.F.);
#2357=ORIENTED_EDGE('',*,*,#2356,.F.);
#2359=ORIENTED_EDGE('',*,*,#2358,.F.);
#2361=ORIENTED_EDGE('',*,*,#2360,.F.);
#2363=ORIENTED_EDGE('',*,*,#2362,.F.);
#2365=ORIENTED_EDGE('',*,*,#2364,.T.);
#2367=ORIENTED_EDGE('',*,*,#2366,.F.);
#2369=ORIENTED_EDGE('',*,*,#2368,.F.);
#2371=ORIENTED_EDGE('',*,*,#2370,.F.);
#2373=ORIENTED_EDGE('',*,*,#2372,.F.);
#2375=ORIENTED_EDGE('',*,*,#2374,.F.);
#2377=ORIENTED_EDGE('',*,*,#2376,.F.);
#2379=ORIENTED_EDGE('',*,*,#2378,.F.);
#2381=ORIENTED_EDGE('',*,*,#2380,.F.);
#2383=ORIENTED_EDGE('',*,*,#2382,.F.);
#2385=ORIENTED_EDGE('',*,*,#2384,.F.);
#2387=ORIENTED_EDGE('',*,*,#2386,.F.);
#2389=ORIENTED_EDGE('',*,*,#2388,.F.);
#2391=ORIENTED_EDGE('',*,*,#2390,.F.);
#2393=ORIENTED_EDGE('',*,*,#2392,.F.);
#2395=ORIENTED_EDGE('',*,*,#2394,.F.);
#2397=ORIENTED_EDGE('',*,*,#2396,.F.);
#2398=EDGE_LOOP('',(#2328,#2329,#2331,#2333,#2335,#2337,#2339,#2341,#2343,#2345,
#2347,#2349,#2351,#2353,#2355,#2357,#2359,#2361,#2363,#2365,#2367,#2369,#2371,
#2373,#2375,#2377,#2379,#2381,#2383,#2385,#2387,#2389,#2391,#2393,#2395,#2397));
#2399=FACE_BOUND('',#2398,.F.);
#2401=CARTESIAN_POINT('',(2.15E1,-1.5E0,-3.6E1));
#2402=DIRECTION('',(0.E0,1.E0,0.E0));
#2403=DIRECTION('',(1.E0,0.E0,0.E0));
#2404=AXIS2_PLACEMENT_3D('',#2401,#2402,#2403);
#2405=PLANE('',#2404);
#2406=ORIENTED_EDGE('',*,*,#2295,.F.);
#2407=ORIENTED_EDGE('',*,*,#2282,.F.);
#2409=ORIENTED_EDGE('',*,*,#2408,.F.);
#2410=ORIENTED_EDGE('',*,*,#2330,.T.);
#2411=EDGE_LOOP('',(#2406,#2407,#2409,#2410));
#2412=FACE_OUTER_BOUND('',#2411,.F.);
#2414=CARTESIAN_POINT('',(2.15E1,-2.999999999999E0,-3.6E1));
#2415=DIRECTION('',(-1.E0,0.E0,0.E0));
#2416=DIRECTION('',(0.E0,1.E0,0.E0));
#2417=AXIS2_PLACEMENT_3D('',#2414,#2415,#2416);
#2418=PLANE('',#2417);
#2419=ORIENTED_EDGE('',*,*,#2332,.T.);
#2420=ORIENTED_EDGE('',*,*,#2408,.T.);
#2421=ORIENTED_EDGE('',*,*,#2280,.F.);
#2423=ORIENTED_EDGE('',*,*,#2422,.F.);
#2424=EDGE_LOOP('',(#2419,#2420,#2421,#2423));
#2425=FACE_OUTER_BOUND('',#2424,.F.);
#2427=CARTESIAN_POINT('',(2.65E1,-2.999999999999E0,-3.6E1));
#2428=DIRECTION('',(0.E0,-1.E0,0.E0));
#2429=DIRECTION('',(-1.E0,0.E0,0.E0));
#2430=AXIS2_PLACEMENT_3D('',#2427,#2428,#2429);
#2431=PLANE('',#2430);
#2433=ORIENTED_EDGE('',*,*,#2432,.T.);
#2434=ORIENTED_EDGE('',*,*,#2334,.T.);
#2435=ORIENTED_EDGE('',*,*,#2422,.T.);
#2436=ORIENTED_EDGE('',*,*,#2278,.F.);
#2437=EDGE_LOOP('',(#2433,#2434,#2435,#2436));
#2438=FACE_OUTER_BOUND('',#2437,.F.);
#2440=CARTESIAN_POINT('',(2.55E1,-3.999999999999E0,5.15368E1));
#2441=DIRECTION('',(0.E0,0.E0,-1.E0));
#2442=DIRECTION('',(0.E0,1.E0,0.E0));
#2443=AXIS2_PLACEMENT_3D('',#2440,#2441,#2442);
#2444=CYLINDRICAL_SURFACE('',#2443,1.E0);
#2445=ORIENTED_EDGE('',*,*,#2432,.F.);
#2446=ORIENTED_EDGE('',*,*,#2276,.T.);
#2448=ORIENTED_EDGE('',*,*,#2447,.T.);
#2449=ORIENTED_EDGE('',*,*,#2336,.T.);
#2450=EDGE_LOOP('',(#2445,#2446,#2448,#2449));
#2451=FACE_OUTER_BOUND('',#2450,.F.);
#2453=CARTESIAN_POINT('',(2.65E1,-6.999999999999E0,-3.6E1));
#2454=DIRECTION('',(-1.E0,0.E0,0.E0));
#2455=DIRECTION('',(0.E0,1.E0,0.E0));
#2456=AXIS2_PLACEMENT_3D('',#2453,#2454,#2455);
#2457=PLANE('',#2456);
#2458=ORIENTED_EDGE('',*,*,#2447,.F.);
#2459=ORIENTED_EDGE('',*,*,#2274,.F.);
#2461=ORIENTED_EDGE('',*,*,#2460,.T.);
#2462=ORIENTED_EDGE('',*,*,#2338,.T.);
#2463=EDGE_LOOP('',(#2458,#2459,#2461,#2462));
#2464=FACE_OUTER_BOUND('',#2463,.F.);
#2466=CARTESIAN_POINT('',(2.55E1,-5.999999999999E0,5.15368E1));
#2467=DIRECTION('',(0.E0,0.E0,-1.E0));
#2468=DIRECTION('',(1.E0,0.E0,0.E0));
#2469=AXIS2_PLACEMENT_3D('',#2466,#2467,#2468);
#2470=CYLINDRICAL_SURFACE('',#2469,1.E0);
#2471=ORIENTED_EDGE('',*,*,#2460,.F.);
#2472=ORIENTED_EDGE('',*,*,#2272,.T.);
#2474=ORIENTED_EDGE('',*,*,#2473,.T.);
#2475=ORIENTED_EDGE('',*,*,#2340,.T.);
#2476=EDGE_LOOP('',(#2471,#2472,#2474,#2475));
#2477=FACE_OUTER_BOUND('',#2476,.F.);
#2479=CARTESIAN_POINT('',(2.15E1,-6.999999999999E0,-3.6E1));
#2480=DIRECTION('',(0.E0,1.E0,0.E0));
#2481=DIRECTION('',(1.E0,0.E0,0.E0));
#2482=AXIS2_PLACEMENT_3D('',#2479,#2480,#2481);
#2483=PLANE('',#2482);
#2484=ORIENTED_EDGE('',*,*,#2473,.F.);
#2485=ORIENTED_EDGE('',*,*,#2270,.F.);
#2487=ORIENTED_EDGE('',*,*,#2486,.F.);
#2488=ORIENTED_EDGE('',*,*,#2342,.T.);
#2489=EDGE_LOOP('',(#2484,#2485,#2487,#2488));
#2490=FACE_OUTER_BOUND('',#2489,.F.);
#2492=CARTESIAN_POINT('',(2.15E1,-1.05E1,-3.6E1));
#2493=DIRECTION('',(-1.E0,0.E0,0.E0));
#2494=DIRECTION('',(0.E0,1.E0,0.E0));
#2495=AXIS2_PLACEMENT_3D('',#2492,#2493,#2494);
#2496=PLANE('',#2495);
#2497=ORIENTED_EDGE('',*,*,#2344,.T.);
#2498=ORIENTED_EDGE('',*,*,#2486,.T.);
#2499=ORIENTED_EDGE('',*,*,#2268,.F.);
#2501=ORIENTED_EDGE('',*,*,#2500,.F.);
#2502=EDGE_LOOP('',(#2497,#2498,#2499,#2501));
#2503=FACE_OUTER_BOUND('',#2502,.F.);
#2505=CARTESIAN_POINT('',(-2.15E1,-1.05E1,-3.6E1));
#2506=DIRECTION('',(0.E0,1.E0,0.E0));
#2507=DIRECTION('',(1.E0,0.E0,0.E0));
#2508=AXIS2_PLACEMENT_3D('',#2505,#2506,#2507);
#2509=PLANE('',#2508);
#2510=ORIENTED_EDGE('',*,*,#2346,.T.);
#2511=ORIENTED_EDGE('',*,*,#2500,.T.);
#2512=ORIENTED_EDGE('',*,*,#2266,.F.);
#2514=ORIENTED_EDGE('',*,*,#2513,.F.);
#2515=EDGE_LOOP('',(#2510,#2511,#2512,#2514));
#2516=FACE_OUTER_BOUND('',#2515,.F.);
#2518=CARTESIAN_POINT('',(-2.15E1,-6.999999999999E0,-3.6E1));
#2519=DIRECTION('',(1.E0,0.E0,0.E0));
#2520=DIRECTION('',(0.E0,-1.E0,0.E0));
#2521=AXIS2_PLACEMENT_3D('',#2518,#2519,#2520);
#2522=PLANE('',#2521);
#2523=ORIENTED_EDGE('',*,*,#2348,.T.);
#2524=ORIENTED_EDGE('',*,*,#2513,.T.);
#2525=ORIENTED_EDGE('',*,*,#2264,.F.);
#2527=ORIENTED_EDGE('',*,*,#2526,.F.);
#2528=EDGE_LOOP('',(#2523,#2524,#2525,#2527));
#2529=FACE_OUTER_BOUND('',#2528,.F.);
#2531=CARTESIAN_POINT('',(-2.65E1,-6.999999999999E0,-3.6E1));
#2532=DIRECTION('',(0.E0,1.E0,0.E0));
#2533=DIRECTION('',(1.E0,0.E0,0.E0));
#2534=AXIS2_PLACEMENT_3D('',#2531,#2532,#2533);
#2535=PLANE('',#2534);
#2537=ORIENTED_EDGE('',*,*,#2536,.T.);
#2538=ORIENTED_EDGE('',*,*,#2350,.T.);
#2539=ORIENTED_EDGE('',*,*,#2526,.T.);
#2540=ORIENTED_EDGE('',*,*,#2262,.F.);
#2541=EDGE_LOOP('',(#2537,#2538,#2539,#2540));
#2542=FACE_OUTER_BOUND('',#2541,.F.);
#2544=CARTESIAN_POINT('',(-2.55E1,-5.999999999999E0,5.15368E1));
#2545=DIRECTION('',(0.E0,0.E0,-1.E0));
#2546=DIRECTION('',(0.E0,-1.E0,0.E0));
#2547=AXIS2_PLACEMENT_3D('',#2544,#2545,#2546);
#2548=CYLINDRICAL_SURFACE('',#2547,1.E0);
#2549=ORIENTED_EDGE('',*,*,#2536,.F.);
#2550=ORIENTED_EDGE('',*,*,#2260,.T.);
#2552=ORIENTED_EDGE('',*,*,#2551,.T.);
#2553=ORIENTED_EDGE('',*,*,#2352,.T.);
#2554=EDGE_LOOP('',(#2549,#2550,#2552,#2553));
#2555=FACE_OUTER_BOUND('',#2554,.F.);
#2557=CARTESIAN_POINT('',(-2.65E1,-2.999999999999E0,-3.6E1));
#2558=DIRECTION('',(1.E0,0.E0,0.E0));
#2559=DIRECTION('',(0.E0,-1.E0,0.E0));
#2560=AXIS2_PLACEMENT_3D('',#2557,#2558,#2559);
#2561=PLANE('',#2560);
#2563=ORIENTED_EDGE('',*,*,#2562,.T.);
#2564=ORIENTED_EDGE('',*,*,#2354,.T.);
#2565=ORIENTED_EDGE('',*,*,#2551,.F.);
#2566=ORIENTED_EDGE('',*,*,#2258,.F.);
#2567=EDGE_LOOP('',(#2563,#2564,#2565,#2566));
#2568=FACE_OUTER_BOUND('',#2567,.F.);
#2570=CARTESIAN_POINT('',(-2.55E1,-3.999999999999E0,5.15368E1));
#2571=DIRECTION('',(0.E0,0.E0,-1.E0));
#2572=DIRECTION('',(-1.E0,0.E0,0.E0));
#2573=AXIS2_PLACEMENT_3D('',#2570,#2571,#2572);
#2574=CYLINDRICAL_SURFACE('',#2573,1.E0);
#2575=ORIENTED_EDGE('',*,*,#2562,.F.);
#2576=ORIENTED_EDGE('',*,*,#2256,.T.);
#2578=ORIENTED_EDGE('',*,*,#2577,.T.);
#2579=ORIENTED_EDGE('',*,*,#2356,.T.);
#2580=EDGE_LOOP('',(#2575,#2576,#2578,#2579));
#2581=FACE_OUTER_BOUND('',#2580,.F.);
#2583=CARTESIAN_POINT('',(-2.15E1,-2.999999999999E0,-3.6E1));
#2584=DIRECTION('',(0.E0,-1.E0,0.E0));
#2585=DIRECTION('',(-1.E0,0.E0,0.E0));
#2586=AXIS2_PLACEMENT_3D('',#2583,#2584,#2585);
#2587=PLANE('',#2586);
#2588=ORIENTED_EDGE('',*,*,#2577,.F.);
#2589=ORIENTED_EDGE('',*,*,#2254,.F.);
#2591=ORIENTED_EDGE('',*,*,#2590,.F.);
#2592=ORIENTED_EDGE('',*,*,#2358,.T.);
#2593=EDGE_LOOP('',(#2588,#2589,#2591,#2592));
#2594=FACE_OUTER_BOUND('',#2593,.F.);
#2596=CARTESIAN_POINT('',(-2.15E1,-1.5E0,-3.6E1));
#2597=DIRECTION('',(1.E0,0.E0,0.E0));
#2598=DIRECTION('',(0.E0,-1.E0,0.E0));
#2599=AXIS2_PLACEMENT_3D('',#2596,#2597,#2598);
#2600=PLANE('',#2599);
#2601=ORIENTED_EDGE('',*,*,#2360,.T.);
#2602=ORIENTED_EDGE('',*,*,#2590,.T.);
#2603=ORIENTED_EDGE('',*,*,#2252,.F.);
#2605=ORIENTED_EDGE('',*,*,#2604,.F.);
#2606=EDGE_LOOP('',(#2601,#2602,#2603,#2605));
#2607=FACE_OUTER_BOUND('',#2606,.F.);
#2609=CARTESIAN_POINT('',(-2.55E1,-1.5E0,-3.6E1));
#2610=DIRECTION('',(0.E0,1.E0,0.E0));
#2611=DIRECTION('',(1.E0,0.E0,0.E0));
#2612=AXIS2_PLACEMENT_3D('',#2609,#2610,#2611);
#2613=PLANE('',#2612);
#2615=ORIENTED_EDGE('',*,*,#2614,.T.);
#2616=ORIENTED_EDGE('',*,*,#2362,.T.);
#2617=ORIENTED_EDGE('',*,*,#2604,.T.);
#2618=ORIENTED_EDGE('',*,*,#2250,.F.);
#2619=EDGE_LOOP('',(#2615,#2616,#2617,#2618));
#2620=FACE_OUTER_BOUND('',#2619,.F.);
#2622=CARTESIAN_POINT('',(-2.4E1,-2.414372137535E-13,5.15368E1));
#2623=DIRECTION('',(0.E0,0.E0,-1.E0));
#2624=DIRECTION('',(-1.E0,0.E0,0.E0));
#2625=AXIS2_PLACEMENT_3D('',#2622,#2623,#2624);
#2626=CYLINDRICAL_SURFACE('',#2625,1.5E0);
#2628=ORIENTED_EDGE('',*,*,#2627,.T.);
#2629=ORIENTED_EDGE('',*,*,#2364,.F.);
#2630=ORIENTED_EDGE('',*,*,#2614,.F.);
#2631=ORIENTED_EDGE('',*,*,#2248,.F.);
#2632=EDGE_LOOP('',(#2628,#2629,#2630,#2631));
#2633=FACE_OUTER_BOUND('',#2632,.F.);
#2635=CARTESIAN_POINT('',(-2.15E1,1.5E0,-3.6E1));
#2636=DIRECTION('',(0.E0,-1.E0,0.E0));
#2637=DIRECTION('',(-1.E0,0.E0,0.E0));
#2638=AXIS2_PLACEMENT_3D('',#2635,#2636,#2637);
#2639=PLANE('',#2638);
#2640=ORIENTED_EDGE('',*,*,#2627,.F.);
#2641=ORIENTED_EDGE('',*,*,#2246,.F.);
#2643=ORIENTED_EDGE('',*,*,#2642,.F.);
#2644=ORIENTED_EDGE('',*,*,#2366,.T.);
#2645=EDGE_LOOP('',(#2640,#2641,#2643,#2644));
#2646=FACE_OUTER_BOUND('',#2645,.F.);
#2648=CARTESIAN_POINT('',(-2.15E1,2.999999999999E0,-3.6E1));
#2649=DIRECTION('',(1.E0,0.E0,0.E0));
#2650=DIRECTION('',(0.E0,-1.E0,0.E0));
#2651=AXIS2_PLACEMENT_3D('',#2648,#2649,#2650);
#2652=PLANE('',#2651);
#2653=ORIENTED_EDGE('',*,*,#2368,.T.);
#2654=ORIENTED_EDGE('',*,*,#2642,.T.);
#2655=ORIENTED_EDGE('',*,*,#2244,.F.);
#2657=ORIENTED_EDGE('',*,*,#2656,.F.);
#2658=EDGE_LOOP('',(#2653,#2654,#2655,#2657));
#2659=FACE_OUTER_BOUND('',#2658,.F.);
#2661=CARTESIAN_POINT('',(-2.65E1,2.999999999999E0,-3.6E1));
#2662=DIRECTION('',(0.E0,1.E0,0.E0));
#2663=DIRECTION('',(1.E0,0.E0,0.E0));
#2664=AXIS2_PLACEMENT_3D('',#2661,#2662,#2663);
#2665=PLANE('',#2664);
#2667=ORIENTED_EDGE('',*,*,#2666,.T.);
#2668=ORIENTED_EDGE('',*,*,#2370,.T.);
#2669=ORIENTED_EDGE('',*,*,#2656,.T.);
#2670=ORIENTED_EDGE('',*,*,#2242,.F.);
#2671=EDGE_LOOP('',(#2667,#2668,#2669,#2670));
#2672=FACE_OUTER_BOUND('',#2671,.F.);
#2674=CARTESIAN_POINT('',(-2.55E1,3.999999999999E0,5.15368E1));
#2675=DIRECTION('',(0.E0,0.E0,-1.E0));
#2676=DIRECTION('',(0.E0,-1.E0,0.E0));
#2677=AXIS2_PLACEMENT_3D('',#2674,#2675,#2676);
#2678=CYLINDRICAL_SURFACE('',#2677,1.E0);
#2679=ORIENTED_EDGE('',*,*,#2666,.F.);
#2680=ORIENTED_EDGE('',*,*,#2240,.T.);
#2682=ORIENTED_EDGE('',*,*,#2681,.T.);
#2683=ORIENTED_EDGE('',*,*,#2372,.T.);
#2684=EDGE_LOOP('',(#2679,#2680,#2682,#2683));
#2685=FACE_OUTER_BOUND('',#2684,.F.);
#2687=CARTESIAN_POINT('',(-2.65E1,6.999999999999E0,-3.6E1));
#2688=DIRECTION('',(1.E0,0.E0,0.E0));
#2689=DIRECTION('',(0.E0,-1.E0,0.E0));
#2690=AXIS2_PLACEMENT_3D('',#2687,#2688,#2689);
#2691=PLANE('',#2690);
#2693=ORIENTED_EDGE('',*,*,#2692,.T.);
#2694=ORIENTED_EDGE('',*,*,#2374,.T.);
#2695=ORIENTED_EDGE('',*,*,#2681,.F.);
#2696=ORIENTED_EDGE('',*,*,#2238,.F.);
#2697=EDGE_LOOP('',(#2693,#2694,#2695,#2696));
#2698=FACE_OUTER_BOUND('',#2697,.F.);
#2700=CARTESIAN_POINT('',(-2.55E1,5.999999999999E0,5.15368E1));
#2701=DIRECTION('',(0.E0,0.E0,-1.E0));
#2702=DIRECTION('',(-1.E0,0.E0,0.E0));
#2703=AXIS2_PLACEMENT_3D('',#2700,#2701,#2702);
#2704=CYLINDRICAL_SURFACE('',#2703,1.E0);
#2705=ORIENTED_EDGE('',*,*,#2692,.F.);
#2706=ORIENTED_EDGE('',*,*,#2236,.T.);
#2708=ORIENTED_EDGE('',*,*,#2707,.T.);
#2709=ORIENTED_EDGE('',*,*,#2376,.T.);
#2710=EDGE_LOOP('',(#2705,#2706,#2708,#2709));
#2711=FACE_OUTER_BOUND('',#2710,.F.);
#2713=CARTESIAN_POINT('',(-2.15E1,6.999999999999E0,-3.6E1));
#2714=DIRECTION('',(0.E0,-1.E0,0.E0));
#2715=DIRECTION('',(-1.E0,0.E0,0.E0));
#2716=AXIS2_PLACEMENT_3D('',#2713,#2714,#2715);
#2717=PLANE('',#2716);
#2718=ORIENTED_EDGE('',*,*,#2707,.F.);
#2719=ORIENTED_EDGE('',*,*,#2234,.F.);
#2721=ORIENTED_EDGE('',*,*,#2720,.F.);
#2722=ORIENTED_EDGE('',*,*,#2378,.T.);
#2723=EDGE_LOOP('',(#2718,#2719,#2721,#2722));
#2724=FACE_OUTER_BOUND('',#2723,.F.);
#2726=CARTESIAN_POINT('',(-2.15E1,1.05E1,-3.6E1));
#2727=DIRECTION('',(1.E0,0.E0,0.E0));
#2728=DIRECTION('',(0.E0,-1.E0,0.E0));
#2729=AXIS2_PLACEMENT_3D('',#2726,#2727,#2728);
#2730=PLANE('',#2729);
#2731=ORIENTED_EDGE('',*,*,#2380,.T.);
#2732=ORIENTED_EDGE('',*,*,#2720,.T.);
#2733=ORIENTED_EDGE('',*,*,#2232,.F.);
#2735=ORIENTED_EDGE('',*,*,#2734,.F.);
#2736=EDGE_LOOP('',(#2731,#2732,#2733,#2735));
#2737=FACE_OUTER_BOUND('',#2736,.F.);
#2739=CARTESIAN_POINT('',(2.15E1,1.05E1,-3.6E1));
#2740=DIRECTION('',(0.E0,-1.E0,0.E0));
#2741=DIRECTION('',(-1.E0,0.E0,0.E0));
#2742=AXIS2_PLACEMENT_3D('',#2739,#2740,#2741);
#2743=PLANE('',#2742);
#2744=ORIENTED_EDGE('',*,*,#2382,.T.);
#2745=ORIENTED_EDGE('',*,*,#2734,.T.);
#2746=ORIENTED_EDGE('',*,*,#2230,.F.);
#2748=ORIENTED_EDGE('',*,*,#2747,.F.);
#2749=EDGE_LOOP('',(#2744,#2745,#2746,#2748));
#2750=FACE_OUTER_BOUND('',#2749,.F.);
#2752=CARTESIAN_POINT('',(2.15E1,6.999999999999E0,-3.6E1));
#2753=DIRECTION('',(-1.E0,0.E0,0.E0));
#2754=DIRECTION('',(0.E0,1.E0,0.E0));
#2755=AXIS2_PLACEMENT_3D('',#2752,#2753,#2754);
#2756=PLANE('',#2755);
#2757=ORIENTED_EDGE('',*,*,#2384,.T.);
#2758=ORIENTED_EDGE('',*,*,#2747,.T.);
#2759=ORIENTED_EDGE('',*,*,#2228,.F.);
#2761=ORIENTED_EDGE('',*,*,#2760,.F.);
#2762=EDGE_LOOP('',(#2757,#2758,#2759,#2761));
#2763=FACE_OUTER_BOUND('',#2762,.F.);
#2765=CARTESIAN_POINT('',(2.65E1,6.999999999999E0,-3.6E1));
#2766=DIRECTION('',(0.E0,-1.E0,0.E0));
#2767=DIRECTION('',(-1.E0,0.E0,0.E0));
#2768=AXIS2_PLACEMENT_3D('',#2765,#2766,#2767);
#2769=PLANE('',#2768);
#2771=ORIENTED_EDGE('',*,*,#2770,.T.);
#2772=ORIENTED_EDGE('',*,*,#2386,.T.);
#2773=ORIENTED_EDGE('',*,*,#2760,.T.);
#2774=ORIENTED_EDGE('',*,*,#2226,.F.);
#2775=EDGE_LOOP('',(#2771,#2772,#2773,#2774));
#2776=FACE_OUTER_BOUND('',#2775,.F.);
#2778=CARTESIAN_POINT('',(2.55E1,5.999999999999E0,5.15368E1));
#2779=DIRECTION('',(0.E0,0.E0,-1.E0));
#2780=DIRECTION('',(0.E0,1.E0,0.E0));
#2781=AXIS2_PLACEMENT_3D('',#2778,#2779,#2780);
#2782=CYLINDRICAL_SURFACE('',#2781,1.E0);
#2783=ORIENTED_EDGE('',*,*,#2770,.F.);
#2784=ORIENTED_EDGE('',*,*,#2224,.T.);
#2786=ORIENTED_EDGE('',*,*,#2785,.T.);
#2787=ORIENTED_EDGE('',*,*,#2388,.T.);
#2788=EDGE_LOOP('',(#2783,#2784,#2786,#2787));
#2789=FACE_OUTER_BOUND('',#2788,.F.);
#2791=CARTESIAN_POINT('',(2.65E1,2.999999999999E0,-3.6E1));
#2792=DIRECTION('',(-1.E0,0.E0,0.E0));
#2793=DIRECTION('',(0.E0,1.E0,0.E0));
#2794=AXIS2_PLACEMENT_3D('',#2791,#2792,#2793);
#2795=PLANE('',#2794);
#2796=ORIENTED_EDGE('',*,*,#2785,.F.);
#2797=ORIENTED_EDGE('',*,*,#2222,.F.);
#2799=ORIENTED_EDGE('',*,*,#2798,.T.);
#2800=ORIENTED_EDGE('',*,*,#2390,.T.);
#2801=EDGE_LOOP('',(#2796,#2797,#2799,#2800));
#2802=FACE_OUTER_BOUND('',#2801,.F.);
#2804=CARTESIAN_POINT('',(2.55E1,3.999999999999E0,5.15368E1));
#2805=DIRECTION('',(0.E0,0.E0,-1.E0));
#2806=DIRECTION('',(1.E0,0.E0,0.E0));
#2807=AXIS2_PLACEMENT_3D('',#2804,#2805,#2806);
#2808=CYLINDRICAL_SURFACE('',#2807,1.E0);
#2809=ORIENTED_EDGE('',*,*,#2798,.F.);
#2810=ORIENTED_EDGE('',*,*,#2220,.T.);
#2812=ORIENTED_EDGE('',*,*,#2811,.T.);
#2813=ORIENTED_EDGE('',*,*,#2392,.T.);
#2814=EDGE_LOOP('',(#2809,#2810,#2812,#2813));
#2815=FACE_OUTER_BOUND('',#2814,.F.);
#2817=CARTESIAN_POINT('',(2.15E1,2.999999999999E0,-3.6E1));
#2818=DIRECTION('',(0.E0,1.E0,0.E0));
#2819=DIRECTION('',(1.E0,0.E0,0.E0));
#2820=AXIS2_PLACEMENT_3D('',#2817,#2818,#2819);
#2821=PLANE('',#2820);
#2822=ORIENTED_EDGE('',*,*,#2811,.F.);
#2823=ORIENTED_EDGE('',*,*,#2218,.F.);
#2825=ORIENTED_EDGE('',*,*,#2824,.F.);
#2826=ORIENTED_EDGE('',*,*,#2394,.T.);
#2827=EDGE_LOOP('',(#2822,#2823,#2825,#2826));
#2828=FACE_OUTER_BOUND('',#2827,.F.);
#2830=CARTESIAN_POINT('',(2.15E1,1.5E0,-3.6E1));
#2831=DIRECTION('',(-1.E0,0.E0,0.E0));
#2832=DIRECTION('',(0.E0,1.E0,0.E0));
#2833=AXIS2_PLACEMENT_3D('',#2830,#2831,#2832);
#2834=PLANE('',#2833);
#2835=ORIENTED_EDGE('',*,*,#2396,.T.);
#2836=ORIENTED_EDGE('',*,*,#2824,.T.);
#2837=ORIENTED_EDGE('',*,*,#2216,.F.);
#2838=ORIENTED_EDGE('',*,*,#2310,.F.);
#2839=EDGE_LOOP('',(#2835,#2836,#2837,#2838));
#2840=FACE_OUTER_BOUND('',#2839,.F.);
#2842=CARTESIAN_POINT('',(-3.375E1,1.830654E2,-3.3E1));
#2843=DIRECTION('',(0.E0,-1.E0,0.E0));
#2844=DIRECTION('',(-1.E0,0.E0,0.E0));
#2845=AXIS2_PLACEMENT_3D('',#2842,#2843,#2844);
#2846=CYLINDRICAL_SURFACE('',#2845,3.E0);
#2847=ORIENTED_EDGE('',*,*,#2178,.F.);
#2849=ORIENTED_EDGE('',*,*,#2848,.T.);
#2850=ORIENTED_EDGE('',*,*,#2077,.T.);
#2851=ORIENTED_EDGE('',*,*,#2104,.F.);
#2852=ORIENTED_EDGE('',*,*,#2321,.F.);
#2853=ORIENTED_EDGE('',*,*,#2192,.F.);
#2854=EDGE_LOOP('',(#2847,#2849,#2850,#2851,#2852,#2853));
#2855=FACE_OUTER_BOUND('',#2854,.F.);
#2857=CARTESIAN_POINT('',(-3.675E1,0.E0,0.E0));
#2858=DIRECTION('',(1.E0,0.E0,0.E0));
#2859=DIRECTION('',(0.E0,0.E0,-1.E0));
#2860=AXIS2_PLACEMENT_3D('',#2857,#2858,#2859);
#2861=PLANE('',#2860);
#2863=ORIENTED_EDGE('',*,*,#2862,.F.);
#2864=ORIENTED_EDGE('',*,*,#2079,.F.);
#2865=ORIENTED_EDGE('',*,*,#2848,.F.);
#2866=ORIENTED_EDGE('',*,*,#2176,.T.);
#2867=EDGE_LOOP('',(#2863,#2864,#2865,#2866));
#2868=FACE_OUTER_BOUND('',#2867,.F.);
#2870=CARTESIAN_POINT('',(-3.775E1,-1.830654E2,-1.E0));
#2871=DIRECTION('',(0.E0,1.E0,0.E0));
#2872=DIRECTION('',(0.E0,0.E0,1.E0));
#2873=AXIS2_PLACEMENT_3D('',#2870,#2871,#2872);
#2874=CYLINDRICAL_SURFACE('',#2873,1.E0);
#2876=ORIENTED_EDGE('',*,*,#2875,.F.);
#2877=ORIENTED_EDGE('',*,*,#2081,.T.);
#2878=ORIENTED_EDGE('',*,*,#2862,.T.);
#2879=ORIENTED_EDGE('',*,*,#2174,.T.);
#2880=EDGE_LOOP('',(#2876,#2877,#2878,#2879));
#2881=FACE_OUTER_BOUND('',#2880,.F.);
#2883=CARTESIAN_POINT('',(0.E0,0.E0,0.E0));
#2884=DIRECTION('',(0.E0,0.E0,1.E0));
#2885=DIRECTION('',(1.E0,0.E0,0.E0));
#2886=AXIS2_PLACEMENT_3D('',#2883,#2884,#2885);
#2887=PLANE('',#2886);
#2889=ORIENTED_EDGE('',*,*,#2888,.T.);
#2890=ORIENTED_EDGE('',*,*,#2055,.F.);
#2892=ORIENTED_EDGE('',*,*,#2891,.F.);
#2894=ORIENTED_EDGE('',*,*,#2893,.F.);
#2896=ORIENTED_EDGE('',*,*,#2895,.F.);
#2898=ORIENTED_EDGE('',*,*,#2897,.F.);
#2900=ORIENTED_EDGE('',*,*,#2899,.F.);
#2902=ORIENTED_EDGE('',*,*,#2901,.F.);
#2904=ORIENTED_EDGE('',*,*,#2903,.T.);
#2906=ORIENTED_EDGE('',*,*,#2905,.F.);
#2908=ORIENTED_EDGE('',*,*,#2907,.T.);
#2910=ORIENTED_EDGE('',*,*,#2909,.F.);
#2912=ORIENTED_EDGE('',*,*,#2911,.T.);
#2914=ORIENTED_EDGE('',*,*,#2913,.F.);
#2916=ORIENTED_EDGE('',*,*,#2915,.T.);
#2918=ORIENTED_EDGE('',*,*,#2917,.F.);
#2920=ORIENTED_EDGE('',*,*,#2919,.F.);
#2922=ORIENTED_EDGE('',*,*,#2921,.T.);
#2924=ORIENTED_EDGE('',*,*,#2923,.T.);
#2925=ORIENTED_EDGE('',*,*,#2144,.F.);
#2926=EDGE_LOOP('',(#2889,#2890,#2892,#2894,#2896,#2898,#2900,#2902,#2904,#2906,
#2908,#2910,#2912,#2914,#2916,#2918,#2920,#2922,#2924,#2925));
#2927=FACE_OUTER_BOUND('',#2926,.F.);
#2929=ORIENTED_EDGE('',*,*,#2928,.F.);
#2931=ORIENTED_EDGE('',*,*,#2930,.F.);
#2933=ORIENTED_EDGE('',*,*,#2932,.F.);
#2935=ORIENTED_EDGE('',*,*,#2934,.F.);
#2936=EDGE_LOOP('',(#2929,#2931,#2933,#2935));
#2937=FACE_BOUND('',#2936,.F.);
#2939=ORIENTED_EDGE('',*,*,#2938,.F.);
#2941=ORIENTED_EDGE('',*,*,#2940,.F.);
#2943=ORIENTED_EDGE('',*,*,#2942,.F.);
#2945=ORIENTED_EDGE('',*,*,#2944,.F.);
#2946=EDGE_LOOP('',(#2939,#2941,#2943,#2945));
#2947=FACE_BOUND('',#2946,.F.);
#2949=CARTESIAN_POINT('',(0.E0,0.E0,0.E0));
#2950=DIRECTION('',(0.E0,0.E0,1.E0));
#2951=DIRECTION('',(1.E0,0.E0,0.E0));
#2952=AXIS2_PLACEMENT_3D('',#2949,#2950,#2951);
#2953=PLANE('',#2952);
#2954=ORIENTED_EDGE('',*,*,#2875,.T.);
#2955=ORIENTED_EDGE('',*,*,#2172,.F.);
#2957=ORIENTED_EDGE('',*,*,#2956,.T.);
#2959=ORIENTED_EDGE('',*,*,#2958,.T.);
#2961=ORIENTED_EDGE('',*,*,#2960,.F.);
#2963=ORIENTED_EDGE('',*,*,#2962,.F.);
#2965=ORIENTED_EDGE('',*,*,#2964,.F.);
#2967=ORIENTED_EDGE('',*,*,#2966,.F.);
#2969=ORIENTED_EDGE('',*,*,#2968,.T.);
#2971=ORIENTED_EDGE('',*,*,#2970,.F.);
#2973=ORIENTED_EDGE('',*,*,#2972,.T.);
#2975=ORIENTED_EDGE('',*,*,#2974,.F.);
#2977=ORIENTED_EDGE('',*,*,#2976,.T.);
#2979=ORIENTED_EDGE('',*,*,#2978,.F.);
#2981=ORIENTED_EDGE('',*,*,#2980,.T.);
#2983=ORIENTED_EDGE('',*,*,#2982,.F.);
#2985=ORIENTED_EDGE('',*,*,#2984,.F.);
#2987=ORIENTED_EDGE('',*,*,#2986,.F.);
#2989=ORIENTED_EDGE('',*,*,#2988,.F.);
#2990=ORIENTED_EDGE('',*,*,#2083,.F.);
#2991=EDGE_LOOP('',(#2954,#2955,#2957,#2959,#2961,#2963,#2965,#2967,#2969,#2971,
#2973,#2975,#2977,#2979,#2981,#2983,#2985,#2987,#2989,#2990));
#2992=FACE_OUTER_BOUND('',#2991,.F.);
#2994=ORIENTED_EDGE('',*,*,#2993,.F.);
#2996=ORIENTED_EDGE('',*,*,#2995,.F.);
#2998=ORIENTED_EDGE('',*,*,#2997,.F.);
#3000=ORIENTED_EDGE('',*,*,#2999,.F.);
#3001=EDGE_LOOP('',(#2994,#2996,#2998,#3000));
#3002=FACE_BOUND('',#3001,.F.);
#3004=ORIENTED_EDGE('',*,*,#3003,.F.);
#3006=ORIENTED_EDGE('',*,*,#3005,.F.);
#3008=ORIENTED_EDGE('',*,*,#3007,.F.);
#3010=ORIENTED_EDGE('',*,*,#3009,.F.);
#3011=EDGE_LOOP('',(#3004,#3006,#3008,#3010));
#3012=FACE_BOUND('',#3011,.F.);
#3014=CARTESIAN_POINT('',(-6.35E1,4.2E1,2.E0));
#3015=DIRECTION('',(0.E0,0.E0,1.E0));
#3016=DIRECTION('',(1.E0,0.E0,0.E0));
#3017=AXIS2_PLACEMENT_3D('',#3014,#3015,#3016);
#3018=CYLINDRICAL_SURFACE('',#3017,2.E0);
#3019=ORIENTED_EDGE('',*,*,#2993,.T.);
#3021=ORIENTED_EDGE('',*,*,#3020,.F.);
#3023=ORIENTED_EDGE('',*,*,#3022,.F.);
#3025=ORIENTED_EDGE('',*,*,#3024,.T.);
#3026=EDGE_LOOP('',(#3019,#3021,#3023,#3025));
#3027=FACE_OUTER_BOUND('',#3026,.F.);
#3029=CARTESIAN_POINT('',(-6.55E1,4.2E1,2.E0));
#3030=DIRECTION('',(-1.E0,0.E0,0.E0));
#3031=DIRECTION('',(0.E0,-1.E0,0.E0));
#3032=AXIS2_PLACEMENT_3D('',#3029,#3030,#3031);
#3033=PLANE('',#3032);
#3034=ORIENTED_EDGE('',*,*,#2999,.T.);
#3036=ORIENTED_EDGE('',*,*,#3035,.F.);
#3038=ORIENTED_EDGE('',*,*,#3037,.F.);
#3039=ORIENTED_EDGE('',*,*,#3020,.T.);
#3040=EDGE_LOOP('',(#3034,#3036,#3038,#3039));
#3041=FACE_OUTER_BOUND('',#3040,.F.);
#3043=CARTESIAN_POINT('',(-6.35E1,3.6E1,2.E0));
#3044=DIRECTION('',(0.E0,0.E0,1.E0));
#3045=DIRECTION('',(1.E0,0.E0,0.E0));
#3046=AXIS2_PLACEMENT_3D('',#3043,#3044,#3045);
#3047=CYLINDRICAL_SURFACE('',#3046,2.E0);
#3048=ORIENTED_EDGE('',*,*,#2997,.T.);
#3050=ORIENTED_EDGE('',*,*,#3049,.F.);
#3052=ORIENTED_EDGE('',*,*,#3051,.F.);
#3053=ORIENTED_EDGE('',*,*,#3035,.T.);
#3054=EDGE_LOOP('',(#3048,#3050,#3052,#3053));
#3055=FACE_OUTER_BOUND('',#3054,.F.);
#3057=CARTESIAN_POINT('',(-6.15E1,3.6E1,2.E0));
#3058=DIRECTION('',(1.E0,0.E0,0.E0));
#3059=DIRECTION('',(0.E0,1.E0,0.E0));
#3060=AXIS2_PLACEMENT_3D('',#3057,#3058,#3059);
#3061=PLANE('',#3060);
#3062=ORIENTED_EDGE('',*,*,#2995,.T.);
#3063=ORIENTED_EDGE('',*,*,#3024,.F.);
#3065=ORIENTED_EDGE('',*,*,#3064,.F.);
#3066=ORIENTED_EDGE('',*,*,#3049,.T.);
#3067=EDGE_LOOP('',(#3062,#3063,#3065,#3066));
#3068=FACE_OUTER_BOUND('',#3067,.F.);
#3070=CARTESIAN_POINT('',(0.E0,0.E0,2.E0));
#3071=DIRECTION('',(0.E0,0.E0,1.E0));
#3072=DIRECTION('',(1.E0,0.E0,0.E0));
#3073=AXIS2_PLACEMENT_3D('',#3070,#3071,#3072);
#3074=PLANE('',#3073);
#3076=ORIENTED_EDGE('',*,*,#3075,.F.);
#3078=ORIENTED_EDGE('',*,*,#3077,.F.);
#3080=ORIENTED_EDGE('',*,*,#3079,.F.);
#3082=ORIENTED_EDGE('',*,*,#3081,.T.);
#3084=ORIENTED_EDGE('',*,*,#3083,.F.);
#3086=ORIENTED_EDGE('',*,*,#3085,.F.);
#3088=ORIENTED_EDGE('',*,*,#3087,.F.);
#3090=ORIENTED_EDGE('',*,*,#3089,.T.);
#3092=ORIENTED_EDGE('',*,*,#3091,.F.);
#3094=ORIENTED_EDGE('',*,*,#3093,.F.);
#3096=ORIENTED_EDGE('',*,*,#3095,.F.);
#3098=ORIENTED_EDGE('',*,*,#3097,.F.);
#3100=ORIENTED_EDGE('',*,*,#3099,.F.);
#3102=ORIENTED_EDGE('',*,*,#3101,.F.);
#3104=ORIENTED_EDGE('',*,*,#3103,.F.);
#3106=ORIENTED_EDGE('',*,*,#3105,.F.);
#3108=ORIENTED_EDGE('',*,*,#3107,.T.);
#3110=ORIENTED_EDGE('',*,*,#3109,.T.);
#3112=ORIENTED_EDGE('',*,*,#3111,.F.);
#3114=ORIENTED_EDGE('',*,*,#3113,.T.);
#3116=ORIENTED_EDGE('',*,*,#3115,.T.);
#3118=ORIENTED_EDGE('',*,*,#3117,.F.);
#3119=EDGE_LOOP('',(#3076,#3078,#3080,#3082,#3084,#3086,#3088,#3090,#3092,#3094,
#3096,#3098,#3100,#3102,#3104,#3106,#3108,#3110,#3112,#3114,#3116,#3118));
#3120=FACE_OUTER_BOUND('',#3119,.F.);
#3122=ORIENTED_EDGE('',*,*,#3121,.T.);
#3124=ORIENTED_EDGE('',*,*,#3123,.T.);
#3126=ORIENTED_EDGE('',*,*,#3125,.T.);
#3128=ORIENTED_EDGE('',*,*,#3127,.T.);
#3129=EDGE_LOOP('',(#3122,#3124,#3126,#3128));
#3130=FACE_BOUND('',#3129,.F.);
#3132=ORIENTED_EDGE('',*,*,#3131,.T.);
#3134=ORIENTED_EDGE('',*,*,#3133,.T.);
#3136=ORIENTED_EDGE('',*,*,#3135,.T.);
#3138=ORIENTED_EDGE('',*,*,#3137,.T.);
#3139=EDGE_LOOP('',(#3132,#3134,#3136,#3138));
#3140=FACE_BOUND('',#3139,.F.);
#3142=CARTESIAN_POINT('',(0.E0,0.E0,2.E0));
#3143=DIRECTION('',(0.E0,0.E0,1.E0));
#3144=DIRECTION('',(1.E0,0.E0,0.E0));
#3145=AXIS2_PLACEMENT_3D('',#3142,#3143,#3144);
#3146=PLANE('',#3145);
#3148=ORIENTED_EDGE('',*,*,#3147,.F.);
#3150=ORIENTED_EDGE('',*,*,#3149,.F.);
#3152=ORIENTED_EDGE('',*,*,#3151,.F.);
#3154=ORIENTED_EDGE('',*,*,#3153,.T.);
#3156=ORIENTED_EDGE('',*,*,#3155,.T.);
#3158=ORIENTED_EDGE('',*,*,#3157,.T.);
#3160=ORIENTED_EDGE('',*,*,#3159,.F.);
#3162=ORIENTED_EDGE('',*,*,#3161,.T.);
#3164=ORIENTED_EDGE('',*,*,#3163,.F.);
#3166=ORIENTED_EDGE('',*,*,#3165,.F.);
#3168=ORIENTED_EDGE('',*,*,#3167,.F.);
#3170=ORIENTED_EDGE('',*,*,#3169,.F.);
#3172=ORIENTED_EDGE('',*,*,#3171,.F.);
#3174=ORIENTED_EDGE('',*,*,#3173,.F.);
#3176=ORIENTED_EDGE('',*,*,#3175,.F.);
#3178=ORIENTED_EDGE('',*,*,#3177,.F.);
#3180=ORIENTED_EDGE('',*,*,#3179,.T.);
#3182=ORIENTED_EDGE('',*,*,#3181,.T.);
#3184=ORIENTED_EDGE('',*,*,#3183,.F.);
#3186=ORIENTED_EDGE('',*,*,#3185,.F.);
#3188=ORIENTED_EDGE('',*,*,#3187,.F.);
#3190=ORIENTED_EDGE('',*,*,#3189,.F.);
#3191=EDGE_LOOP('',(#3148,#3150,#3152,#3154,#3156,#3158,#3160,#3162,#3164,#3166,
#3168,#3170,#3172,#3174,#3176,#3178,#3180,#3182,#3184,#3186,#3188,#3190));
#3192=FACE_OUTER_BOUND('',#3191,.F.);
#3193=ORIENTED_EDGE('',*,*,#3022,.T.);
#3194=ORIENTED_EDGE('',*,*,#3037,.T.);
#3195=ORIENTED_EDGE('',*,*,#3051,.T.);
#3196=ORIENTED_EDGE('',*,*,#3064,.T.);
#3197=EDGE_LOOP('',(#3193,#3194,#3195,#3196));
#3198=FACE_BOUND('',#3197,.F.);
#3200=ORIENTED_EDGE('',*,*,#3199,.T.);
#3202=ORIENTED_EDGE('',*,*,#3201,.T.);
#3204=ORIENTED_EDGE('',*,*,#3203,.T.);
#3206=ORIENTED_EDGE('',*,*,#3205,.T.);
#3207=EDGE_LOOP('',(#3200,#3202,#3204,#3206));
#3208=FACE_BOUND('',#3207,.F.);
#3210=CARTESIAN_POINT('',(-6.15E1,-4.2E1,2.E0));
#3211=DIRECTION('',(1.E0,0.E0,0.E0));
#3212=DIRECTION('',(0.E0,1.E0,0.E0));
#3213=AXIS2_PLACEMENT_3D('',#3210,#3211,#3212);
#3214=PLANE('',#3213);
#3215=ORIENTED_EDGE('',*,*,#3003,.T.);
#3217=ORIENTED_EDGE('',*,*,#3216,.F.);
#3218=ORIENTED_EDGE('',*,*,#3199,.F.);
#3220=ORIENTED_EDGE('',*,*,#3219,.T.);
#3221=EDGE_LOOP('',(#3215,#3217,#3218,#3220));
#3222=FACE_OUTER_BOUND('',#3221,.F.);
#3224=CARTESIAN_POINT('',(-6.35E1,-3.6E1,2.E0));
#3225=DIRECTION('',(0.E0,0.E0,1.E0));
#3226=DIRECTION('',(1.E0,0.E0,0.E0));
#3227=AXIS2_PLACEMENT_3D('',#3224,#3225,#3226);
#3228=CYLINDRICAL_SURFACE('',#3227,2.E0);
#3229=ORIENTED_EDGE('',*,*,#3009,.T.);
#3231=ORIENTED_EDGE('',*,*,#3230,.F.);
#3232=ORIENTED_EDGE('',*,*,#3201,.F.);
#3233=ORIENTED_EDGE('',*,*,#3216,.T.);
#3234=EDGE_LOOP('',(#3229,#3231,#3232,#3233));
#3235=FACE_OUTER_BOUND('',#3234,.F.);
#3237=CARTESIAN_POINT('',(-6.55E1,-3.6E1,2.E0));
#3238=DIRECTION('',(-1.E0,0.E0,0.E0));
#3239=DIRECTION('',(0.E0,-1.E0,0.E0));
#3240=AXIS2_PLACEMENT_3D('',#3237,#3238,#3239);
#3241=PLANE('',#3240);
#3242=ORIENTED_EDGE('',*,*,#3007,.T.);
#3244=ORIENTED_EDGE('',*,*,#3243,.F.);
#3245=ORIENTED_EDGE('',*,*,#3203,.F.);
#3246=ORIENTED_EDGE('',*,*,#3230,.T.);
#3247=EDGE_LOOP('',(#3242,#3244,#3245,#3246));
#3248=FACE_OUTER_BOUND('',#3247,.F.);
#3250=CARTESIAN_POINT('',(-6.35E1,-4.2E1,2.E0));
#3251=DIRECTION('',(0.E0,0.E0,1.E0));
#3252=DIRECTION('',(1.E0,0.E0,0.E0));
#3253=AXIS2_PLACEMENT_3D('',#3250,#3251,#3252);
#3254=CYLINDRICAL_SURFACE('',#3253,2.E0);
#3255=ORIENTED_EDGE('',*,*,#3005,.T.);
#3256=ORIENTED_EDGE('',*,*,#3219,.F.);
#3257=ORIENTED_EDGE('',*,*,#3205,.F.);
#3258=ORIENTED_EDGE('',*,*,#3243,.T.);
#3259=EDGE_LOOP('',(#3255,#3256,#3257,#3258));
#3260=FACE_OUTER_BOUND('',#3259,.F.);
#3262=CARTESIAN_POINT('',(6.15E1,4.2E1,2.E0));
#3263=DIRECTION('',(-1.E0,0.E0,0.E0));
#3264=DIRECTION('',(0.E0,-1.E0,0.E0));
#3265=AXIS2_PLACEMENT_3D('',#3262,#3263,#3264);
#3266=PLANE('',#3265);
#3267=ORIENTED_EDGE('',*,*,#2928,.T.);
#3269=ORIENTED_EDGE('',*,*,#3268,.F.);
#3270=ORIENTED_EDGE('',*,*,#3121,.F.);
#3272=ORIENTED_EDGE('',*,*,#3271,.T.);
#3273=EDGE_LOOP('',(#3267,#3269,#3270,#3272));
#3274=FACE_OUTER_BOUND('',#3273,.F.);
#3276=CARTESIAN_POINT('',(6.35E1,3.6E1,2.E0));
#3277=DIRECTION('',(0.E0,0.E0,1.E0));
#3278=DIRECTION('',(1.E0,0.E0,0.E0));
#3279=AXIS2_PLACEMENT_3D('',#3276,#3277,#3278);
#3280=CYLINDRICAL_SURFACE('',#3279,2.E0);
#3281=ORIENTED_EDGE('',*,*,#2934,.T.);
#3283=ORIENTED_EDGE('',*,*,#3282,.F.);
#3284=ORIENTED_EDGE('',*,*,#3123,.F.);
#3285=ORIENTED_EDGE('',*,*,#3268,.T.);
#3286=EDGE_LOOP('',(#3281,#3283,#3284,#3285));
#3287=FACE_OUTER_BOUND('',#3286,.F.);
#3289=CARTESIAN_POINT('',(6.55E1,3.6E1,2.E0));
#3290=DIRECTION('',(1.E0,0.E0,0.E0));
#3291=DIRECTION('',(0.E0,1.E0,0.E0));
#3292=AXIS2_PLACEMENT_3D('',#3289,#3290,#3291);
#3293=PLANE('',#3292);
#3294=ORIENTED_EDGE('',*,*,#2932,.T.);
#3296=ORIENTED_EDGE('',*,*,#3295,.F.);
#3297=ORIENTED_EDGE('',*,*,#3125,.F.);
#3298=ORIENTED_EDGE('',*,*,#3282,.T.);
#3299=EDGE_LOOP('',(#3294,#3296,#3297,#3298));
#3300=FACE_OUTER_BOUND('',#3299,.F.);
#3302=CARTESIAN_POINT('',(6.35E1,4.2E1,2.E0));
#3303=DIRECTION('',(0.E0,0.E0,1.E0));
#3304=DIRECTION('',(1.E0,0.E0,0.E0));
#3305=AXIS2_PLACEMENT_3D('',#3302,#3303,#3304);
#3306=CYLINDRICAL_SURFACE('',#3305,2.E0);
#3307=ORIENTED_EDGE('',*,*,#2930,.T.);
#3308=ORIENTED_EDGE('',*,*,#3271,.F.);
#3309=ORIENTED_EDGE('',*,*,#3127,.F.);
#3310=ORIENTED_EDGE('',*,*,#3295,.T.);
#3311=EDGE_LOOP('',(#3307,#3308,#3309,#3310));
#3312=FACE_OUTER_BOUND('',#3311,.F.);
#3314=CARTESIAN_POINT('',(6.35E1,-4.2E1,2.E0));
#3315=DIRECTION('',(0.E0,0.E0,1.E0));
#3316=DIRECTION('',(1.E0,0.E0,0.E0));
#3317=AXIS2_PLACEMENT_3D('',#3314,#3315,#3316);
#3318=CYLINDRICAL_SURFACE('',#3317,2.E0);
#3319=ORIENTED_EDGE('',*,*,#2938,.T.);
#3321=ORIENTED_EDGE('',*,*,#3320,.F.);
#3322=ORIENTED_EDGE('',*,*,#3131,.F.);
#3324=ORIENTED_EDGE('',*,*,#3323,.T.);
#3325=EDGE_LOOP('',(#3319,#3321,#3322,#3324));
#3326=FACE_OUTER_BOUND('',#3325,.F.);
#3328=CARTESIAN_POINT('',(6.55E1,-4.2E1,2.E0));
#3329=DIRECTION('',(1.E0,0.E0,0.E0));
#3330=DIRECTION('',(0.E0,1.E0,0.E0));
#3331=AXIS2_PLACEMENT_3D('',#3328,#3329,#3330);
#3332=PLANE('',#3331);
#3333=ORIENTED_EDGE('',*,*,#2944,.T.);
#3335=ORIENTED_EDGE('',*,*,#3334,.F.);
#3336=ORIENTED_EDGE('',*,*,#3133,.F.);
#3337=ORIENTED_EDGE('',*,*,#3320,.T.);
#3338=EDGE_LOOP('',(#3333,#3335,#3336,#3337));
#3339=FACE_OUTER_BOUND('',#3338,.F.);
#3341=CARTESIAN_POINT('',(6.35E1,-3.6E1,2.E0));
#3342=DIRECTION('',(0.E0,0.E0,1.E0));
#3343=DIRECTION('',(1.E0,0.E0,0.E0));
#3344=AXIS2_PLACEMENT_3D('',#3341,#3342,#3343);
#3345=CYLINDRICAL_SURFACE('',#3344,2.E0);
#3346=ORIENTED_EDGE('',*,*,#2942,.T.);
#3348=ORIENTED_EDGE('',*,*,#3347,.F.);
#3349=ORIENTED_EDGE('',*,*,#3135,.F.);
#3350=ORIENTED_EDGE('',*,*,#3334,.T.);
#3351=EDGE_LOOP('',(#3346,#3348,#3349,#3350));
#3352=FACE_OUTER_BOUND('',#3351,.F.);
#3354=CARTESIAN_POINT('',(6.15E1,-3.6E1,2.E0));
#3355=DIRECTION('',(-1.E0,0.E0,0.E0));
#3356=DIRECTION('',(0.E0,-1.E0,0.E0));
#3357=AXIS2_PLACEMENT_3D('',#3354,#3355,#3356);
#3358=PLANE('',#3357);
#3359=ORIENTED_EDGE('',*,*,#2940,.T.);
#3360=ORIENTED_EDGE('',*,*,#3323,.F.);
#3361=ORIENTED_EDGE('',*,*,#3137,.F.);
#3362=ORIENTED_EDGE('',*,*,#3347,.T.);
#3363=EDGE_LOOP('',(#3359,#3360,#3361,#3362));
#3364=FACE_OUTER_BOUND('',#3363,.F.);
#3366=CARTESIAN_POINT('',(4.525E1,-3.E1,-1.E0));
#3367=DIRECTION('',(0.E0,0.E0,1.E0));
#3368=DIRECTION('',(-9.996065956707E-1,2.804735088363E-2,0.E0));
#3369=AXIS2_PLACEMENT_3D('',#3366,#3367,#3368);
#3370=TOROIDAL_SURFACE('',#3369,7.5E0,3.E0);
#3372=ORIENTED_EDGE('',*,*,#3371,.T.);
#3373=ORIENTED_EDGE('',*,*,#2051,.T.);
#3375=ORIENTED_EDGE('',*,*,#3374,.F.);
#3377=ORIENTED_EDGE('',*,*,#3376,.F.);
#3378=ORIENTED_EDGE('',*,*,#3075,.T.);
#3380=ORIENTED_EDGE('',*,*,#3379,.T.);
#3381=EDGE_LOOP('',(#3372,#3373,#3375,#3377,#3378,#3380));
#3382=FACE_OUTER_BOUND('',#3381,.F.);
#3384=CARTESIAN_POINT('',(3.571633754889E1,-3.05E1,0.E0));
#3385=DIRECTION('',(0.E0,-1.E0,0.E0));
#3386=DIRECTION('',(-1.E0,0.E0,0.E0));
#3387=AXIS2_PLACEMENT_3D('',#3384,#3385,#3386);
#3388=PLANE('',#3387);
#3389=ORIENTED_EDGE('',*,*,#3371,.F.);
#3391=ORIENTED_EDGE('',*,*,#3390,.F.);
#3392=ORIENTED_EDGE('',*,*,#2053,.T.);
#3393=EDGE_LOOP('',(#3389,#3391,#3392));
#3394=FACE_OUTER_BOUND('',#3393,.F.);
#3396=CARTESIAN_POINT('',(3.571633754889E1,-3.05E1,0.E0));
#3397=DIRECTION('',(0.E0,-1.E0,0.E0));
#3398=DIRECTION('',(-1.E0,0.E0,0.E0));
#3399=AXIS2_PLACEMENT_3D('',#3396,#3397,#3398);
#3400=PLANE('',#3399);
#3402=ORIENTED_EDGE('',*,*,#3401,.F.);
#3403=ORIENTED_EDGE('',*,*,#2085,.F.);
#3405=ORIENTED_EDGE('',*,*,#3404,.T.);
#3406=EDGE_LOOP('',(#3402,#3403,#3405));
#3407=FACE_OUTER_BOUND('',#3406,.F.);
#3409=CARTESIAN_POINT('',(3.571633754889E1,-3.08E1,0.E0));
#3410=DIRECTION('',(-1.E0,0.E0,0.E0));
#3411=DIRECTION('',(0.E0,1.E0,0.E0));
#3412=AXIS2_PLACEMENT_3D('',#3409,#3410,#3411);
#3413=PLANE('',#3412);
#3415=ORIENTED_EDGE('',*,*,#3414,.T.);
#3416=ORIENTED_EDGE('',*,*,#3115,.F.);
#3418=ORIENTED_EDGE('',*,*,#3417,.F.);
#3419=ORIENTED_EDGE('',*,*,#2891,.T.);
#3420=ORIENTED_EDGE('',*,*,#3390,.T.);
#3421=EDGE_LOOP('',(#3415,#3416,#3418,#3419,#3420));
#3422=FACE_OUTER_BOUND('',#3421,.F.);
#3424=CARTESIAN_POINT('',(3.571633754889E1,-3.05E1,0.E0));
#3425=DIRECTION('',(0.E0,-1.E0,0.E0));
#3426=DIRECTION('',(-1.E0,0.E0,0.E0));
#3427=AXIS2_PLACEMENT_3D('',#3424,#3425,#3426);
#3428=PLANE('',#3427);
#3429=ORIENTED_EDGE('',*,*,#3117,.T.);
#3430=ORIENTED_EDGE('',*,*,#3414,.F.);
#3431=ORIENTED_EDGE('',*,*,#3379,.F.);
#3432=EDGE_LOOP('',(#3429,#3430,#3431));
#3433=FACE_OUTER_BOUND('',#3432,.F.);
#3435=CARTESIAN_POINT('',(-3.570143465792E1,-3.08E1,0.E0));
#3436=DIRECTION('',(0.E0,1.E0,0.E0));
#3437=DIRECTION('',(1.E0,0.E0,0.E0));
#3438=AXIS2_PLACEMENT_3D('',#3435,#3436,#3437);
#3439=PLANE('',#3438);
#3441=ORIENTED_EDGE('',*,*,#3440,.F.);
#3442=ORIENTED_EDGE('',*,*,#2986,.T.);
#3444=ORIENTED_EDGE('',*,*,#3443,.F.);
#3445=ORIENTED_EDGE('',*,*,#3157,.F.);
#3446=EDGE_LOOP('',(#3441,#3442,#3444,#3445));
#3447=FACE_OUTER_BOUND('',#3446,.F.);
#3449=CARTESIAN_POINT('',(-3.570143465792E1,-3.08E1,0.E0));
#3450=DIRECTION('',(0.E0,1.E0,0.E0));
#3451=DIRECTION('',(1.E0,0.E0,0.E0));
#3452=AXIS2_PLACEMENT_3D('',#3449,#3450,#3451);
#3453=PLANE('',#3452);
#3454=ORIENTED_EDGE('',*,*,#3417,.T.);
#3455=ORIENTED_EDGE('',*,*,#3113,.F.);
#3457=ORIENTED_EDGE('',*,*,#3456,.F.);
#3458=ORIENTED_EDGE('',*,*,#2893,.T.);
#3459=EDGE_LOOP('',(#3454,#3455,#3457,#3458));
#3460=FACE_OUTER_BOUND('',#3459,.F.);
#3462=CARTESIAN_POINT('',(-3.570143465792E1,-3.05E1,0.E0));
#3463=DIRECTION('',(1.E0,0.E0,0.E0));
#3464=DIRECTION('',(0.E0,-1.E0,0.E0));
#3465=AXIS2_PLACEMENT_3D('',#3462,#3463,#3464);
#3466=PLANE('',#3465);
#3468=ORIENTED_EDGE('',*,*,#3467,.F.);
#3469=ORIENTED_EDGE('',*,*,#3404,.F.);
#3470=ORIENTED_EDGE('',*,*,#2988,.T.);
#3471=ORIENTED_EDGE('',*,*,#3440,.T.);
#3472=ORIENTED_EDGE('',*,*,#3155,.F.);
#3473=EDGE_LOOP('',(#3468,#3469,#3470,#3471,#3472));
#3474=FACE_OUTER_BOUND('',#3473,.F.);
#3476=CARTESIAN_POINT('',(3.571633754889E1,-3.05E1,0.E0));
#3477=DIRECTION('',(0.E0,-1.E0,0.E0));
#3478=DIRECTION('',(-1.E0,0.E0,0.E0));
#3479=AXIS2_PLACEMENT_3D('',#3476,#3477,#3478);
#3480=PLANE('',#3479);
#3481=ORIENTED_EDGE('',*,*,#3467,.T.);
#3482=ORIENTED_EDGE('',*,*,#3153,.F.);
#3484=ORIENTED_EDGE('',*,*,#3483,.F.);
#3485=EDGE_LOOP('',(#3481,#3482,#3484));
#3486=FACE_OUTER_BOUND('',#3485,.F.);
#3488=CARTESIAN_POINT('',(-4.525E1,-3.E1,-1.E0));
#3489=DIRECTION('',(0.E0,0.E0,-1.E0));
#3490=DIRECTION('',(-7.077664394356E-1,7.064465069690E-1,0.E0));
#3491=AXIS2_PLACEMENT_3D('',#3488,#3489,#3490);
#3492=TOROIDAL_SURFACE('',#3491,7.5E0,3.E0);
#3493=ORIENTED_EDGE('',*,*,#3401,.T.);
#3494=ORIENTED_EDGE('',*,*,#3483,.T.);
#3495=ORIENTED_EDGE('',*,*,#3151,.T.);
#3497=ORIENTED_EDGE('',*,*,#3496,.T.);
#3499=ORIENTED_EDGE('',*,*,#3498,.F.);
#3500=ORIENTED_EDGE('',*,*,#2087,.T.);
#3501=EDGE_LOOP('',(#3493,#3494,#3495,#3497,#3499,#3500));
#3502=FACE_OUTER_BOUND('',#3501,.F.);
#3504=CARTESIAN_POINT('',(-3.775E1,-3.029453580918E1,-1.E0));
#3505=DIRECTION('',(0.E0,1.E0,0.E0));
#3506=DIRECTION('',(0.E0,0.E0,1.E0));
#3507=AXIS2_PLACEMENT_3D('',#3504,#3505,#3506);
#3508=CYLINDRICAL_SURFACE('',#3507,3.E0);
#3509=ORIENTED_EDGE('',*,*,#3149,.T.);
#3511=ORIENTED_EDGE('',*,*,#3510,.T.);
#3513=ORIENTED_EDGE('',*,*,#3512,.F.);
#3514=ORIENTED_EDGE('',*,*,#3496,.F.);
#3515=EDGE_LOOP('',(#3509,#3511,#3513,#3514));
#3516=FACE_OUTER_BOUND('',#3515,.F.);
#3518=CARTESIAN_POINT('',(-4.525E1,3.E1,-1.E0));
#3519=DIRECTION('',(0.E0,0.E0,1.E0));
#3520=DIRECTION('',(9.996065956707E-1,-2.804735088363E-2,0.E0));
#3521=AXIS2_PLACEMENT_3D('',#3518,#3519,#3520);
#3522=TOROIDAL_SURFACE('',#3521,7.5E0,3.E0);
#3524=ORIENTED_EDGE('',*,*,#3523,.T.);
#3525=ORIENTED_EDGE('',*,*,#2168,.T.);
#3527=ORIENTED_EDGE('',*,*,#3526,.F.);
#3528=ORIENTED_EDGE('',*,*,#3510,.F.);
#3529=ORIENTED_EDGE('',*,*,#3147,.T.);
#3531=ORIENTED_EDGE('',*,*,#3530,.T.);
#3532=EDGE_LOOP('',(#3524,#3525,#3527,#3528,#3529,#3531));
#3533=FACE_OUTER_BOUND('',#3532,.F.);
#3535=CARTESIAN_POINT('',(3.571633754889E1,3.05E1,0.E0));
#3536=DIRECTION('',(0.E0,-1.E0,0.E0));
#3537=DIRECTION('',(-1.E0,0.E0,0.E0));
#3538=AXIS2_PLACEMENT_3D('',#3535,#3536,#3537);
#3539=PLANE('',#3538);
#3541=ORIENTED_EDGE('',*,*,#3540,.F.);
#3542=ORIENTED_EDGE('',*,*,#2146,.F.);
#3544=ORIENTED_EDGE('',*,*,#3543,.T.);
#3545=EDGE_LOOP('',(#3541,#3542,#3544));
#3546=FACE_OUTER_BOUND('',#3545,.F.);
#3548=CARTESIAN_POINT('',(3.571633754889E1,3.05E1,0.E0));
#3549=DIRECTION('',(0.E0,-1.E0,0.E0));
#3550=DIRECTION('',(-1.E0,0.E0,0.E0));
#3551=AXIS2_PLACEMENT_3D('',#3548,#3549,#3550);
#3552=PLANE('',#3551);
#3553=ORIENTED_EDGE('',*,*,#3523,.F.);
#3555=ORIENTED_EDGE('',*,*,#3554,.F.);
#3556=ORIENTED_EDGE('',*,*,#2170,.T.);
#3557=EDGE_LOOP('',(#3553,#3555,#3556));
#3558=FACE_OUTER_BOUND('',#3557,.F.);
#3560=CARTESIAN_POINT('',(4.525E1,3.E1,-1.E0));
#3561=DIRECTION('',(0.E0,0.E0,-1.E0));
#3562=DIRECTION('',(7.077664394356E-1,-7.064465069690E-1,0.E0));
#3563=AXIS2_PLACEMENT_3D('',#3560,#3561,#3562);
#3564=TOROIDAL_SURFACE('',#3563,7.5E0,3.E0);
#3565=ORIENTED_EDGE('',*,*,#3540,.T.);
#3567=ORIENTED_EDGE('',*,*,#3566,.T.);
#3568=ORIENTED_EDGE('',*,*,#3079,.T.);
#3570=ORIENTED_EDGE('',*,*,#3569,.T.);
#3572=ORIENTED_EDGE('',*,*,#3571,.F.);
#3573=ORIENTED_EDGE('',*,*,#2148,.T.);
#3574=EDGE_LOOP('',(#3565,#3567,#3568,#3570,#3572,#3573));
#3575=FACE_OUTER_BOUND('',#3574,.F.);
#3577=CARTESIAN_POINT('',(3.571633754889E1,3.05E1,0.E0));
#3578=DIRECTION('',(0.E0,-1.E0,0.E0));
#3579=DIRECTION('',(-1.E0,0.E0,0.E0));
#3580=AXIS2_PLACEMENT_3D('',#3577,#3578,#3579);
#3581=PLANE('',#3580);
#3583=ORIENTED_EDGE('',*,*,#3582,.T.);
#3584=ORIENTED_EDGE('',*,*,#3081,.F.);
#3585=ORIENTED_EDGE('',*,*,#3566,.F.);
#3586=EDGE_LOOP('',(#3583,#3584,#3585));
#3587=FACE_OUTER_BOUND('',#3586,.F.);
#3589=CARTESIAN_POINT('',(3.571633754889E1,3.08E1,0.E0));
#3590=DIRECTION('',(1.E0,0.E0,0.E0));
#3591=DIRECTION('',(0.E0,-1.E0,0.E0));
#3592=AXIS2_PLACEMENT_3D('',#3589,#3590,#3591);
#3593=PLANE('',#3592);
#3594=ORIENTED_EDGE('',*,*,#3582,.F.);
#3595=ORIENTED_EDGE('',*,*,#3543,.F.);
#3596=ORIENTED_EDGE('',*,*,#2923,.F.);
#3598=ORIENTED_EDGE('',*,*,#3597,.T.);
#3599=ORIENTED_EDGE('',*,*,#3083,.T.);
#3600=EDGE_LOOP('',(#3594,#3595,#3596,#3598,#3599));
#3601=FACE_OUTER_BOUND('',#3600,.F.);
#3603=CARTESIAN_POINT('',(-3.570143465792E1,3.08E1,0.E0));
#3604=DIRECTION('',(0.E0,1.E0,0.E0));
#3605=DIRECTION('',(1.E0,0.E0,0.E0));
#3606=AXIS2_PLACEMENT_3D('',#3603,#3604,#3605);
#3607=PLANE('',#3606);
#3608=ORIENTED_EDGE('',*,*,#2958,.F.);
#3610=ORIENTED_EDGE('',*,*,#3609,.T.);
#3611=ORIENTED_EDGE('',*,*,#3185,.T.);
#3613=ORIENTED_EDGE('',*,*,#3612,.F.);
#3614=EDGE_LOOP('',(#3608,#3610,#3611,#3613));
#3615=FACE_OUTER_BOUND('',#3614,.F.);
#3617=CARTESIAN_POINT('',(-3.570143465792E1,3.08E1,0.E0));
#3618=DIRECTION('',(0.E0,1.E0,0.E0));
#3619=DIRECTION('',(1.E0,0.E0,0.E0));
#3620=AXIS2_PLACEMENT_3D('',#3617,#3618,#3619);
#3621=PLANE('',#3620);
#3622=ORIENTED_EDGE('',*,*,#2921,.F.);
#3624=ORIENTED_EDGE('',*,*,#3623,.F.);
#3625=ORIENTED_EDGE('',*,*,#3085,.T.);
#3626=ORIENTED_EDGE('',*,*,#3597,.F.);
#3627=EDGE_LOOP('',(#3622,#3624,#3625,#3626));
#3628=FACE_OUTER_BOUND('',#3627,.F.);
#3630=CARTESIAN_POINT('',(-3.570143465792E1,3.05E1,0.E0));
#3631=DIRECTION('',(-1.E0,0.E0,0.E0));
#3632=DIRECTION('',(0.E0,1.E0,0.E0));
#3633=AXIS2_PLACEMENT_3D('',#3630,#3631,#3632);
#3634=PLANE('',#3633);
#3636=ORIENTED_EDGE('',*,*,#3635,.T.);
#3637=ORIENTED_EDGE('',*,*,#3187,.T.);
#3638=ORIENTED_EDGE('',*,*,#3609,.F.);
#3639=ORIENTED_EDGE('',*,*,#2956,.F.);
#3640=ORIENTED_EDGE('',*,*,#3554,.T.);
#3641=EDGE_LOOP('',(#3636,#3637,#3638,#3639,#3640));
#3642=FACE_OUTER_BOUND('',#3641,.F.);
#3644=CARTESIAN_POINT('',(3.571633754889E1,3.05E1,0.E0));
#3645=DIRECTION('',(0.E0,-1.E0,0.E0));
#3646=DIRECTION('',(-1.E0,0.E0,0.E0));
#3647=AXIS2_PLACEMENT_3D('',#3644,#3645,#3646);
#3648=PLANE('',#3647);
#3649=ORIENTED_EDGE('',*,*,#3189,.T.);
#3650=ORIENTED_EDGE('',*,*,#3635,.F.);
#3651=ORIENTED_EDGE('',*,*,#3530,.F.);
#3652=EDGE_LOOP('',(#3649,#3650,#3651));
#3653=FACE_OUTER_BOUND('',#3652,.F.);
#3655=CARTESIAN_POINT('',(-4.525E1,3.E1,-8.55368E1));
#3656=DIRECTION('',(0.E0,0.E0,1.E0));
#3657=DIRECTION('',(1.E0,0.E0,0.E0));
#3658=AXIS2_PLACEMENT_3D('',#3655,#3656,#3657);
#3659=CYLINDRICAL_SURFACE('',#3658,1.05E1);
#3660=ORIENTED_EDGE('',*,*,#3612,.T.);
#3661=ORIENTED_EDGE('',*,*,#3183,.T.);
#3663=ORIENTED_EDGE('',*,*,#3662,.F.);
#3664=ORIENTED_EDGE('',*,*,#2960,.T.);
#3665=EDGE_LOOP('',(#3660,#3661,#3663,#3664));
#3666=FACE_OUTER_BOUND('',#3665,.F.);
#3668=CARTESIAN_POINT('',(-4.525E1,3.E1,-8.55368E1));
#3669=DIRECTION('',(0.E0,0.E0,1.E0));
#3670=DIRECTION('',(1.E0,0.E0,0.E0));
#3671=AXIS2_PLACEMENT_3D('',#3668,#3669,#3670);
#3672=CYLINDRICAL_SURFACE('',#3671,1.05E1);
#3673=ORIENTED_EDGE('',*,*,#3526,.T.);
#3674=ORIENTED_EDGE('',*,*,#2166,.F.);
#3676=ORIENTED_EDGE('',*,*,#3675,.T.);
#3677=EDGE_LOOP('',(#3673,#3674,#3676));
#3678=FACE_OUTER_BOUND('',#3677,.F.);
#3680=CARTESIAN_POINT('',(-4.575E1,4.05E1,2.E0));
#3681=DIRECTION('',(0.E0,-1.E0,0.E0));
#3682=DIRECTION('',(1.E0,0.E0,0.E0));
#3683=AXIS2_PLACEMENT_3D('',#3680,#3681,#3682);
#3684=PLANE('',#3683);
#3685=ORIENTED_EDGE('',*,*,#3662,.T.);
#3686=ORIENTED_EDGE('',*,*,#3181,.F.);
#3688=ORIENTED_EDGE('',*,*,#3687,.T.);
#3689=ORIENTED_EDGE('',*,*,#2962,.T.);
#3690=EDGE_LOOP('',(#3685,#3686,#3688,#3689));
#3691=FACE_OUTER_BOUND('',#3690,.F.);
#3693=CARTESIAN_POINT('',(-4.575E1,5.075E1,2.E0));
#3694=DIRECTION('',(-1.E0,0.E0,0.E0));
#3695=DIRECTION('',(0.E0,-1.E0,0.E0));
#3696=AXIS2_PLACEMENT_3D('',#3693,#3694,#3695);
#3697=PLANE('',#3696);
#3699=ORIENTED_EDGE('',*,*,#3698,.T.);
#3700=ORIENTED_EDGE('',*,*,#2964,.T.);
#3701=ORIENTED_EDGE('',*,*,#3687,.F.);
#3702=ORIENTED_EDGE('',*,*,#3179,.F.);
#3703=EDGE_LOOP('',(#3699,#3700,#3701,#3702));
#3704=FACE_OUTER_BOUND('',#3703,.F.);
#3706=CARTESIAN_POINT('',(-5.075E1,4.575E1,8.2144E0));
#3707=DIRECTION('',(0.E0,0.E0,-1.E0));
#3708=DIRECTION('',(0.E0,1.E0,0.E0));
#3709=AXIS2_PLACEMENT_3D('',#3706,#3707,#3708);
#3710=CYLINDRICAL_SURFACE('',#3709,5.E0);
#3711=ORIENTED_EDGE('',*,*,#2966,.T.);
#3712=ORIENTED_EDGE('',*,*,#3698,.F.);
#3713=ORIENTED_EDGE('',*,*,#3177,.T.);
#3715=ORIENTED_EDGE('',*,*,#3714,.T.);
#3716=EDGE_LOOP('',(#3711,#3712,#3713,#3715));
#3717=FACE_OUTER_BOUND('',#3716,.F.);
#3719=CARTESIAN_POINT('',(-3.475E1,5.075E1,0.E0));
#3720=DIRECTION('',(0.E0,1.E0,0.E0));
#3721=DIRECTION('',(-1.E0,0.E0,0.E0));
#3722=AXIS2_PLACEMENT_3D('',#3719,#3720,#3721);
#3723=PLANE('',#3722);
#3724=ORIENTED_EDGE('',*,*,#3714,.F.);
#3725=ORIENTED_EDGE('',*,*,#3175,.T.);
#3727=ORIENTED_EDGE('',*,*,#3726,.T.);
#3728=ORIENTED_EDGE('',*,*,#2968,.F.);
#3729=EDGE_LOOP('',(#3724,#3725,#3727,#3728));
#3730=FACE_OUTER_BOUND('',#3729,.F.);
#3732=CARTESIAN_POINT('',(-6.275E1,4.275E1,1.18216E1));
#3733=DIRECTION('',(0.E0,0.E0,-1.E0));
#3734=DIRECTION('',(-1.E0,0.E0,0.E0));
#3735=AXIS2_PLACEMENT_3D('',#3732,#3733,#3734);
#3736=CYLINDRICAL_SURFACE('',#3735,8.E0);
#3737=ORIENTED_EDGE('',*,*,#2970,.T.);
#3738=ORIENTED_EDGE('',*,*,#3726,.F.);
#3739=ORIENTED_EDGE('',*,*,#3173,.T.);
#3741=ORIENTED_EDGE('',*,*,#3740,.T.);
#3742=EDGE_LOOP('',(#3737,#3738,#3739,#3741));
#3743=FACE_OUTER_BOUND('',#3742,.F.);
#3745=CARTESIAN_POINT('',(-7.075E1,5.075E1,0.E0));
#3746=DIRECTION('',(-1.E0,0.E0,0.E0));
#3747=DIRECTION('',(0.E0,-1.E0,0.E0));
#3748=AXIS2_PLACEMENT_3D('',#3745,#3746,#3747);
#3749=PLANE('',#3748);
#3750=ORIENTED_EDGE('',*,*,#3740,.F.);
#3751=ORIENTED_EDGE('',*,*,#3171,.T.);
#3753=ORIENTED_EDGE('',*,*,#3752,.T.);
#3754=ORIENTED_EDGE('',*,*,#2972,.F.);
#3755=EDGE_LOOP('',(#3750,#3751,#3753,#3754));
#3756=FACE_OUTER_BOUND('',#3755,.F.);
#3758=CARTESIAN_POINT('',(-6.275E1,-4.275E1,1.18216E1));
#3759=DIRECTION('',(0.E0,0.E0,-1.E0));
#3760=DIRECTION('',(0.E0,-1.E0,0.E0));
#3761=AXIS2_PLACEMENT_3D('',#3758,#3759,#3760);
#3762=CYLINDRICAL_SURFACE('',#3761,8.E0);
#3763=ORIENTED_EDGE('',*,*,#2974,.T.);
#3764=ORIENTED_EDGE('',*,*,#3752,.F.);
#3765=ORIENTED_EDGE('',*,*,#3169,.T.);
#3767=ORIENTED_EDGE('',*,*,#3766,.T.);
#3768=EDGE_LOOP('',(#3763,#3764,#3765,#3767));
#3769=FACE_OUTER_BOUND('',#3768,.F.);
#3771=CARTESIAN_POINT('',(-7.075E1,-5.075E1,0.E0));
#3772=DIRECTION('',(0.E0,-1.E0,0.E0));
#3773=DIRECTION('',(1.E0,0.E0,0.E0));
#3774=AXIS2_PLACEMENT_3D('',#3771,#3772,#3773);
#3775=PLANE('',#3774);
#3777=ORIENTED_EDGE('',*,*,#3776,.F.);
#3778=ORIENTED_EDGE('',*,*,#2976,.F.);
#3779=ORIENTED_EDGE('',*,*,#3766,.F.);
#3780=ORIENTED_EDGE('',*,*,#3167,.T.);
#3781=EDGE_LOOP('',(#3777,#3778,#3779,#3780));
#3782=FACE_OUTER_BOUND('',#3781,.F.);
#3784=CARTESIAN_POINT('',(-5.075E1,-4.575E1,-6.2144E0));
#3785=DIRECTION('',(0.E0,0.E0,1.E0));
#3786=DIRECTION('',(0.E0,-1.E0,0.E0));
#3787=AXIS2_PLACEMENT_3D('',#3784,#3785,#3786);
#3788=CYLINDRICAL_SURFACE('',#3787,5.E0);
#3789=ORIENTED_EDGE('',*,*,#3165,.T.);
#3791=ORIENTED_EDGE('',*,*,#3790,.F.);
#3792=ORIENTED_EDGE('',*,*,#2978,.T.);
#3793=ORIENTED_EDGE('',*,*,#3776,.T.);
#3794=EDGE_LOOP('',(#3789,#3791,#3792,#3793));
#3795=FACE_OUTER_BOUND('',#3794,.F.);
#3797=CARTESIAN_POINT('',(-4.575E1,-4.05E1,2.E0));
#3798=DIRECTION('',(-1.E0,0.E0,0.E0));
#3799=DIRECTION('',(0.E0,-1.E0,0.E0));
#3800=AXIS2_PLACEMENT_3D('',#3797,#3798,#3799);
#3801=PLANE('',#3800);
#3802=ORIENTED_EDGE('',*,*,#3790,.T.);
#3803=ORIENTED_EDGE('',*,*,#3163,.T.);
#3805=ORIENTED_EDGE('',*,*,#3804,.T.);
#3806=ORIENTED_EDGE('',*,*,#2980,.F.);
#3807=EDGE_LOOP('',(#3802,#3803,#3805,#3806));
#3808=FACE_OUTER_BOUND('',#3807,.F.);
#3810=CARTESIAN_POINT('',(-3.475E1,-4.05E1,2.E0));
#3811=DIRECTION('',(0.E0,1.E0,0.E0));
#3812=DIRECTION('',(-1.E0,0.E0,0.E0));
#3813=AXIS2_PLACEMENT_3D('',#3810,#3811,#3812);
#3814=PLANE('',#3813);
#3816=ORIENTED_EDGE('',*,*,#3815,.T.);
#3817=ORIENTED_EDGE('',*,*,#2982,.T.);
#3818=ORIENTED_EDGE('',*,*,#3804,.F.);
#3819=ORIENTED_EDGE('',*,*,#3161,.F.);
#3820=EDGE_LOOP('',(#3816,#3817,#3818,#3819));
#3821=FACE_OUTER_BOUND('',#3820,.F.);
#3823=CARTESIAN_POINT('',(-4.525E1,-3.E1,5.15368E1));
#3824=DIRECTION('',(0.E0,0.E0,-1.E0));
#3825=DIRECTION('',(1.E0,0.E0,0.E0));
#3826=AXIS2_PLACEMENT_3D('',#3823,#3824,#3825);
#3827=CYLINDRICAL_SURFACE('',#3826,1.05E1);
#3828=ORIENTED_EDGE('',*,*,#3443,.T.);
#3829=ORIENTED_EDGE('',*,*,#2984,.T.);
#3830=ORIENTED_EDGE('',*,*,#3815,.F.);
#3831=ORIENTED_EDGE('',*,*,#3159,.T.);
#3832=EDGE_LOOP('',(#3828,#3829,#3830,#3831));
#3833=FACE_OUTER_BOUND('',#3832,.F.);
#3835=CARTESIAN_POINT('',(-4.525E1,-3.E1,5.15368E1));
#3836=DIRECTION('',(0.E0,0.E0,-1.E0));
#3837=DIRECTION('',(1.E0,0.E0,0.E0));
#3838=AXIS2_PLACEMENT_3D('',#3835,#3836,#3837);
#3839=CYLINDRICAL_SURFACE('',#3838,1.05E1);
#3840=ORIENTED_EDGE('',*,*,#3498,.T.);
#3842=ORIENTED_EDGE('',*,*,#3841,.T.);
#3843=ORIENTED_EDGE('',*,*,#2089,.T.);
#3844=EDGE_LOOP('',(#3840,#3842,#3843));
#3845=FACE_OUTER_BOUND('',#3844,.F.);
#3847=CARTESIAN_POINT('',(-3.475E1,-5.075E1,0.E0));
#3848=DIRECTION('',(1.E0,0.E0,0.E0));
#3849=DIRECTION('',(0.E0,1.E0,0.E0));
#3850=AXIS2_PLACEMENT_3D('',#3847,#3848,#3849);
#3851=PLANE('',#3850);
#3853=ORIENTED_EDGE('',*,*,#3852,.T.);
#3854=ORIENTED_EDGE('',*,*,#2071,.F.);
#3855=ORIENTED_EDGE('',*,*,#3841,.F.);
#3856=ORIENTED_EDGE('',*,*,#3512,.T.);
#3857=ORIENTED_EDGE('',*,*,#3675,.F.);
#3858=ORIENTED_EDGE('',*,*,#2164,.F.);
#3859=EDGE_LOOP('',(#3853,#3854,#3855,#3856,#3857,#3858));
#3860=FACE_OUTER_BOUND('',#3859,.F.);
#3862=CARTESIAN_POINT('',(-3.375E1,1.830654E2,-3.3E1));
#3863=DIRECTION('',(0.E0,-1.E0,0.E0));
#3864=DIRECTION('',(-1.E0,0.E0,0.E0));
#3865=AXIS2_PLACEMENT_3D('',#3862,#3863,#3864);
#3866=CYLINDRICAL_SURFACE('',#3865,1.E0);
#3867=ORIENTED_EDGE('',*,*,#3852,.F.);
#3868=ORIENTED_EDGE('',*,*,#2162,.T.);
#3869=ORIENTED_EDGE('',*,*,#2207,.T.);
#3870=ORIENTED_EDGE('',*,*,#2073,.T.);
#3871=EDGE_LOOP('',(#3867,#3868,#3869,#3870));
#3872=FACE_OUTER_BOUND('',#3871,.F.);
#3874=CARTESIAN_POINT('',(4.525E1,3.E1,5.15368E1));
#3875=DIRECTION('',(0.E0,0.E0,-1.E0));
#3876=DIRECTION('',(-1.E0,0.E0,0.E0));
#3877=AXIS2_PLACEMENT_3D('',#3874,#3875,#3876);
#3878=CYLINDRICAL_SURFACE('',#3877,1.05E1);
#3879=ORIENTED_EDGE('',*,*,#3623,.T.);
#3880=ORIENTED_EDGE('',*,*,#2919,.T.);
#3882=ORIENTED_EDGE('',*,*,#3881,.F.);
#3883=ORIENTED_EDGE('',*,*,#3087,.T.);
#3884=EDGE_LOOP('',(#3879,#3880,#3882,#3883));
#3885=FACE_OUTER_BOUND('',#3884,.F.);
#3887=CARTESIAN_POINT('',(4.525E1,3.E1,5.15368E1));
#3888=DIRECTION('',(0.E0,0.E0,-1.E0));
#3889=DIRECTION('',(-1.E0,0.E0,0.E0));
#3890=AXIS2_PLACEMENT_3D('',#3887,#3888,#3889);
#3891=CYLINDRICAL_SURFACE('',#3890,1.05E1);
#3892=ORIENTED_EDGE('',*,*,#3571,.T.);
#3893=ORIENTED_EDGE('',*,*,#2014,.T.);
#3894=ORIENTED_EDGE('',*,*,#2150,.T.);
#3895=EDGE_LOOP('',(#3892,#3893,#3894));
#3896=FACE_OUTER_BOUND('',#3895,.F.);
#3898=CARTESIAN_POINT('',(3.475E1,4.05E1,2.E0));
#3899=DIRECTION('',(0.E0,-1.E0,0.E0));
#3900=DIRECTION('',(1.E0,0.E0,0.E0));
#3901=AXIS2_PLACEMENT_3D('',#3898,#3899,#3900);
#3902=PLANE('',#3901);
#3903=ORIENTED_EDGE('',*,*,#3881,.T.);
#3904=ORIENTED_EDGE('',*,*,#2917,.T.);
#3906=ORIENTED_EDGE('',*,*,#3905,.F.);
#3907=ORIENTED_EDGE('',*,*,#3089,.F.);
#3908=EDGE_LOOP('',(#3903,#3904,#3906,#3907));
#3909=FACE_OUTER_BOUND('',#3908,.F.);
#3911=CARTESIAN_POINT('',(4.575E1,4.05E1,2.E0));
#3912=DIRECTION('',(1.E0,0.E0,0.E0));
#3913=DIRECTION('',(0.E0,1.E0,0.E0));
#3914=AXIS2_PLACEMENT_3D('',#3911,#3912,#3913);
#3915=PLANE('',#3914);
#3917=ORIENTED_EDGE('',*,*,#3916,.T.);
#3918=ORIENTED_EDGE('',*,*,#3091,.T.);
#3919=ORIENTED_EDGE('',*,*,#3905,.T.);
#3920=ORIENTED_EDGE('',*,*,#2915,.F.);
#3921=EDGE_LOOP('',(#3917,#3918,#3919,#3920));
#3922=FACE_OUTER_BOUND('',#3921,.F.);
#3924=CARTESIAN_POINT('',(5.075E1,4.575E1,-6.2144E0));
#3925=DIRECTION('',(0.E0,0.E0,1.E0));
#3926=DIRECTION('',(0.E0,1.E0,0.E0));
#3927=AXIS2_PLACEMENT_3D('',#3924,#3925,#3926);
#3928=CYLINDRICAL_SURFACE('',#3927,5.E0);
#3929=ORIENTED_EDGE('',*,*,#3093,.T.);
#3930=ORIENTED_EDGE('',*,*,#3916,.F.);
#3931=ORIENTED_EDGE('',*,*,#2913,.T.);
#3933=ORIENTED_EDGE('',*,*,#3932,.T.);
#3934=EDGE_LOOP('',(#3929,#3930,#3931,#3933));
#3935=FACE_OUTER_BOUND('',#3934,.F.);
#3937=CARTESIAN_POINT('',(7.075E1,5.075E1,0.E0));
#3938=DIRECTION('',(0.E0,1.E0,0.E0));
#3939=DIRECTION('',(-1.E0,0.E0,0.E0));
#3940=AXIS2_PLACEMENT_3D('',#3937,#3938,#3939);
#3941=PLANE('',#3940);
#3942=ORIENTED_EDGE('',*,*,#3932,.F.);
#3943=ORIENTED_EDGE('',*,*,#2911,.F.);
#3945=ORIENTED_EDGE('',*,*,#3944,.F.);
#3946=ORIENTED_EDGE('',*,*,#3095,.T.);
#3947=EDGE_LOOP('',(#3942,#3943,#3945,#3946));
#3948=FACE_OUTER_BOUND('',#3947,.F.);
#3950=CARTESIAN_POINT('',(6.275E1,4.275E1,1.18216E1));
#3951=DIRECTION('',(0.E0,0.E0,-1.E0));
#3952=DIRECTION('',(0.E0,1.E0,0.E0));
#3953=AXIS2_PLACEMENT_3D('',#3950,#3951,#3952);
#3954=CYLINDRICAL_SURFACE('',#3953,8.E0);
#3955=ORIENTED_EDGE('',*,*,#2909,.T.);
#3957=ORIENTED_EDGE('',*,*,#3956,.F.);
#3958=ORIENTED_EDGE('',*,*,#3097,.T.);
#3959=ORIENTED_EDGE('',*,*,#3944,.T.);
#3960=EDGE_LOOP('',(#3955,#3957,#3958,#3959));
#3961=FACE_OUTER_BOUND('',#3960,.F.);
#3963=CARTESIAN_POINT('',(7.075E1,-5.075E1,0.E0));
#3964=DIRECTION('',(1.E0,0.E0,0.E0));
#3965=DIRECTION('',(0.E0,1.E0,0.E0));
#3966=AXIS2_PLACEMENT_3D('',#3963,#3964,#3965);
#3967=PLANE('',#3966);
#3969=ORIENTED_EDGE('',*,*,#3968,.F.);
#3970=ORIENTED_EDGE('',*,*,#3099,.T.);
#3971=ORIENTED_EDGE('',*,*,#3956,.T.);
#3972=ORIENTED_EDGE('',*,*,#2907,.F.);
#3973=EDGE_LOOP('',(#3969,#3970,#3971,#3972));
#3974=FACE_OUTER_BOUND('',#3973,.F.);
#3976=CARTESIAN_POINT('',(6.275E1,-4.275E1,1.18216E1));
#3977=DIRECTION('',(0.E0,0.E0,-1.E0));
#3978=DIRECTION('',(1.E0,0.E0,0.E0));
#3979=AXIS2_PLACEMENT_3D('',#3976,#3977,#3978);
#3980=CYLINDRICAL_SURFACE('',#3979,8.E0);
#3981=ORIENTED_EDGE('',*,*,#2905,.T.);
#3983=ORIENTED_EDGE('',*,*,#3982,.F.);
#3984=ORIENTED_EDGE('',*,*,#3101,.T.);
#3985=ORIENTED_EDGE('',*,*,#3968,.T.);
#3986=EDGE_LOOP('',(#3981,#3983,#3984,#3985));
#3987=FACE_OUTER_BOUND('',#3986,.F.);
#3989=CARTESIAN_POINT('',(3.475E1,-5.075E1,0.E0));
#3990=DIRECTION('',(0.E0,-1.E0,0.E0));
#3991=DIRECTION('',(1.E0,0.E0,0.E0));
#3992=AXIS2_PLACEMENT_3D('',#3989,#3990,#3991);
#3993=PLANE('',#3992);
#3995=ORIENTED_EDGE('',*,*,#3994,.F.);
#3996=ORIENTED_EDGE('',*,*,#3103,.T.);
#3997=ORIENTED_EDGE('',*,*,#3982,.T.);
#3998=ORIENTED_EDGE('',*,*,#2903,.F.);
#3999=EDGE_LOOP('',(#3995,#3996,#3997,#3998));
#4000=FACE_OUTER_BOUND('',#3999,.F.);
#4002=CARTESIAN_POINT('',(5.075E1,-4.575E1,8.2144E0));
#4003=DIRECTION('',(0.E0,0.E0,-1.E0));
#4004=DIRECTION('',(0.E0,-1.E0,0.E0));
#4005=AXIS2_PLACEMENT_3D('',#4002,#4003,#4004);
#4006=CYLINDRICAL_SURFACE('',#4005,5.E0);
#4007=ORIENTED_EDGE('',*,*,#2901,.T.);
#4009=ORIENTED_EDGE('',*,*,#4008,.F.);
#4010=ORIENTED_EDGE('',*,*,#3105,.T.);
#4011=ORIENTED_EDGE('',*,*,#3994,.T.);
#4012=EDGE_LOOP('',(#4007,#4009,#4010,#4011));
#4013=FACE_OUTER_BOUND('',#4012,.F.);
#4015=CARTESIAN_POINT('',(4.575E1,-5.075E1,2.E0));
#4016=DIRECTION('',(1.E0,0.E0,0.E0));
#4017=DIRECTION('',(0.E0,1.E0,0.E0));
#4018=AXIS2_PLACEMENT_3D('',#4015,#4016,#4017);
#4019=PLANE('',#4018);
#4020=ORIENTED_EDGE('',*,*,#4008,.T.);
#4021=ORIENTED_EDGE('',*,*,#2899,.T.);
#4023=ORIENTED_EDGE('',*,*,#4022,.F.);
#4024=ORIENTED_EDGE('',*,*,#3107,.F.);
#4025=EDGE_LOOP('',(#4020,#4021,#4023,#4024));
#4026=FACE_OUTER_BOUND('',#4025,.F.);
#4028=CARTESIAN_POINT('',(4.575E1,-4.05E1,2.E0));
#4029=DIRECTION('',(0.E0,1.E0,0.E0));
#4030=DIRECTION('',(-1.E0,0.E0,0.E0));
#4031=AXIS2_PLACEMENT_3D('',#4028,#4029,#4030);
#4032=PLANE('',#4031);
#4034=ORIENTED_EDGE('',*,*,#4033,.T.);
#4035=ORIENTED_EDGE('',*,*,#3109,.F.);
#4036=ORIENTED_EDGE('',*,*,#4022,.T.);
#4037=ORIENTED_EDGE('',*,*,#2897,.T.);
#4038=EDGE_LOOP('',(#4034,#4035,#4036,#4037));
#4039=FACE_OUTER_BOUND('',#4038,.F.);
#4041=CARTESIAN_POINT('',(4.525E1,-3.E1,-8.55368E1));
#4042=DIRECTION('',(0.E0,0.E0,1.E0));
#4043=DIRECTION('',(-1.E0,0.E0,0.E0));
#4044=AXIS2_PLACEMENT_3D('',#4041,#4042,#4043);
#4045=CYLINDRICAL_SURFACE('',#4044,1.05E1);
#4046=ORIENTED_EDGE('',*,*,#3456,.T.);
#4047=ORIENTED_EDGE('',*,*,#3111,.T.);
#4048=ORIENTED_EDGE('',*,*,#4033,.F.);
#4049=ORIENTED_EDGE('',*,*,#2895,.T.);
#4050=EDGE_LOOP('',(#4046,#4047,#4048,#4049));
#4051=FACE_OUTER_BOUND('',#4050,.F.);
#4053=CARTESIAN_POINT('',(4.525E1,-3.E1,-8.55368E1));
#4054=DIRECTION('',(0.E0,0.E0,1.E0));
#4055=DIRECTION('',(-1.E0,0.E0,0.E0));
#4056=AXIS2_PLACEMENT_3D('',#4053,#4054,#4055);
#4057=CYLINDRICAL_SURFACE('',#4056,1.05E1);
#4058=ORIENTED_EDGE('',*,*,#3374,.T.);
#4059=ORIENTED_EDGE('',*,*,#2049,.F.);
#4060=ORIENTED_EDGE('',*,*,#2018,.T.);
#4061=EDGE_LOOP('',(#4058,#4059,#4060));
#4062=FACE_OUTER_BOUND('',#4061,.F.);
#4064=CARTESIAN_POINT('',(3.775E1,3.029453580918E1,-1.E0));
#4065=DIRECTION('',(0.E0,-1.E0,0.E0));
#4066=DIRECTION('',(0.E0,0.E0,1.E0));
#4067=AXIS2_PLACEMENT_3D('',#4064,#4065,#4066);
#4068=CYLINDRICAL_SURFACE('',#4067,3.E0);
#4069=ORIENTED_EDGE('',*,*,#3077,.T.);
#4070=ORIENTED_EDGE('',*,*,#3376,.T.);
#4071=ORIENTED_EDGE('',*,*,#2016,.F.);
#4072=ORIENTED_EDGE('',*,*,#3569,.F.);
#4073=EDGE_LOOP('',(#4069,#4070,#4071,#4072));
#4074=FACE_OUTER_BOUND('',#4073,.F.);
#4076=CARTESIAN_POINT('',(3.775E1,1.830654E2,-1.E0));
#4077=DIRECTION('',(0.E0,-1.E0,0.E0));
#4078=DIRECTION('',(0.E0,0.E0,1.E0));
#4079=AXIS2_PLACEMENT_3D('',#4076,#4077,#4078);
#4080=CYLINDRICAL_SURFACE('',#4079,1.E0);
#4081=ORIENTED_EDGE('',*,*,#2888,.F.);
#4082=ORIENTED_EDGE('',*,*,#2142,.T.);
#4084=ORIENTED_EDGE('',*,*,#4083,.T.);
#4085=ORIENTED_EDGE('',*,*,#2057,.T.);
#4086=EDGE_LOOP('',(#4081,#4082,#4084,#4085));
#4087=FACE_OUTER_BOUND('',#4086,.F.);
#4089=CARTESIAN_POINT('',(3.675E1,0.E0,0.E0));
#4090=DIRECTION('',(1.E0,0.E0,0.E0));
#4091=DIRECTION('',(0.E0,0.E0,-1.E0));
#4092=AXIS2_PLACEMENT_3D('',#4089,#4090,#4091);
#4093=PLANE('',#4092);
#4094=ORIENTED_EDGE('',*,*,#4083,.F.);
#4095=ORIENTED_EDGE('',*,*,#2140,.F.);
#4096=ORIENTED_EDGE('',*,*,#2125,.F.);
#4097=ORIENTED_EDGE('',*,*,#2059,.T.);
#4098=EDGE_LOOP('',(#4094,#4095,#4096,#4097));
#4099=FACE_OUTER_BOUND('',#4098,.F.);
#4101=CLOSED_SHELL('',(#2024,#2039,#2065,#2093,#2111,#2129,#2154,#2182,#2199,
#2286,#2301,#2315,#2400,#2413,#2426,#2439,#2452,#2465,#2478,#2491,#2504,#2517,
#2530,#2543,#2556,#2569,#2582,#2595,#2608,#2621,#2634,#2647,#2660,#2673,#2686,
#2699,#2712,#2725,#2738,#2751,#2764,#2777,#2790,#2803,#2816,#2829,#2841,#2856,
#2869,#2882,#2948,#3013,#3028,#3042,#3056,#3069,#3141,#3209,#3223,#3236,#3249,
#3261,#3275,#3288,#3301,#3313,#3327,#3340,#3353,#3365,#3383,#3395,#3408,#3423,
#3434,#3448,#3461,#3475,#3487,#3503,#3517,#3534,#3547,#3559,#3576,#3588,#3602,
#3616,#3629,#3643,#3654,#3667,#3679,#3692,#3705,#3718,#3731,#3744,#3757,#3770,
#3783,#3796,#3809,#3822,#3834,#3846,#3861,#3873,#3886,#3897,#3910,#3923,#3936,
#3949,#3962,#3975,#3988,#4001,#4014,#4027,#4040,#4052,#4063,#4075,#4088,#4100));
#4102=MANIFOLD_SOLID_BREP('',#4101);
#4104=DIMENSIONAL_EXPONENTS(0.E0,0.E0,0.E0,0.E0,0.E0,0.E0,0.E0);
#4106=PLANE_ANGLE_MEASURE_WITH_UNIT(PLANE_ANGLE_MEASURE(1.745329251994E-2),
#4105);
#4107=(CONVERSION_BASED_UNIT('DEGREE',#4106)NAMED_UNIT(*)PLANE_ANGLE_UNIT());
#4109=UNCERTAINTY_MEASURE_WITH_UNIT(LENGTH_MEASURE(1.915455811213E-2),#4103,
'closure',
'Maximum model space distance between geometric entities at asserted connectivities');
#4112=APPLICATION_CONTEXT(
'CONFIGURATION CONTROLLED 3D DESIGNS OF MECHANICAL PARTS AND ASSEMBLIES');
#4113=APPLICATION_PROTOCOL_DEFINITION('international standard',
'config_control_design',1994,#4112);
#4114=DESIGN_CONTEXT('',#4112,'design');
#4115=MECHANICAL_CONTEXT('',#4112,'mechanical');
#4116=PRODUCT('PRT0006','PRT0006','NOT SPECIFIED',(#4115));
#4117=PRODUCT_DEFINITION_FORMATION_WITH_SPECIFIED_SOURCE('1','LAST_VERSION',
#4116,.MADE.);
#4121=PRODUCT_CATEGORY('part','');
#4122=PRODUCT_RELATED_PRODUCT_CATEGORY('detail','',(#4116));
#4123=PRODUCT_CATEGORY_RELATIONSHIP('','',#4121,#4122);
#4124=SECURITY_CLASSIFICATION_LEVEL('unclassified');
#4125=SECURITY_CLASSIFICATION('','',#4124);
#4126=CC_DESIGN_SECURITY_CLASSIFICATION(#4125,(#4117));
#4127=APPROVAL_STATUS('approved');
#4128=APPROVAL(#4127,'');
#4129=CC_DESIGN_APPROVAL(#4128,(#4125,#4117,#4118));
#4130=CALENDAR_DATE(123,24,11);
#4131=COORDINATED_UNIVERSAL_TIME_OFFSET(8,0,.AHEAD.);
#4132=LOCAL_TIME(17,31,1.7E1,#4131);
#4133=DATE_AND_TIME(#4130,#4132);
#4134=APPROVAL_DATE_TIME(#4133,#4128);
#4135=DATE_TIME_ROLE('creation_date');
#4136=CC_DESIGN_DATE_AND_TIME_ASSIGNMENT(#4133,#4135,(#4118));
#4137=DATE_TIME_ROLE('classification_date');
#4138=CC_DESIGN_DATE_AND_TIME_ASSIGNMENT(#4133,#4137,(#4125));
#4139=PERSON('UNSPECIFIED','UNSPECIFIED',$,$,$,$);
#4140=ORGANIZATION('UNSPECIFIED','UNSPECIFIED','UNSPECIFIED');
#4141=PERSON_AND_ORGANIZATION(#4139,#4140);
#4142=APPROVAL_ROLE('approver');
#4143=APPROVAL_PERSON_ORGANIZATION(#4141,#4128,#4142);
#4144=PERSON_AND_ORGANIZATION_ROLE('creator');
#4145=CC_DESIGN_PERSON_AND_ORGANIZATION_ASSIGNMENT(#4141,#4144,(#4117,#4118));
#4146=PERSON_AND_ORGANIZATION_ROLE('design_supplier');
#4147=CC_DESIGN_PERSON_AND_ORGANIZATION_ASSIGNMENT(#4141,#4146,(#4117));
#4148=PERSON_AND_ORGANIZATION_ROLE('classification_officer');
#4149=CC_DESIGN_PERSON_AND_ORGANIZATION_ASSIGNMENT(#4141,#4148,(#4125));
#4150=PERSON_AND_ORGANIZATION_ROLE('design_owner');
#4151=CC_DESIGN_PERSON_AND_ORGANIZATION_ASSIGNMENT(#4141,#4150,(#4116));
#30=B_SPLINE_CURVE_WITH_KNOTS('',3,(#25,#26,#27,#28,#29),.UNSPECIFIED.,.F.,.F.,(
4,1,4),(0.E0,5.E-1,1.E0),.UNSPECIFIED.);
#36=B_SPLINE_CURVE_WITH_KNOTS('',3,(#31,#32,#33,#34,#35),.UNSPECIFIED.,.F.,.F.,(
4,1,4),(0.E0,5.E-1,1.E0),.UNSPECIFIED.);
#46=B_SPLINE_CURVE_WITH_KNOTS('',3,(#41,#42,#43,#44,#45),.UNSPECIFIED.,.F.,.F.,(
4,1,4),(0.E0,5.E-1,1.E0),.UNSPECIFIED.);
#64=B_SPLINE_CURVE_WITH_KNOTS('',3,(#59,#60,#61,#62,#63),.UNSPECIFIED.,.F.,.F.,(
4,1,4),(0.E0,5.E-1,1.E0),.UNSPECIFIED.);
#69=CIRCLE('',#68,3.E0);
#74=CIRCLE('',#73,3.E0);
#79=B_SPLINE_CURVE_WITH_KNOTS('',3,(#75,#76,#77,#78),.UNSPECIFIED.,.F.,.F.,(4,
4),(0.E0,1.E0),.UNSPECIFIED.);
#84=B_SPLINE_CURVE_WITH_KNOTS('',3,(#80,#81,#82,#83),.UNSPECIFIED.,.F.,.F.,(4,
4),(0.E0,1.E0),.UNSPECIFIED.);
#98=B_SPLINE_CURVE_WITH_KNOTS('',3,(#93,#94,#95,#96,#97),.UNSPECIFIED.,.F.,.F.,(
4,1,4),(0.E0,5.E-1,1.E0),.UNSPECIFIED.);
#108=B_SPLINE_CURVE_WITH_KNOTS('',3,(#103,#104,#105,#106,#107),.UNSPECIFIED.,
.F.,.F.,(4,1,4),(0.E0,5.E-1,1.E0),.UNSPECIFIED.);
#117=CIRCLE('',#116,3.E0);
#122=CIRCLE('',#121,3.E0);
#127=CIRCLE('',#126,1.5E0);
#184=CIRCLE('',#183,1.5E0);
#265=CIRCLE('',#264,1.5E0);
#322=CIRCLE('',#321,1.5E0);
#407=CIRCLE('',#406,1.E0);
#412=CIRCLE('',#411,1.E0);
#425=CIRCLE('',#424,1.E0);
#430=CIRCLE('',#429,1.E0);
#459=CIRCLE('',#458,1.E0);
#464=CIRCLE('',#463,1.E0);
#477=CIRCLE('',#476,1.E0);
#482=CIRCLE('',#481,1.E0);
#519=CIRCLE('',#518,1.E0);
#524=CIRCLE('',#523,1.E0);
#537=CIRCLE('',#536,1.E0);
#542=CIRCLE('',#541,1.E0);
#571=CIRCLE('',#570,1.E0);
#576=CIRCLE('',#575,1.E0);
#589=CIRCLE('',#588,1.E0);
#594=CIRCLE('',#593,1.E0);
#611=B_SPLINE_CURVE_WITH_KNOTS('',3,(#607,#608,#609,#610),.UNSPECIFIED.,.F.,.F.,
(4,4),(0.E0,1.E0),.UNSPECIFIED.);
#616=B_SPLINE_CURVE_WITH_KNOTS('',3,(#612,#613,#614,#615),.UNSPECIFIED.,.F.,.F.,
(4,4),(0.E0,1.E0),.UNSPECIFIED.);
#638=B_SPLINE_CURVE_WITH_KNOTS('',3,(#633,#634,#635,#636,#637),.UNSPECIFIED.,
.F.,.F.,(4,1,4),(0.E0,5.E-1,1.E0),.UNSPECIFIED.);
#644=B_SPLINE_CURVE_WITH_KNOTS('',3,(#639,#640,#641,#642,#643),.UNSPECIFIED.,
.F.,.F.,(4,1,4),(0.E0,5.E-1,1.E0),.UNSPECIFIED.);
#649=CIRCLE('',#648,2.E0);
#658=CIRCLE('',#657,2.E0);
#671=CIRCLE('',#670,2.E0);
#680=CIRCLE('',#679,2.E0);
#689=CIRCLE('',#688,2.E0);
#698=CIRCLE('',#697,2.E0);
#703=CIRCLE('',#702,2.E0);
#712=CIRCLE('',#711,2.E0);
#733=CIRCLE('',#732,1.05E1);
#746=CIRCLE('',#745,5.E0);
#755=CIRCLE('',#754,8.E0);
#764=CIRCLE('',#763,8.E0);
#773=CIRCLE('',#772,5.E0);
#786=CIRCLE('',#785,1.05E1);
#811=CIRCLE('',#810,1.05E1);
#824=CIRCLE('',#823,5.E0);
#833=CIRCLE('',#832,8.E0);
#842=CIRCLE('',#841,8.E0);
#851=CIRCLE('',#850,5.E0);
#864=CIRCLE('',#863,1.05E1);
#893=CIRCLE('',#892,2.E0);
#902=CIRCLE('',#901,2.E0);
#915=CIRCLE('',#914,2.E0);
#924=CIRCLE('',#923,2.E0);
#933=CIRCLE('',#932,2.E0);
#942=CIRCLE('',#941,2.E0);
#947=CIRCLE('',#946,2.E0);
#956=CIRCLE('',#955,2.E0);
#965=CIRCLE('',#964,7.5E0);
#974=CIRCLE('',#973,7.5E0);
#991=CIRCLE('',#990,1.05E1);
#1004=CIRCLE('',#1003,5.E0);
#1013=CIRCLE('',#1012,8.E0);
#1022=CIRCLE('',#1021,8.E0);
#1031=CIRCLE('',#1030,5.E0);
#1044=CIRCLE('',#1043,1.05E1);
#1061=CIRCLE('',#1060,7.5E0);
#1070=CIRCLE('',#1069,7.5E0);
#1087=CIRCLE('',#1086,1.05E1);
#1100=CIRCLE('',#1099,5.E0);
#1109=CIRCLE('',#1108,8.E0);
#1118=CIRCLE('',#1117,8.E0);
#1127=CIRCLE('',#1126,5.E0);
#1140=CIRCLE('',#1139,1.05E1);
#1205=CIRCLE('',#1204,3.E0);
#1213=B_SPLINE_CURVE_WITH_KNOTS('',3,(#1206,#1207,#1208,#1209,#1210,#1211,
#1212),.UNSPECIFIED.,.F.,.F.,(4,1,1,1,4),(0.E0,2.5E-1,5.E-1,7.5E-1,1.E0),
.UNSPECIFIED.);
#1219=B_SPLINE_CURVE_WITH_KNOTS('',3,(#1214,#1215,#1216,#1217,#1218),
.UNSPECIFIED.,.F.,.F.,(4,1,4),(0.E0,5.E-1,1.E0),.UNSPECIFIED.);
#1233=B_SPLINE_CURVE_WITH_KNOTS('',3,(#1228,#1229,#1230,#1231,#1232),
.UNSPECIFIED.,.F.,.F.,(4,1,4),(0.E0,5.E-1,1.E0),.UNSPECIFIED.);
#1265=B_SPLINE_CURVE_WITH_KNOTS('',3,(#1258,#1259,#1260,#1261,#1262,#1263,
#1264),.UNSPECIFIED.,.F.,.F.,(4,1,1,1,4),(0.E0,2.5E-1,5.E-1,7.5E-1,1.E0),
.UNSPECIFIED.);
#1270=CIRCLE('',#1269,3.E0);
#1275=CIRCLE('',#1274,3.E0);
#1283=B_SPLINE_CURVE_WITH_KNOTS('',3,(#1276,#1277,#1278,#1279,#1280,#1281,
#1282),.UNSPECIFIED.,.F.,.F.,(4,1,1,1,4),(0.E0,2.5E-1,5.E-1,7.5E-1,1.E0),
.UNSPECIFIED.);
#1289=B_SPLINE_CURVE_WITH_KNOTS('',3,(#1284,#1285,#1286,#1287,#1288),
.UNSPECIFIED.,.F.,.F.,(4,1,4),(0.E0,5.E-1,1.E0),.UNSPECIFIED.);
#1303=B_SPLINE_CURVE_WITH_KNOTS('',3,(#1298,#1299,#1300,#1301,#1302),
.UNSPECIFIED.,.F.,.F.,(4,1,4),(0.E0,5.E-1,1.E0),.UNSPECIFIED.);
#1315=B_SPLINE_CURVE_WITH_KNOTS('',3,(#1308,#1309,#1310,#1311,#1312,#1313,
#1314),.UNSPECIFIED.,.F.,.F.,(4,1,1,1,4),(0.E0,2.5E-1,5.E-1,7.5E-1,1.E0),
.UNSPECIFIED.);
#1344=CIRCLE('',#1343,1.05E1);
#1349=B_SPLINE_CURVE_WITH_KNOTS('',3,(#1345,#1346,#1347,#1348),.UNSPECIFIED.,
.F.,.F.,(4,4),(0.E0,1.E0),.UNSPECIFIED.);
#1406=CIRCLE('',#1405,1.05E1);
#1411=B_SPLINE_CURVE_WITH_KNOTS('',3,(#1407,#1408,#1409,#1410),.UNSPECIFIED.,
.F.,.F.,(4,4),(0.E0,1.E0),.UNSPECIFIED.);
#1441=B_SPLINE_CURVE_WITH_KNOTS('',3,(#1436,#1437,#1438,#1439,#1440),
.UNSPECIFIED.,.F.,.F.,(4,1,4),(0.E0,5.E-1,1.E0),.UNSPECIFIED.);
#1447=B_SPLINE_CURVE_WITH_KNOTS('',3,(#1442,#1443,#1444,#1445,#1446),
.UNSPECIFIED.,.F.,.F.,(4,1,4),(0.E0,5.E-1,1.E0),.UNSPECIFIED.);
#1456=CIRCLE('',#1455,1.05E1);
#1461=B_SPLINE_CURVE_WITH_KNOTS('',3,(#1457,#1458,#1459,#1460),.UNSPECIFIED.,
.F.,.F.,(4,4),(0.E0,1.E0),.UNSPECIFIED.);
#1518=CIRCLE('',#1517,1.05E1);
#1523=B_SPLINE_CURVE_WITH_KNOTS('',3,(#1519,#1520,#1521,#1522),.UNSPECIFIED.,
.F.,.F.,(4,4),(0.E0,1.E0),.UNSPECIFIED.);
#1528=CIRCLE('',#1527,3.E0);
#1534=B_SPLINE_CURVE_WITH_KNOTS('',3,(#1529,#1530,#1531,#1532,#1533),
.UNSPECIFIED.,.F.,.F.,(4,1,4),(0.E0,5.E-1,1.E0),.UNSPECIFIED.);
#1540=B_SPLINE_CURVE_WITH_KNOTS('',3,(#1535,#1536,#1537,#1538,#1539),
.UNSPECIFIED.,.F.,.F.,(4,1,4),(0.E0,5.E-1,1.E0),.UNSPECIFIED.);
#2010=EDGE_CURVE('',#1967,#1968,#4,.T.);
#2012=EDGE_CURVE('',#1968,#1999,#8,.T.);
#2014=EDGE_CURVE('',#1914,#1999,#12,.T.);
#2016=EDGE_CURVE('',#1914,#1905,#16,.T.);
#2018=EDGE_CURVE('',#2002,#1905,#20,.T.);
#2020=EDGE_CURVE('',#2002,#1967,#24,.T.);
#2024=ADVANCED_FACE('',(#2023),#2009,.T.);
#2031=EDGE_CURVE('',#1967,#1971,#30,.T.);
#2033=EDGE_CURVE('',#1971,#1972,#240,.T.);
#2035=EDGE_CURVE('',#1972,#1968,#36,.T.);
#2039=ADVANCED_FACE('',(#2038),#2029,.F.);
#2045=EDGE_CURVE('',#1998,#1971,#40,.T.);
#2049=EDGE_CURVE('',#2002,#1906,#1523,.T.);
#2051=EDGE_CURVE('',#1902,#1906,#46,.T.);
#2053=EDGE_CURVE('',#1996,#1902,#1227,.T.);
#2055=EDGE_CURVE('',#1996,#1952,#50,.T.);
#2057=EDGE_CURVE('',#1956,#1952,#1540,.T.);
#2059=EDGE_CURVE('',#1988,#1956,#1556,.T.);
#2061=EDGE_CURVE('',#1988,#1998,#84,.T.);
#2065=ADVANCED_FACE('',(#2064),#2044,.F.);
#2071=EDGE_CURVE('',#2004,#1976,#1419,.T.);
#2073=EDGE_CURVE('',#1980,#1976,#1447,.T.);
#2075=EDGE_CURVE('',#1980,#1997,#54,.T.);
#2077=EDGE_CURVE('',#1986,#1997,#616,.T.);
#2079=EDGE_CURVE('',#1986,#1963,#624,.T.);
#2081=EDGE_CURVE('',#1959,#1963,#638,.T.);
#2083=EDGE_CURVE('',#1959,#1994,#58,.T.);
#2085=EDGE_CURVE('',#1994,#1939,#1237,.T.);
#2087=EDGE_CURVE('',#1944,#1939,#64,.T.);
#2089=EDGE_CURVE('',#2004,#1944,#1411,.T.);
#2093=ADVANCED_FACE('',(#2092),#2070,.F.);
#2100=EDGE_CURVE('',#1998,#1867,#69,.T.);
#2102=EDGE_CURVE('',#1867,#1864,#378,.T.);
#2104=EDGE_CURVE('',#1864,#1997,#74,.T.);
#2107=EDGE_CURVE('',#1971,#1980,#244,.T.);
#2111=ADVANCED_FACE('',(#2110),#2098,.T.);
#2117=EDGE_CURVE('',#1983,#1984,#79,.T.);
#2119=EDGE_CURVE('',#1868,#1984,#122,.T.);
#2121=EDGE_CURVE('',#1867,#1868,#382,.T.);
#2125=EDGE_CURVE('',#1988,#1983,#1552,.T.);
#2129=ADVANCED_FACE('',(#2128),#2116,.T.);
#2137=EDGE_CURVE('',#1972,#1984,#88,.T.);
#2140=EDGE_CURVE('',#1983,#1955,#1548,.T.);
#2142=EDGE_CURVE('',#1951,#1955,#1534,.T.);
#2144=EDGE_CURVE('',#1951,#1992,#92,.T.);
#2146=EDGE_CURVE('',#1992,#1915,#1293,.T.);
#2148=EDGE_CURVE('',#1920,#1915,#98,.T.);
#2150=EDGE_CURVE('',#1999,#1920,#1461,.T.);
#2154=ADVANCED_FACE('',(#2153),#2134,.F.);
#2160=EDGE_CURVE('',#1982,#1979,#102,.T.);
#2162=EDGE_CURVE('',#1975,#1979,#1441,.T.);
#2164=EDGE_CURVE('',#1975,#2000,#1435,.T.);
#2166=EDGE_CURVE('',#2000,#1930,#1349,.T.);
#2168=EDGE_CURVE('',#1926,#1930,#108,.T.);
#2170=EDGE_CURVE('',#1990,#1926,#1307,.T.);
#2172=EDGE_CURVE('',#1990,#1960,#112,.T.);
#2174=EDGE_CURVE('',#1964,#1960,#644,.T.);
#2176=EDGE_CURVE('',#1981,#1964,#632,.T.);
#2178=EDGE_CURVE('',#1981,#1982,#611,.T.);
#2182=ADVANCED_FACE('',(#2181),#2159,.F.);
#2189=EDGE_CURVE('',#1979,#1972,#252,.T.);
#2192=EDGE_CURVE('',#1982,#1863,#117,.T.);
#2194=EDGE_CURVE('',#1863,#1868,#386,.T.);
#2199=ADVANCED_FACE('',(#2198),#2187,.T.);
#2207=EDGE_CURVE('',#1979,#1980,#248,.T.);
#2212=EDGE_CURVE('',#1835,#1831,#127,.T.);
#2214=EDGE_CURVE('',#1831,#1761,#131,.T.);
#2216=EDGE_CURVE('',#1761,#1762,#135,.T.);
#2218=EDGE_CURVE('',#1762,#1811,#139,.T.);
#2220=EDGE_CURVE('',#1807,#1811,#589,.T.);
#2222=EDGE_CURVE('',#1807,#1803,#143,.T.);
#2224=EDGE_CURVE('',#1799,#1803,#571,.T.);
#2226=EDGE_CURVE('',#1799,#1764,#147,.T.);
#2228=EDGE_CURVE('',#1764,#1735,#151,.T.);
#2230=EDGE_CURVE('',#1735,#1736,#155,.T.);
#2232=EDGE_CURVE('',#1736,#1738,#159,.T.);
#2234=EDGE_CURVE('',#1738,#1771,#163,.T.);
#2236=EDGE_CURVE('',#1767,#1771,#537,.T.);
#2238=EDGE_CURVE('',#1767,#1779,#167,.T.);
#2240=EDGE_CURVE('',#1775,#1779,#519,.T.);
#2242=EDGE_CURVE('',#1775,#1741,#171,.T.);
#2244=EDGE_CURVE('',#1741,#1742,#175,.T.);
#2246=EDGE_CURVE('',#1742,#1839,#179,.T.);
#2248=EDGE_CURVE('',#1839,#1843,#184,.T.);
#2250=EDGE_CURVE('',#1843,#1745,#188,.T.);
#2252=EDGE_CURVE('',#1745,#1746,#192,.T.);
#2254=EDGE_CURVE('',#1746,#1787,#196,.T.);
#2256=EDGE_CURVE('',#1783,#1787,#477,.T.);
#2258=EDGE_CURVE('',#1783,#1795,#200,.T.);
#2260=EDGE_CURVE('',#1791,#1795,#459,.T.);
#2262=EDGE_CURVE('',#1791,#1749,#204,.T.);
#2264=EDGE_CURVE('',#1749,#1750,#208,.T.);
#2266=EDGE_CURVE('',#1750,#1752,#212,.T.);
#2268=EDGE_CURVE('',#1752,#1754,#216,.T.);
#2270=EDGE_CURVE('',#1754,#1827,#220,.T.);
#2272=EDGE_CURVE('',#1823,#1827,#425,.T.);
#2274=EDGE_CURVE('',#1823,#1819,#224,.T.);
#2276=EDGE_CURVE('',#1815,#1819,#407,.T.);
#2278=EDGE_CURVE('',#1815,#1757,#228,.T.);
#2280=EDGE_CURVE('',#1757,#1758,#232,.T.);
#2282=EDGE_CURVE('',#1758,#1835,#236,.T.);
#2286=ADVANCED_FACE('',(#2211,#2285),#2204,.F.);
#2292=EDGE_CURVE('',#1831,#1832,#256,.T.);
#2295=EDGE_CURVE('',#1835,#1836,#390,.T.);
#2297=EDGE_CURVE('',#1832,#1836,#265,.T.);
#2301=ADVANCED_FACE('',(#2300),#2291,.F.);
#2308=EDGE_CURVE('',#1832,#1729,#260,.T.);
#2310=EDGE_CURVE('',#1729,#1761,#606,.T.);
#2315=ADVANCED_FACE('',(#2314),#2306,.T.);
#2321=EDGE_CURVE('',#1863,#1864,#374,.T.);
#2330=EDGE_CURVE('',#1726,#1836,#269,.T.);
#2332=EDGE_CURVE('',#1725,#1726,#273,.T.);
#2334=EDGE_CURVE('',#1816,#1725,#277,.T.);
#2336=EDGE_CURVE('',#1820,#1816,#412,.T.);
#2338=EDGE_CURVE('',#1824,#1820,#281,.T.);
#2340=EDGE_CURVE('',#1828,#1824,#430,.T.);
#2342=EDGE_CURVE('',#1722,#1828,#285,.T.);
#2344=EDGE_CURVE('',#1720,#1722,#289,.T.);
#2346=EDGE_CURVE('',#1718,#1720,#293,.T.);
#2348=EDGE_CURVE('',#1717,#1718,#297,.T.);
#2350=EDGE_CURVE('',#1792,#1717,#301,.T.);
#2352=EDGE_CURVE('',#1796,#1792,#464,.T.);
#2354=EDGE_CURVE('',#1784,#1796,#305,.T.);
#2356=EDGE_CURVE('',#1788,#1784,#482,.T.);
#2358=EDGE_CURVE('',#1714,#1788,#309,.T.);
#2360=EDGE_CURVE('',#1713,#1714,#313,.T.);
#2362=EDGE_CURVE('',#1844,#1713,#317,.T.);
#2364=EDGE_CURVE('',#1844,#1840,#322,.T.);
#2366=EDGE_CURVE('',#1710,#1840,#326,.T.);
#2368=EDGE_CURVE('',#1709,#1710,#330,.T.);
#2370=EDGE_CURVE('',#1776,#1709,#334,.T.);
#2372=EDGE_CURVE('',#1780,#1776,#524,.T.);
#2374=EDGE_CURVE('',#1768,#1780,#338,.T.);
#2376=EDGE_CURVE('',#1772,#1768,#542,.T.);
#2378=EDGE_CURVE('',#1706,#1772,#342,.T.);
#2380=EDGE_CURVE('',#1704,#1706,#346,.T.);
#2382=EDGE_CURVE('',#1703,#1704,#350,.T.);
#2384=EDGE_CURVE('',#1732,#1703,#354,.T.);
#2386=EDGE_CURVE('',#1800,#1732,#358,.T.);
#2388=EDGE_CURVE('',#1804,#1800,#576,.T.);
#2390=EDGE_CURVE('',#1808,#1804,#362,.T.);
#2392=EDGE_CURVE('',#1812,#1808,#594,.T.);
#2394=EDGE_CURVE('',#1730,#1812,#366,.T.);
#2396=EDGE_CURVE('',#1729,#1730,#370,.T.);
#2400=ADVANCED_FACE('',(#2327,#2399),#2320,.T.);
#2408=EDGE_CURVE('',#1726,#1758,#394,.T.);
#2413=ADVANCED_FACE('',(#2412),#2405,.T.);
#2422=EDGE_CURVE('',#1725,#1757,#398,.T.);
#2426=ADVANCED_FACE('',(#2425),#2418,.T.);
#2432=EDGE_CURVE('',#1815,#1816,#402,.T.);
#2439=ADVANCED_FACE('',(#2438),#2431,.T.);
#2447=EDGE_CURVE('',#1819,#1820,#416,.T.);
#2452=ADVANCED_FACE('',(#2451),#2444,.F.);
#2460=EDGE_CURVE('',#1823,#1824,#420,.T.);
#2465=ADVANCED_FACE('',(#2464),#2457,.T.);
#2473=EDGE_CURVE('',#1827,#1828,#434,.T.);
#2478=ADVANCED_FACE('',(#2477),#2470,.F.);
#2486=EDGE_CURVE('',#1722,#1754,#438,.T.);
#2491=ADVANCED_FACE('',(#2490),#2483,.T.);
#2500=EDGE_CURVE('',#1720,#1752,#442,.T.);
#2504=ADVANCED_FACE('',(#2503),#2496,.T.);
#2513=EDGE_CURVE('',#1718,#1750,#446,.T.);
#2517=ADVANCED_FACE('',(#2516),#2509,.T.);
#2526=EDGE_CURVE('',#1717,#1749,#450,.T.);
#2530=ADVANCED_FACE('',(#2529),#2522,.T.);
#2536=EDGE_CURVE('',#1791,#1792,#454,.T.);
#2543=ADVANCED_FACE('',(#2542),#2535,.T.);
#2551=EDGE_CURVE('',#1795,#1796,#472,.T.);
#2556=ADVANCED_FACE('',(#2555),#2548,.F.);
#2562=EDGE_CURVE('',#1783,#1784,#468,.T.);
#2569=ADVANCED_FACE('',(#2568),#2561,.T.);
#2577=EDGE_CURVE('',#1787,#1788,#486,.T.);
#2582=ADVANCED_FACE('',(#2581),#2574,.F.);
#2590=EDGE_CURVE('',#1714,#1746,#490,.T.);
#2595=ADVANCED_FACE('',(#2594),#2587,.T.);
#2604=EDGE_CURVE('',#1713,#1745,#494,.T.);
#2608=ADVANCED_FACE('',(#2607),#2600,.T.);
#2614=EDGE_CURVE('',#1843,#1844,#498,.T.);
#2621=ADVANCED_FACE('',(#2620),#2613,.T.);
#2627=EDGE_CURVE('',#1839,#1840,#502,.T.);
#2634=ADVANCED_FACE('',(#2633),#2626,.F.);
#2642=EDGE_CURVE('',#1710,#1742,#506,.T.);
#2647=ADVANCED_FACE('',(#2646),#2639,.T.);
#2656=EDGE_CURVE('',#1709,#1741,#510,.T.);
#2660=ADVANCED_FACE('',(#2659),#2652,.T.);
#2666=EDGE_CURVE('',#1775,#1776,#514,.T.);
#2673=ADVANCED_FACE('',(#2672),#2665,.T.);
#2681=EDGE_CURVE('',#1779,#1780,#532,.T.);
#2686=ADVANCED_FACE('',(#2685),#2678,.F.);
#2692=EDGE_CURVE('',#1767,#1768,#528,.T.);
#2699=ADVANCED_FACE('',(#2698),#2691,.T.);
#2707=EDGE_CURVE('',#1771,#1772,#546,.T.);
#2712=ADVANCED_FACE('',(#2711),#2704,.F.);
#2720=EDGE_CURVE('',#1706,#1738,#550,.T.);
#2725=ADVANCED_FACE('',(#2724),#2717,.T.);
#2734=EDGE_CURVE('',#1704,#1736,#554,.T.);
#2738=ADVANCED_FACE('',(#2737),#2730,.T.);
#2747=EDGE_CURVE('',#1703,#1735,#558,.T.);
#2751=ADVANCED_FACE('',(#2750),#2743,.T.);
#2760=EDGE_CURVE('',#1732,#1764,#562,.T.);
#2764=ADVANCED_FACE('',(#2763),#2756,.T.);
#2770=EDGE_CURVE('',#1799,#1800,#566,.T.);
#2777=ADVANCED_FACE('',(#2776),#2769,.T.);
#2785=EDGE_CURVE('',#1803,#1804,#580,.T.);
#2790=ADVANCED_FACE('',(#2789),#2782,.F.);
#2798=EDGE_CURVE('',#1807,#1808,#584,.T.);
#2803=ADVANCED_FACE('',(#2802),#2795,.T.);
#2811=EDGE_CURVE('',#1811,#1812,#598,.T.);
#2816=ADVANCED_FACE('',(#2815),#2808,.F.);
#2824=EDGE_CURVE('',#1730,#1762,#602,.T.);
#2829=ADVANCED_FACE('',(#2828),#2821,.T.);
#2841=ADVANCED_FACE('',(#2840),#2834,.T.);
#2848=EDGE_CURVE('',#1981,#1986,#628,.T.);
#2856=ADVANCED_FACE('',(#2855),#2846,.T.);
#2862=EDGE_CURVE('',#1963,#1964,#620,.T.);
#2869=ADVANCED_FACE('',(#2868),#2861,.F.);
#2875=EDGE_CURVE('',#1959,#1960,#798,.T.);
#2882=ADVANCED_FACE('',(#2881),#2874,.F.);
#2888=EDGE_CURVE('',#1951,#1952,#720,.T.);
#2891=EDGE_CURVE('',#1891,#1996,#724,.T.);
#2893=EDGE_CURVE('',#1896,#1891,#728,.T.);
#2895=EDGE_CURVE('',#1851,#1896,#733,.T.);
#2897=EDGE_CURVE('',#1572,#1851,#737,.T.);
#2899=EDGE_CURVE('',#1632,#1572,#741,.T.);
#2901=EDGE_CURVE('',#1631,#1632,#746,.T.);
#2903=EDGE_CURVE('',#1631,#1592,#750,.T.);
#2905=EDGE_CURVE('',#1591,#1592,#755,.T.);
#2907=EDGE_CURVE('',#1591,#1600,#759,.T.);
#2909=EDGE_CURVE('',#1599,#1600,#764,.T.);
#2911=EDGE_CURVE('',#1599,#1628,#768,.T.);
#2913=EDGE_CURVE('',#1626,#1628,#773,.T.);
#2915=EDGE_CURVE('',#1626,#1564,#777,.T.);
#2917=EDGE_CURVE('',#1848,#1564,#781,.T.);
#2919=EDGE_CURVE('',#1875,#1848,#786,.T.);
#2921=EDGE_CURVE('',#1875,#1876,#790,.T.);
#2923=EDGE_CURVE('',#1876,#1992,#794,.T.);
#2928=EDGE_CURVE('',#1647,#1648,#666,.T.);
#2930=EDGE_CURVE('',#1652,#1647,#671,.T.);
#2932=EDGE_CURVE('',#1650,#1652,#675,.T.);
#2934=EDGE_CURVE('',#1648,#1650,#680,.T.);
#2938=EDGE_CURVE('',#1663,#1664,#703,.T.);
#2940=EDGE_CURVE('',#1668,#1663,#707,.T.);
#2942=EDGE_CURVE('',#1666,#1668,#712,.T.);
#2944=EDGE_CURVE('',#1664,#1666,#716,.T.);
#2948=ADVANCED_FACE('',(#2927,#2937,#2947),#2887,.F.);
#2956=EDGE_CURVE('',#1990,#1871,#802,.T.);
#2958=EDGE_CURVE('',#1871,#1872,#806,.T.);
#2960=EDGE_CURVE('',#1859,#1872,#811,.T.);
#2962=EDGE_CURVE('',#1560,#1859,#815,.T.);
#2964=EDGE_CURVE('',#1616,#1560,#819,.T.);
#2966=EDGE_CURVE('',#1615,#1616,#824,.T.);
#2968=EDGE_CURVE('',#1615,#1576,#828,.T.);
#2970=EDGE_CURVE('',#1575,#1576,#833,.T.);
#2972=EDGE_CURVE('',#1575,#1584,#837,.T.);
#2974=EDGE_CURVE('',#1583,#1584,#842,.T.);
#2976=EDGE_CURVE('',#1583,#1612,#846,.T.);
#2978=EDGE_CURVE('',#1610,#1612,#851,.T.);
#2980=EDGE_CURVE('',#1610,#1568,#855,.T.);
#2982=EDGE_CURVE('',#1856,#1568,#859,.T.);
#2984=EDGE_CURVE('',#1894,#1856,#864,.T.);
#2986=EDGE_CURVE('',#1887,#1894,#868,.T.);
#2988=EDGE_CURVE('',#1994,#1887,#872,.T.);
#2993=EDGE_CURVE('',#1639,#1640,#649,.T.);
#2995=EDGE_CURVE('',#1644,#1639,#653,.T.);
#2997=EDGE_CURVE('',#1642,#1644,#658,.T.);
#2999=EDGE_CURVE('',#1640,#1642,#662,.T.);
#3003=EDGE_CURVE('',#1655,#1656,#684,.T.);
#3005=EDGE_CURVE('',#1660,#1655,#689,.T.);
#3007=EDGE_CURVE('',#1658,#1660,#693,.T.);
#3009=EDGE_CURVE('',#1656,#1658,#698,.T.);
#3013=ADVANCED_FACE('',(#2992,#3002,#3012),#2953,.F.);
#3020=EDGE_CURVE('',#1672,#1640,#880,.T.);
#3022=EDGE_CURVE('',#1671,#1672,#893,.T.);
#3024=EDGE_CURVE('',#1671,#1639,#876,.T.);
#3028=ADVANCED_FACE('',(#3027),#3018,.F.);
#3035=EDGE_CURVE('',#1674,#1642,#884,.T.);
#3037=EDGE_CURVE('',#1672,#1674,#897,.T.);
#3042=ADVANCED_FACE('',(#3041),#3033,.F.);
#3049=EDGE_CURVE('',#1676,#1644,#888,.T.);
#3051=EDGE_CURVE('',#1674,#1676,#902,.T.);
#3056=ADVANCED_FACE('',(#3055),#3047,.F.);
#3064=EDGE_CURVE('',#1676,#1671,#906,.T.);
#3069=ADVANCED_FACE('',(#3068),#3061,.F.);
#3075=EDGE_CURVE('',#1909,#1910,#965,.T.);
#3077=EDGE_CURVE('',#1912,#1909,#969,.T.);
#3079=EDGE_CURVE('',#1918,#1912,#974,.T.);
#3081=EDGE_CURVE('',#1918,#1922,#978,.T.);
#3083=EDGE_CURVE('',#1884,#1922,#982,.T.);
#3085=EDGE_CURVE('',#1883,#1884,#986,.T.);
#3087=EDGE_CURVE('',#1847,#1883,#991,.T.);
#3089=EDGE_CURVE('',#1847,#1563,#995,.T.);
#3091=EDGE_CURVE('',#1624,#1563,#999,.T.);
#3093=EDGE_CURVE('',#1623,#1624,#1004,.T.);
#3095=EDGE_CURVE('',#1604,#1623,#1008,.T.);
#3097=EDGE_CURVE('',#1602,#1604,#1013,.T.);
#3099=EDGE_CURVE('',#1596,#1602,#1017,.T.);
#3101=EDGE_CURVE('',#1594,#1596,#1022,.T.);
#3103=EDGE_CURVE('',#1636,#1594,#1026,.T.);
#3105=EDGE_CURVE('',#1634,#1636,#1031,.T.);
#3107=EDGE_CURVE('',#1634,#1571,#1035,.T.);
#3109=EDGE_CURVE('',#1571,#1852,#1039,.T.);
#3111=EDGE_CURVE('',#1900,#1852,#1044,.T.);
#3113=EDGE_CURVE('',#1900,#1892,#1048,.T.);
#3115=EDGE_CURVE('',#1892,#1924,#1052,.T.);
#3117=EDGE_CURVE('',#1910,#1924,#1056,.T.);
#3121=EDGE_CURVE('',#1679,#1680,#928,.T.);
#3123=EDGE_CURVE('',#1680,#1682,#933,.T.);
#3125=EDGE_CURVE('',#1682,#1684,#937,.T.);
#3127=EDGE_CURVE('',#1684,#1679,#942,.T.);
#3131=EDGE_CURVE('',#1695,#1696,#947,.T.);
#3133=EDGE_CURVE('',#1696,#1698,#951,.T.);
#3135=EDGE_CURVE('',#1698,#1700,#956,.T.);
#3137=EDGE_CURVE('',#1700,#1695,#960,.T.);
#3141=ADVANCED_FACE('',(#3120,#3130,#3140),#3074,.T.);
#3147=EDGE_CURVE('',#1933,#1934,#1061,.T.);
#3149=EDGE_CURVE('',#1936,#1933,#1065,.T.);
#3151=EDGE_CURVE('',#1942,#1936,#1070,.T.);
#3153=EDGE_CURVE('',#1942,#1946,#1074,.T.);
#3155=EDGE_CURVE('',#1946,#1888,#1078,.T.);
#3157=EDGE_CURVE('',#1888,#1898,#1082,.T.);
#3159=EDGE_CURVE('',#1855,#1898,#1087,.T.);
#3161=EDGE_CURVE('',#1855,#1567,#1091,.T.);
#3163=EDGE_CURVE('',#1608,#1567,#1095,.T.);
#3165=EDGE_CURVE('',#1607,#1608,#1100,.T.);
#3167=EDGE_CURVE('',#1588,#1607,#1104,.T.);
#3169=EDGE_CURVE('',#1586,#1588,#1109,.T.);
#3171=EDGE_CURVE('',#1580,#1586,#1113,.T.);
#3173=EDGE_CURVE('',#1578,#1580,#1118,.T.);
#3175=EDGE_CURVE('',#1620,#1578,#1122,.T.);
#3177=EDGE_CURVE('',#1618,#1620,#1127,.T.);
#3179=EDGE_CURVE('',#1618,#1559,#1131,.T.);
#3181=EDGE_CURVE('',#1559,#1860,#1135,.T.);
#3183=EDGE_CURVE('',#1880,#1860,#1140,.T.);
#3185=EDGE_CURVE('',#1879,#1880,#1144,.T.);
#3187=EDGE_CURVE('',#1948,#1879,#1148,.T.);
#3189=EDGE_CURVE('',#1934,#1948,#1152,.T.);
#3199=EDGE_CURVE('',#1687,#1688,#910,.T.);
#3201=EDGE_CURVE('',#1688,#1690,#915,.T.);
#3203=EDGE_CURVE('',#1690,#1692,#919,.T.);
#3205=EDGE_CURVE('',#1692,#1687,#924,.T.);
#3209=ADVANCED_FACE('',(#3192,#3198,#3208),#3146,.T.);
#3216=EDGE_CURVE('',#1688,#1656,#1160,.T.);
#3219=EDGE_CURVE('',#1687,#1655,#1156,.T.);
#3223=ADVANCED_FACE('',(#3222),#3214,.F.);
#3230=EDGE_CURVE('',#1690,#1658,#1164,.T.);
#3236=ADVANCED_FACE('',(#3235),#3228,.F.);
#3243=EDGE_CURVE('',#1692,#1660,#1168,.T.);
#3249=ADVANCED_FACE('',(#3248),#3241,.F.);
#3261=ADVANCED_FACE('',(#3260),#3254,.F.);
#3268=EDGE_CURVE('',#1680,#1648,#1176,.T.);
#3271=EDGE_CURVE('',#1679,#1647,#1172,.T.);
#3275=ADVANCED_FACE('',(#3274),#3266,.F.);
#3282=EDGE_CURVE('',#1682,#1650,#1180,.T.);
#3288=ADVANCED_FACE('',(#3287),#3280,.F.);
#3295=EDGE_CURVE('',#1684,#1652,#1184,.T.);
#3301=ADVANCED_FACE('',(#3300),#3293,.F.);
#3313=ADVANCED_FACE('',(#3312),#3306,.F.);
#3320=EDGE_CURVE('',#1696,#1664,#1192,.T.);
#3323=EDGE_CURVE('',#1695,#1663,#1188,.T.);
#3327=ADVANCED_FACE('',(#3326),#3318,.F.);
#3334=EDGE_CURVE('',#1698,#1666,#1196,.T.);
#3340=ADVANCED_FACE('',(#3339),#3332,.F.);
#3347=EDGE_CURVE('',#1700,#1668,#1200,.T.);
#3353=ADVANCED_FACE('',(#3352),#3345,.F.);
#3365=ADVANCED_FACE('',(#3364),#3358,.F.);
#3371=EDGE_CURVE('',#1901,#1902,#1219,.T.);
#3374=EDGE_CURVE('',#1905,#1906,#1518,.T.);
#3376=EDGE_CURVE('',#1909,#1905,#1205,.T.);
#3379=EDGE_CURVE('',#1910,#1901,#1213,.T.);
#3383=ADVANCED_FACE('',(#3382),#3370,.T.);
#3390=EDGE_CURVE('',#1996,#1901,#1223,.T.);
#3395=ADVANCED_FACE('',(#3394),#3388,.T.);
#3401=EDGE_CURVE('',#1939,#1940,#1233,.T.);
#3404=EDGE_CURVE('',#1994,#1940,#1257,.T.);
#3408=ADVANCED_FACE('',(#3407),#3400,.T.);
#3414=EDGE_CURVE('',#1901,#1924,#1241,.T.);
#3417=EDGE_CURVE('',#1891,#1892,#1245,.T.);
#3423=ADVANCED_FACE('',(#3422),#3413,.T.);
#3434=ADVANCED_FACE('',(#3433),#3428,.F.);
#3440=EDGE_CURVE('',#1887,#1888,#1249,.T.);
#3443=EDGE_CURVE('',#1898,#1894,#1401,.T.);
#3448=ADVANCED_FACE('',(#3447),#3439,.T.);
#3456=EDGE_CURVE('',#1896,#1900,#1513,.T.);
#3461=ADVANCED_FACE('',(#3460),#3453,.T.);
#3467=EDGE_CURVE('',#1940,#1946,#1253,.T.);
#3475=ADVANCED_FACE('',(#3474),#3466,.T.);
#3483=EDGE_CURVE('',#1940,#1942,#1265,.T.);
#3487=ADVANCED_FACE('',(#3486),#3480,.F.);
#3496=EDGE_CURVE('',#1936,#1938,#1270,.T.);
#3498=EDGE_CURVE('',#1944,#1938,#1406,.T.);
#3503=ADVANCED_FACE('',(#3502),#3492,.T.);
#3510=EDGE_CURVE('',#1933,#1929,#1275,.T.);
#3512=EDGE_CURVE('',#1938,#1929,#1427,.T.);
#3517=ADVANCED_FACE('',(#3516),#3508,.T.);
#3523=EDGE_CURVE('',#1925,#1926,#1303,.T.);
#3526=EDGE_CURVE('',#1929,#1930,#1344,.T.);
#3530=EDGE_CURVE('',#1934,#1925,#1283,.T.);
#3534=ADVANCED_FACE('',(#3533),#3522,.T.);
#3540=EDGE_CURVE('',#1915,#1916,#1289,.T.);
#3543=EDGE_CURVE('',#1992,#1916,#1297,.T.);
#3547=ADVANCED_FACE('',(#3546),#3539,.F.);
#3554=EDGE_CURVE('',#1990,#1925,#1335,.T.);
#3559=ADVANCED_FACE('',(#3558),#3552,.F.);
#3566=EDGE_CURVE('',#1916,#1918,#1315,.T.);
#3569=EDGE_CURVE('',#1912,#1914,#1528,.T.);
#3571=EDGE_CURVE('',#1920,#1914,#1456,.T.);
#3576=ADVANCED_FACE('',(#3575),#3564,.T.);
#3582=EDGE_CURVE('',#1916,#1922,#1319,.T.);
#3588=ADVANCED_FACE('',(#3587),#3581,.T.);
#3597=EDGE_CURVE('',#1876,#1884,#1323,.T.);
#3602=ADVANCED_FACE('',(#3601),#3593,.F.);
#3609=EDGE_CURVE('',#1871,#1879,#1327,.T.);
#3612=EDGE_CURVE('',#1872,#1880,#1339,.T.);
#3616=ADVANCED_FACE('',(#3615),#3607,.F.);
#3623=EDGE_CURVE('',#1883,#1875,#1451,.T.);
#3629=ADVANCED_FACE('',(#3628),#3621,.F.);
#3635=EDGE_CURVE('',#1925,#1948,#1331,.T.);
#3643=ADVANCED_FACE('',(#3642),#3634,.F.);
#3654=ADVANCED_FACE('',(#3653),#3648,.T.);
#3662=EDGE_CURVE('',#1859,#1860,#1353,.T.);
#3667=ADVANCED_FACE('',(#3666),#3659,.T.);
#3675=EDGE_CURVE('',#2000,#1929,#1431,.T.);
#3679=ADVANCED_FACE('',(#3678),#3672,.T.);
#3687=EDGE_CURVE('',#1559,#1560,#1357,.T.);
#3692=ADVANCED_FACE('',(#3691),#3684,.F.);
#3698=EDGE_CURVE('',#1618,#1616,#1361,.T.);
#3705=ADVANCED_FACE('',(#3704),#3697,.F.);
#3714=EDGE_CURVE('',#1620,#1615,#1365,.T.);
#3718=ADVANCED_FACE('',(#3717),#3710,.T.);
#3726=EDGE_CURVE('',#1578,#1576,#1369,.T.);
#3731=ADVANCED_FACE('',(#3730),#3723,.T.);
#3740=EDGE_CURVE('',#1580,#1575,#1373,.T.);
#3744=ADVANCED_FACE('',(#3743),#3736,.T.);
#3752=EDGE_CURVE('',#1586,#1584,#1377,.T.);
#3757=ADVANCED_FACE('',(#3756),#3749,.T.);
#3766=EDGE_CURVE('',#1588,#1583,#1385,.T.);
#3770=ADVANCED_FACE('',(#3769),#3762,.T.);
#3776=EDGE_CURVE('',#1612,#1607,#1381,.T.);
#3783=ADVANCED_FACE('',(#3782),#3775,.T.);
#3790=EDGE_CURVE('',#1610,#1608,#1389,.T.);
#3796=ADVANCED_FACE('',(#3795),#3788,.T.);
#3804=EDGE_CURVE('',#1567,#1568,#1393,.T.);
#3809=ADVANCED_FACE('',(#3808),#3801,.F.);
#3815=EDGE_CURVE('',#1855,#1856,#1397,.T.);
#3822=ADVANCED_FACE('',(#3821),#3814,.F.);
#3834=ADVANCED_FACE('',(#3833),#3827,.T.);
#3841=EDGE_CURVE('',#1938,#2004,#1423,.T.);
#3846=ADVANCED_FACE('',(#3845),#3839,.T.);
#3852=EDGE_CURVE('',#1975,#1976,#1415,.T.);
#3861=ADVANCED_FACE('',(#3860),#3851,.T.);
#3873=ADVANCED_FACE('',(#3872),#3866,.F.);
#3881=EDGE_CURVE('',#1847,#1848,#1465,.T.);
#3886=ADVANCED_FACE('',(#3885),#3878,.T.);
#3897=ADVANCED_FACE('',(#3896),#3891,.T.);
#3905=EDGE_CURVE('',#1563,#1564,#1473,.T.);
#3910=ADVANCED_FACE('',(#3909),#3902,.F.);
#3916=EDGE_CURVE('',#1626,#1624,#1469,.T.);
#3923=ADVANCED_FACE('',(#3922),#3915,.F.);
#3932=EDGE_CURVE('',#1628,#1623,#1477,.T.);
#3936=ADVANCED_FACE('',(#3935),#3928,.T.);
#3944=EDGE_CURVE('',#1604,#1599,#1481,.T.);
#3949=ADVANCED_FACE('',(#3948),#3941,.T.);
#3956=EDGE_CURVE('',#1602,#1600,#1489,.T.);
#3962=ADVANCED_FACE('',(#3961),#3954,.T.);
#3968=EDGE_CURVE('',#1596,#1591,#1485,.T.);
#3975=ADVANCED_FACE('',(#3974),#3967,.T.);
#3982=EDGE_CURVE('',#1594,#1592,#1497,.T.);
#3988=ADVANCED_FACE('',(#3987),#3980,.T.);
#3994=EDGE_CURVE('',#1636,#1631,#1493,.T.);
#4001=ADVANCED_FACE('',(#4000),#3993,.T.);
#4008=EDGE_CURVE('',#1634,#1632,#1501,.T.);
#4014=ADVANCED_FACE('',(#4013),#4006,.T.);
#4022=EDGE_CURVE('',#1571,#1572,#1509,.T.);
#4027=ADVANCED_FACE('',(#4026),#4019,.F.);
#4033=EDGE_CURVE('',#1851,#1852,#1505,.T.);
#4040=ADVANCED_FACE('',(#4039),#4032,.F.);
#4052=ADVANCED_FACE('',(#4051),#4045,.T.);
#4063=ADVANCED_FACE('',(#4062),#4057,.T.);
#4075=ADVANCED_FACE('',(#4074),#4068,.T.);
#4083=EDGE_CURVE('',#1955,#1956,#1544,.T.);
#4088=ADVANCED_FACE('',(#4087),#4080,.F.);
#4100=ADVANCED_FACE('',(#4099),#4093,.T.);
#4103=(LENGTH_UNIT()NAMED_UNIT(*)SI_UNIT(.MILLI.,.METRE.));
#4105=(NAMED_UNIT(*)PLANE_ANGLE_UNIT()SI_UNIT($,.RADIAN.));
#4108=(NAMED_UNIT(*)SI_UNIT($,.STERADIAN.)SOLID_ANGLE_UNIT());
#4110=(GEOMETRIC_REPRESENTATION_CONTEXT(3)GLOBAL_UNCERTAINTY_ASSIGNED_CONTEXT((
#4109))GLOBAL_UNIT_ASSIGNED_CONTEXT((#4103,#4107,#4108))REPRESENTATION_CONTEXT(
'ID1','3'));
#4111=ADVANCED_BREP_SHAPE_REPRESENTATION('',(#4102),#4110);
#4118=PRODUCT_DEFINITION('design','',#4117,#4114);
#4119=PRODUCT_DEFINITION_SHAPE('','SHAPE FOR PRT0006.',#4118);
#4120=SHAPE_DEFINITION_REPRESENTATION(#4119,#4111);
ENDSEC;
END-ISO-10303-21;
