ISO-10303-21;
HEADER;
FILE_DESCRIPTION (( 'STEP AP203' ),
    '1' );
FILE_NAME ('µ×ÅÌ¹Ì¶¨°å.STEP',
    '2026-01-10T02:32:30',
    ( '' ),
    ( '' ),
    'SwSTEP 2.0',
    'SolidWorks 2023',
    '' );
FILE_SCHEMA (( 'CONFIG_CONTROL_DESIGN' ));
ENDSEC;

DATA;
#1 = CIRCLE ( 'NONE', #2641, 1.699999999999993072 ) ;
#2 = EDGE_LOOP ( 'NONE', ( #2782, #672, #289, #3380 ) ) ;
#3 = CARTESIAN_POINT ( 'NONE',  ( 1.408597776366950461E-14, 40.99999999999999289, 42.40000000000013358 ) ) ;
#4 = EDGE_CURVE ( 'NONE', #1750, #906, #1469, .T. ) ;
#5 = AXIS2_PLACEMENT_3D ( 'NONE', #908, #931, #1170 ) ;
#6 = DIRECTION ( 'NONE',  ( 0.000000000000000000, -0.000000000000000000, -1.000000000000000000 ) ) ;
#7 = DIRECTION ( 'NONE',  ( 0.000000000000000000, 1.000000000000000000, -5.782411586589392743E-15 ) ) ;
#8 = CIRCLE ( 'NONE', #979, 0.8000000000000020428 ) ;
#9 = EDGE_LOOP ( 'NONE', ( #1133, #1271 ) ) ;
#10 = DIRECTION ( 'NONE',  ( 0.000000000000000000, -1.000000000000000000, 0.000000000000000000 ) ) ;
#11 = DIRECTION ( 'NONE',  ( 0.000000000000000000, -1.000000000000000000, 0.000000000000000000 ) ) ;
#12 = DIRECTION ( 'NONE',  ( 0.000000000000000000, -4.081702296416033352E-15, -1.000000000000000000 ) ) ;
#13 = AXIS2_PLACEMENT_3D ( 'NONE', #1191, #3135, #666 ) ;
#14 = CARTESIAN_POINT ( 'NONE',  ( 61.63325188851047898, 15.39926699659764786, -37.10000000000005826 ) ) ;
#15 = DIRECTION ( 'NONE',  ( -0.000000000000000000, -3.469446951953613400E-15, -1.000000000000000000 ) ) ;
#16 = ORIENTED_EDGE ( 'NONE', *, *, #1977, .T. ) ;
#17 = APPROVAL_PERSON_ORGANIZATION ( #3204, #2854, #2101 ) ;
#18 = ORIENTED_EDGE ( 'NONE', *, *, #1628, .F. ) ;
#19 = CARTESIAN_POINT ( 'NONE',  ( -64.99999999999984368, 0.7365999999999970349, 37.10000000000000142 ) ) ;
#20 = EDGE_CURVE ( 'NONE', #419, #2092, #2960, .T. ) ;
#21 = DIRECTION ( 'NONE',  ( -0.000000000000000000, -3.554067609318336832E-15, -1.000000000000000000 ) ) ;
#22 = EDGE_CURVE ( 'NONE', #951, #765, #3068, .T. ) ;
#23 = ORIENTED_EDGE ( 'NONE', *, *, #201, .F. ) ;
#24 = CARTESIAN_POINT ( 'NONE',  ( -65.00000000000000000, -4.987329993433320396E-15, -34.36340000000000572 ) ) ;
#25 = DIRECTION ( 'NONE',  ( -0.000000000000000000, -1.000000000000000000, -0.000000000000000000 ) ) ;
#26 = CARTESIAN_POINT ( 'NONE',  ( 48.36674811148873232, 26.60073300340254576, -35.10000000000008669 ) ) ;
#27 = EDGE_CURVE ( 'NONE', #3433, #265, #1382, .T. ) ;
#28 = EDGE_CURVE ( 'NONE', #1018, #2744, #2715, .T. ) ;
#29 = ORIENTED_EDGE ( 'NONE', *, *, #27, .F. ) ;
#30 = LINE ( 'NONE', #1094, #3399 ) ;
#31 = CARTESIAN_POINT ( 'NONE',  ( -27.50000000000000000, 40.99999999999999289, -44.10000000000012932 ) ) ;
#32 = ORIENTED_EDGE ( 'NONE', *, *, #141, .T. ) ;
#33 = PERSON_AND_ORGANIZATION_ROLE ( 'classification_officer' ) ;
#34 = CARTESIAN_POINT ( 'NONE',  ( 1.974724409447001339, 5.000000000000000000, 0.1300000000000996470 ) ) ;
#35 = ORIENTED_EDGE ( 'NONE', *, *, #708, .T. ) ;
#36 = DIRECTION ( 'NONE',  ( -0.000000000000000000, 1.000000000000000000, -0.000000000000000000 ) ) ;
#37 = DIRECTION ( 'NONE',  ( 0.000000000000000000, 1.000000000000000000, -3.604620209821937281E-15 ) ) ;
#38 = CARTESIAN_POINT ( 'NONE',  ( -55.00000000000000711, 41.00000000000000000, 37.10000000000000142 ) ) ;
#39 = CARTESIAN_POINT ( 'NONE',  ( 64.98000281945095935, 39.00000000000000000, -37.73954295001563963 ) ) ;
#40 = CYLINDRICAL_SURFACE ( 'NONE', #2720, 2.736599999999998811 ) ;
#41 = ORIENTED_EDGE ( 'NONE', *, *, #1103, .F. ) ;
#42 = DIRECTION ( 'NONE',  ( -0.000000000000000000, 1.000000000000000000, -0.000000000000000000 ) ) ;
#43 = EDGE_CURVE ( 'NONE', #2010, #1807, #1506, .T. ) ;
#44 = CARTESIAN_POINT ( 'NONE',  ( -64.99999999999997158, -4.987329993433320396E-15, -34.36340000000000572 ) ) ;
#45 = DIRECTION ( 'NONE',  ( -0.000000000000000000, -3.554067609318336832E-15, -1.000000000000000000 ) ) ;
#46 = ORIENTED_EDGE ( 'NONE', *, *, #664, .T. ) ;
#47 = DIRECTION ( 'NONE',  ( 0.000000000000000000, 0.000000000000000000, 1.000000000000000000 ) ) ;
#48 = ORIENTED_EDGE ( 'NONE', *, *, #1648, .T. ) ;
#49 = CIRCLE ( 'NONE', #845, 1.700000000000000178 ) ;
#50 = ORIENTED_EDGE ( 'NONE', *, *, #3480, .F. ) ;
#51 = PLANE ( 'NONE',  #1264 ) ;
#52 = AXIS2_PLACEMENT_3D ( 'NONE', #584, #1666, #47 ) ;
#53 = ORIENTED_EDGE ( 'NONE', *, *, #2156, .F. ) ;
#54 = ORIENTED_EDGE ( 'NONE', *, *, #1792, .F. ) ;
#55 = CIRCLE ( 'NONE', #689, 2.736599999999998811 ) ;
#56 = DIRECTION ( 'NONE',  ( 0.000000000000000000, 0.000000000000000000, 1.000000000000000000 ) ) ;
#57 = DIRECTION ( 'NONE',  ( 0.000000000000000000, 3.554067609318336832E-15, 1.000000000000000000 ) ) ;
#58 = LINE ( 'NONE', #3099, #2904 ) ;
#59 = AXIS2_PLACEMENT_3D ( 'NONE', #613, #1694, #3025 ) ;
#60 = ORIENTED_EDGE ( 'NONE', *, *, #983, .F. ) ;
#61 = EDGE_LOOP ( 'NONE', ( #148, #1635, #1467, #2340, #23, #2795 ) ) ;
#62 = CARTESIAN_POINT ( 'NONE',  ( -65.00000000000000000, 0.7365999999999919279, -34.36340000000000572 ) ) ;
#63 = AXIS2_PLACEMENT_3D ( 'NONE', #3374, #1989, #2828 ) ;
#64 = DIRECTION ( 'NONE',  ( -0.000000000000000000, -3.554067609318336832E-15, -1.000000000000000000 ) ) ;
#65 = DIRECTION ( 'NONE',  ( 0.000000000000000000, 0.000000000000000000, 1.000000000000000000 ) ) ;
#66 = ADVANCED_FACE ( 'NONE', ( #620 ), #2303, .F. ) ;
#67 = ORIENTED_EDGE ( 'NONE', *, *, #2497, .T. ) ;
#68 = CARTESIAN_POINT ( 'NONE',  ( 54.99999999999982236, 25.99999999999980460, 37.10000000000000142 ) ) ;
#69 = AXIS2_PLACEMENT_3D ( 'NONE', #3041, #574, #2504 ) ;
#70 = EDGE_CURVE ( 'NONE', #2346, #697, #1758, .T. ) ;
#71 = VECTOR ( 'NONE', #1896, 1000.000000000000000 ) ;
#72 = DIRECTION ( 'NONE',  ( 9.912705577010312730E-16, 0.000000000000000000, 1.000000000000000000 ) ) ;
#73 = LINE ( 'NONE', #643, #409 ) ;
#74 = EDGE_CURVE ( 'NONE', #2025, #452, #3430, .T. ) ;
#75 = LOCAL_TIME ( 10, 32, 30.00000000000000000, #887 ) ;
#76 = VERTEX_POINT ( 'NONE', #2130 ) ;
#77 = CARTESIAN_POINT ( 'NONE',  ( 55.79999999999981242, 15.99999999999980638, 37.10000000000000142 ) ) ;
#78 = ORIENTED_EDGE ( 'NONE', *, *, #2676, .F. ) ;
#79 = DIRECTION ( 'NONE',  ( 0.000000000000000000, 0.000000000000000000, -1.000000000000000000 ) ) ;
#80 = FACE_OUTER_BOUND ( 'NONE', #3141, .T. ) ;
#81 = DIRECTION ( 'NONE',  ( 0.000000000000000000, -1.000000000000000000, 0.000000000000000000 ) ) ;
#82 = VERTEX_POINT ( 'NONE', #2633 ) ;
#83 = ORIENTED_EDGE ( 'NONE', *, *, #2448, .F. ) ;
#84 = CYLINDRICAL_SURFACE ( 'NONE', #3277, 2.736599999999998811 ) ;
#85 = DIRECTION ( 'NONE',  ( -0.000000000000000000, -3.554067609318336832E-15, -1.000000000000000000 ) ) ;
#86 = DIRECTION ( 'NONE',  ( 0.000000000000000000, -1.000000000000000000, 0.000000000000000000 ) ) ;
#87 = ORIENTED_EDGE ( 'NONE', *, *, #2242, .T. ) ;
#88 = CARTESIAN_POINT ( 'NONE',  ( 1.408597776366950461E-14, 40.99999999999999289, 42.40000000000012648 ) ) ;
#89 = EDGE_CURVE ( 'NONE', #3149, #2831, #3249, .T. ) ;
#90 = CARTESIAN_POINT ( 'NONE',  ( -52.49999999999987921, 24.74999999999989697, -37.10000000000008669 ) ) ;
#91 = AXIS2_PLACEMENT_3D ( 'NONE', #3543, #1624, #1374 ) ;
#92 = CARTESIAN_POINT ( 'NONE',  ( -57.00000000000201794, 5.000000000000000000, -6.869999999999896190 ) ) ;
#93 = ORIENTED_EDGE ( 'NONE', *, *, #2094, .F. ) ;
#94 = CARTESIAN_POINT ( 'NONE',  ( 48.36674811148873232, 26.60073300340253866, -37.10000000000009379 ) ) ;
#95 = ADVANCED_FACE ( 'NONE', ( #3513 ), #1813, .F. ) ;
#96 = ORIENTED_EDGE ( 'NONE', *, *, #400, .T. ) ;
#97 = ORIENTED_EDGE ( 'NONE', *, *, #1763, .F. ) ;
#98 = DIRECTION ( 'NONE',  ( 0.000000000000000000, -4.081702296416033352E-15, -1.000000000000000000 ) ) ;
#99 = DIRECTION ( 'NONE',  ( -0.000000000000000000, 1.000000000000000000, -0.000000000000000000 ) ) ;
#100 = DIRECTION ( 'NONE',  ( -0.000000000000000000, 0.000000000000000000, -1.000000000000000000 ) ) ;
#101 = ORIENTED_EDGE ( 'NONE', *, *, #1596, .T. ) ;
#102 = EDGE_LOOP ( 'NONE', ( #2334, #2219 ) ) ;
#103 = CARTESIAN_POINT ( 'NONE',  ( -65.00000000000000000, 40.99999999999999289, -37.83660000000014634 ) ) ;
#104 = DIRECTION ( 'NONE',  ( 0.000000000000000000, -1.000000000000000000, 3.554067609318336832E-15 ) ) ;
#105 = EDGE_LOOP ( 'NONE', ( #3349, #172 ) ) ;
#106 = DIRECTION ( 'NONE',  ( 0.000000000000000000, 0.000000000000000000, 1.000000000000000000 ) ) ;
#107 = DIRECTION ( 'NONE',  ( -0.000000000000000000, -1.000000000000000000, -0.000000000000000000 ) ) ;
#108 = DIRECTION ( 'NONE',  ( 1.000000000000000000, 0.000000000000000000, 5.337610695313253357E-17 ) ) ;
#109 = EDGE_CURVE ( 'NONE', #711, #199, #772, .T. ) ;
#110 = AXIS2_PLACEMENT_3D ( 'NONE', #1530, #2660, #369 ) ;
#111 = EDGE_LOOP ( 'NONE', ( #3018, #786, #1406, #2610 ) ) ;
#112 = ORIENTED_EDGE ( 'NONE', *, *, #1900, .F. ) ;
#113 = ADVANCED_FACE ( 'NONE', ( #3446 ), #2374, .F. ) ;
#114 = VECTOR ( 'NONE', #662, 1000.000000000000000 ) ;
#115 = CYLINDRICAL_SURFACE ( 'NONE', #110, 1.699999999999993072 ) ;
#116 = DIRECTION ( 'NONE',  ( -1.000000000000000000, -0.000000000000000000, -0.000000000000000000 ) ) ;
#117 = LINE ( 'NONE', #3140, #2988 ) ;
#118 = EDGE_LOOP ( 'NONE', ( #2781, #1237, #2397, #410 ) ) ;
#119 = VECTOR ( 'NONE', #676, 1000.000000000000000 ) ;
#120 = EDGE_LOOP ( 'NONE', ( #3045, #604 ) ) ;
#121 = EDGE_CURVE ( 'NONE', #2595, #2367, #2773, .T. ) ;
#122 = CARTESIAN_POINT ( 'NONE',  ( -65.00060406127980173, 38.64886855126662368, 37.18014787927420173 ) ) ;
#123 = DIRECTION ( 'NONE',  ( -8.366787703012735051E-30, 0.000000000000000000, -1.000000000000000000 ) ) ;
#124 = AXIS2_PLACEMENT_3D ( 'NONE', #3299, #3026, #1902 ) ;
#125 = DIRECTION ( 'NONE',  ( 0.000000000000000000, 0.000000000000000000, 1.000000000000000000 ) ) ;
#126 = FACE_OUTER_BOUND ( 'NONE', #3153, .T. ) ;
#127 = CIRCLE ( 'NONE', #802, 1.699999999999993072 ) ;
#128 = DIRECTION ( 'NONE',  ( 0.000000000000000000, 1.000000000000000000, -5.782411586589392743E-15 ) ) ;
#129 = AXIS2_PLACEMENT_3D ( 'NONE', #2435, #266, #2111 ) ;
#130 = ORIENTED_EDGE ( 'NONE', *, *, #2836, .F. ) ;
#131 = PLANE ( 'NONE',  #2590 ) ;
#132 = AXIS2_PLACEMENT_3D ( 'NONE', #1789, #2917, #454 ) ;
#133 = VERTEX_POINT ( 'NONE', #1853 ) ;
#134 = EDGE_LOOP ( 'NONE', ( #41, #2827, #894, #3226 ) ) ;
#135 = ADVANCED_FACE ( 'NONE', ( #1257 ), #2388, .F. ) ;
#136 = CARTESIAN_POINT ( 'NONE',  ( -62.00000000000201084, 0.000000000000000000, -4.869999999999908624 ) ) ;
#137 = EDGE_LOOP ( 'NONE', ( #3192, #1548, #1616, #1972 ) ) ;
#138 = EDGE_LOOP ( 'NONE', ( #2317, #2201 ) ) ;
#139 = CYLINDRICAL_SURFACE ( 'NONE', #1716, 1.199999999999992628 ) ;
#140 = FACE_BOUND ( 'NONE', #589, .T. ) ;
#141 = EDGE_CURVE ( 'NONE', #1711, #2120, #2684, .T. ) ;
#142 = CARTESIAN_POINT ( 'NONE',  ( 61.63325188851047898, 14.19926699659766278, -35.10000000000005116 ) ) ;
#143 = DIRECTION ( 'NONE',  ( -0.000000000000000000, -0.000000000000000000, 1.000000000000000000 ) ) ;
#144 = ORIENTED_EDGE ( 'NONE', *, *, #2181, .F. ) ;
#145 = CARTESIAN_POINT ( 'NONE',  ( 1.974724409446994233, 0.000000000000000000, -6.869999999999910401 ) ) ;
#146 = ORIENTED_EDGE ( 'NONE', *, *, #3131, .T. ) ;
#147 = CARTESIAN_POINT ( 'NONE',  ( 54.19999999999983231, 15.99999999999980638, 37.10000000000000142 ) ) ;
#148 = ORIENTED_EDGE ( 'NONE', *, *, #2884, .F. ) ;
#149 = ORIENTED_EDGE ( 'NONE', *, *, #1648, .F. ) ;
#150 = CARTESIAN_POINT ( 'NONE',  ( 64.99999999999997158, 40.99999999999999289, -37.10000000000014353 ) ) ;
#151 = ORIENTED_EDGE ( 'NONE', *, *, #1371, .F. ) ;
#152 = ORIENTED_EDGE ( 'NONE', *, *, #1501, .F. ) ;
#153 = CARTESIAN_POINT ( 'NONE',  ( 56.69999999999982521, 17.24999999999980815, 37.10000000000000142 ) ) ;
#154 = CARTESIAN_POINT ( 'NONE',  ( 65.00000000000000000, 39.00000000000000000, 37.83660000000000423 ) ) ;
#155 = CARTESIAN_POINT ( 'NONE',  ( 27.50000000000000000, 40.99999999999999289, -45.80000000000013927 ) ) ;
#156 = FACE_BOUND ( 'NONE', #2800, .T. ) ;
#157 = EDGE_CURVE ( 'NONE', #653, #371, #1222, .T. ) ;
#158 = CYLINDRICAL_SURFACE ( 'NONE', #2928, 1.699999999999993072 ) ;
#159 = DIRECTION ( 'NONE',  ( -0.000000000000000000, 1.000000000000000000, -0.000000000000000000 ) ) ;
#160 = ORIENTED_EDGE ( 'NONE', *, *, #704, .T. ) ;
#161 = DIRECTION ( 'NONE',  ( 0.000000000000000000, 1.000000000000000000, -3.965082230804126670E-15 ) ) ;
#162 = VERTEX_POINT ( 'NONE', #1030 ) ;
#163 = CYLINDRICAL_SURFACE ( 'NONE', #3118, 1.699999999999993072 ) ;
#164 = DIRECTION ( 'NONE',  ( 0.000000000000000000, 0.000000000000000000, -1.000000000000000000 ) ) ;
#165 = ORIENTED_EDGE ( 'NONE', *, *, #3256, .F. ) ;
#166 = ORIENTED_EDGE ( 'NONE', *, *, #1547, .F. ) ;
#167 = VECTOR ( 'NONE', #1684, 1000.000000000000000 ) ;
#168 = LINE ( 'NONE', #2329, #2703 ) ;
#169 = DIRECTION ( 'NONE',  ( -0.000000000000000000, 1.000000000000000000, -0.000000000000000000 ) ) ;
#170 = CIRCLE ( 'NONE', #1250, 3.849999999999999201 ) ;
#171 = DIRECTION ( 'NONE',  ( 0.000000000000000000, 0.000000000000000000, 1.000000000000000000 ) ) ;
#172 = ORIENTED_EDGE ( 'NONE', *, *, #359, .F. ) ;
#173 = CIRCLE ( 'NONE', #5, 1.199999999999985745 ) ;
#174 = EDGE_CURVE ( 'NONE', #1531, #2053, #431, .T. ) ;
#175 = DIRECTION ( 'NONE',  ( 0.000000000000000000, 3.554067609318336832E-15, 1.000000000000000000 ) ) ;
#176 = ADVANCED_FACE ( 'NONE', ( #2963 ), #1836, .F. ) ;
#177 = AXIS2_PLACEMENT_3D ( 'NONE', #580, #1932, #2770 ) ;
#178 = ORIENTED_EDGE ( 'NONE', *, *, #1174, .F. ) ;
#179 = CARTESIAN_POINT ( 'NONE',  ( 27.50000000000001066, 40.99999999999999289, 44.10000000000011511 ) ) ;
#180 = CIRCLE ( 'NONE', #756, 1.700000000000000178 ) ;
#181 = DIRECTION ( 'NONE',  ( -1.000000000000000000, 0.000000000000000000, 0.000000000000000000 ) ) ;
#182 = EDGE_CURVE ( 'NONE', #133, #3278, #1052, .T. ) ;
#183 = EDGE_CURVE ( 'NONE', #1921, #350, #2946, .T. ) ;
#184 = EDGE_LOOP ( 'NONE', ( #764, #146, #2554, #2474 ) ) ;
#185 = AXIS2_PLACEMENT_3D ( 'NONE', #2968, #1055, #3258 ) ;
#186 = ORIENTED_EDGE ( 'NONE', *, *, #302, .T. ) ;
#187 = AXIS2_PLACEMENT_3D ( 'NONE', #524, #1020, #2105 ) ;
#188 = FACE_BOUND ( 'NONE', #2724, .T. ) ;
#189 = ORIENTED_EDGE ( 'NONE', *, *, #324, .F. ) ;
#190 = ORIENTED_EDGE ( 'NONE', *, *, #2015, .F. ) ;
#191 = CARTESIAN_POINT ( 'NONE',  ( 57.49999999999982236, 17.24999999999980815, 37.10000000000000142 ) ) ;
#192 = DIRECTION ( 'NONE',  ( 0.000000000000000000, 0.000000000000000000, -1.000000000000000000 ) ) ;
#193 = DIRECTION ( 'NONE',  ( -1.000000000000000000, 0.000000000000000000, -0.000000000000000000 ) ) ;
#194 = PLANE ( 'NONE',  #2578 ) ;
#195 = EDGE_LOOP ( 'NONE', ( #1669, #1008 ) ) ;
#196 = EDGE_CURVE ( 'NONE', #1527, #801, #2422, .T. ) ;
#197 = PERSON_AND_ORGANIZATION ( #2732, #2066 ) ;
#198 = EDGE_LOOP ( 'NONE', ( #628, #2457, #2298, #884 ) ) ;
#199 = VERTEX_POINT ( 'NONE', #155 ) ;
#200 = DIRECTION ( 'NONE',  ( 0.000000000000000000, 0.000000000000000000, -1.000000000000000000 ) ) ;
#201 = EDGE_CURVE ( 'NONE', #2346, #950, #3214, .T. ) ;
#202 = DIRECTION ( 'NONE',  ( -0.000000000000000000, -0.000000000000000000, 1.000000000000000000 ) ) ;
#203 = ORIENTED_EDGE ( 'NONE', *, *, #2033, .T. ) ;
#204 = EDGE_LOOP ( 'NONE', ( #2255, #1497, #1182, #1477 ) ) ;
#205 = CARTESIAN_POINT ( 'NONE',  ( -54.99999999999995737, 40.99999999999999289, 44.10000000000013642 ) ) ;
#206 = DIRECTION ( 'NONE',  ( -1.000000000000000000, -0.000000000000000000, -0.000000000000000000 ) ) ;
#207 = LINE ( 'NONE', #2391, #462 ) ;
#208 = ORIENTED_EDGE ( 'NONE', *, *, #1339, .F. ) ;
#209 = ORIENTED_EDGE ( 'NONE', *, *, #2954, .F. ) ;
#210 = ORIENTED_EDGE ( 'NONE', *, *, #726, .F. ) ;
#211 = DIRECTION ( 'NONE',  ( -0.000000000000000000, -0.000000000000000000, 1.000000000000000000 ) ) ;
#212 = EDGE_CURVE ( 'NONE', #1568, #1750, #483, .T. ) ;
#213 = LINE ( 'NONE', #437, #1314 ) ;
#214 = EDGE_CURVE ( 'NONE', #3149, #1253, #718, .T. ) ;
#215 = ORIENTED_EDGE ( 'NONE', *, *, #2779, .T. ) ;
#216 = DIRECTION ( 'NONE',  ( -0.000000000000000000, -3.469446951953613400E-15, -1.000000000000000000 ) ) ;
#217 = DIRECTION ( 'NONE',  ( 0.000000000000000000, -4.081702296416033352E-15, -1.000000000000000000 ) ) ;
#218 = ADVANCED_FACE ( 'NONE', ( #2356 ), #1796, .F. ) ;
#219 = VECTOR ( 'NONE', #2456, 1000.000000000000000 ) ;
#220 = CIRCLE ( 'NONE', #274, 1.750000000000001554 ) ;
#221 = FACE_OUTER_BOUND ( 'NONE', #3257, .T. ) ;
#222 = ORIENTED_EDGE ( 'NONE', *, *, #1408, .T. ) ;
#223 = CIRCLE ( 'NONE', #912, 1.199999999999985745 ) ;
#224 = PERSON_AND_ORGANIZATION ( #2732, #2066 ) ;
#225 = CARTESIAN_POINT ( 'NONE',  ( 2.081899558550494856E-16, 38.99999999999999289, -45.80000000000013216 ) ) ;
#226 = AXIS2_PLACEMENT_3D ( 'NONE', #3250, #255, #2389 ) ;
#227 = DIRECTION ( 'NONE',  ( 0.000000000000000000, 0.000000000000000000, 1.000000000000000000 ) ) ;
#228 = ORIENTED_EDGE ( 'NONE', *, *, #1525, .F. ) ;
#229 = AXIS2_PLACEMENT_3D ( 'NONE', #3211, #3481, #407 ) ;
#230 = LINE ( 'NONE', #3274, #71 ) ;
#231 = CARTESIAN_POINT ( 'NONE',  ( 65.00000000000000000, 41.00000000000003553, 47.10000000000000142 ) ) ;
#232 = AXIS2_PLACEMENT_3D ( 'NONE', #38, #2232, #1116 ) ;
#233 = ORIENTED_EDGE ( 'NONE', *, *, #2561, .F. ) ;
#234 = EDGE_CURVE ( 'NONE', #479, #3315, #306, .T. ) ;
#235 = LINE ( 'NONE', #24, #1542 ) ;
#236 = VECTOR ( 'NONE', #762, 1000.000000000000000 ) ;
#237 = DIRECTION ( 'NONE',  ( 0.000000000000000000, -3.469446951953611033E-15, -1.000000000000000000 ) ) ;
#238 = CARTESIAN_POINT ( 'NONE',  ( 58.29999999999981242, 17.24999999999980815, 37.10000000000000142 ) ) ;
#239 = AXIS2_PLACEMENT_3D ( 'NONE', #2024, #632, #384 ) ;
#240 = PRODUCT_DEFINITION ( 'æœ', '', #2656, #2412 ) ;
#241 = EDGE_CURVE ( 'NONE', #1350, #2025, #1447, .T. ) ;
#242 = DIRECTION ( 'NONE',  ( -0.000000000000000000, 1.000000000000000000, -0.000000000000000000 ) ) ;
#243 = ORIENTED_EDGE ( 'NONE', *, *, #1763, .T. ) ;
#244 = APPLICATION_PROTOCOL_DEFINITION ( 'international standard', 'config_control_design', 1994, #2514 ) ;
#245 = DIRECTION ( 'NONE',  ( 0.000000000000000000, 0.000000000000000000, -1.000000000000000000 ) ) ;
#246 = EDGE_LOOP ( 'NONE', ( #54, #944 ) ) ;
#247 = PLANE ( 'NONE',  #187 ) ;
#248 = VECTOR ( 'NONE', #2331, 1000.000000000000000 ) ;
#249 = PLANE ( 'NONE',  #2426 ) ;
#250 = LINE ( 'NONE', #2986, #1528 ) ;
#251 = EDGE_LOOP ( 'NONE', ( #50, #3059 ) ) ;
#252 = FACE_BOUND ( 'NONE', #1313, .T. ) ;
#253 = CARTESIAN_POINT ( 'NONE',  ( 54.99999999999982236, 20.99999999999980460, 35.10000000000000142 ) ) ;
#254 = CARTESIAN_POINT ( 'NONE',  ( 64.99999999999998579, 0.7365999999999970349, 34.36340000000000572 ) ) ;
#255 = DIRECTION ( 'NONE',  ( 1.000000000000000000, 3.384826294588891940E-16, -1.181805784278266697E-30 ) ) ;
#256 = FACE_OUTER_BOUND ( 'NONE', #2479, .T. ) ;
#257 = ORIENTED_EDGE ( 'NONE', *, *, #2673, .T. ) ;
#258 = EDGE_CURVE ( 'NONE', #344, #832, #1062, .T. ) ;
#259 = COORDINATED_UNIVERSAL_TIME_OFFSET ( 8, 0, .AHEAD. ) ;
#260 = FACE_OUTER_BOUND ( 'NONE', #1156, .T. ) ;
#261 = ORIENTED_EDGE ( 'NONE', *, *, #2596, .T. ) ;
#262 = DIRECTION ( 'NONE',  ( -0.000000000000000000, 1.000000000000000000, -0.000000000000000000 ) ) ;
#263 = FACE_BOUND ( 'NONE', #2902, .T. ) ;
#264 = DIRECTION ( 'NONE',  ( 0.000000000000000000, -0.000000000000000000, 1.000000000000000000 ) ) ;
#265 = VERTEX_POINT ( 'NONE', #1883 ) ;
#266 = DIRECTION ( 'NONE',  ( -1.000000000000000000, -0.000000000000000000, -0.000000000000000000 ) ) ;
#267 = FACE_OUTER_BOUND ( 'NONE', #1411, .T. ) ;
#268 = CARTESIAN_POINT ( 'NONE',  ( 27.50000000000001066, 39.00000000000002132, 44.10000000000011511 ) ) ;
#269 = CARTESIAN_POINT ( 'NONE',  ( -5.025275590553015981, 5.000000000000000000, -6.869999999999910401 ) ) ;
#270 = DIRECTION ( 'NONE',  ( 0.000000000000000000, 0.000000000000000000, -1.000000000000000000 ) ) ;
#271 = CARTESIAN_POINT ( 'NONE',  ( 55.00000000000003553, 20.99999999999985079, -37.10000000000007248 ) ) ;
#272 = VERTEX_POINT ( 'NONE', #287 ) ;
#273 = ADVANCED_FACE ( 'NONE', ( #1868, #2162, #3024, #1929, #2701, #813 ), #1104, .F. ) ;
#274 = AXIS2_PLACEMENT_3D ( 'NONE', #3205, #3255, #1891 ) ;
#275 = CARTESIAN_POINT ( 'NONE',  ( -48.36674811149043052, 27.80073300340330533, 35.10000000000000142 ) ) ;
#276 = EDGE_CURVE ( 'NONE', #1940, #1582, #2993, .T. ) ;
#277 = ORIENTED_EDGE ( 'NONE', *, *, #2369, .T. ) ;
#278 = DIRECTION ( 'NONE',  ( 1.000000000000000000, 0.000000000000000000, 0.000000000000000000 ) ) ;
#279 = EDGE_CURVE ( 'NONE', #2549, #344, #2194, .T. ) ;
#280 = ADVANCED_FACE ( 'NONE', ( #3043 ), #2209, .F. ) ;
#281 = DIRECTION ( 'NONE',  ( 0.000000000000000000, 0.000000000000000000, -1.000000000000000000 ) ) ;
#282 = CIRCLE ( 'NONE', #2405, 1.700000000000000178 ) ;
#283 = EDGE_LOOP ( 'NONE', ( #2269, #2188, #210, #2009 ) ) ;
#284 = CARTESIAN_POINT ( 'NONE',  ( 64.97283412275564274, 40.99999999999999289, -37.83660000000013923 ) ) ;
#285 = CARTESIAN_POINT ( 'NONE',  ( -61.63325188851067082, 14.19926699659695224, 37.10000000000000142 ) ) ;
#286 = CIRCLE ( 'NONE', #2116, 0.7999999999999951594 ) ;
#287 = CARTESIAN_POINT ( 'NONE',  ( 64.99999999999991473, 38.26340000000000430, 37.10000000000000853 ) ) ;
#288 = CARTESIAN_POINT ( 'NONE',  ( -64.99473871559011684, 38.92017039987749172, -37.45167581460368922 ) ) ;
#289 = ORIENTED_EDGE ( 'NONE', *, *, #1174, .T. ) ;
#290 = AXIS2_PLACEMENT_3D ( 'NONE', #297, #36, #3115 ) ;
#291 = CARTESIAN_POINT ( 'NONE',  ( -64.97283412275568537, 41.00000000000000000, 37.83659999999999712 ) ) ;
#292 = CARTESIAN_POINT ( 'NONE',  ( 64.99999999999988631, 0.7365999999999821579, -37.10000000000000142 ) ) ;
#293 = VERTEX_POINT ( 'NONE', #1321 ) ;
#294 = APPROVAL_STATUS ( 'not_yet_approved' ) ;
#295 = CARTESIAN_POINT ( 'NONE',  ( -57.00000000000201794, 0.000000000000000000, -6.869999999999896190 ) ) ;
#296 = ORIENTED_EDGE ( 'NONE', *, *, #788, .T. ) ;
#297 = CARTESIAN_POINT ( 'NONE',  ( 27.50000000000001066, 40.99999999999999289, 44.10000000000011511 ) ) ;
#298 = AXIS2_PLACEMENT_3D ( 'NONE', #1496, #343, #2604 ) ;
#299 = LINE ( 'NONE', #1384, #514 ) ;
#300 = CARTESIAN_POINT ( 'NONE',  ( 27.50000000000000000, 38.99999999999999289, -44.10000000000013642 ) ) ;
#301 = ORIENTED_EDGE ( 'NONE', *, *, #279, .T. ) ;
#302 = EDGE_CURVE ( 'NONE', #371, #653, #663, .T. ) ;
#303 = CARTESIAN_POINT ( 'NONE',  ( -64.99999999999998579, -1.608402418982243403E-13, -37.10000000000000142 ) ) ;
#304 = CARTESIAN_POINT ( 'NONE',  ( -54.99999999999987210, 25.99999999999989342, -37.10000000000009379 ) ) ;
#305 = AXIS2_PLACEMENT_3D ( 'NONE', #2577, #1454, #125 ) ;
#306 = LINE ( 'NONE', #1911, #999 ) ;
#307 = ORIENTED_EDGE ( 'NONE', *, *, #945, .F. ) ;
#308 = AXIS2_PLACEMENT_3D ( 'NONE', #2797, #893, #588 ) ;
#309 = CARTESIAN_POINT ( 'NONE',  ( -64.98558110768092888, 38.98093863570658613, 37.64418153340444917 ) ) ;
#310 = AXIS2_PLACEMENT_3D ( 'NONE', #1117, #2421, #1076 ) ;
#311 = CARTESIAN_POINT ( 'NONE',  ( 0.000000000000000000, 40.99999999999999289, -42.40000000000014069 ) ) ;
#312 = DIRECTION ( 'NONE',  ( 0.000000000000000000, 1.000000000000000000, -5.782411586589425875E-15 ) ) ;
#313 = ORIENTED_EDGE ( 'NONE', *, *, #1486, .F. ) ;
#314 = AXIS2_PLACEMENT_3D ( 'NONE', #1655, #21, #3037 ) ;
#315 = AXIS2_PLACEMENT_3D ( 'NONE', #268, #1354, #12 ) ;
#316 = APPROVAL_DATE_TIME ( #869, #3055 ) ;
#317 = DIRECTION ( 'NONE',  ( -0.000000000000000000, 0.000000000000000000, 1.000000000000000000 ) ) ;
#318 = ORIENTED_EDGE ( 'NONE', *, *, #2249, .F. ) ;
#319 = FACE_OUTER_BOUND ( 'NONE', #2503, .T. ) ;
#320 = PLANE ( 'NONE',  #3034 ) ;
#321 = ORIENTED_EDGE ( 'NONE', *, *, #748, .F. ) ;
#322 = ORIENTED_EDGE ( 'NONE', *, *, #2445, .F. ) ;
#323 = CARTESIAN_POINT ( 'NONE',  ( -62.83325188851065946, 14.19926699659695224, 37.10000000000000142 ) ) ;
#324 = EDGE_CURVE ( 'NONE', #2941, #2195, #793, .T. ) ;
#325 = DIRECTION ( 'NONE',  ( -0.000000000000000000, -0.000000000000000000, -1.000000000000000000 ) ) ;
#326 = ADVANCED_FACE ( 'NONE', ( #2716 ), #40, .T. ) ;
#327 = DIRECTION ( 'NONE',  ( 1.000000000000000000, 0.000000000000000000, 1.734723475976793092E-15 ) ) ;
#328 = LINE ( 'NONE', #2508, #2347 ) ;
#329 = ORIENTED_EDGE ( 'NONE', *, *, #3212, .F. ) ;
#330 = ORIENTED_EDGE ( 'NONE', *, *, #1719, .T. ) ;
#331 = LINE ( 'NONE', #2011, #2584 ) ;
#332 = DIRECTION ( 'NONE',  ( 0.000000000000000000, 0.000000000000000000, -1.000000000000000000 ) ) ;
#333 = FACE_BOUND ( 'NONE', #1329, .T. ) ;
#334 = ADVANCED_FACE ( 'NONE', ( #2437 ), #1660, .T. ) ;
#335 = DIRECTION ( 'NONE',  ( 1.870321806983080362E-16, -0.000000000000000000, -1.000000000000000000 ) ) ;
#336 = CIRCLE ( 'NONE', #2798, 0.8000000000000020428 ) ;
#337 = CARTESIAN_POINT ( 'NONE',  ( 53.24999999999982236, 20.99999999999980460, 35.10000000000000142 ) ) ;
#338 = CIRCLE ( 'NONE', #2336, 1.700000000000000178 ) ;
#339 = ORIENTED_EDGE ( 'NONE', *, *, #592, .F. ) ;
#340 = LINE ( 'NONE', #2226, #2879 ) ;
#341 = ADVANCED_BREP_SHAPE_REPRESENTATION ( '\X2\5e9576d856fa5b9a677f\X0\', ( #3086, #532 ), #1212 ) ;
#342 = DIRECTION ( 'NONE',  ( 0.000000000000000000, 0.000000000000000000, 1.000000000000000000 ) ) ;
#343 = DIRECTION ( 'NONE',  ( 0.000000000000000000, 3.554067609318336832E-15, 1.000000000000000000 ) ) ;
#344 = VERTEX_POINT ( 'NONE', #2768 ) ;
#345 = AXIS2_PLACEMENT_3D ( 'NONE', #1358, #2465, #3300 ) ;
#346 = FACE_OUTER_BOUND ( 'NONE', #3093, .T. ) ;
#347 = DIRECTION ( 'NONE',  ( -0.000000000000000000, -0.000000000000000000, 1.000000000000000000 ) ) ;
#348 = DIRECTION ( 'NONE',  ( 0.000000000000000000, 0.000000000000000000, -1.000000000000000000 ) ) ;
#349 = AXIS2_PLACEMENT_3D ( 'NONE', #2285, #3402, #2524 ) ;
#350 = VERTEX_POINT ( 'NONE', #2731 ) ;
#351 = EDGE_CURVE ( 'NONE', #2540, #2312, #2315, .T. ) ;
#352 = VERTEX_POINT ( 'NONE', #1093 ) ;
#353 = DIRECTION ( 'NONE',  ( 1.000000000000000000, 0.000000000000000000, 0.000000000000000000 ) ) ;
#354 = CIRCLE ( 'NONE', #2698, 1.199999999999992628 ) ;
#355 = DIRECTION ( 'NONE',  ( 0.000000000000000000, 0.000000000000000000, -1.000000000000000000 ) ) ;
#356 = ORIENTED_EDGE ( 'NONE', *, *, #3177, .F. ) ;
#357 = DIRECTION ( 'NONE',  ( 0.000000000000000000, -4.081702296416033352E-15, -1.000000000000000000 ) ) ;
#358 = AXIS2_PLACEMENT_3D ( 'NONE', #441, #3197, #1520 ) ;
#359 = EDGE_CURVE ( 'NONE', #2053, #1531, #436, .T. ) ;
#360 = CIRCLE ( 'NONE', #3288, 1.700000000000000178 ) ;
#361 = CYLINDRICAL_SURFACE ( 'NONE', #2049, 0.7365999999999970349 ) ;
#362 = AXIS2_PLACEMENT_3D ( 'NONE', #741, #1574, #823 ) ;
#363 = CARTESIAN_POINT ( 'NONE',  ( 54.99999999999982236, 25.99999999999980460, 35.10000000000000142 ) ) ;
#364 = ORIENTED_EDGE ( 'NONE', *, *, #1654, .F. ) ;
#365 = FACE_OUTER_BOUND ( 'NONE', #3301, .T. ) ;
#366 = ORIENTED_EDGE ( 'NONE', *, *, #2619, .T. ) ;
#367 = EDGE_LOOP ( 'NONE', ( #684, #1850, #96, #3509 ) ) ;
#368 = CARTESIAN_POINT ( 'NONE',  ( -15.22999999999999332, -1.978536947653147360, -21.08999999999999631 ) ) ;
#369 = DIRECTION ( 'NONE',  ( 0.000000000000000000, 0.000000000000000000, 1.000000000000000000 ) ) ;
#370 = LINE ( 'NONE', #136, #886 ) ;
#371 = VERTEX_POINT ( 'NONE', #1639 ) ;
#372 = CARTESIAN_POINT ( 'NONE',  ( -64.99999999999990052, 1.084202172485504434E-16, 34.36340000000000572 ) ) ;
#373 = FACE_BOUND ( 'NONE', #3201, .T. ) ;
#374 = ORIENTED_EDGE ( 'NONE', *, *, #3030, .T. ) ;
#375 = CIRCLE ( 'NONE', #298, 1.199999999999992628 ) ;
#376 = CARTESIAN_POINT ( 'NONE',  ( 0.000000000000000000, 40.99999999999999289, -44.10000000000013642 ) ) ;
#377 = ADVANCED_FACE ( 'NONE', ( #2006 ), #2803, .F. ) ;
#378 = DIRECTION ( 'NONE',  ( -3.384826294588891940E-16, 1.000000000000000000, -0.000000000000000000 ) ) ;
#379 = CARTESIAN_POINT ( 'NONE',  ( -65.00000000000000000, 40.89900239793486492, 37.10000000000000142 ) ) ;
#380 = ORIENTED_EDGE ( 'NONE', *, *, #3239, .F. ) ;
#381 = ORIENTED_EDGE ( 'NONE', *, *, #898, .F. ) ;
#382 = DIRECTION ( 'NONE',  ( 1.000000000000000000, 0.000000000000000000, 0.000000000000000000 ) ) ;
#383 = DIRECTION ( 'NONE',  ( -1.000000000000000000, 0.000000000000000000, 0.000000000000000000 ) ) ;
#384 = DIRECTION ( 'NONE',  ( 0.000000000000000000, 1.000000000000000000, 0.000000000000000000 ) ) ;
#385 = CARTESIAN_POINT ( 'NONE',  ( 64.99999999999991473, 38.26340000000000430, 37.10000000000000853 ) ) ;
#386 = ORIENTED_EDGE ( 'NONE', *, *, #1654, .T. ) ;
#387 = DIRECTION ( 'NONE',  ( 0.000000000000000000, -1.000000000000000000, 0.000000000000000000 ) ) ;
#388 = DIRECTION ( 'NONE',  ( -1.000000000000000000, 0.000000000000000000, 0.000000000000000000 ) ) ;
#389 = ORIENTED_EDGE ( 'NONE', *, *, #3124, .F. ) ;
#390 = CARTESIAN_POINT ( 'NONE',  ( -65.00000000000000000, 38.99999999999999289, -37.10000000000014353 ) ) ;
#391 = CARTESIAN_POINT ( 'NONE',  ( 27.50000000000000000, 40.99999999999999289, -44.10000000000013642 ) ) ;
#392 = VERTEX_POINT ( 'NONE', #1753 ) ;
#393 = EDGE_CURVE ( 'NONE', #1135, #3315, #370, .T. ) ;
#394 = CARTESIAN_POINT ( 'NONE',  ( -15.22999999999999332, -2.000000000000000000, -22.75427948235051545 ) ) ;
#395 = EDGE_CURVE ( 'NONE', #3332, #765, #58, .T. ) ;
#396 = AXIS2_PLACEMENT_3D ( 'NONE', #1320, #780, #529 ) ;
#397 = ORIENTED_EDGE ( 'NONE', *, *, #393, .F. ) ;
#398 = ORIENTED_EDGE ( 'NONE', *, *, #606, .T. ) ;
#399 = EDGE_CURVE ( 'NONE', #1875, #2142, #2843, .T. ) ;
#400 = EDGE_CURVE ( 'NONE', #3537, #951, #1693, .T. ) ;
#401 = AXIS2_PLACEMENT_3D ( 'NONE', #3138, #669, #3472 ) ;
#402 = DIRECTION ( 'NONE',  ( -0.000000000000000000, -3.469446951953613400E-15, -1.000000000000000000 ) ) ;
#403 = PLANE ( 'NONE',  #2520 ) ;
#404 = VERTEX_POINT ( 'NONE', #2253 ) ;
#405 = VECTOR ( 'NONE', #1663, 1000.000000000000000 ) ;
#406 = EDGE_LOOP ( 'NONE', ( #2931, #2625, #3409, #2502 ) ) ;
#407 = DIRECTION ( 'NONE',  ( 0.000000000000000000, 1.000000000000000000, -3.604620209821937281E-15 ) ) ;
#408 = FACE_BOUND ( 'NONE', #1451, .T. ) ;
#409 = VECTOR ( 'NONE', #107, 1000.000000000000000 ) ;
#410 = ORIENTED_EDGE ( 'NONE', *, *, #1339, .T. ) ;
#411 = CARTESIAN_POINT ( 'NONE',  ( -65.00000000000000000, 38.26339999999999719, -37.83660000000013923 ) ) ;
#412 = AXIS2_PLACEMENT_3D ( 'NONE', #3395, #654, #3351 ) ;
#413 = ORIENTED_EDGE ( 'NONE', *, *, #2659, .T. ) ;
#414 = CARTESIAN_POINT ( 'NONE',  ( 65.00000000000002842, 0.000000000000000000, -37.10000000000000142 ) ) ;
#415 = AXIS2_PLACEMENT_3D ( 'NONE', #2418, #10, #1591 ) ;
#416 = EDGE_LOOP ( 'NONE', ( #820, #2605, #1861, #1801 ) ) ;
#417 = CARTESIAN_POINT ( 'NONE',  ( -49.56674811149041915, 27.80073300340330533, 35.10000000000000142 ) ) ;
#418 = CONICAL_SURFACE ( 'NONE', #1210, 1.700000000000000178, 1.029744258676654534 ) ;
#419 = VERTEX_POINT ( 'NONE', #900 ) ;
#420 = VERTEX_POINT ( 'NONE', #650 ) ;
#421 = DIRECTION ( 'NONE',  ( -0.000000000000000000, 1.000000000000000000, -0.000000000000000000 ) ) ;
#422 = CARTESIAN_POINT ( 'NONE',  ( 65.00000000000000000, 38.26340000000000430, 35.10000000000000142 ) ) ;
#423 = ORIENTED_EDGE ( 'NONE', *, *, #3050, .T. ) ;
#424 = EDGE_CURVE ( 'NONE', #3311, #3478, #2598, .T. ) ;
#425 = ORIENTED_EDGE ( 'NONE', *, *, #1050, .F. ) ;
#426 = CARTESIAN_POINT ( 'NONE',  ( -54.99999999999987921, 20.99999999999989697, -37.10000000000007958 ) ) ;
#427 = LINE ( 'NONE', #2905, #3110 ) ;
#428 = DIRECTION ( 'NONE',  ( -1.000000000000000000, -0.000000000000000000, -0.000000000000000000 ) ) ;
#429 = LINE ( 'NONE', #2908, #1031 ) ;
#430 = ORIENTED_EDGE ( 'NONE', *, *, #3008, .T. ) ;
#431 = CIRCLE ( 'NONE', #3522, 3.849999999999999201 ) ;
#432 = DIRECTION ( 'NONE',  ( -0.000000000000000000, 1.000000000000000000, -0.000000000000000000 ) ) ;
#433 = VERTEX_POINT ( 'NONE', #936 ) ;
#434 = LINE ( 'NONE', #2018, #2410 ) ;
#435 = VERTEX_POINT ( 'NONE', #594 ) ;
#436 = CIRCLE ( 'NONE', #776, 3.849999999999999201 ) ;
#437 = CARTESIAN_POINT ( 'NONE',  ( -54.99999999999987921, 16.79999999999989768, -37.10000000000005826 ) ) ;
#438 = VERTEX_POINT ( 'NONE', #1425 ) ;
#439 = EDGE_LOOP ( 'NONE', ( #1014, #1401, #1985, #186 ) ) ;
#440 = EDGE_CURVE ( 'NONE', #2959, #635, #860, .T. ) ;
#441 = CARTESIAN_POINT ( 'NONE',  ( 52.49999999999982236, 24.74999999999980460, 37.10000000000000142 ) ) ;
#442 = EDGE_CURVE ( 'NONE', #2367, #3278, #3389, .T. ) ;
#443 = DIRECTION ( 'NONE',  ( -1.000000000000000000, -0.000000000000000000, -0.000000000000000000 ) ) ;
#444 = DIRECTION ( 'NONE',  ( -0.000000000000000000, -3.469446951953613400E-15, -1.000000000000000000 ) ) ;
#445 = FACE_OUTER_BOUND ( 'NONE', #3464, .T. ) ;
#446 = ORIENTED_EDGE ( 'NONE', *, *, #1071, .F. ) ;
#447 = ADVANCED_FACE ( 'NONE', ( #80 ), #1198, .F. ) ;
#448 = CARTESIAN_POINT ( 'NONE',  ( 27.50000000000001066, 40.99999999999999289, 44.10000000000011511 ) ) ;
#449 = ORIENTED_EDGE ( 'NONE', *, *, #1653, .T. ) ;
#450 = DIRECTION ( 'NONE',  ( -0.000000000000000000, -0.000000000000000000, 1.000000000000000000 ) ) ;
#451 = DIRECTION ( 'NONE',  ( 1.000000000000000000, 0.000000000000000000, 0.000000000000000000 ) ) ;
#452 = VERTEX_POINT ( 'NONE', #1983 ) ;
#453 = CIRCLE ( 'NONE', #1407, 1.699999999999993072 ) ;
#454 = DIRECTION ( 'NONE',  ( 0.000000000000000000, 0.000000000000000000, 1.000000000000000000 ) ) ;
#455 = ORIENTED_EDGE ( 'NONE', *, *, #3359, .T. ) ;
#456 = ORIENTED_EDGE ( 'NONE', *, *, #1125, .F. ) ;
#457 = CIRCLE ( 'NONE', #1413, 0.7999999999999951594 ) ;
#458 = CARTESIAN_POINT ( 'NONE',  ( 65.00000000000000000, 39.00000000000003553, 47.10000000000000853 ) ) ;
#459 = DIRECTION ( 'NONE',  ( 1.000000000000000000, 0.000000000000000000, 0.000000000000000000 ) ) ;
#460 = EDGE_CURVE ( 'NONE', #968, #392, #533, .T. ) ;
#461 = DIRECTION ( 'NONE',  ( 0.000000000000000000, 3.554067609318336832E-15, 1.000000000000000000 ) ) ;
#462 = VECTOR ( 'NONE', #3501, 1000.000000000000000 ) ;
#463 = FACE_OUTER_BOUND ( 'NONE', #485, .T. ) ;
#464 = ORIENTED_EDGE ( 'NONE', *, *, #852, .T. ) ;
#465 = CIRCLE ( 'NONE', #1196, 0.8000000000000020428 ) ;
#466 = LINE ( 'NONE', #414, #3443 ) ;
#467 = CIRCLE ( 'NONE', #412, 1.750000000000001554 ) ;
#468 = ORIENTED_EDGE ( 'NONE', *, *, #1588, .T. ) ;
#469 = CC_DESIGN_PERSON_AND_ORGANIZATION_ASSIGNMENT ( #197, #3486, ( #3251 ) ) ;
#470 = ADVANCED_FACE ( 'NONE', ( #3079 ), #1159, .F. ) ;
#471 = APPROVAL_ROLE ( '' ) ;
#472 = AXIS2_PLACEMENT_3D ( 'NONE', #2841, #915, #98 ) ;
#473 = FACE_OUTER_BOUND ( 'NONE', #2739, .T. ) ;
#474 = DIRECTION ( 'NONE',  ( -0.000000000000000000, -0.000000000000000000, -1.000000000000000000 ) ) ;
#475 = ORIENTED_EDGE ( 'NONE', *, *, #2029, .T. ) ;
#476 = ORIENTED_EDGE ( 'NONE', *, *, #324, .T. ) ;
#477 = CIRCLE ( 'NONE', #1895, 1.700000000000000178 ) ;
#478 = CYLINDRICAL_SURFACE ( 'NONE', #1143, 1.699999999999993072 ) ;
#479 = VERTEX_POINT ( 'NONE', #1717 ) ;
#480 = ORIENTED_EDGE ( 'NONE', *, *, #1442, .T. ) ;
#481 = DIRECTION ( 'NONE',  ( 0.000000000000000000, 0.000000000000000000, 1.000000000000000000 ) ) ;
#482 = CARTESIAN_POINT ( 'NONE',  ( -54.99999999999987210, 25.99999999999989342, -37.10000000000009379 ) ) ;
#483 = LINE ( 'NONE', #1561, #248 ) ;
#484 = DIRECTION ( 'NONE',  ( 0.000000000000000000, 0.000000000000000000, -1.000000000000000000 ) ) ;
#485 = EDGE_LOOP ( 'NONE', ( #1534, #2110, #1503, #739 ) ) ;
#486 = UNCERTAINTY_MEASURE_WITH_UNIT (LENGTH_MEASURE( 1.000000000000000082E-05 ), #2706, 'distance_accuracy_value', 'NONE');
#487 = EDGE_CURVE ( 'NONE', #2288, #2937, #2570, .T. ) ;
#488 = APPROVAL_STATUS ( 'not_yet_approved' ) ;
#489 = EDGE_CURVE ( 'NONE', #697, #677, #757, .T. ) ;
#490 = ORIENTED_EDGE ( 'NONE', *, *, #1863, .T. ) ;
#491 = ORIENTED_EDGE ( 'NONE', *, *, #3124, .T. ) ;
#492 = DIRECTION ( 'NONE',  ( 0.000000000000000000, -1.000000000000000000, 3.469446951953611033E-15 ) ) ;
#493 = EDGE_CURVE ( 'NONE', #1227, #3406, #1449, .T. ) ;
#494 = DIRECTION ( 'NONE',  ( -0.000000000000000000, -0.000000000000000000, -1.000000000000000000 ) ) ;
#495 = EDGE_LOOP ( 'NONE', ( #1186, #743 ) ) ;
#496 = EDGE_LOOP ( 'NONE', ( #2588, #1080 ) ) ;
#497 = FACE_OUTER_BOUND ( 'NONE', #967, .T. ) ;
#498 = CARTESIAN_POINT ( 'NONE',  ( 64.99999999999992895, 38.36072438170444343, 37.10000000000000853 ) ) ;
#499 = DIRECTION ( 'NONE',  ( -0.000000000000000000, -0.000000000000000000, 1.000000000000000000 ) ) ;
#500 = DIRECTION ( 'NONE',  ( 0.000000000000000000, 1.000000000000000000, -0.000000000000000000 ) ) ;
#501 = LINE ( 'NONE', #3545, #1824 ) ;
#502 = DIRECTION ( 'NONE',  ( -0.000000000000000000, -1.000000000000000000, -0.000000000000000000 ) ) ;
#503 = EDGE_CURVE ( 'NONE', #1363, #1049, #1404, .T. ) ;
#504 = ORIENTED_EDGE ( 'NONE', *, *, #959, .T. ) ;
#505 = FACE_OUTER_BOUND ( 'NONE', #1557, .T. ) ;
#506 = CARTESIAN_POINT ( 'NONE',  ( -15.22999999999999332, -1.978536947653147360, -22.78999999999999915 ) ) ;
#507 = VERTEX_POINT ( 'NONE', #2507 ) ;
#508 = APPROVAL ( #488, 'æœª' ) ;
#509 = EDGE_CURVE ( 'NONE', #2379, #3311, #1139, .T. ) ;
#510 = DIRECTION ( 'NONE',  ( -3.545417352834799741E-30, 6.982962677686266711E-15, -1.000000000000000000 ) ) ;
#511 = DIRECTION ( 'NONE',  ( -0.000000000000000000, -3.469446951953613400E-15, -1.000000000000000000 ) ) ;
#512 = CARTESIAN_POINT ( 'NONE',  ( 1.974724409446994233, 5.000000000000000000, -6.869999999999910401 ) ) ;
#513 = DIRECTION ( 'NONE',  ( -0.000000000000000000, -3.469446951953613400E-15, -1.000000000000000000 ) ) ;
#514 = VECTOR ( 'NONE', #2487, 1000.000000000000000 ) ;
#515 = AXIS2_PLACEMENT_3D ( 'NONE', #2067, #2976, #2949 ) ;
#516 = CARTESIAN_POINT ( 'NONE',  ( 54.99999999999998579, 40.99999999999999289, 44.10000000000012221 ) ) ;
#517 = VERTEX_POINT ( 'NONE', #2958 ) ;
#518 = AXIS2_PLACEMENT_3D ( 'NONE', #2541, #2723, #357 ) ;
#519 = CARTESIAN_POINT ( 'NONE',  ( 54.99999999999998579, 40.99999999999999289, 42.40000000000013358 ) ) ;
#520 = LINE ( 'NONE', #2707, #1930 ) ;
#521 = VECTOR ( 'NONE', #474, 1000.000000000000000 ) ;
#522 = ORIENTED_EDGE ( 'NONE', *, *, #440, .F. ) ;
#523 = CIRCLE ( 'NONE', #63, 2.736599999999998811 ) ;
#524 = CARTESIAN_POINT ( 'NONE',  ( -65.00000000000000000, 38.26340000000000430, 37.83660000000000423 ) ) ;
#525 = FACE_OUTER_BOUND ( 'NONE', #724, .T. ) ;
#526 = ORIENTED_EDGE ( 'NONE', *, *, #2948, .T. ) ;
#527 = CARTESIAN_POINT ( 'NONE',  ( 54.99999999999997158, 38.99999999999999289, -44.10000000000014353 ) ) ;
#528 = AXIS2_PLACEMENT_3D ( 'NONE', #1876, #262, #3489 ) ;
#529 = DIRECTION ( 'NONE',  ( 0.000000000000000000, 0.000000000000000000, 1.000000000000000000 ) ) ;
#530 = EDGE_CURVE ( 'NONE', #2896, #3053, #703, .T. ) ;
#531 = DIRECTION ( 'NONE',  ( 0.000000000000000000, 1.000000000000000000, 0.000000000000000000 ) ) ;
#532 = AXIS2_PLACEMENT_3D ( 'NONE', #1328, #1067, #771 ) ;
#533 = CIRCLE ( 'NONE', #3343, 1.699999999999989742 ) ;
#534 = LINE ( 'NONE', #2147, #2806 ) ;
#535 = ORIENTED_EDGE ( 'NONE', *, *, #1544, .T. ) ;
#536 = LINE ( 'NONE', #519, #929 ) ;
#537 = DIRECTION ( 'NONE',  ( 2.081668171172168119E-15, 0.000000000000000000, -1.000000000000000000 ) ) ;
#538 = ORIENTED_EDGE ( 'NONE', *, *, #2381, .F. ) ;
#539 = FACE_OUTER_BOUND ( 'NONE', #2602, .T. ) ;
#540 = CARTESIAN_POINT ( 'NONE',  ( 65.00000000000000000, 41.00000000000000000, 37.83659999999999712 ) ) ;
#541 = VERTEX_POINT ( 'NONE', #709 ) ;
#542 = CARTESIAN_POINT ( 'NONE',  ( 1.387778780781445676E-14, 39.00000000000002842, 45.80000000000011795 ) ) ;
#543 = DIRECTION ( 'NONE',  ( -0.000000000000000000, -0.000000000000000000, 1.000000000000000000 ) ) ;
#544 = DIRECTION ( 'NONE',  ( 0.000000000000000000, 0.000000000000000000, 1.000000000000000000 ) ) ;
#545 = EDGE_CURVE ( 'NONE', #759, #1695, #213, .T. ) ;
#546 = CIRCLE ( 'NONE', #2136, 1.699999999999989742 ) ;
#547 = EDGE_CURVE ( 'NONE', #76, #1175, #1556, .T. ) ;
#548 = DIRECTION ( 'NONE',  ( -0.000000000000000000, -1.000000000000000000, -0.000000000000000000 ) ) ;
#549 = DIRECTION ( 'NONE',  ( 1.000000000000000000, 0.000000000000000000, 1.982541115402067674E-15 ) ) ;
#550 = ORIENTED_EDGE ( 'NONE', *, *, #3177, .T. ) ;
#551 = ADVANCED_FACE ( 'NONE', ( #1251 ), #2348, .F. ) ;
#552 = EDGE_CURVE ( 'NONE', #1445, #685, #1771, .T. ) ;
#553 = ORIENTED_EDGE ( 'NONE', *, *, #2830, .F. ) ;
#554 = DIRECTION ( 'NONE',  ( 0.000000000000000000, -1.000000000000000000, 0.000000000000000000 ) ) ;
#555 = DIRECTION ( 'NONE',  ( -0.000000000000000000, -0.000000000000000000, 1.000000000000000000 ) ) ;
#556 = ORIENTED_EDGE ( 'NONE', *, *, #3151, .T. ) ;
#557 = DIRECTION ( 'NONE',  ( -8.366787703012735051E-30, -1.000000000000000000, 0.000000000000000000 ) ) ;
#558 = CARTESIAN_POINT ( 'NONE',  ( 64.97283412275564274, 38.99999999999999289, -37.83660000000013923 ) ) ;
#559 = DIRECTION ( 'NONE',  ( 0.000000000000000000, -1.000000000000000000, 3.604620209821937281E-15 ) ) ;
#560 = DIRECTION ( 'NONE',  ( 0.000000000000000000, 0.000000000000000000, 1.000000000000000000 ) ) ;
#561 = DIRECTION ( 'NONE',  ( -1.000000000000000000, 0.000000000000000000, -0.000000000000000000 ) ) ;
#562 = ORIENTED_EDGE ( 'NONE', *, *, #2898, .T. ) ;
#563 = AXIS2_PLACEMENT_3D ( 'NONE', #2365, #2532, #1736 ) ;
#564 = AXIS2_PLACEMENT_3D ( 'NONE', #2603, #175, #2869 ) ;
#565 = DIRECTION ( 'NONE',  ( 0.000000000000000000, 1.000000000000000000, -5.782411586589425875E-15 ) ) ;
#566 = ADVANCED_FACE ( 'NONE', ( #1284 ), #418, .F. ) ;
#567 = CIRCLE ( 'NONE', #345, 0.7365999999999970349 ) ;
#568 = ORIENTED_EDGE ( 'NONE', *, *, #1501, .T. ) ;
#569 = FACE_BOUND ( 'NONE', #2667, .T. ) ;
#570 = VECTOR ( 'NONE', #618, 1000.000000000000000 ) ;
#571 = DIRECTION ( 'NONE',  ( 1.000000000000000000, 0.000000000000000000, 0.000000000000000000 ) ) ;
#572 = CIRCLE ( 'NONE', #1308, 1.199999999999992628 ) ;
#573 = ORIENTED_EDGE ( 'NONE', *, *, #3369, .T. ) ;
#574 = DIRECTION ( 'NONE',  ( -0.000000000000000000, 1.000000000000000000, -0.000000000000000000 ) ) ;
#575 = FACE_OUTER_BOUND ( 'NONE', #2274, .T. ) ;
#576 = AXIS2_PLACEMENT_3D ( 'NONE', #1027, #3143, #481 ) ;
#577 = DIRECTION ( 'NONE',  ( 1.000000000000000000, 0.000000000000000000, 0.000000000000000000 ) ) ;
#578 = CIRCLE ( 'NONE', #984, 0.7365999999999970349 ) ;
#579 = CARTESIAN_POINT ( 'NONE',  ( -27.49999999999998934, 40.99999999999999289, 44.10000000000012221 ) ) ;
#580 = CARTESIAN_POINT ( 'NONE',  ( 0.000000000000000000, 40.99999999999999289, -44.10000000000013642 ) ) ;
#581 = CARTESIAN_POINT ( 'NONE',  ( 0.000000000000000000, 0.000000000000000000, 37.10000000000000142 ) ) ;
#582 = EDGE_LOOP ( 'NONE', ( #18, #3007, #3156, #3075, #2139, #1326 ) ) ;
#583 = DATE_AND_TIME ( #2243, #75 ) ;
#584 = CARTESIAN_POINT ( 'NONE',  ( -54.99999999999995737, 40.99999999999999289, 44.10000000000013642 ) ) ;
#585 = ADVANCED_FACE ( 'NONE', ( #2037 ), #727, .F. ) ;
#586 = FACE_OUTER_BOUND ( 'NONE', #2450, .T. ) ;
#587 = ADVANCED_FACE ( 'NONE', ( #2939 ), #478, .F. ) ;
#588 = DIRECTION ( 'NONE',  ( 0.000000000000000000, 0.000000000000000000, 1.000000000000000000 ) ) ;
#589 = EDGE_LOOP ( 'NONE', ( #380, #1112 ) ) ;
#590 = ORIENTED_EDGE ( 'NONE', *, *, #509, .F. ) ;
#591 = DIRECTION ( 'NONE',  ( -1.000000000000000000, 0.000000000000000000, 0.000000000000000000 ) ) ;
#592 = EDGE_CURVE ( 'NONE', #404, #1405, #1945, .T. ) ;
#593 = VECTOR ( 'NONE', #2097, 1000.000000000000000 ) ;
#594 = CARTESIAN_POINT ( 'NONE',  ( 27.50000000000001066, 40.99999999999999289, 45.80000000000011795 ) ) ;
#595 = CARTESIAN_POINT ( 'NONE',  ( -54.99999999999987210, 26.79999999999990479, -35.10000000000008669 ) ) ;
#596 = ORIENTED_EDGE ( 'NONE', *, *, #1033, .F. ) ;
#597 = ORIENTED_EDGE ( 'NONE', *, *, #1267, .T. ) ;
#598 = DIRECTION ( 'NONE',  ( 0.000000000000000000, 0.000000000000000000, 1.000000000000000000 ) ) ;
#599 = FACE_OUTER_BOUND ( 'NONE', #1446, .T. ) ;
#600 = DIRECTION ( 'NONE',  ( 1.000000000000000000, 0.000000000000000000, 0.000000000000000000 ) ) ;
#601 = ORIENTED_EDGE ( 'NONE', *, *, #3028, .F. ) ;
#602 = PLANE ( 'NONE',  #2511 ) ;
#603 = ORIENTED_EDGE ( 'NONE', *, *, #1857, .T. ) ;
#604 = ORIENTED_EDGE ( 'NONE', *, *, #2096, .F. ) ;
#605 = DIRECTION ( 'NONE',  ( -1.000000000000000000, 0.000000000000000000, -0.000000000000000000 ) ) ;
#606 = EDGE_CURVE ( 'NONE', #2001, #2686, #2628, .T. ) ;
#607 = DIRECTION ( 'NONE',  ( 0.000000000000000000, -1.000000000000000000, 3.469446951953611033E-15 ) ) ;
#608 = EDGE_LOOP ( 'NONE', ( #1268, #928 ) ) ;
#609 = ORIENTED_EDGE ( 'NONE', *, *, #1727, .F. ) ;
#610 = ADVANCED_FACE ( 'NONE', ( #687 ), #163, .F. ) ;
#611 = CYLINDRICAL_SURFACE ( 'NONE', #1352, 0.8000000000000020428 ) ;
#612 = DIRECTION ( 'NONE',  ( -0.000000000000000000, 6.258627047520347716E-17, 1.000000000000000000 ) ) ;
#613 = CARTESIAN_POINT ( 'NONE',  ( 54.99999999999998579, 39.00000000000002132, 44.10000000000012221 ) ) ;
#614 = EDGE_LOOP ( 'NONE', ( #1219, #2440, #1957, #78 ) ) ;
#615 = EDGE_CURVE ( 'NONE', #82, #867, #2648, .T. ) ;
#616 = ORIENTED_EDGE ( 'NONE', *, *, #664, .F. ) ;
#617 = DIRECTION ( 'NONE',  ( -9.912705577010312730E-16, 0.000000000000000000, -1.000000000000000000 ) ) ;
#618 = DIRECTION ( 'NONE',  ( -0.000000000000000000, 1.000000000000000000, -0.000000000000000000 ) ) ;
#619 = LINE ( 'NONE', #1433, #3165 ) ;
#620 = FACE_OUTER_BOUND ( 'NONE', #2915, .T. ) ;
#621 = AXIS2_PLACEMENT_3D ( 'NONE', #2842, #3370, #899 ) ;
#622 = CARTESIAN_POINT ( 'NONE',  ( -54.99999999999987210, 25.19999999999989981, -35.10000000000008669 ) ) ;
#623 = CARTESIAN_POINT ( 'NONE',  ( 53.29999999999981952, 24.74999999999980460, 37.10000000000000142 ) ) ;
#624 = ORIENTED_EDGE ( 'NONE', *, *, #2403, .F. ) ;
#625 = CARTESIAN_POINT ( 'NONE',  ( 64.99999999999997158, 38.26339999999999719, -37.83660000000013923 ) ) ;
#626 = AXIS2_PLACEMENT_3D ( 'NONE', #2751, #2481, #1725 ) ;
#627 = ORIENTED_EDGE ( 'NONE', *, *, #2302, .T. ) ;
#628 = ORIENTED_EDGE ( 'NONE', *, *, #183, .F. ) ;
#629 = AXIS2_PLACEMENT_3D ( 'NONE', #2350, #2571, #3155 ) ;
#630 = CARTESIAN_POINT ( 'NONE',  ( -52.49999999999987921, 25.54999999999989768, -37.10000000000008669 ) ) ;
#631 = CARTESIAN_POINT ( 'NONE',  ( 52.49999999999982236, 24.74999999999980460, 35.10000000000000142 ) ) ;
#632 = DIRECTION ( 'NONE',  ( -1.000000000000000000, -0.000000000000000000, -0.000000000000000000 ) ) ;
#633 = AXIS2_PLACEMENT_3D ( 'NONE', #2184, #3335, #1662 ) ;
#634 = ORIENTED_EDGE ( 'NONE', *, *, #2267, .F. ) ;
#635 = VERTEX_POINT ( 'NONE', #1235 ) ;
#636 = EDGE_CURVE ( 'NONE', #2237, #2611, #477, .T. ) ;
#637 = FACE_OUTER_BOUND ( 'NONE', #1664, .T. ) ;
#638 = FACE_BOUND ( 'NONE', #1245, .T. ) ;
#639 = CARTESIAN_POINT ( 'NONE',  ( 65.00000000000002842, -2.000000000000000000, -37.10000000000000142 ) ) ;
#640 = VECTOR ( 'NONE', #680, 1000.000000000000000 ) ;
#641 = DIRECTION ( 'NONE',  ( -0.000000000000000000, 1.000000000000000000, -0.000000000000000000 ) ) ;
#642 = AXIS2_PLACEMENT_3D ( 'NONE', #3020, #555, #2711 ) ;
#643 = CARTESIAN_POINT ( 'NONE',  ( -0.02527559055300835494, 5.000000000000000000, -4.869999999999908624 ) ) ;
#644 = APPROVAL_PERSON_ORGANIZATION ( #3240, #508, #471 ) ;
#645 = CYLINDRICAL_SURFACE ( 'NONE', #2293, 1.699999999999993072 ) ;
#646 = DIRECTION ( 'NONE',  ( 1.000000000000000000, 0.000000000000000000, 0.000000000000000000 ) ) ;
#647 = EDGE_LOOP ( 'NONE', ( #1161, #1657, #374, #706 ) ) ;
#648 = EDGE_LOOP ( 'NONE', ( #3117, #1832, #2104, #2651 ) ) ;
#649 = DIRECTION ( 'NONE',  ( -0.000000000000000000, 1.000000000000000000, -3.469446951953611033E-15 ) ) ;
#650 = CARTESIAN_POINT ( 'NONE',  ( 64.99999999999985789, 40.89900239793486492, 37.10000000000000142 ) ) ;
#651 = CARTESIAN_POINT ( 'NONE',  ( 54.99999999999982236, 25.99999999999980460, 35.10000000000000142 ) ) ;
#652 = EDGE_LOOP ( 'NONE', ( #189, #1803, #1120, #3196 ) ) ;
#653 = VERTEX_POINT ( 'NONE', #3207 ) ;
#654 = DIRECTION ( 'NONE',  ( 0.000000000000000000, 3.554067609318336832E-15, 1.000000000000000000 ) ) ;
#655 = VECTOR ( 'NONE', #444, 1000.000000000000000 ) ;
#656 = FACE_OUTER_BOUND ( 'NONE', #614, .T. ) ;
#657 = ADVANCED_FACE ( 'NONE', ( #1848, #3439, #763, #2056, #188, #3179, #2074, #1270, #2370 ), #2090, .F. ) ;
#658 = CARTESIAN_POINT ( 'NONE',  ( -61.63325188851067082, 14.19926699659695224, 35.10000000000000142 ) ) ;
#659 = CYLINDRICAL_SURFACE ( 'NONE', #2106, 1.749999999999994671 ) ;
#660 = ADVANCED_FACE ( 'NONE', ( #1332 ), #1587, .T. ) ;
#661 = EDGE_CURVE ( 'NONE', #1218, #963, #2230, .T. ) ;
#662 = DIRECTION ( 'NONE',  ( -1.000000000000000000, -0.000000000000000000, -0.000000000000000000 ) ) ;
#663 = CIRCLE ( 'NONE', #1617, 0.8000000000000020428 ) ;
#664 = EDGE_CURVE ( 'NONE', #3492, #438, #1087, .T. ) ;
#665 = EDGE_CURVE ( 'NONE', #1175, #635, #2470, .T. ) ;
#666 = DIRECTION ( 'NONE',  ( 0.000000000000000000, 0.000000000000000000, 1.000000000000000000 ) ) ;
#667 = ORIENTED_EDGE ( 'NONE', *, *, #1083, .T. ) ;
#668 = ORIENTED_EDGE ( 'NONE', *, *, #1025, .T. ) ;
#669 = DIRECTION ( 'NONE',  ( -0.000000000000000000, 1.000000000000000000, -0.000000000000000000 ) ) ;
#670 = DIRECTION ( 'NONE',  ( -0.000000000000000000, -3.469446951953613400E-15, -1.000000000000000000 ) ) ;
#671 = ORIENTED_EDGE ( 'NONE', *, *, #748, .T. ) ;
#672 = ORIENTED_EDGE ( 'NONE', *, *, #1486, .T. ) ;
#673 = DIRECTION ( 'NONE',  ( 1.000000000000000000, -0.000000000000000000, -0.000000000000000000 ) ) ;
#674 = CARTESIAN_POINT ( 'NONE',  ( 54.99999999999997158, 38.99999999999999289, -44.10000000000014353 ) ) ;
#675 = CARTESIAN_POINT ( 'NONE',  ( 27.50000000000000000, 40.99999999999999289, -44.10000000000013642 ) ) ;
#676 = DIRECTION ( 'NONE',  ( -1.000000000000000000, -0.000000000000000000, -0.000000000000000000 ) ) ;
#677 = VERTEX_POINT ( 'NONE', #2126 ) ;
#678 = CARTESIAN_POINT ( 'NONE',  ( -65.00000000000000000, 40.96642402337145938, 37.34123893249165604 ) ) ;
#679 = EDGE_LOOP ( 'NONE', ( #3290, #46, #3377, #3246 ) ) ;
#680 = DIRECTION ( 'NONE',  ( -0.000000000000000000, -3.554067609318336832E-15, -1.000000000000000000 ) ) ;
#681 = ADVANCED_FACE ( 'NONE', ( #2692 ), #3005, .F. ) ;
#682 = AXIS2_PLACEMENT_3D ( 'NONE', #3540, #1073, #7 ) ;
#683 = ADVANCED_FACE ( 'NONE', ( #525 ), #2141, .F. ) ;
#684 = ORIENTED_EDGE ( 'NONE', *, *, #395, .F. ) ;
#685 = VERTEX_POINT ( 'NONE', #3521 ) ;
#686 = VECTOR ( 'NONE', #3318, 1000.000000000000000 ) ;
#687 = FACE_OUTER_BOUND ( 'NONE', #3022, .T. ) ;
#688 = ORIENTED_EDGE ( 'NONE', *, *, #615, .F. ) ;
#689 = AXIS2_PLACEMENT_3D ( 'NONE', #2699, #646, #342 ) ;
#690 = ORIENTED_EDGE ( 'NONE', *, *, #1631, .F. ) ;
#691 = DIRECTION ( 'NONE',  ( -0.000000000000000000, -0.000000000000000000, 1.000000000000000000 ) ) ;
#692 = LINE ( 'NONE', #154, #2873 ) ;
#693 = VECTOR ( 'NONE', #1483, 1000.000000000000000 ) ;
#694 = DIRECTION ( 'NONE',  ( -1.000000000000000000, 0.000000000000000000, 0.000000000000000000 ) ) ;
#695 = DIRECTION ( 'NONE',  ( -0.000000000000000000, -3.469446951953613400E-15, -1.000000000000000000 ) ) ;
#696 = CIRCLE ( 'NONE', #1199, 3.849999999999999201 ) ;
#697 = VERTEX_POINT ( 'NONE', #805 ) ;
#698 = CARTESIAN_POINT ( 'NONE',  ( -0.02527559055300835494, 5.000000000000000000, -4.869999999999908624 ) ) ;
#699 = VECTOR ( 'NONE', #2022, 1000.000000000000000 ) ;
#700 = ORIENTED_EDGE ( 'NONE', *, *, #1202, .T. ) ;
#701 = CIRCLE ( 'NONE', #3511, 0.8000000000000020428 ) ;
#702 = PLANE ( 'NONE',  #1142 ) ;
#703 = CIRCLE ( 'NONE', #986, 1.699999999999993072 ) ;
#704 = EDGE_CURVE ( 'NONE', #2142, #1940, #2432, .T. ) ;
#705 = LOCAL_TIME ( 10, 32, 30.00000000000000000, #3000 ) ;
#706 = ORIENTED_EDGE ( 'NONE', *, *, #1178, .F. ) ;
#707 = ORIENTED_EDGE ( 'NONE', *, *, #3316, .F. ) ;
#708 = EDGE_CURVE ( 'NONE', #392, #968, #546, .T. ) ;
#709 = CARTESIAN_POINT ( 'NONE',  ( 48.36674811148873232, 29.00073300340251947, -37.10000000000010800 ) ) ;
#710 = VERTEX_POINT ( 'NONE', #3507 ) ;
#711 = VERTEX_POINT ( 'NONE', #2971 ) ;
#712 = EDGE_CURVE ( 'NONE', #1341, #2498, #3017, .T. ) ;
#713 = DIRECTION ( 'NONE',  ( -0.000000000000000000, 1.000000000000000000, -0.000000000000000000 ) ) ;
#714 = DIRECTION ( 'NONE',  ( -7.536132396315240346E-14, -1.000000000000000000, 0.000000000000000000 ) ) ;
#715 = DIRECTION ( 'NONE',  ( 0.000000000000000000, -1.000000000000000000, 0.000000000000000000 ) ) ;
#716 = PLANE ( 'NONE',  #1193 ) ;
#717 = EDGE_LOOP ( 'NONE', ( #872, #1293, #688, #627 ) ) ;
#718 = CIRCLE ( 'NONE', #3191, 0.8000000000000020428 ) ;
#719 = CARTESIAN_POINT ( 'NONE',  ( 55.00000000000003553, 20.99999999999985079, -37.10000000000007248 ) ) ;
#720 = ORIENTED_EDGE ( 'NONE', *, *, #182, .F. ) ;
#721 = DIRECTION ( 'NONE',  ( -0.000000000000000000, 1.000000000000000000, -0.000000000000000000 ) ) ;
#722 = VECTOR ( 'NONE', #839, 1000.000000000000000 ) ;
#723 = CARTESIAN_POINT ( 'NONE',  ( 54.99999999999996447, 40.99999999999999289, -37.10000000000014353 ) ) ;
#724 = EDGE_LOOP ( 'NONE', ( #933, #1231, #1109, #356 ) ) ;
#725 = ORIENTED_EDGE ( 'NONE', *, *, #20, .F. ) ;
#726 = EDGE_CURVE ( 'NONE', #2306, #2124, #2473, .T. ) ;
#727 = PLANE ( 'NONE',  #132 ) ;
#728 = FACE_OUTER_BOUND ( 'NONE', #2072, .T. ) ;
#729 = EDGE_LOOP ( 'NONE', ( #1019, #1950, #2351, #160 ) ) ;
#730 = EDGE_LOOP ( 'NONE', ( #1793, #2328 ) ) ;
#731 = DIRECTION ( 'NONE',  ( -1.000000000000000000, 0.000000000000000000, 0.000000000000000000 ) ) ;
#732 = EDGE_CURVE ( 'NONE', #1712, #2195, #2613, .T. ) ;
#733 = CARTESIAN_POINT ( 'NONE',  ( 54.99999999999997158, 40.99999999999999289, -45.80000000000013927 ) ) ;
#734 = CARTESIAN_POINT ( 'NONE',  ( -57.49999999999987921, 17.24999999999989697, -37.10000000000006537 ) ) ;
#735 = EDGE_LOOP ( 'NONE', ( #2191, #2859, #550, #3203 ) ) ;
#736 = DIRECTION ( 'NONE',  ( -0.000000000000000000, 1.000000000000000000, -0.000000000000000000 ) ) ;
#737 = ORIENTED_EDGE ( 'NONE', *, *, #460, .F. ) ;
#738 = CARTESIAN_POINT ( 'NONE',  ( 54.99999999999997158, 40.99999999999999289, -44.10000000000014353 ) ) ;
#739 = ORIENTED_EDGE ( 'NONE', *, *, #489, .T. ) ;
#740 = AXIS2_PLACEMENT_3D ( 'NONE', #2460, #11, #1092 ) ;
#741 = CARTESIAN_POINT ( 'NONE',  ( 0.000000000000000000, -1.388388709833965602E-13, -37.10000000000000142 ) ) ;
#742 = ORIENTED_EDGE ( 'NONE', *, *, #2390, .F. ) ;
#743 = ORIENTED_EDGE ( 'NONE', *, *, #214, .F. ) ;
#744 = CIRCLE ( 'NONE', #2741, 0.7999999999999882760 ) ;
#745 = CARTESIAN_POINT ( 'NONE',  ( 54.19999999999982521, 15.99999999999980638, 35.10000000000000142 ) ) ;
#746 = CARTESIAN_POINT ( 'NONE',  ( 54.99999999999996447, 38.99999999999999289, -47.10000000000015064 ) ) ;
#747 = CIRCLE ( 'NONE', #626, 0.8000000000000020428 ) ;
#748 = EDGE_CURVE ( 'NONE', #2053, #2424, #2726, .T. ) ;
#749 = ADVANCED_FACE ( 'NONE', ( #3244 ), #249, .F. ) ;
#750 = AXIS2_PLACEMENT_3D ( 'NONE', #651, #971, #1465 ) ;
#751 = ADVANCED_FACE ( 'NONE', ( #835, #263, #1057, #777, #1316, #1877 ), #2985, .T. ) ;
#752 = FACE_OUTER_BOUND ( 'NONE', #1260, .T. ) ;
#753 = CIRCLE ( 'NONE', #1835, 2.736599999999998811 ) ;
#754 = ORIENTED_EDGE ( 'NONE', *, *, #3534, .T. ) ;
#755 = EDGE_CURVE ( 'NONE', #3181, #3278, #3292, .T. ) ;
#756 = AXIS2_PLACEMENT_3D ( 'NONE', #1101, #2765, #56 ) ;
#757 = CIRCLE ( 'NONE', #2754, 10.00000000000000178 ) ;
#758 = DIRECTION ( 'NONE',  ( -0.000000000000000000, 1.000000000000000000, -0.000000000000000000 ) ) ;
#759 = VERTEX_POINT ( 'NONE', #3167 ) ;
#760 = CIRCLE ( 'NONE', #185, 0.7999999999999882760 ) ;
#761 = ORIENTED_EDGE ( 'NONE', *, *, #3076, .T. ) ;
#762 = DIRECTION ( 'NONE',  ( -0.000000000000000000, -1.000000000000000000, -0.000000000000000000 ) ) ;
#763 = FACE_BOUND ( 'NONE', #9, .T. ) ;
#764 = ORIENTED_EDGE ( 'NONE', *, *, #1672, .T. ) ;
#765 = VERTEX_POINT ( 'NONE', #3365 ) ;
#766 = DIRECTION ( 'NONE',  ( 0.000000000000000000, 1.000000000000000000, 0.000000000000000000 ) ) ;
#767 = FACE_BOUND ( 'NONE', #246, .T. ) ;
#768 = CARTESIAN_POINT ( 'NONE',  ( 55.00000000000003553, 20.99999999999985789, -35.10000000000007248 ) ) ;
#769 = ADVANCED_FACE ( 'NONE', ( #1961 ), #1419, .F. ) ;
#770 = DIRECTION ( 'NONE',  ( -0.000000000000000000, 1.000000000000000000, -0.000000000000000000 ) ) ;
#771 = DIRECTION ( 'NONE',  ( 1.000000000000000000, 0.000000000000000000, 0.000000000000000000 ) ) ;
#772 = CIRCLE ( 'NONE', #3133, 1.700000000000000178 ) ;
#773 = EDGE_CURVE ( 'NONE', #2026, #3094, #375, .T. ) ;
#774 = ORIENTED_EDGE ( 'NONE', *, *, #1033, .T. ) ;
#775 = CARTESIAN_POINT ( 'NONE',  ( -64.99999999999998579, 0.000000000000000000, 35.10000000000000142 ) ) ;
#776 = AXIS2_PLACEMENT_3D ( 'NONE', #781, #2180, #559 ) ;
#777 = FACE_BOUND ( 'NONE', #3453, .T. ) ;
#778 = VERTEX_POINT ( 'NONE', #1978 ) ;
#779 = DIRECTION ( 'NONE',  ( -0.000000000000000000, -3.554067609318336832E-15, -1.000000000000000000 ) ) ;
#780 = DIRECTION ( 'NONE',  ( -0.000000000000000000, 1.000000000000000000, -0.000000000000000000 ) ) ;
#781 = CARTESIAN_POINT ( 'NONE',  ( 55.00000000000003553, 20.99999999999985789, -35.10000000000007248 ) ) ;
#782 = DIRECTION ( 'NONE',  ( -1.000000000000000000, 0.000000000000000000, 0.000000000000000000 ) ) ;
#783 = DIRECTION ( 'NONE',  ( -0.000000000000000000, 1.000000000000000000, -0.000000000000000000 ) ) ;
#784 = ORIENTED_EDGE ( 'NONE', *, *, #43, .F. ) ;
#785 = PERSON_AND_ORGANIZATION_ROLE ( 'design_supplier' ) ;
#786 = ORIENTED_EDGE ( 'NONE', *, *, #258, .F. ) ;
#787 = CARTESIAN_POINT ( 'NONE',  ( -57.49999999999987921, 16.44999999999989626, -37.10000000000006537 ) ) ;
#788 = EDGE_CURVE ( 'NONE', #2424, #3267, #2837, .T. ) ;
#789 = DIRECTION ( 'NONE',  ( -0.000000000000000000, -0.000000000000000000, 1.000000000000000000 ) ) ;
#790 = EDGE_LOOP ( 'NONE', ( #1980, #3303, #3128, #901, #921, #1878 ) ) ;
#791 = CARTESIAN_POINT ( 'NONE',  ( 0.000000000000000000, 41.00000000000003553, 47.10000000000000142 ) ) ;
#792 = FACE_BOUND ( 'NONE', #195, .T. ) ;
#793 = LINE ( 'NONE', #3526, #1056 ) ;
#794 = CARTESIAN_POINT ( 'NONE',  ( -64.99963495539775238, 38.63462934758500467, -37.19310008503780551 ) ) ;
#795 = AXIS2_PLACEMENT_3D ( 'NONE', #698, #947, #1782 ) ;
#796 = LINE ( 'NONE', #2704, #2394 ) ;
#797 = EDGE_LOOP ( 'NONE', ( #2658, #2525, #413 ) ) ;
#798 = AXIS2_PLACEMENT_3D ( 'NONE', #738, #2935, #227 ) ;
#799 = PERSON_AND_ORGANIZATION ( #2732, #2066 ) ;
#800 = AXIS2_PLACEMENT_3D ( 'NONE', #363, #3088, #1440 ) ;
#801 = VERTEX_POINT ( 'NONE', #3073 ) ;
#802 = AXIS2_PLACEMENT_3D ( 'NONE', #674, #2013, #955 ) ;
#803 = CARTESIAN_POINT ( 'NONE',  ( -48.36674811149043052, 27.80073300340330533, 37.10000000000000142 ) ) ;
#804 = EDGE_CURVE ( 'NONE', #832, #2345, #2892, .T. ) ;
#805 = CARTESIAN_POINT ( 'NONE',  ( -55.00000000000000000, 40.99999999999999289, -47.10000000000015064 ) ) ;
#806 = AXIS2_PLACEMENT_3D ( 'NONE', #1044, #2682, #766 ) ;
#807 = EDGE_CURVE ( 'NONE', #3053, #2896, #1821, .T. ) ;
#808 = ORIENTED_EDGE ( 'NONE', *, *, #399, .F. ) ;
#809 = DIRECTION ( 'NONE',  ( -0.000000000000000000, -3.469446951953613400E-15, -1.000000000000000000 ) ) ;
#810 = AXIS2_PLACEMENT_3D ( 'NONE', #625, #605, #1709 ) ;
#811 = AXIS2_PLACEMENT_3D ( 'NONE', #2455, #2416, #1923 ) ;
#812 = CARTESIAN_POINT ( 'NONE',  ( 64.99999999999997158, 38.26339999999999719, -37.10000000000013642 ) ) ;
#813 = FACE_OUTER_BOUND ( 'NONE', #283, .T. ) ;
#814 = DIRECTION ( 'NONE',  ( 0.000000000000000000, 0.000000000000000000, -1.000000000000000000 ) ) ;
#815 = EDGE_CURVE ( 'NONE', #433, #2564, #49, .T. ) ;
#816 = EDGE_CURVE ( 'NONE', #2686, #3208, #2861, .T. ) ;
#817 = CARTESIAN_POINT ( 'NONE',  ( -54.99999999999987921, 20.99999999999990052, 35.10000000000000142 ) ) ;
#818 = CARTESIAN_POINT ( 'NONE',  ( 54.99999999999982236, 15.99999999999980638, 37.10000000000000142 ) ) ;
#819 = VERTEX_POINT ( 'NONE', #1800 ) ;
#820 = ORIENTED_EDGE ( 'NONE', *, *, #1152, .T. ) ;
#821 = DIRECTION ( 'NONE',  ( -0.000000000000000000, 1.000000000000000000, -0.000000000000000000 ) ) ;
#822 = AXIS2_PLACEMENT_3D ( 'NONE', #658, #1207, #694 ) ;
#823 = DIRECTION ( 'NONE',  ( 0.000000000000000000, -1.000000000000000000, 3.554067609318336832E-15 ) ) ;
#824 = ORIENTED_EDGE ( 'NONE', *, *, #1573, .F. ) ;
#825 = EDGE_CURVE ( 'NONE', #2142, #1363, #299, .T. ) ;
#826 = CARTESIAN_POINT ( 'NONE',  ( 64.99128472477262619, 40.99999999999999289, -37.58679713089844654 ) ) ;
#827 = CARTESIAN_POINT ( 'NONE',  ( 48.36674811148873232, 26.60073300340254576, -37.10000000000009379 ) ) ;
#828 = DIRECTION ( 'NONE',  ( 0.000000000000000000, 1.000000000000000000, -5.782411586589392743E-15 ) ) ;
#829 = EDGE_CURVE ( 'NONE', #1253, #3149, #1075, .T. ) ;
#830 = LINE ( 'NONE', #14, #855 ) ;
#831 = DIRECTION ( 'NONE',  ( 1.000000000000000000, 0.000000000000000000, 0.000000000000000000 ) ) ;
#832 = VERTEX_POINT ( 'NONE', #1943 ) ;
#833 = ORIENTED_EDGE ( 'NONE', *, *, #3031, .F. ) ;
#834 = CARTESIAN_POINT ( 'NONE',  ( -27.49999999999998934, 39.00000000000001421, 42.40000000000013358 ) ) ;
#835 = FACE_BOUND ( 'NONE', #120, .T. ) ;
#836 = ORIENTED_EDGE ( 'NONE', *, *, #2475, .T. ) ;
#837 = DIRECTION ( 'NONE',  ( -0.000000000000000000, 1.000000000000000000, -0.000000000000000000 ) ) ;
#838 = DIRECTION ( 'NONE',  ( 0.000000000000000000, -4.081702296416033352E-15, -1.000000000000000000 ) ) ;
#839 = DIRECTION ( 'NONE',  ( -0.000000000000000000, -1.000000000000000000, -0.000000000000000000 ) ) ;
#840 = ORIENTED_EDGE ( 'NONE', *, *, #1701, .F. ) ;
#841 = CARTESIAN_POINT ( 'NONE',  ( -65.00000000000000000, 38.26339999999999719, -37.10000000000013642 ) ) ;
#842 = FACE_BOUND ( 'NONE', #851, .T. ) ;
#843 = ADVANCED_FACE ( 'NONE', ( #3057 ), #320, .F. ) ;
#844 = ORIENTED_EDGE ( 'NONE', *, *, #1547, .T. ) ;
#845 = AXIS2_PLACEMENT_3D ( 'NONE', #2624, #159, #1244 ) ;
#846 = ADVANCED_FACE ( 'NONE', ( #1349 ), #1908, .F. ) ;
#847 = AXIS2_PLACEMENT_3D ( 'NONE', #2569, #2292, #2023 ) ;
#848 = EDGE_CURVE ( 'NONE', #801, #1527, #2046, .T. ) ;
#849 = CARTESIAN_POINT ( 'NONE',  ( 64.99999999999994316, 39.00000000000000000, 37.10000000000000853 ) ) ;
#850 = AXIS2_PLACEMENT_3D ( 'NONE', #3498, #3544, #217 ) ;
#851 = EDGE_LOOP ( 'NONE', ( #1555, #3523 ) ) ;
#852 = EDGE_CURVE ( 'NONE', #1118, #1466, #250, .T. ) ;
#853 = ORIENTED_EDGE ( 'NONE', *, *, #545, .T. ) ;
#854 = LINE ( 'NONE', #1398, #2005 ) ;
#855 = VECTOR ( 'NONE', #85, 1000.000000000000000 ) ;
#856 = DIRECTION ( 'NONE',  ( 0.000000000000000000, -1.000000000000000000, 0.000000000000000000 ) ) ;
#857 = ORIENTED_EDGE ( 'NONE', *, *, #2071, .T. ) ;
#858 = CARTESIAN_POINT ( 'NONE',  ( 64.99999999999994316, 40.96642402337145938, 37.34123893249165604 ) ) ;
#859 = VECTOR ( 'NONE', #3247, 1000.000000000000000 ) ;
#860 = LINE ( 'NONE', #2533, #1783 ) ;
#861 = EDGE_LOOP ( 'NONE', ( #1904, #993, #2550, #1233 ) ) ;
#862 = ORIENTED_EDGE ( 'NONE', *, *, #2491, .F. ) ;
#863 = CIRCLE ( 'NONE', #2528, 1.199999999999992628 ) ;
#864 = DIRECTION ( 'NONE',  ( -3.384826294588891940E-16, 1.000000000000000000, -3.554067609318336832E-15 ) ) ;
#865 = FACE_OUTER_BOUND ( 'NONE', #3142, .T. ) ;
#866 = LINE ( 'NONE', #3353, #1884 ) ;
#867 = VERTEX_POINT ( 'NONE', #1620 ) ;
#868 = EDGE_CURVE ( 'NONE', #3071, #2360, #1297, .T. ) ;
#869 = DATE_AND_TIME ( #2774, #2122 ) ;
#870 = CARTESIAN_POINT ( 'NONE',  ( -57.00000000000201794, 5.000000000000000000, -6.869999999999896190 ) ) ;
#871 = CARTESIAN_POINT ( 'NONE',  ( -54.99999999999987921, 15.99999999999989697, -37.10000000000005826 ) ) ;
#872 = ORIENTED_EDGE ( 'NONE', *, *, #2151, .T. ) ;
#873 = ORIENTED_EDGE ( 'NONE', *, *, #1692, .T. ) ;
#874 = FACE_BOUND ( 'NONE', #2518, .T. ) ;
#875 = ORIENTED_EDGE ( 'NONE', *, *, #1552, .F. ) ;
#876 = ORIENTED_EDGE ( 'NONE', *, *, #815, .T. ) ;
#877 = VECTOR ( 'NONE', #1241, 1000.000000000000000 ) ;
#878 = DIRECTION ( 'NONE',  ( 0.000000000000000000, 3.469446951953613400E-15, 1.000000000000000000 ) ) ;
#879 = CARTESIAN_POINT ( 'NONE',  ( -65.00000000000000000, 40.99999999999999289, -47.10000000000015064 ) ) ;
#880 = ORIENTED_EDGE ( 'NONE', *, *, #1544, .F. ) ;
#881 = ORIENTED_EDGE ( 'NONE', *, *, #3151, .F. ) ;
#882 = CARTESIAN_POINT ( 'NONE',  ( -54.99999999999987921, 15.99999999999990408, -35.10000000000005826 ) ) ;
#883 = LINE ( 'NONE', #2812, #405 ) ;
#884 = ORIENTED_EDGE ( 'NONE', *, *, #3514, .T. ) ;
#885 = AXIS2_PLACEMENT_3D ( 'NONE', #1897, #1348, #6 ) ;
#886 = VECTOR ( 'NONE', #1217, 1000.000000000000000 ) ;
#887 = COORDINATED_UNIVERSAL_TIME_OFFSET ( 8, 0, .AHEAD. ) ;
#888 = LINE ( 'NONE', #849, #909 ) ;
#889 = DIRECTION ( 'NONE',  ( 0.000000000000000000, -1.000000000000000000, 6.258627047520347716E-17 ) ) ;
#890 = EDGE_LOOP ( 'NONE', ( #568, #2485, #2621, #1667 ) ) ;
#891 = CYLINDRICAL_SURFACE ( 'NONE', #3114, 0.7999999999999951594 ) ;
#892 = EDGE_CURVE ( 'NONE', #1998, #272, #2175, .T. ) ;
#893 = DIRECTION ( 'NONE',  ( -0.000000000000000000, 1.000000000000000000, -0.000000000000000000 ) ) ;
#894 = ORIENTED_EDGE ( 'NONE', *, *, #2220, .T. ) ;
#895 = VERTEX_POINT ( 'NONE', #3021 ) ;
#896 = ADVANCED_FACE ( 'NONE', ( #3006 ), #2743, .F. ) ;
#897 = CYLINDRICAL_SURFACE ( 'NONE', #924, 10.00000000000000178 ) ;
#898 = EDGE_CURVE ( 'NONE', #2367, #1499, #996, .T. ) ;
#899 = DIRECTION ( 'NONE',  ( 0.000000000000000000, 1.000000000000000000, 0.000000000000000000 ) ) ;
#900 = CARTESIAN_POINT ( 'NONE',  ( -62.83325188851065946, 14.19926699659695224, 35.10000000000000142 ) ) ;
#901 = ORIENTED_EDGE ( 'NONE', *, *, #1588, .F. ) ;
#902 = ORIENTED_EDGE ( 'NONE', *, *, #3429, .F. ) ;
#903 = FACE_OUTER_BOUND ( 'NONE', #790, .T. ) ;
#904 = DIRECTION ( 'NONE',  ( -0.000000000000000000, 1.000000000000000000, -0.000000000000000000 ) ) ;
#905 = CARTESIAN_POINT ( 'NONE',  ( -54.99999999999997158, 38.99999999999999289, -42.40000000000014069 ) ) ;
#906 = VERTEX_POINT ( 'NONE', #2419 ) ;
#907 = DIRECTION ( 'NONE',  ( 0.000000000000000000, 0.000000000000000000, 1.000000000000000000 ) ) ;
#908 = CARTESIAN_POINT ( 'NONE',  ( -48.36674811149043052, 27.80073300340330533, 35.10000000000000142 ) ) ;
#909 = VECTOR ( 'NONE', #1973, 1000.000000000000000 ) ;
#910 = ORIENTED_EDGE ( 'NONE', *, *, #962, .T. ) ;
#911 = DIRECTION ( 'NONE',  ( -0.000000000000000000, -0.000000000000000000, 1.000000000000000000 ) ) ;
#912 = AXIS2_PLACEMENT_3D ( 'NONE', #1700, #45, #312 ) ;
#913 = ORIENTED_EDGE ( 'NONE', *, *, #547, .F. ) ;
#914 = ORIENTED_EDGE ( 'NONE', *, *, #1645, .F. ) ;
#915 = DIRECTION ( 'NONE',  ( 0.000000000000000000, -1.000000000000000000, 3.469446951953611033E-15 ) ) ;
#916 = EDGE_CURVE ( 'NONE', #2158, #452, #3319, .T. ) ;
#917 = CARTESIAN_POINT ( 'NONE',  ( 55.79999999999980531, 15.99999999999980638, 37.10000000000000142 ) ) ;
#918 = EDGE_CURVE ( 'NONE', #272, #1975, #2187, .T. ) ;
#919 = CARTESIAN_POINT ( 'NONE',  ( -15.22999999999999332, 1.347111479062085841E-15, -21.08999999999999631 ) ) ;
#920 = CIRCLE ( 'NONE', #1888, 0.8000000000000020428 ) ;
#921 = ORIENTED_EDGE ( 'NONE', *, *, #2906, .F. ) ;
#922 = ORIENTED_EDGE ( 'NONE', *, *, #1324, .T. ) ;
#923 = CARTESIAN_POINT ( 'NONE',  ( 54.99999999999982236, 15.99999999999980638, 37.10000000000000142 ) ) ;
#924 = AXIS2_PLACEMENT_3D ( 'NONE', #2551, #3386, #878 ) ;
#925 = CARTESIAN_POINT ( 'NONE',  ( -47.16674811149043478, 27.80073300340330533, 37.10000000000000142 ) ) ;
#926 = EDGE_CURVE ( 'NONE', #1295, #778, #2925, .T. ) ;
#927 = ADVANCED_FACE ( 'NONE', ( #1812 ), #1290, .F. ) ;
#928 = ORIENTED_EDGE ( 'NONE', *, *, #2969, .F. ) ;
#929 = VECTOR ( 'NONE', #1889, 1000.000000000000000 ) ;
#930 = CARTESIAN_POINT ( 'NONE',  ( 65.00000000000000000, 0.7365999999999970349, 34.36340000000000572 ) ) ;
#931 = DIRECTION ( 'NONE',  ( -0.000000000000000000, -0.000000000000000000, -1.000000000000000000 ) ) ;
#932 = CARTESIAN_POINT ( 'NONE',  ( 54.99999999999982236, 15.99999999999980638, 37.10000000000000142 ) ) ;
#933 = ORIENTED_EDGE ( 'NONE', *, *, #1071, .T. ) ;
#934 = ORIENTED_EDGE ( 'NONE', *, *, #2950, .T. ) ;
#935 = CARTESIAN_POINT ( 'NONE',  ( 57.49999999999982236, 17.24999999999980815, 35.10000000000000142 ) ) ;
#936 = CARTESIAN_POINT ( 'NONE',  ( 54.99999999999998579, 40.99999999999999289, 42.40000000000012648 ) ) ;
#937 = EDGE_LOOP ( 'NONE', ( #2955, #934, #3436, #1369 ) ) ;
#938 = ORIENTED_EDGE ( 'NONE', *, *, #1919, .F. ) ;
#939 = CARTESIAN_POINT ( 'NONE',  ( -64.97283412275568537, 39.00000000000000000, 37.83660000000000423 ) ) ;
#940 = FACE_BOUND ( 'NONE', #2982, .T. ) ;
#941 = DIRECTION ( 'NONE',  ( -0.000000000000000000, 1.000000000000000000, -0.000000000000000000 ) ) ;
#942 = DIRECTION ( 'NONE',  ( 1.000000000000000000, 0.000000000000000000, 0.000000000000000000 ) ) ;
#943 = EDGE_CURVE ( 'NONE', #1730, #2564, #1538, .T. ) ;
#944 = ORIENTED_EDGE ( 'NONE', *, *, #2033, .F. ) ;
#945 = EDGE_CURVE ( 'NONE', #1842, #438, #3158, .T. ) ;
#946 = AXIS2_PLACEMENT_3D ( 'NONE', #719, #2780, #37 ) ;
#947 = DIRECTION ( 'NONE',  ( 0.000000000000000000, 0.000000000000000000, -1.000000000000000000 ) ) ;
#948 = VECTOR ( 'NONE', #2227, 1000.000000000000000 ) ;
#949 = DIRECTION ( 'NONE',  ( -0.000000000000000000, -0.000000000000000000, -1.000000000000000000 ) ) ;
#950 = VERTEX_POINT ( 'NONE', #2387 ) ;
#951 = VERTEX_POINT ( 'NONE', #3494 ) ;
#952 = DIRECTION ( 'NONE',  ( 0.000000000000000000, 0.000000000000000000, 1.000000000000000000 ) ) ;
#953 = ORIENTED_EDGE ( 'NONE', *, *, #773, .F. ) ;
#954 = CARTESIAN_POINT ( 'NONE',  ( 55.00000000000003553, 20.99999999999985079, -37.10000000000007248 ) ) ;
#955 = DIRECTION ( 'NONE',  ( 0.000000000000000000, 0.000000000000000000, -1.000000000000000000 ) ) ;
#956 = ORIENTED_EDGE ( 'NONE', *, *, #1607, .F. ) ;
#957 = DIRECTION ( 'NONE',  ( 1.734723475976793289E-15, 0.000000000000000000, -1.000000000000000000 ) ) ;
#958 = VERTEX_POINT ( 'NONE', #1852 ) ;
#959 = EDGE_CURVE ( 'NONE', #2312, #435, #1867, .T. ) ;
#960 = CARTESIAN_POINT ( 'NONE',  ( 65.00000000000000000, 38.26339999999999719, -35.10000000000013642 ) ) ;
#961 = CARTESIAN_POINT ( 'NONE',  ( 1.387778780781445676E-14, 39.00000000000002132, 44.10000000000012221 ) ) ;
#962 = EDGE_CURVE ( 'NONE', #1445, #2893, #3235, .T. ) ;
#963 = VERTEX_POINT ( 'NONE', #2697 ) ;
#964 = VECTOR ( 'NONE', #1302, 1000.000000000000000 ) ;
#965 = DIRECTION ( 'NONE',  ( 0.000000000000000000, 0.000000000000000000, 1.000000000000000000 ) ) ;
#966 = ADVANCED_FACE ( 'NONE', ( #767, #792, #2962, #3512, #3525, #1061 ), #2144, .T. ) ;
#967 = EDGE_LOOP ( 'NONE', ( #215, #3320, #1536, #2877 ) ) ;
#968 = VERTEX_POINT ( 'NONE', #2355 ) ;
#969 = CIRCLE ( 'NONE', #2865, 1.199999999999985745 ) ;
#970 = DIRECTION ( 'NONE',  ( -0.000000000000000000, -3.469446951953613400E-15, -1.000000000000000000 ) ) ;
#971 = DIRECTION ( 'NONE',  ( 0.000000000000000000, 0.000000000000000000, -1.000000000000000000 ) ) ;
#972 = ORIENTED_EDGE ( 'NONE', *, *, #2381, .T. ) ;
#973 = ORIENTED_EDGE ( 'NONE', *, *, #530, .F. ) ;
#974 = DIRECTION ( 'NONE',  ( -0.000000000000000000, -0.000000000000000000, 1.000000000000000000 ) ) ;
#975 = DIRECTION ( 'NONE',  ( -0.000000000000000000, -3.469446951953613400E-15, -1.000000000000000000 ) ) ;
#976 = AXIS2_PLACEMENT_3D ( 'NONE', #3440, #1518, #164 ) ;
#977 = CARTESIAN_POINT ( 'NONE',  ( -54.99999999999997158, 40.99999999999999289, -42.40000000000014069 ) ) ;
#978 = PLANE ( 'NONE',  #2399 ) ;
#979 = AXIS2_PLACEMENT_3D ( 'NONE', #882, #2214, #387 ) ;
#980 = ORIENTED_EDGE ( 'NONE', *, *, #1034, .F. ) ;
#981 = CARTESIAN_POINT ( 'NONE',  ( 27.50000000000001066, 40.99999999999999289, 42.40000000000012648 ) ) ;
#982 = EDGE_LOOP ( 'NONE', ( #2608, #562, #3449, #2383 ) ) ;
#983 = EDGE_CURVE ( 'NONE', #3109, #3119, #2978, .T. ) ;
#984 = AXIS2_PLACEMENT_3D ( 'NONE', #2527, #2778, #1381 ) ;
#985 = CARTESIAN_POINT ( 'NONE',  ( 1.974724409447001339, 0.000000000000000000, 0.1300000000000996470 ) ) ;
#986 = AXIS2_PLACEMENT_3D ( 'NONE', #2678, #3193, #1829 ) ;
#987 = SECURITY_CLASSIFICATION ( '', '', #1872 ) ;
#988 = DIRECTION ( 'NONE',  ( 0.000000000000000000, -1.000000000000000000, 0.000000000000000000 ) ) ;
#989 = ORIENTED_EDGE ( 'NONE', *, *, #2906, .T. ) ;
#990 = EDGE_CURVE ( 'NONE', #452, #2158, #336, .T. ) ;
#991 = DIRECTION ( 'NONE',  ( 0.000000000000000000, 0.000000000000000000, 1.000000000000000000 ) ) ;
#992 = CARTESIAN_POINT ( 'NONE',  ( 64.99999999999997158, 0.7365999999999919279, -34.36340000000000572 ) ) ;
#993 = ORIENTED_EDGE ( 'NONE', *, *, #121, .T. ) ;
#994 = EDGE_LOOP ( 'NONE', ( #980, #2966 ) ) ;
#995 = CARTESIAN_POINT ( 'NONE',  ( 1.974724409446994233, 5.000000000000000000, -6.869999999999910401 ) ) ;
#996 = LINE ( 'NONE', #2112, #3547 ) ;
#997 = DIRECTION ( 'NONE',  ( 1.000000000000000000, 0.000000000000000000, 0.000000000000000000 ) ) ;
#998 = LINE ( 'NONE', #2634, #2932 ) ;
#999 = VECTOR ( 'NONE', #25, 1000.000000000000000 ) ;
#1000 = CYLINDRICAL_SURFACE ( 'NONE', #1590, 1.199999999999992628 ) ;
#1001 = ORIENTED_EDGE ( 'NONE', *, *, #732, .F. ) ;
#1002 = LINE ( 'NONE', #1786, #3338 ) ;
#1003 = CARTESIAN_POINT ( 'NONE',  ( 1.387778780781445676E-14, 40.99999999999999289, 45.80000000000011795 ) ) ;
#1004 = EDGE_LOOP ( 'NONE', ( #784, #1054 ) ) ;
#1005 = DIRECTION ( 'NONE',  ( 1.000000000000000000, 0.000000000000000000, 0.000000000000000000 ) ) ;
#1006 = ORIENTED_EDGE ( 'NONE', *, *, #2117, .F. ) ;
#1007 = EDGE_CURVE ( 'NONE', #2760, #1445, #2977, .T. ) ;
#1008 = ORIENTED_EDGE ( 'NONE', *, *, #351, .F. ) ;
#1009 = DIRECTION ( 'NONE',  ( 0.000000000000000000, 1.000000000000000000, -3.965082230804126670E-15 ) ) ;
#1010 = DIRECTION ( 'NONE',  ( -0.000000000000000000, 1.000000000000000000, -0.000000000000000000 ) ) ;
#1011 = CARTESIAN_POINT ( 'NONE',  ( -64.99999999999992895, 0.7365999999999970349, 34.36340000000000572 ) ) ;
#1012 = FACE_OUTER_BOUND ( 'NONE', #1543, .T. ) ;
#1013 = CARTESIAN_POINT ( 'NONE',  ( 64.99999999999994316, 38.26340000000000430, 37.83660000000000423 ) ) ;
#1014 = ORIENTED_EDGE ( 'NONE', *, *, #3148, .F. ) ;
#1015 = DATE_AND_TIME ( #2967, #1372 ) ;
#1016 = CARTESIAN_POINT ( 'NONE',  ( -47.16674811149043478, 27.80073300340330533, 35.10000000000000142 ) ) ;
#1017 = DIRECTION ( 'NONE',  ( 0.000000000000000000, 1.000000000000000000, 0.000000000000000000 ) ) ;
#1018 = VERTEX_POINT ( 'NONE', #1623 ) ;
#1019 = ORIENTED_EDGE ( 'NONE', *, *, #276, .T. ) ;
#1020 = DIRECTION ( 'NONE',  ( 1.000000000000000000, 0.000000000000000000, 0.000000000000000000 ) ) ;
#1021 = CIRCLE ( 'NONE', #2449, 1.199999999999992628 ) ;
#1022 = CARTESIAN_POINT ( 'NONE',  ( -27.50000000000000000, 40.99999999999999289, -44.10000000000012932 ) ) ;
#1023 = ORIENTED_EDGE ( 'NONE', *, *, #3312, .T. ) ;
#1024 = ORIENTED_EDGE ( 'NONE', *, *, #545, .F. ) ;
#1025 = EDGE_CURVE ( 'NONE', #3094, #2026, #1021, .T. ) ;
#1026 = VECTOR ( 'NONE', #783, 1000.000000000000000 ) ;
#1027 = CARTESIAN_POINT ( 'NONE',  ( -54.99999999999995737, 40.99999999999999289, 44.10000000000013642 ) ) ;
#1028 = EDGE_CURVE ( 'NONE', #3109, #2092, #2193, .T. ) ;
#1029 = CARTESIAN_POINT ( 'NONE',  ( 64.97283412275562853, 39.00000000000000000, 37.83660000000000423 ) ) ;
#1030 = CARTESIAN_POINT ( 'NONE',  ( -54.99999999999995737, 39.00000000000002842, 45.80000000000013216 ) ) ;
#1031 = VECTOR ( 'NONE', #1509, 1000.000000000000000 ) ;
#1032 = DIRECTION ( 'NONE',  ( -0.000000000000000000, -1.000000000000000000, -0.000000000000000000 ) ) ;
#1033 = EDGE_CURVE ( 'NONE', #3537, #3332, #453, .T. ) ;
#1034 = EDGE_CURVE ( 'NONE', #541, #1089, #2276, .T. ) ;
#1035 = LINE ( 'NONE', #2118, #1766 ) ;
#1036 = ORIENTED_EDGE ( 'NONE', *, *, #755, .F. ) ;
#1037 = AXIS2_PLACEMENT_3D ( 'NONE', #2252, #3368, #3095 ) ;
#1038 = AXIS2_PLACEMENT_3D ( 'NONE', #2547, #2486, #1652 ) ;
#1039 = EDGE_LOOP ( 'NONE', ( #208, #2077 ) ) ;
#1040 = AXIS2_PLACEMENT_3D ( 'NONE', #3476, #1805, #1517 ) ;
#1041 = DIRECTION ( 'NONE',  ( 0.000000000000000000, 0.000000000000000000, 1.000000000000000000 ) ) ;
#1042 = CARTESIAN_POINT ( 'NONE',  ( -55.00000000000000000, 38.99999999999999289, -37.10000000000014353 ) ) ;
#1043 = ORIENTED_EDGE ( 'NONE', *, *, #815, .F. ) ;
#1044 = CARTESIAN_POINT ( 'NONE',  ( -52.49999999999987921, 24.74999999999989697, -37.10000000000008669 ) ) ;
#1045 = CARTESIAN_POINT ( 'NONE',  ( 27.50000000000001066, 40.99999999999999289, 45.80000000000011084 ) ) ;
#1046 = DIRECTION ( 'NONE',  ( 0.000000000000000000, 0.000000000000000000, 1.000000000000000000 ) ) ;
#1047 = FACE_OUTER_BOUND ( 'NONE', #982, .T. ) ;
#1048 = LINE ( 'NONE', #2134, #1994 ) ;
#1049 = VERTEX_POINT ( 'NONE', #1928 ) ;
#1050 = EDGE_CURVE ( 'NONE', #1788, #1688, #2161, .T. ) ;
#1051 = FACE_OUTER_BOUND ( 'NONE', #648, .T. ) ;
#1052 = CIRCLE ( 'NONE', #2245, 2.736599999999998811 ) ;
#1053 = LINE ( 'NONE', #1412, #1128 ) ;
#1054 = ORIENTED_EDGE ( 'NONE', *, *, #3030, .F. ) ;
#1055 = DIRECTION ( 'NONE',  ( -0.000000000000000000, -0.000000000000000000, 1.000000000000000000 ) ) ;
#1056 = VECTOR ( 'NONE', #543, 1000.000000000000000 ) ;
#1057 = FACE_BOUND ( 'NONE', #102, .T. ) ;
#1058 = PRODUCT_DEFINITION_SHAPE ( 'NONE', 'NONE',  #240 ) ;
#1059 = VERTEX_POINT ( 'NONE', #3010 ) ;
#1060 = DIRECTION ( 'NONE',  ( -1.000000000000000000, 0.000000000000000000, 0.000000000000000000 ) ) ;
#1061 = FACE_OUTER_BOUND ( 'NONE', #3342, .T. ) ;
#1062 = LINE ( 'NONE', #512, #722 ) ;
#1063 = CARTESIAN_POINT ( 'NONE',  ( -64.99999999999998579, 38.36072438170445764, -37.10000000000014353 ) ) ;
#1064 = FACE_OUTER_BOUND ( 'NONE', #2377, .T. ) ;
#1065 = ORIENTED_EDGE ( 'NONE', *, *, #788, .F. ) ;
#1066 = ADVANCED_FACE ( 'NONE', ( #575 ), #3078, .F. ) ;
#1067 = DIRECTION ( 'NONE',  ( 0.000000000000000000, 0.000000000000000000, 1.000000000000000000 ) ) ;
#1068 = ADVANCED_FACE ( 'NONE', ( #267 ), #611, .F. ) ;
#1069 = ORIENTED_EDGE ( 'NONE', *, *, #2155, .T. ) ;
#1070 = CARTESIAN_POINT ( 'NONE',  ( -62.00000000000201084, 5.000000000000000000, -4.869999999999908624 ) ) ;
#1071 = EDGE_CURVE ( 'NONE', #2043, #1263, #1586, .T. ) ;
#1072 = CARTESIAN_POINT ( 'NONE',  ( 55.00000000000003553, 17.14999999999985292, -37.10000000000005826 ) ) ;
#1073 = DIRECTION ( 'NONE',  ( -0.000000000000000000, -3.554067609318336832E-15, -1.000000000000000000 ) ) ;
#1074 = FACE_OUTER_BOUND ( 'NONE', #2392, .T. ) ;
#1075 = CIRCLE ( 'NONE', #1761, 0.8000000000000020428 ) ;
#1076 = DIRECTION ( 'NONE',  ( 0.000000000000000000, -1.000000000000000000, 0.000000000000000000 ) ) ;
#1077 = CARTESIAN_POINT ( 'NONE',  ( 54.99999999999982236, 20.99999999999980460, 35.10000000000000142 ) ) ;
#1078 = AXIS2_PLACEMENT_3D ( 'NONE', #376, #1647, #106 ) ;
#1079 = DIRECTION ( 'NONE',  ( 1.000000000000000000, 0.000000000000000000, 0.000000000000000000 ) ) ;
#1080 = ORIENTED_EDGE ( 'NONE', *, *, #3028, .T. ) ;
#1081 = CIRCLE ( 'NONE', #1936, 10.00000000000000178 ) ;
#1082 = VECTOR ( 'NONE', #2829, 1000.000000000000000 ) ;
#1083 = EDGE_CURVE ( 'NONE', #950, #2760, #1697, .T. ) ;
#1084 = ORIENTED_EDGE ( 'NONE', *, *, #487, .T. ) ;
#1085 = AXIS2_PLACEMENT_3D ( 'NONE', #2271, #649, #1387 ) ;
#1086 = CARTESIAN_POINT ( 'NONE',  ( 0.000000000000000000, 5.000000000000000000, 0.000000000000000000 ) ) ;
#1087 = LINE ( 'NONE', #506, #1723 ) ;
#1088 = VECTOR ( 'NONE', #1172, 1000.000000000000000 ) ;
#1089 = VERTEX_POINT ( 'NONE', #827 ) ;
#1090 = ADVANCED_FACE ( 'NONE', ( #1266 ), #2272, .F. ) ;
#1091 = DIRECTION ( 'NONE',  ( 1.000000000000000000, 0.000000000000000000, 0.000000000000000000 ) ) ;
#1092 = DIRECTION ( 'NONE',  ( 0.000000000000000000, 0.000000000000000000, -1.000000000000000000 ) ) ;
#1093 = CARTESIAN_POINT ( 'NONE',  ( -65.00000000000000000, 38.26340000000000430, 35.10000000000000853 ) ) ;
#1094 = CARTESIAN_POINT ( 'NONE',  ( 65.00000000000002842, -7.283475823891311906E-14, -37.10000000000000142 ) ) ;
#1095 = DIRECTION ( 'NONE',  ( 0.000000000000000000, 0.000000000000000000, -1.000000000000000000 ) ) ;
#1096 = ORIENTED_EDGE ( 'NONE', *, *, #2924, .F. ) ;
#1097 = ORIENTED_EDGE ( 'NONE', *, *, #70, .F. ) ;
#1098 = FACE_OUTER_BOUND ( 'NONE', #2573, .T. ) ;
#1099 = CARTESIAN_POINT ( 'NONE',  ( 54.99999999999982236, 20.99999999999980460, 37.10000000000000142 ) ) ;
#1100 = ORIENTED_EDGE ( 'NONE', *, *, #2015, .T. ) ;
#1101 = CARTESIAN_POINT ( 'NONE',  ( 1.387778780781445676E-14, 40.99999999999999289, 44.10000000000012221 ) ) ;
#1102 = EDGE_CURVE ( 'NONE', #2500, #1427, #1423, .T. ) ;
#1103 = EDGE_CURVE ( 'NONE', #2785, #3164, #1551, .T. ) ;
#1104 = PLANE ( 'NONE',  #1674 ) ;
#1105 = EDGE_LOOP ( 'NONE', ( #1248, #1183, #573, #3231 ) ) ;
#1106 = CARTESIAN_POINT ( 'NONE',  ( 54.99999999999982236, 25.99999999999980460, 37.10000000000000142 ) ) ;
#1107 = LINE ( 'NONE', #2198, #2341 ) ;
#1108 = ADVANCED_FACE ( 'NONE', ( #473 ), #115, .F. ) ;
#1109 = ORIENTED_EDGE ( 'NONE', *, *, #592, .T. ) ;
#1110 = DIRECTION ( 'NONE',  ( -1.000000000000000000, 0.000000000000000000, 0.000000000000000000 ) ) ;
#1111 = CARTESIAN_POINT ( 'NONE',  ( -54.99999999999987210, 25.19999999999989271, -37.10000000000009379 ) ) ;
#1112 = ORIENTED_EDGE ( 'NONE', *, *, #1391, .F. ) ;
#1113 = CARTESIAN_POINT ( 'NONE',  ( 57.49999999999982236, 17.24999999999980815, 37.10000000000000142 ) ) ;
#1114 = DIRECTION ( 'NONE',  ( -0.000000000000000000, -1.000000000000000000, -0.000000000000000000 ) ) ;
#1115 = ORIENTED_EDGE ( 'NONE', *, *, #2094, .T. ) ;
#1116 = DIRECTION ( 'NONE',  ( 6.938893903907227392E-16, -3.469446951953613400E-15, -1.000000000000000000 ) ) ;
#1117 = CARTESIAN_POINT ( 'NONE',  ( -54.99999999999987210, 25.99999999999990052, -35.10000000000008669 ) ) ;
#1118 = VERTEX_POINT ( 'NONE', #3388 ) ;
#1119 = ADVANCED_FACE ( 'NONE', ( #2643 ), #3222, .F. ) ;
#1120 = ORIENTED_EDGE ( 'NONE', *, *, #1671, .T. ) ;
#1121 = DIRECTION ( 'NONE',  ( 0.000000000000000000, 0.000000000000000000, 1.000000000000000000 ) ) ;
#1122 = CARTESIAN_POINT ( 'NONE',  ( 54.99999999999995026, 39.00000000000000000, 37.10000000000000853 ) ) ;
#1123 = EDGE_LOOP ( 'NONE', ( #538, #2488 ) ) ;
#1124 = AXIS2_PLACEMENT_3D ( 'NONE', #300, #3261, #1385 ) ;
#1125 = EDGE_CURVE ( 'NONE', #3273, #1194, #3215, .T. ) ;
#1126 = VECTOR ( 'NONE', #432, 1000.000000000000000 ) ;
#1127 = CARTESIAN_POINT ( 'NONE',  ( 61.63325188851047898, 15.39926699659764076, -37.10000000000005826 ) ) ;
#1128 = VECTOR ( 'NONE', #2519, 1000.000000000000000 ) ;
#1129 = EDGE_LOOP ( 'NONE', ( #910, #430, #475, #2153 ) ) ;
#1130 = VERTEX_POINT ( 'NONE', #3097 ) ;
#1131 = LINE ( 'NONE', #2202, #3178 ) ;
#1132 = AXIS2_PLACEMENT_3D ( 'NONE', #2103, #1554, #2662 ) ;
#1133 = ORIENTED_EDGE ( 'NONE', *, *, #3529, .F. ) ;
#1134 = CIRCLE ( 'NONE', #1938, 0.7999999999999882760 ) ;
#1135 = VERTEX_POINT ( 'NONE', #3407 ) ;
#1136 = CARTESIAN_POINT ( 'NONE',  ( 1.408597776366950461E-14, 39.00000000000001421, 42.40000000000013358 ) ) ;
#1137 = CARTESIAN_POINT ( 'NONE',  ( 48.36674811148873232, 27.80073300340253439, -37.10000000000010090 ) ) ;
#1138 = VECTOR ( 'NONE', #3348, 1000.000000000000000 ) ;
#1139 = LINE ( 'NONE', #2234, #1138 ) ;
#1140 = ORIENTED_EDGE ( 'NONE', *, *, #2138, .T. ) ;
#1141 = VERTEX_POINT ( 'NONE', #3121 ) ;
#1142 = AXIS2_PLACEMENT_3D ( 'NONE', #2034, #1529, #3150 ) ;
#1143 = AXIS2_PLACEMENT_3D ( 'NONE', #3154, #3461, #2664 ) ;
#1144 = CARTESIAN_POINT ( 'NONE',  ( -64.99999999999998579, 0.000000000000000000, 37.10000000000000142 ) ) ;
#1145 = FACE_BOUND ( 'NONE', #2650, .T. ) ;
#1146 = EDGE_LOOP ( 'NONE', ( #1513, #2171 ) ) ;
#1147 = DIRECTION ( 'NONE',  ( -0.000000000000000000, 1.000000000000000000, -0.000000000000000000 ) ) ;
#1148 = LINE ( 'NONE', #2756, #2280 ) ;
#1149 = EDGE_CURVE ( 'NONE', #2785, #3423, #3499, .T. ) ;
#1150 = CARTESIAN_POINT ( 'NONE',  ( 65.00000000000000000, 41.00000000000000000, 35.10000000000000142 ) ) ;
#1151 = VERTEX_POINT ( 'NONE', #917 ) ;
#1152 = EDGE_CURVE ( 'NONE', #1632, #3069, #457, .T. ) ;
#1153 = CYLINDRICAL_SURFACE ( 'NONE', #3046, 1.699999999999993072 ) ;
#1154 = PLANE ( 'NONE',  #810 ) ;
#1155 = VERTEX_POINT ( 'NONE', #1463 ) ;
#1156 = EDGE_LOOP ( 'NONE', ( #774, #1484, #1774, #1787 ) ) ;
#1157 = AXIS2_PLACEMENT_3D ( 'NONE', #3186, #1522, #1046 ) ;
#1158 = FACE_OUTER_BOUND ( 'NONE', #2471, .T. ) ;
#1159 = CYLINDRICAL_SURFACE ( 'NONE', #3184, 1.750000000000001554 ) ;
#1160 = CARTESIAN_POINT ( 'NONE',  ( 55.00000000000003553, 17.14999999999986002, -35.10000000000005826 ) ) ;
#1161 = ORIENTED_EDGE ( 'NONE', *, *, #530, .T. ) ;
#1162 = ORIENTED_EDGE ( 'NONE', *, *, #3534, .F. ) ;
#1163 = CARTESIAN_POINT ( 'NONE',  ( -65.00000000000000000, 38.26340000000000430, 37.10000000000000853 ) ) ;
#1164 = VECTOR ( 'NONE', #3139, 1000.000000000000000 ) ;
#1165 = LINE ( 'NONE', #2599, #2164 ) ;
#1166 = CARTESIAN_POINT ( 'NONE',  ( -64.00000000000201794, 0.000000000000000000, 0.1300000000000996470 ) ) ;
#1167 = ORIENTED_EDGE ( 'NONE', *, *, #829, .T. ) ;
#1168 = CYLINDRICAL_SURFACE ( 'NONE', #3040, 1.699999999999993072 ) ;
#1169 = DIRECTION ( 'NONE',  ( 0.000000000000000000, 1.000000000000000000, 0.000000000000000000 ) ) ;
#1170 = DIRECTION ( 'NONE',  ( -1.000000000000000000, 0.000000000000000000, 0.000000000000000000 ) ) ;
#1171 = ORIENTED_EDGE ( 'NONE', *, *, #2196, .T. ) ;
#1172 = DIRECTION ( 'NONE',  ( -0.000000000000000000, -3.554067609318336832E-15, -1.000000000000000000 ) ) ;
#1173 = EDGE_CURVE ( 'NONE', #3504, #3463, #1473, .T. ) ;
#1174 = EDGE_CURVE ( 'NONE', #1575, #2120, #2981, .T. ) ;
#1175 = VERTEX_POINT ( 'NONE', #1752 ) ;
#1176 = ORIENTED_EDGE ( 'NONE', *, *, #2717, .T. ) ;
#1177 = CARTESIAN_POINT ( 'NONE',  ( 65.00000000000000000, 0.7365999999999970349, 34.36340000000000572 ) ) ;
#1178 = EDGE_CURVE ( 'NONE', #2896, #2010, #2913, .T. ) ;
#1179 = EDGE_CURVE ( 'NONE', #2675, #2288, #220, .T. ) ;
#1180 = DIRECTION ( 'NONE',  ( -1.268516541808039202E-15, 0.000000000000000000, 1.000000000000000000 ) ) ;
#1181 = LINE ( 'NONE', #2008, #693 ) ;
#1182 = ORIENTED_EDGE ( 'NONE', *, *, #3316, .T. ) ;
#1183 = ORIENTED_EDGE ( 'NONE', *, *, #3108, .T. ) ;
#1184 = LINE ( 'NONE', #1452, #2113 ) ;
#1185 = DIRECTION ( 'NONE',  ( 0.000000000000000000, -3.469446951953613400E-15, -1.000000000000000000 ) ) ;
#1186 = ORIENTED_EDGE ( 'NONE', *, *, #829, .F. ) ;
#1187 = CYLINDRICAL_SURFACE ( 'NONE', #2159, 0.7999999999999951594 ) ;
#1188 = LINE ( 'NONE', #3087, #686 ) ;
#1189 = FACE_OUTER_BOUND ( 'NONE', #61, .T. ) ;
#1190 = AXIS2_PLACEMENT_3D ( 'NONE', #2637, #3132, #128 ) ;
#1191 = CARTESIAN_POINT ( 'NONE',  ( 54.99999999999997158, 40.99999999999999289, -44.10000000000014353 ) ) ;
#1192 = B_SPLINE_CURVE_WITH_KNOTS ( 'NONE', 3,
 ( #2713, #3009, #858, #3077 ),
 .UNSPECIFIED., .F., .F.,
 ( 4, 4 ),
 ( 0.000000000000000000, 0.0007439879437930140005 ),
 .UNSPECIFIED. ) ;
#1193 = AXIS2_PLACEMENT_3D ( 'NONE', #411, #193, #2923 ) ;
#1194 = VERTEX_POINT ( 'NONE', #225 ) ;
#1195 = ORIENTED_EDGE ( 'NONE', *, *, #1179, .F. ) ;
#1196 = AXIS2_PLACEMENT_3D ( 'NONE', #1426, #2534, #81 ) ;
#1197 = DIRECTION ( 'NONE',  ( 0.000000000000000000, 0.000000000000000000, -1.000000000000000000 ) ) ;
#1198 = CYLINDRICAL_SURFACE ( 'NONE', #239, 0.7365999999999970349 ) ;
#1199 = AXIS2_PLACEMENT_3D ( 'NONE', #1393, #332, #3285 ) ;
#1200 = FACE_OUTER_BOUND ( 'NONE', #2313, .T. ) ;
#1201 = ORIENTED_EDGE ( 'NONE', *, *, #2568, .T. ) ;
#1202 = EDGE_CURVE ( 'NONE', #3341, #3225, #520, .T. ) ;
#1203 = ORIENTED_EDGE ( 'NONE', *, *, #1103, .T. ) ;
#1204 = CARTESIAN_POINT ( 'NONE',  ( -27.50000000000000000, 40.99999999999999289, -42.40000000000013358 ) ) ;
#1205 = AXIS2_PLACEMENT_3D ( 'NONE', #527, #1690, #2801 ) ;
#1206 = CARTESIAN_POINT ( 'NONE',  ( 61.63325188851047898, 12.99926699659766882, -37.10000000000004405 ) ) ;
#1207 = DIRECTION ( 'NONE',  ( -0.000000000000000000, -0.000000000000000000, -1.000000000000000000 ) ) ;
#1208 = CARTESIAN_POINT ( 'NONE',  ( -57.49999999999987921, 18.04999999999990479, -35.10000000000005826 ) ) ;
#1209 = AXIS2_PLACEMENT_3D ( 'NONE', #1862, #492, #1571 ) ;
#1210 = AXIS2_PLACEMENT_3D ( 'NONE', #2899, #421, #952 ) ;
#1211 = ORIENTED_EDGE ( 'NONE', *, *, #1745, .T. ) ;
#1212 =( GEOMETRIC_REPRESENTATION_CONTEXT ( 3 ) GLOBAL_UNCERTAINTY_ASSIGNED_CONTEXT ( ( #486 ) ) GLOBAL_UNIT_ASSIGNED_CONTEXT ( ( #2706, #3518, #3533 ) ) REPRESENTATION_CONTEXT ( 'NONE', 'WORKASPACE' ) );
#1213 = DIRECTION ( 'NONE',  ( -0.000000000000000000, 1.000000000000000000, -0.000000000000000000 ) ) ;
#1214 = DIRECTION ( 'NONE',  ( 0.000000000000000000, 0.000000000000000000, 1.000000000000000000 ) ) ;
#1215 = ORIENTED_EDGE ( 'NONE', *, *, #234, .F. ) ;
#1216 = ORIENTED_EDGE ( 'NONE', *, *, #89, .F. ) ;
#1217 = DIRECTION ( 'NONE',  ( 1.000000000000000000, 0.000000000000000000, 0.000000000000000000 ) ) ;
#1218 = VERTEX_POINT ( 'NONE', #2444 ) ;
#1219 = ORIENTED_EDGE ( 'NONE', *, *, #2779, .F. ) ;
#1220 = EDGE_CURVE ( 'NONE', #1427, #1450, #3387, .T. ) ;
#1221 = CYLINDRICAL_SURFACE ( 'NONE', #2349, 0.7999999999999951594 ) ;
#1222 = CIRCLE ( 'NONE', #1734, 0.8000000000000020428 ) ;
#1223 = ADVANCED_FACE ( 'NONE', ( #2793 ), #602, .T. ) ;
#1224 = DIRECTION ( 'NONE',  ( 0.000000000000000000, 3.554067609318336832E-15, 1.000000000000000000 ) ) ;
#1225 = DIRECTION ( 'NONE',  ( -1.000000000000000000, 0.000000000000000000, 0.000000000000000000 ) ) ;
#1226 = CARTESIAN_POINT ( 'NONE',  ( 65.00000000000000000, 0.7365999999999970349, -35.10000000000000142 ) ) ;
#1227 = VERTEX_POINT ( 'NONE', #3357 ) ;
#1228 = ADVANCED_FACE ( 'NONE', ( #3378 ), #361, .F. ) ;
#1229 = FACE_OUTER_BOUND ( 'NONE', #2434, .T. ) ;
#1230 = DIRECTION ( 'NONE',  ( -1.000000000000000000, 0.000000000000000000, 0.000000000000000000 ) ) ;
#1231 = ORIENTED_EDGE ( 'NONE', *, *, #1814, .T. ) ;
#1232 = CARTESIAN_POINT ( 'NONE',  ( 65.00000000000000000, 0.7365999999999970349, 34.36340000000000572 ) ) ;
#1233 = ORIENTED_EDGE ( 'NONE', *, *, #2970, .T. ) ;
#1234 = EDGE_LOOP ( 'NONE', ( #3393, #2712, #1272, #1176 ) ) ;
#1235 = CARTESIAN_POINT ( 'NONE',  ( 54.19999999999983231, 25.99999999999980460, 37.10000000000000142 ) ) ;
#1236 = ORIENTED_EDGE ( 'NONE', *, *, #201, .T. ) ;
#1237 = ORIENTED_EDGE ( 'NONE', *, *, #2969, .T. ) ;
#1238 = DIRECTION ( 'NONE',  ( 1.000000000000000000, 0.000000000000000000, 0.000000000000000000 ) ) ;
#1239 = CARTESIAN_POINT ( 'NONE',  ( -64.99999999999997158, 0.7365999999999919279, -34.36340000000000572 ) ) ;
#1240 = ADVANCED_FACE ( 'NONE', ( #1456 ), #1995, .F. ) ;
#1241 = DIRECTION ( 'NONE',  ( -0.000000000000000000, -1.000000000000000000, 6.258627047520347716E-17 ) ) ;
#1242 = FACE_BOUND ( 'NONE', #3035, .T. ) ;
#1243 = DIRECTION ( 'NONE',  ( 0.000000000000000000, 0.000000000000000000, 1.000000000000000000 ) ) ;
#1244 = DIRECTION ( 'NONE',  ( 0.000000000000000000, 0.000000000000000000, 1.000000000000000000 ) ) ;
#1245 = EDGE_LOOP ( 'NONE', ( #1386, #2484 ) ) ;
#1246 = AXIS2_PLACEMENT_3D ( 'NONE', #253, #1353, #2436 ) ;
#1247 = PLANE ( 'NONE',  #1312 ) ;
#1248 = ORIENTED_EDGE ( 'NONE', *, *, #2950, .F. ) ;
#1249 = ORIENTED_EDGE ( 'NONE', *, *, #2544, .T. ) ;
#1250 = AXIS2_PLACEMENT_3D ( 'NONE', #271, #15, #3314 ) ;
#1251 = FACE_OUTER_BOUND ( 'NONE', #1400, .T. ) ;
#1252 = DIRECTION ( 'NONE',  ( -1.000000000000000000, -0.000000000000000000, -0.000000000000000000 ) ) ;
#1253 = VERTEX_POINT ( 'NONE', #1439 ) ;
#1254 = VERTEX_POINT ( 'NONE', #2543 ) ;
#1255 = LINE ( 'NONE', #995, #859 ) ;
#1256 = DIRECTION ( 'NONE',  ( 0.000000000000000000, -3.469446951953611033E-15, -1.000000000000000000 ) ) ;
#1257 = FACE_OUTER_BOUND ( 'NONE', #3485, .T. ) ;
#1258 = CARTESIAN_POINT ( 'NONE',  ( -57.00000000000201794, 0.000000000000000000, -6.869999999999896190 ) ) ;
#1259 = VECTOR ( 'NONE', #3411, 1000.000000000000000 ) ;
#1260 = EDGE_LOOP ( 'NONE', ( #1318, #1887, #2956, #464 ) ) ;
#1261 = DIRECTION ( 'NONE',  ( 1.870321806983080362E-16, -0.000000000000000000, -1.000000000000000000 ) ) ;
#1262 = VECTOR ( 'NONE', #974, 1000.000000000000000 ) ;
#1263 = VERTEX_POINT ( 'NONE', #337 ) ;
#1264 = AXIS2_PLACEMENT_3D ( 'NONE', #3072, #1686, #1214 ) ;
#1265 = FACE_OUTER_BOUND ( 'NONE', #2728, .T. ) ;
#1266 = FACE_OUTER_BOUND ( 'NONE', #2638, .T. ) ;
#1267 = EDGE_CURVE ( 'NONE', #2772, #2831, #2102, .T. ) ;
#1268 = ORIENTED_EDGE ( 'NONE', *, *, #3259, .F. ) ;
#1269 = ORIENTED_EDGE ( 'NONE', *, *, #2568, .F. ) ;
#1270 = FACE_OUTER_BOUND ( 'NONE', #2823, .T. ) ;
#1271 = ORIENTED_EDGE ( 'NONE', *, *, #3434, .F. ) ;
#1272 = ORIENTED_EDGE ( 'NONE', *, *, #3297, .T. ) ;
#1273 = DIRECTION ( 'NONE',  ( 0.000000000000000000, 1.000000000000000000, -3.604620209821937281E-15 ) ) ;
#1274 = DIRECTION ( 'NONE',  ( 1.000000000000000000, 0.000000000000000000, 0.000000000000000000 ) ) ;
#1275 = LINE ( 'NONE', #2601, #119 ) ;
#1276 = DIRECTION ( 'NONE',  ( 0.000000000000000000, -3.469446951953613400E-15, -1.000000000000000000 ) ) ;
#1277 = ORIENTED_EDGE ( 'NONE', *, *, #1282, .T. ) ;
#1278 = APPROVAL_DATE_TIME ( #1858, #508 ) ;
#1279 = VECTOR ( 'NONE', #2974, 1000.000000000000000 ) ;
#1280 = EDGE_CURVE ( 'NONE', #2498, #1341, #969, .T. ) ;
#1281 = ORIENTED_EDGE ( 'NONE', *, *, #916, .F. ) ;
#1282 = EDGE_CURVE ( 'NONE', #1194, #3071, #1148, .T. ) ;
#1283 = CARTESIAN_POINT ( 'NONE',  ( 56.74999999999981526, 20.99999999999980460, 37.10000000000000142 ) ) ;
#1284 = FACE_OUTER_BOUND ( 'NONE', #679, .T. ) ;
#1285 = ORIENTED_EDGE ( 'NONE', *, *, #157, .T. ) ;
#1286 = ORIENTED_EDGE ( 'NONE', *, *, #3394, .F. ) ;
#1287 = EDGE_CURVE ( 'NONE', #1466, #2646, #2499, .T. ) ;
#1288 = EDGE_CURVE ( 'NONE', #2549, #3406, #2483, .T. ) ;
#1289 = CARTESIAN_POINT ( 'NONE',  ( 64.97283412275564274, 38.99999999999999289, -37.83660000000013923 ) ) ;
#1290 = PLANE ( 'NONE',  #2207 ) ;
#1291 = DIRECTION ( 'NONE',  ( -0.000000000000000000, -3.469446951953613400E-15, -1.000000000000000000 ) ) ;
#1292 = CARTESIAN_POINT ( 'NONE',  ( 65.00000000000000000, 0.7365999999999970349, 35.10000000000000142 ) ) ;
#1293 = ORIENTED_EDGE ( 'NONE', *, *, #3253, .F. ) ;
#1294 = APPLICATION_PROTOCOL_DEFINITION ( 'international standard', 'config_control_design', 1994, #2441 ) ;
#1295 = VERTEX_POINT ( 'NONE', #2775 ) ;
#1296 = DIRECTION ( 'NONE',  ( -0.000000000000000000, 1.000000000000000000, -0.000000000000000000 ) ) ;
#1297 = CIRCLE ( 'NONE', #1637, 1.700000000000000178 ) ;
#1298 = DIRECTION ( 'NONE',  ( -0.000000000000000000, -3.469446951953613400E-15, -1.000000000000000000 ) ) ;
#1299 = ORIENTED_EDGE ( 'NONE', *, *, #3417, .F. ) ;
#1300 = AXIS2_PLACEMENT_3D ( 'NONE', #275, #2469, #1110 ) ;
#1301 = CYLINDRICAL_SURFACE ( 'NONE', #3112, 1.699999999999993072 ) ;
#1302 = DIRECTION ( 'NONE',  ( 0.000000000000000000, 0.000000000000000000, 1.000000000000000000 ) ) ;
#1303 = EDGE_CURVE ( 'NONE', #677, #3478, #2890, .T. ) ;
#1304 = CARTESIAN_POINT ( 'NONE',  ( -64.99999999999984368, 0.7365999999999970349, 34.36340000000000572 ) ) ;
#1305 = AXIS2_PLACEMENT_3D ( 'NONE', #1122, #1954, #1185 ) ;
#1306 = AXIS2_PLACEMENT_3D ( 'NONE', #2789, #64, #2810 ) ;
#1307 = DIRECTION ( 'NONE',  ( 1.000000000000000000, 0.000000000000000000, 0.000000000000000000 ) ) ;
#1308 = AXIS2_PLACEMENT_3D ( 'NONE', #3160, #2887, #2617 ) ;
#1309 = EDGE_LOOP ( 'NONE', ( #2807, #261, #2629, #3420 ) ) ;
#1310 = DIRECTION ( 'NONE',  ( 0.000000000000000000, 1.000000000000000000, -3.965082230804126670E-15 ) ) ;
#1311 = CIRCLE ( 'NONE', #129, 2.736599999999998811 ) ;
#1312 = AXIS2_PLACEMENT_3D ( 'NONE', #2853, #1802, #2912 ) ;
#1313 = EDGE_LOOP ( 'NONE', ( #3324, #16 ) ) ;
#1314 = VECTOR ( 'NONE', #970, 1000.000000000000000 ) ;
#1315 = CARTESIAN_POINT ( 'NONE',  ( 1.387778780781445676E-14, 40.99999999999999289, 44.10000000000012221 ) ) ;
#1316 = FACE_BOUND ( 'NONE', #3360, .T. ) ;
#1317 = VECTOR ( 'NONE', #1737, 1000.000000000000000 ) ;
#1318 = ORIENTED_EDGE ( 'NONE', *, *, #1287, .T. ) ;
#1319 = DIRECTION ( 'NONE',  ( -0.000000000000000000, -0.000000000000000000, 1.000000000000000000 ) ) ;
#1320 = CARTESIAN_POINT ( 'NONE',  ( -15.22999999999999332, -1.978536947653147360, -21.08999999999999631 ) ) ;
#1321 = CARTESIAN_POINT ( 'NONE',  ( -54.99999999999995737, 39.00000000000001421, 42.40000000000014779 ) ) ;
#1322 = CARTESIAN_POINT ( 'NONE',  ( -65.00000000000000000, 38.26339999999999719, -37.10000000000013642 ) ) ;
#1323 = ADVANCED_FACE ( 'NONE', ( #2833 ), #1414, .F. ) ;
#1324 = EDGE_CURVE ( 'NONE', #1998, #3278, #1188, .T. ) ;
#1325 = DIRECTION ( 'NONE',  ( 0.000000000000000000, 0.000000000000000000, 1.000000000000000000 ) ) ;
#1326 = ORIENTED_EDGE ( 'NONE', *, *, #493, .F. ) ;
#1327 = EDGE_CURVE ( 'NONE', #420, #272, #888, .T. ) ;
#1328 = CARTESIAN_POINT ( 'NONE',  ( 0.000000000000000000, 0.000000000000000000, 0.000000000000000000 ) ) ;
#1329 = EDGE_LOOP ( 'NONE', ( #1001, #1677 ) ) ;
#1330 = VECTOR ( 'NONE', #2273, 1000.000000000000000 ) ;
#1331 = LINE ( 'NONE', #3, #3403 ) ;
#1332 = FACE_OUTER_BOUND ( 'NONE', #2852, .T. ) ;
#1333 = CARTESIAN_POINT ( 'NONE',  ( -48.36674811149043052, 27.80073300340330533, 35.10000000000000142 ) ) ;
#1334 = VERTEX_POINT ( 'NONE', #3052 ) ;
#1335 = CARTESIAN_POINT ( 'NONE',  ( 64.99999999999997158, 40.89900239793485781, -37.10000000000014353 ) ) ;
#1336 = CARTESIAN_POINT ( 'NONE',  ( -54.99999999999987210, 25.99999999999989342, -37.10000000000009379 ) ) ;
#1337 = DIRECTION ( 'NONE',  ( 0.000000000000000000, 0.000000000000000000, 1.000000000000000000 ) ) ;
#1338 = CARTESIAN_POINT ( 'NONE',  ( -5.025275590553015093, 0.000000000000000000, -4.869999999999908624 ) ) ;
#1339 = EDGE_CURVE ( 'NONE', #778, #1295, #3500, .T. ) ;
#1340 = CARTESIAN_POINT ( 'NONE',  ( -15.22999999999999332, -1.978536947653147360, -21.08999999999999631 ) ) ;
#1341 = VERTEX_POINT ( 'NONE', #1127 ) ;
#1342 = CALENDAR_DATE ( 2026, 10, 1 ) ;
#1343 = CARTESIAN_POINT ( 'NONE',  ( -65.00000000000000000, 0.7366000000000109127, -37.10000000000000142 ) ) ;
#1344 = EDGE_CURVE ( 'NONE', #1118, #3341, #2222, .T. ) ;
#1345 = DIRECTION ( 'NONE',  ( 0.000000000000000000, 1.000000000000000000, 0.000000000000000000 ) ) ;
#1346 = ORIENTED_EDGE ( 'NONE', *, *, #460, .T. ) ;
#1347 = PLANE ( 'NONE',  #2119 ) ;
#1348 = DIRECTION ( 'NONE',  ( 0.000000000000000000, -1.000000000000000000, 0.000000000000000000 ) ) ;
#1349 = FACE_OUTER_BOUND ( 'NONE', #406, .T. ) ;
#1350 = VERTEX_POINT ( 'NONE', #622 ) ;
#1351 = DIRECTION ( 'NONE',  ( 0.000000000000000000, 0.000000000000000000, -1.000000000000000000 ) ) ;
#1352 = AXIS2_PLACEMENT_3D ( 'NONE', #304, #2714, #1388 ) ;
#1353 = DIRECTION ( 'NONE',  ( 0.000000000000000000, 0.000000000000000000, -1.000000000000000000 ) ) ;
#1354 = DIRECTION ( 'NONE',  ( 0.000000000000000000, -1.000000000000000000, 3.469446951953611033E-15 ) ) ;
#1355 = CARTESIAN_POINT ( 'NONE',  ( 64.97283412275562853, 39.00000000000000000, 37.83660000000000423 ) ) ;
#1356 = DIRECTION ( 'NONE',  ( -1.000000000000000000, 0.000000000000000000, 0.000000000000000000 ) ) ;
#1357 = AXIS2_PLACEMENT_3D ( 'NONE', #1744, #1523, #171 ) ;
#1358 = CARTESIAN_POINT ( 'NONE',  ( 64.99999999999997158, 0.7365999999999919279, -34.36340000000000572 ) ) ;
#1359 = ORIENTED_EDGE ( 'NONE', *, *, #20, .T. ) ;
#1360 = CIRCLE ( 'NONE', #798, 1.700000000000000178 ) ;
#1361 = CIRCLE ( 'NONE', #633, 1.699999999999993072 ) ;
#1362 = ADVANCED_FACE ( 'NONE', ( #1705 ), #2283, .F. ) ;
#1363 = VERTEX_POINT ( 'NONE', #3400 ) ;
#1364 = CIRCLE ( 'NONE', #472, 1.699999999999993072 ) ;
#1365 = LINE ( 'NONE', #77, #3234 ) ;
#1366 = EDGE_CURVE ( 'NONE', #2540, #507, #2891, .T. ) ;
#1367 = DIRECTION ( 'NONE',  ( 0.000000000000000000, 0.000000000000000000, 1.000000000000000000 ) ) ;
#1368 = AXIS2_PLACEMENT_3D ( 'NONE', #2190, #1298, #2157 ) ;
#1369 = ORIENTED_EDGE ( 'NONE', *, *, #3369, .F. ) ;
#1370 = CARTESIAN_POINT ( 'NONE',  ( 57.49999999999982236, 17.24999999999980815, 35.10000000000000142 ) ) ;
#1371 = EDGE_CURVE ( 'NONE', #1998, #1750, #3447, .T. ) ;
#1372 = LOCAL_TIME ( 10, 32, 30.00000000000000000, #2378 ) ;
#1373 = CARTESIAN_POINT ( 'NONE',  ( 48.36674811148873232, 27.80073300340254150, -35.10000000000009379 ) ) ;
#1374 = DIRECTION ( 'NONE',  ( 0.000000000000000000, 0.000000000000000000, 1.000000000000000000 ) ) ;
#1375 = CARTESIAN_POINT ( 'NONE',  ( -64.97283412275567116, 38.99999999999999289, -37.83660000000014634 ) ) ;
#1376 = ORIENTED_EDGE ( 'NONE', *, *, #807, .F. ) ;
#1377 = DIRECTION ( 'NONE',  ( -0.000000000000000000, 1.000000000000000000, -0.000000000000000000 ) ) ;
#1378 = DIRECTION ( 'NONE',  ( -0.000000000000000000, 1.000000000000000000, -0.000000000000000000 ) ) ;
#1379 = EDGE_LOOP ( 'NONE', ( #1167, #2417, #3354, #1629 ) ) ;
#1380 = ORIENTED_EDGE ( 'NONE', *, *, #2544, .F. ) ;
#1381 = DIRECTION ( 'NONE',  ( 0.000000000000000000, 0.000000000000000000, 1.000000000000000000 ) ) ;
#1382 = CIRCLE ( 'NONE', #3419, 1.199999999999992628 ) ;
#1383 = EDGE_CURVE ( 'NONE', #3442, #2306, #2183, .T. ) ;
#1384 = CARTESIAN_POINT ( 'NONE',  ( -0.02527559055300835494, 5.000000000000000000, -4.869999999999908624 ) ) ;
#1385 = DIRECTION ( 'NONE',  ( 0.000000000000000000, 0.000000000000000000, -1.000000000000000000 ) ) ;
#1386 = ORIENTED_EDGE ( 'NONE', *, *, #665, .F. ) ;
#1387 = DIRECTION ( 'NONE',  ( -6.938893903907227392E-16, -3.469446951953613400E-15, -1.000000000000000000 ) ) ;
#1388 = DIRECTION ( 'NONE',  ( 0.000000000000000000, 1.000000000000000000, 0.000000000000000000 ) ) ;
#1389 = DIRECTION ( 'NONE',  ( -0.000000000000000000, -3.469446951953613400E-15, -1.000000000000000000 ) ) ;
#1390 = ADVANCED_FACE ( 'NONE', ( #3432 ), #2361, .F. ) ;
#1391 = EDGE_CURVE ( 'NONE', #1254, #1845, #3162, .T. ) ;
#1392 = ORIENTED_EDGE ( 'NONE', *, *, #1939, .T. ) ;
#1393 = CARTESIAN_POINT ( 'NONE',  ( -54.99999999999987921, 20.99999999999990052, 35.10000000000000142 ) ) ;
#1394 = FACE_BOUND ( 'NONE', #3242, .T. ) ;
#1395 = EDGE_LOOP ( 'NONE', ( #2099, #2251, #1820, #1917 ) ) ;
#1396 = CARTESIAN_POINT ( 'NONE',  ( 1.974724409447001339, 5.000000000000000000, 0.1300000000000996470 ) ) ;
#1397 = ORIENTED_EDGE ( 'NONE', *, *, #1691, .T. ) ;
#1398 = CARTESIAN_POINT ( 'NONE',  ( -64.99999999999997158, 38.26340000000000430, 37.10000000000000853 ) ) ;
#1399 = CARTESIAN_POINT ( 'NONE',  ( 1.974724409446994233, 5.000000000000000000, -6.869999999999910401 ) ) ;
#1400 = EDGE_LOOP ( 'NONE', ( #2875, #476, #873, #2942 ) ) ;
#1401 = ORIENTED_EDGE ( 'NONE', *, *, #1391, .T. ) ;
#1402 = CARTESIAN_POINT ( 'NONE',  ( 54.19999999999982521, 25.99999999999980460, 35.10000000000000142 ) ) ;
#1403 = DIRECTION ( 'NONE',  ( 0.000000000000000000, -1.000000000000000000, 3.469446951953611033E-15 ) ) ;
#1404 = LINE ( 'NONE', #2552, #2589 ) ;
#1405 = VERTEX_POINT ( 'NONE', #2581 ) ;
#1406 = ORIENTED_EDGE ( 'NONE', *, *, #279, .F. ) ;
#1407 = AXIS2_PLACEMENT_3D ( 'NONE', #3308, #1403, #838 ) ;
#1408 = EDGE_CURVE ( 'NONE', #1568, #895, #466, .T. ) ;
#1409 = DIRECTION ( 'NONE',  ( 1.000000000000000000, -0.000000000000000000, -0.000000000000000000 ) ) ;
#1410 = LINE ( 'NONE', #1166, #1532 ) ;
#1411 = EDGE_LOOP ( 'NONE', ( #2799, #3262, #3074, #2916 ) ) ;
#1412 = CARTESIAN_POINT ( 'NONE',  ( 27.50000000000000000, 40.99999999999999289, -42.40000000000014779 ) ) ;
#1413 = AXIS2_PLACEMENT_3D ( 'NONE', #935, #2004, #383 ) ;
#1414 = PLANE ( 'NONE',  #3096 ) ;
#1415 = VECTOR ( 'NONE', #3468, 1000.000000000000000 ) ;
#1416 = ORIENTED_EDGE ( 'NONE', *, *, #2766, .T. ) ;
#1417 = CARTESIAN_POINT ( 'NONE',  ( -57.49999999999987921, 17.24999999999989697, -37.10000000000006537 ) ) ;
#1418 = CIRCLE ( 'NONE', #1132, 1.700000000000000178 ) ;
#1419 = CYLINDRICAL_SURFACE ( 'NONE', #308, 1.699999999999993072 ) ;
#1420 = ORIENTED_EDGE ( 'NONE', *, *, #2830, .T. ) ;
#1421 = ORIENTED_EDGE ( 'NONE', *, *, #1102, .T. ) ;
#1422 = CYLINDRICAL_SURFACE ( 'NONE', #69, 1.699999999999993072 ) ;
#1423 = LINE ( 'NONE', #1016, #2152 ) ;
#1424 = CIRCLE ( 'NONE', #358, 0.7999999999999882760 ) ;
#1425 = CARTESIAN_POINT ( 'NONE',  ( -15.22999999999999332, -1.978536947653147360, -22.78999999999999915 ) ) ;
#1426 = CARTESIAN_POINT ( 'NONE',  ( -54.99999999999987921, 15.99999999999990408, -35.10000000000005826 ) ) ;
#1427 = VERTEX_POINT ( 'NONE', #2017 ) ;
#1428 = ORIENTED_EDGE ( 'NONE', *, *, #2510, .F. ) ;
#1429 = VECTOR ( 'NONE', #949, 1000.000000000000000 ) ;
#1430 = CARTESIAN_POINT ( 'NONE',  ( -64.99370248090377800, 38.90718526773816421, 37.46588840177040680 ) ) ;
#1431 = VECTOR ( 'NONE', #2311, 1000.000000000000000 ) ;
#1432 = LINE ( 'NONE', #1953, #2109 ) ;
#1433 = CARTESIAN_POINT ( 'NONE',  ( -15.22999999999999332, 0.000000000000000000, -19.39000000000000412 ) ) ;
#1434 = ADVANCED_FACE ( 'NONE', ( #1229 ), #1000, .F. ) ;
#1435 = ORIENTED_EDGE ( 'NONE', *, *, #2115, .F. ) ;
#1436 = CC_DESIGN_SECURITY_CLASSIFICATION ( #987, ( #2656 ) ) ;
#1437 = CARTESIAN_POINT ( 'NONE',  ( 65.00000000000000000, -1.999999999999999556, 34.36340000000000572 ) ) ;
#1438 = EDGE_CURVE ( 'NONE', #2893, #3311, #1819, .T. ) ;
#1439 = CARTESIAN_POINT ( 'NONE',  ( -52.49999999999987921, 25.54999999999990479, -35.10000000000008669 ) ) ;
#1440 = DIRECTION ( 'NONE',  ( -1.000000000000000000, 0.000000000000000000, 0.000000000000000000 ) ) ;
#1441 = ADVANCED_FACE ( 'NONE', ( #2910 ), #194, .F. ) ;
#1442 = EDGE_CURVE ( 'NONE', #435, #507, #338, .T. ) ;
#1443 = VERTEX_POINT ( 'NONE', #1511 ) ;
#1444 = FACE_BOUND ( 'NONE', #2148, .T. ) ;
#1445 = VERTEX_POINT ( 'NONE', #2930 ) ;
#1446 = EDGE_LOOP ( 'NONE', ( #668, #1023, #1397, #902 ) ) ;
#1447 = CIRCLE ( 'NONE', #310, 0.8000000000000020428 ) ;
#1448 = CARTESIAN_POINT ( 'NONE',  ( -5.025275590553015981, 0.000000000000000000, -6.869999999999910401 ) ) ;
#1449 = LINE ( 'NONE', #2591, #1713 ) ;
#1450 = VERTEX_POINT ( 'NONE', #1746 ) ;
#1451 = EDGE_LOOP ( 'NONE', ( #1195, #1755 ) ) ;
#1452 = CARTESIAN_POINT ( 'NONE',  ( -65.00000000000000000, 41.00000000000000000, -35.10000000000014353 ) ) ;
#1453 = CARTESIAN_POINT ( 'NONE',  ( -0.02527559055301469709, 5.000000000000000000, 0.1300000000000961775 ) ) ;
#1454 = DIRECTION ( 'NONE',  ( -0.000000000000000000, 1.000000000000000000, -0.000000000000000000 ) ) ;
#1455 = ADVANCED_FACE ( 'NONE', ( #2851 ), #3418, .F. ) ;
#1456 = FACE_OUTER_BOUND ( 'NONE', #3189, .T. ) ;
#1457 = LINE ( 'NONE', #92, #1831 ) ;
#1458 = CARTESIAN_POINT ( 'NONE',  ( 48.36674811148873232, 29.00073300340252658, -37.10000000000010800 ) ) ;
#1459 = ADVANCED_FACE ( 'NONE', ( #3188 ), #158, .F. ) ;
#1460 = EDGE_LOOP ( 'NONE', ( #67, #2366, #1785, #1036 ) ) ;
#1461 = EDGE_LOOP ( 'NONE', ( #3152, #2998, #504, #480 ) ) ;
#1462 = DIRECTION ( 'NONE',  ( 0.000000000000000000, 0.000000000000000000, -1.000000000000000000 ) ) ;
#1463 = CARTESIAN_POINT ( 'NONE',  ( 54.99999999999997158, 38.99999999999999289, -42.40000000000015490 ) ) ;
#1464 = CARTESIAN_POINT ( 'NONE',  ( -65.00000000000000000, 38.26339999999999719, -37.83660000000013923 ) ) ;
#1465 = DIRECTION ( 'NONE',  ( -1.000000000000000000, 0.000000000000000000, 0.000000000000000000 ) ) ;
#1466 = VERTEX_POINT ( 'NONE', #3147 ) ;
#1467 = ORIENTED_EDGE ( 'NONE', *, *, #1007, .F. ) ;
#1468 = LINE ( 'NONE', #2576, #3334 ) ;
#1469 = LINE ( 'NONE', #639, #1959 ) ;
#1470 = DIRECTION ( 'NONE',  ( 0.000000000000000000, 0.000000000000000000, 1.000000000000000000 ) ) ;
#1471 = AXIS2_PLACEMENT_3D ( 'NONE', #1137, #3347, #1966 ) ;
#1472 = DIRECTION ( 'NONE',  ( 0.000000000000000000, 0.000000000000000000, 1.000000000000000000 ) ) ;
#1473 = CIRCLE ( 'NONE', #847, 1.699999999999993072 ) ;
#1474 = DIRECTION ( 'NONE',  ( 0.000000000000000000, -1.000000000000000000, 0.000000000000000000 ) ) ;
#1475 = VECTOR ( 'NONE', #1032, 1000.000000000000000 ) ;
#1476 = ADVANCED_FACE ( 'NONE', ( #2337 ), #3451, .F. ) ;
#1477 = ORIENTED_EDGE ( 'NONE', *, *, #3529, .T. ) ;
#1478 = ORIENTED_EDGE ( 'NONE', *, *, #1628, .T. ) ;
#1479 = ADVANCED_FACE ( 'NONE', ( #256 ), #3269, .F. ) ;
#1480 = AXIS2_PLACEMENT_3D ( 'NONE', #1790, #2296, #2592 ) ;
#1481 = DIRECTION ( 'NONE',  ( 0.000000000000000000, 0.000000000000000000, -1.000000000000000000 ) ) ;
#1482 = VECTOR ( 'NONE', #617, 1000.000000000000000 ) ;
#1483 = DIRECTION ( 'NONE',  ( -0.000000000000000000, 1.000000000000000000, -3.491481338843133355E-15 ) ) ;
#1484 = ORIENTED_EDGE ( 'NONE', *, *, #395, .T. ) ;
#1485 = ORIENTED_EDGE ( 'NONE', *, *, #2927, .F. ) ;
#1486 = EDGE_CURVE ( 'NONE', #2250, #1575, #2965, .T. ) ;
#1487 = DIRECTION ( 'NONE',  ( 0.000000000000000000, 0.000000000000000000, 1.000000000000000000 ) ) ;
#1488 = VECTOR ( 'NONE', #2783, 1000.000000000000000 ) ;
#1489 = CARTESIAN_POINT ( 'NONE',  ( 55.00000000000003553, 17.14999999999985292, -37.10000000000005826 ) ) ;
#1490 = CARTESIAN_POINT ( 'NONE',  ( 54.99999999999998579, 39.00000000000002842, 45.80000000000011795 ) ) ;
#1491 = CARTESIAN_POINT ( 'NONE',  ( 0.000000000000000000, 40.99999999999999289, -47.10000000000015064 ) ) ;
#1492 = LINE ( 'NONE', #2016, #1880 ) ;
#1493 = AXIS2_PLACEMENT_3D ( 'NONE', #2342, #2070, #1474 ) ;
#1494 = ORIENTED_EDGE ( 'NONE', *, *, #424, .T. ) ;
#1495 = CARTESIAN_POINT ( 'NONE',  ( -65.00000000000000000, 40.89900239793486492, 37.10000000000000142 ) ) ;
#1496 = CARTESIAN_POINT ( 'NONE',  ( 48.36674811148873232, 27.80073300340254150, -35.10000000000009379 ) ) ;
#1497 = ORIENTED_EDGE ( 'NONE', *, *, #2640, .T. ) ;
#1498 = FACE_OUTER_BOUND ( 'NONE', #1309, .T. ) ;
#1499 = VERTEX_POINT ( 'NONE', #1292 ) ;
#1500 = ORIENTED_EDGE ( 'NONE', *, *, #302, .F. ) ;
#1501 = EDGE_CURVE ( 'NONE', #2646, #517, #796, .T. ) ;
#1502 = CARTESIAN_POINT ( 'NONE',  ( 54.99999999999982236, 20.99999999999980460, 37.10000000000000142 ) ) ;
#1503 = ORIENTED_EDGE ( 'NONE', *, *, #70, .T. ) ;
#1504 = ORIENTED_EDGE ( 'NONE', *, *, #636, .F. ) ;
#1505 = CARTESIAN_POINT ( 'NONE',  ( 51.69999999999983231, 24.74999999999980460, 35.10000000000000142 ) ) ;
#1506 = CIRCLE ( 'NONE', #1854, 1.700000000000000178 ) ;
#1507 = ADVANCED_FACE ( 'NONE', ( #2997 ), #2439, .F. ) ;
#1508 = CARTESIAN_POINT ( 'NONE',  ( 27.50000000000000000, 38.99999999999999289, -44.10000000000013642 ) ) ;
#1509 = DIRECTION ( 'NONE',  ( 0.000000000000000000, 0.000000000000000000, 1.000000000000000000 ) ) ;
#1510 = ORIENTED_EDGE ( 'NONE', *, *, #241, .F. ) ;
#1511 = CARTESIAN_POINT ( 'NONE',  ( -62.00000000000201084, 0.000000000000000000, 0.1300000000000996470 ) ) ;
#1512 = CARTESIAN_POINT ( 'NONE',  ( -64.99999999999998579, -2.200137091482779268E-14, 37.10000000000000142 ) ) ;
#1513 = ORIENTED_EDGE ( 'NONE', *, *, #712, .F. ) ;
#1514 = CARTESIAN_POINT ( 'NONE',  ( 53.29999999999981952, 24.74999999999980460, 35.10000000000000142 ) ) ;
#1515 = ORIENTED_EDGE ( 'NONE', *, *, #1152, .F. ) ;
#1516 = ORIENTED_EDGE ( 'NONE', *, *, #2696, .F. ) ;
#1517 = DIRECTION ( 'NONE',  ( 1.000000000000000000, 0.000000000000000000, 0.000000000000000000 ) ) ;
#1518 = DIRECTION ( 'NONE',  ( 0.000000000000000000, -1.000000000000000000, 0.000000000000000000 ) ) ;
#1519 = ORIENTED_EDGE ( 'NONE', *, *, #945, .T. ) ;
#1520 = DIRECTION ( 'NONE',  ( 1.000000000000000000, 0.000000000000000000, 0.000000000000000000 ) ) ;
#1521 = DIRECTION ( 'NONE',  ( 0.000000000000000000, -3.565672569016130852E-15, -1.000000000000000000 ) ) ;
#1522 = DIRECTION ( 'NONE',  ( -1.000000000000000000, 0.000000000000000000, 0.000000000000000000 ) ) ;
#1523 = DIRECTION ( 'NONE',  ( -1.000000000000000000, 0.000000000000000000, 0.000000000000000000 ) ) ;
#1524 = ADVANCED_FACE ( 'NONE', ( #752 ), #1613, .F. ) ;
#1525 = EDGE_CURVE ( 'NONE', #1750, #133, #501, .T. ) ;
#1526 = CARTESIAN_POINT ( 'NONE',  ( 65.00000000000002842, -6.982962677686266711E-15, -37.10000000000000142 ) ) ;
#1527 = VERTEX_POINT ( 'NONE', #2423 ) ;
#1528 = VECTOR ( 'NONE', #1114, 1000.000000000000000 ) ;
#1529 = DIRECTION ( 'NONE',  ( 0.000000000000000000, 0.000000000000000000, -1.000000000000000000 ) ) ;
#1530 = CARTESIAN_POINT ( 'NONE',  ( -27.50000000000000000, 40.99999999999999289, -44.10000000000012932 ) ) ;
#1531 = VERTEX_POINT ( 'NONE', #1886 ) ;
#1532 = VECTOR ( 'NONE', #831, 1000.000000000000000 ) ;
#1533 = CARTESIAN_POINT ( 'NONE',  ( 54.99999999999998579, 40.99999999999999289, 44.10000000000012221 ) ) ;
#1534 = ORIENTED_EDGE ( 'NONE', *, *, #2594, .F. ) ;
#1535 = CIRCLE ( 'NONE', #800, 0.7999999999999951594 ) ;
#1536 = ORIENTED_EDGE ( 'NONE', *, *, #1525, .T. ) ;
#1537 = DIRECTION ( 'NONE',  ( -0.000000000000000000, -0.000000000000000000, 1.000000000000000000 ) ) ;
#1538 = LINE ( 'NONE', #2683, #2980 ) ;
#1539 = AXIS2_PLACEMENT_3D ( 'NONE', #3375, #904, #2028 ) ;
#1540 = DIRECTION ( 'NONE',  ( 0.000000000000000000, 1.000000000000000000, 0.000000000000000000 ) ) ;
#1541 = DIRECTION ( 'NONE',  ( -1.000000000000000000, 0.000000000000000000, 0.000000000000000000 ) ) ;
#1542 = VECTOR ( 'NONE', #557, 1000.000000000000000 ) ;
#1543 = EDGE_LOOP ( 'NONE', ( #2323, #1743, #853, #2882 ) ) ;
#1544 = EDGE_CURVE ( 'NONE', #438, #968, #1581, .T. ) ;
#1545 = DIRECTION ( 'NONE',  ( 1.015447888376667779E-15, -1.000000000000000000, 0.000000000000000000 ) ) ;
#1546 = CIRCLE ( 'NONE', #1493, 0.8000000000000020428 ) ;
#1547 = EDGE_CURVE ( 'NONE', #3164, #2186, #744, .T. ) ;
#1548 = ORIENTED_EDGE ( 'NONE', *, *, #241, .T. ) ;
#1549 = CC_DESIGN_APPROVAL ( #508, ( #240 ) ) ;
#1550 = CARTESIAN_POINT ( 'NONE',  ( -54.99999999999987921, 20.99999999999989697, -37.10000000000007958 ) ) ;
#1551 = LINE ( 'NONE', #2933, #2635 ) ;
#1552 = EDGE_CURVE ( 'NONE', #2564, #433, #3218, .T. ) ;
#1553 = ADVANCED_FACE ( 'NONE', ( #221 ), #2735, .T. ) ;
#1554 = DIRECTION ( 'NONE',  ( -0.000000000000000000, 1.000000000000000000, -0.000000000000000000 ) ) ;
#1555 = ORIENTED_EDGE ( 'NONE', *, *, #2717, .F. ) ;
#1556 = LINE ( 'NONE', #2609, #2757 ) ;
#1557 = EDGE_LOOP ( 'NONE', ( #3169, #491, #989 ) ) ;
#1558 = ORIENTED_EDGE ( 'NONE', *, *, #2291, .T. ) ;
#1559 = CYLINDRICAL_SURFACE ( 'NONE', #1651, 1.699999999999993072 ) ;
#1560 = CARTESIAN_POINT ( 'NONE',  ( 64.99473871559006000, 38.92017039987749882, 37.45167581460354711 ) ) ;
#1561 = CARTESIAN_POINT ( 'NONE',  ( 65.00000000000000000, 1.084202172485504434E-16, 34.36340000000000572 ) ) ;
#1562 = DIRECTION ( 'NONE',  ( -0.000000000000000000, 0.000000000000000000, -1.000000000000000000 ) ) ;
#1563 = AXIS2_PLACEMENT_3D ( 'NONE', #2888, #3497, #997 ) ;
#1564 = DIRECTION ( 'NONE',  ( 0.000000000000000000, -1.000000000000000000, 3.491481338843133750E-15 ) ) ;
#1565 = ORIENTED_EDGE ( 'NONE', *, *, #2408, .T. ) ;
#1566 = PERSON_AND_ORGANIZATION_ROLE ( 'creator' ) ;
#1567 = DIRECTION ( 'NONE',  ( 0.000000000000000000, 0.000000000000000000, 1.000000000000000000 ) ) ;
#1568 = VERTEX_POINT ( 'NONE', #2166 ) ;
#1569 = ADVANCED_FACE ( 'NONE', ( #1064 ), #1903, .T. ) ;
#1570 = ORIENTED_EDGE ( 'NONE', *, *, #1408, .F. ) ;
#1571 = DIRECTION ( 'NONE',  ( 0.000000000000000000, -4.081702296416033352E-15, -1.000000000000000000 ) ) ;
#1572 = CC_DESIGN_PERSON_AND_ORGANIZATION_ASSIGNMENT ( #224, #2137, ( #2656 ) ) ;
#1573 = EDGE_CURVE ( 'NONE', #3119, #419, #534, .T. ) ;
#1574 = DIRECTION ( 'NONE',  ( 0.000000000000000000, 3.554067609318336832E-15, 1.000000000000000000 ) ) ;
#1575 = VERTEX_POINT ( 'NONE', #2718 ) ;
#1576 = VERTEX_POINT ( 'NONE', #3266 ) ;
#1577 = CYLINDRICAL_SURFACE ( 'NONE', #806, 0.8000000000000020428 ) ;
#1578 = DIRECTION ( 'NONE',  ( 0.000000000000000000, 0.000000000000000000, -1.000000000000000000 ) ) ;
#1579 = DIRECTION ( 'NONE',  ( -0.000000000000000000, -3.469446951953613400E-15, -1.000000000000000000 ) ) ;
#1580 = CARTESIAN_POINT ( 'NONE',  ( -55.00000000000000711, 41.00000000000003553, 47.10000000000000142 ) ) ;
#1581 = LINE ( 'NONE', #3530, #1026 ) ;
#1582 = VERTEX_POINT ( 'NONE', #3484 ) ;
#1583 = CARTESIAN_POINT ( 'NONE',  ( -5.025275590553015093, 5.000000000000000000, -4.869999999999908624 ) ) ;
#1584 = ORIENTED_EDGE ( 'NONE', *, *, #2836, .T. ) ;
#1585 = FACE_OUTER_BOUND ( 'NONE', #647, .T. ) ;
#1586 = CIRCLE ( 'NONE', #1246, 1.749999999999994671 ) ;
#1587 = PLANE ( 'NONE',  #811 ) ;
#1588 = EDGE_CURVE ( 'NONE', #352, #2127, #207, .T. ) ;
#1589 = ORIENTED_EDGE ( 'NONE', *, *, #2151, .F. ) ;
#1590 = AXIS2_PLACEMENT_3D ( 'NONE', #2084, #1799, #2657 ) ;
#1591 = DIRECTION ( 'NONE',  ( 0.000000000000000000, 0.000000000000000000, -1.000000000000000000 ) ) ;
#1592 = CARTESIAN_POINT ( 'NONE',  ( 64.99913835010116259, 38.71634055440068067, 37.24782328439058432 ) ) ;
#1593 = CARTESIAN_POINT ( 'NONE',  ( -57.49999999999987921, 17.24999999999989697, -37.10000000000006537 ) ) ;
#1594 = VECTOR ( 'NONE', #2771, 1000.000000000000000 ) ;
#1595 = DIRECTION ( 'NONE',  ( 1.000000000000000000, 0.000000000000000000, -0.000000000000000000 ) ) ;
#1596 = EDGE_CURVE ( 'NONE', #3225, #82, #1035, .T. ) ;
#1597 = AXIS2_PLACEMENT_3D ( 'NONE', #1699, #1377, #560 ) ;
#1598 = DIRECTION ( 'NONE',  ( -0.000000000000000000, -0.000000000000000000, 1.000000000000000000 ) ) ;
#1599 = CIRCLE ( 'NONE', #2000, 2.736599999999998811 ) ;
#1600 = ORIENTED_EDGE ( 'NONE', *, *, #2224, .F. ) ;
#1601 = PLANE ( 'NONE',  #2944 ) ;
#1602 = CARTESIAN_POINT ( 'NONE',  ( -54.99999999999987210, 25.19999999999989271, -37.10000000000009379 ) ) ;
#1603 = ORIENTED_EDGE ( 'NONE', *, *, #183, .T. ) ;
#1604 = CARTESIAN_POINT ( 'NONE',  ( -61.63325188851067082, 14.19926699659695224, 35.10000000000000142 ) ) ;
#1605 = DIRECTION ( 'NONE',  ( 1.049727191138618696E-16, 0.5150380749100541555, -0.8571673007021122226 ) ) ;
#1606 = ORIENTED_EDGE ( 'NONE', *, *, #2181, .T. ) ;
#1607 = EDGE_CURVE ( 'NONE', #963, #697, #1048, .T. ) ;
#1608 = CARTESIAN_POINT ( 'NONE',  ( -5.025275590553015981, 5.000000000000000000, -6.869999999999910401 ) ) ;
#1609 = DIRECTION ( 'NONE',  ( 0.000000000000000000, -1.000000000000000000, 3.469446951953611033E-15 ) ) ;
#1610 = CARTESIAN_POINT ( 'NONE',  ( 0.000000000000000000, 40.99999999999987210, -1.492302877077838426E-13 ) ) ;
#1611 = PLANE ( 'NONE',  #226 ) ;
#1612 = ADVANCED_FACE ( 'NONE', ( #2259 ), #1971, .F. ) ;
#1613 = PLANE ( 'NONE',  #2454 ) ;
#1614 = EDGE_LOOP ( 'NONE', ( #2466, #330, #3194, #2787 ) ) ;
#1615 = DIRECTION ( 'NONE',  ( -0.000000000000000000, -3.469446951953613400E-15, -1.000000000000000000 ) ) ;
#1616 = ORIENTED_EDGE ( 'NONE', *, *, #74, .T. ) ;
#1617 = AXIS2_PLACEMENT_3D ( 'NONE', #1593, #1389, #531 ) ;
#1618 = DIRECTION ( 'NONE',  ( -0.000000000000000000, -0.000000000000000000, -1.000000000000000000 ) ) ;
#1619 = CARTESIAN_POINT ( 'NONE',  ( -54.99999999999987921, 20.99999999999990052, 37.10000000000000142 ) ) ;
#1620 = CARTESIAN_POINT ( 'NONE',  ( -62.00000000000201084, 5.000000000000000000, -4.869999999999908624 ) ) ;
#1621 = ORIENTED_EDGE ( 'NONE', *, *, #2089, .T. ) ;
#1622 = CARTESIAN_POINT ( 'NONE',  ( 64.99999999999997158, 38.26339999999999719, -35.10000000000013642 ) ) ;
#1623 = CARTESIAN_POINT ( 'NONE',  ( 55.79999999999981242, 15.99999999999980638, 35.10000000000000142 ) ) ;
#1624 = DIRECTION ( 'NONE',  ( 0.000000000000000000, 1.000000000000000000, -6.258627047520347716E-17 ) ) ;
#1625 = DIRECTION ( 'NONE',  ( -0.000000000000000000, 1.000000000000000000, -0.000000000000000000 ) ) ;
#1626 = CARTESIAN_POINT ( 'NONE',  ( -5.025275590553015981, 0.000000000000000000, -6.869999999999910401 ) ) ;
#1627 = DIRECTION ( 'NONE',  ( 0.000000000000000000, 0.000000000000000000, 1.000000000000000000 ) ) ;
#1628 = EDGE_CURVE ( 'NONE', #1582, #1227, #866, .T. ) ;
#1629 = ORIENTED_EDGE ( 'NONE', *, *, #3050, .F. ) ;
#1630 = ADVANCED_FACE ( 'NONE', ( #3376, #1145, #333, #1394, #638, #842, #2496, #2240, #1642 ), #3107, .F. ) ;
#1631 = EDGE_CURVE ( 'NONE', #1695, #2860, #747, .T. ) ;
#1632 = VERTEX_POINT ( 'NONE', #2185 ) ;
#1633 = CARTESIAN_POINT ( 'NONE',  ( -64.00000000000201794, 5.000000000000000000, -6.869999999999910401 ) ) ;
#1634 = CARTESIAN_POINT ( 'NONE',  ( -5.025275590553015093, 5.000000000000000000, -4.869999999999908624 ) ) ;
#1635 = ORIENTED_EDGE ( 'NONE', *, *, #552, .F. ) ;
#1636 = CARTESIAN_POINT ( 'NONE',  ( 54.19999999999982521, 15.99999999999980638, 37.10000000000000142 ) ) ;
#1637 = AXIS2_PLACEMENT_3D ( 'NONE', #2693, #2433, #2727 ) ;
#1638 = CARTESIAN_POINT ( 'NONE',  ( 64.99999999999994316, 38.45804784752177596, -37.10000000000013642 ) ) ;
#1639 = CARTESIAN_POINT ( 'NONE',  ( -57.49999999999987921, 18.04999999999989768, -37.10000000000006537 ) ) ;
#1640 = AXIS2_PLACEMENT_3D ( 'NONE', #930, #3202, #2305 ) ;
#1641 = PLANE ( 'NONE',  #124 ) ;
#1642 = FACE_BOUND ( 'NONE', #2036, .T. ) ;
#1643 = ORIENTED_EDGE ( 'NONE', *, *, #3514, .F. ) ;
#1644 = AXIS2_PLACEMENT_3D ( 'NONE', #3224, #758, #1567 ) ;
#1645 = EDGE_CURVE ( 'NONE', #3267, #2424, #170, .T. ) ;
#1646 = COORDINATED_UNIVERSAL_TIME_OFFSET ( 8, 0, .AHEAD. ) ;
#1647 = DIRECTION ( 'NONE',  ( -0.000000000000000000, 1.000000000000000000, -0.000000000000000000 ) ) ;
#1648 = EDGE_CURVE ( 'NONE', #895, #819, #567, .T. ) ;
#1649 = AXIS2_PLACEMENT_3D ( 'NONE', #2556, #1224, #104 ) ;
#1650 = ORIENTED_EDGE ( 'NONE', *, *, #393, .T. ) ;
#1651 = AXIS2_PLACEMENT_3D ( 'NONE', #205, #713, #2041 ) ;
#1652 = DIRECTION ( 'NONE',  ( -1.000000000000000000, 0.000000000000000000, -0.000000000000000000 ) ) ;
#1653 = EDGE_CURVE ( 'NONE', #1871, #2595, #883, .T. ) ;
#1654 = EDGE_CURVE ( 'NONE', #517, #1443, #1410, .T. ) ;
#1655 = CARTESIAN_POINT ( 'NONE',  ( 61.63325188851047898, 14.19926699659765568, -37.10000000000005116 ) ) ;
#1656 = AXIS2_PLACEMENT_3D ( 'NONE', #1604, #1618, #2710 ) ;
#1657 = ORIENTED_EDGE ( 'NONE', *, *, #3212, .T. ) ;
#1658 = CARTESIAN_POINT ( 'NONE',  ( 48.36674811148873232, 29.00073300340253368, -35.10000000000010090 ) ) ;
#1659 = CARTESIAN_POINT ( 'NONE',  ( 54.99999999999982236, 25.99999999999980460, 37.10000000000000142 ) ) ;
#1660 = CYLINDRICAL_SURFACE ( 'NONE', #91, 10.00000000000000178 ) ;
#1661 = CARTESIAN_POINT ( 'NONE',  ( -64.00000000000201794, 0.000000000000000000, -6.869999999999910401 ) ) ;
#1662 = DIRECTION ( 'NONE',  ( 0.000000000000000000, -4.081702296416033352E-15, -1.000000000000000000 ) ) ;
#1663 = DIRECTION ( 'NONE',  ( 0.000000000000000000, 0.000000000000000000, 1.000000000000000000 ) ) ;
#1664 = EDGE_LOOP ( 'NONE', ( #2901, #2856, #1269, #1979 ) ) ;
#1665 = APPROVAL_ROLE ( '' ) ;
#1666 = DIRECTION ( 'NONE',  ( -0.000000000000000000, 1.000000000000000000, -0.000000000000000000 ) ) ;
#1667 = ORIENTED_EDGE ( 'NONE', *, *, #1747, .T. ) ;
#1668 = DIRECTION ( 'NONE',  ( 0.000000000000000000, 1.000000000000000000, 0.000000000000000000 ) ) ;
#1669 = ORIENTED_EDGE ( 'NONE', *, *, #1939, .F. ) ;
#1670 = ORIENTED_EDGE ( 'NONE', *, *, #174, .T. ) ;
#1671 = EDGE_CURVE ( 'NONE', #710, #1712, #3084, .T. ) ;
#1672 = EDGE_CURVE ( 'NONE', #3463, #3504, #1, .T. ) ;
#1673 = FACE_OUTER_BOUND ( 'NONE', #198, .T. ) ;
#1674 = AXIS2_PLACEMENT_3D ( 'NONE', #1610, #1901, #237 ) ;
#1675 = CARTESIAN_POINT ( 'NONE',  ( -60.43325188851067509, 14.19926699659695224, 35.10000000000000142 ) ) ;
#1676 = DIRECTION ( 'NONE',  ( 0.000000000000000000, 0.000000000000000000, 1.000000000000000000 ) ) ;
#1677 = ORIENTED_EDGE ( 'NONE', *, *, #1692, .F. ) ;
#1678 = ORIENTED_EDGE ( 'NONE', *, *, #2659, .F. ) ;
#1679 = DIRECTION ( 'NONE',  ( -0.000000000000000000, -3.469446951953613400E-15, -1.000000000000000000 ) ) ;
#1680 = DIRECTION ( 'NONE',  ( 1.000000000000000000, 3.384826294588891940E-16, -0.000000000000000000 ) ) ;
#1681 = CARTESIAN_POINT ( 'NONE',  ( -54.99999999999987921, 16.79999999999989768, -37.10000000000005826 ) ) ;
#1682 = ORIENTED_EDGE ( 'NONE', *, *, #2408, .F. ) ;
#1683 = PERSON_AND_ORGANIZATION ( #2732, #2066 ) ;
#1684 = DIRECTION ( 'NONE',  ( -1.000000000000000000, 0.000000000000000000, -1.982541115402067674E-15 ) ) ;
#1685 = EDGE_LOOP ( 'NONE', ( #1097, #1236, #1249, #2818 ) ) ;
#1686 = DIRECTION ( 'NONE',  ( 0.000000000000000000, 1.000000000000000000, -0.000000000000000000 ) ) ;
#1687 = CARTESIAN_POINT ( 'NONE',  ( -55.00000000000000711, 39.00000000000000000, 37.10000000000000853 ) ) ;
#1688 = VERTEX_POINT ( 'NONE', #292 ) ;
#1689 = ORIENTED_EDGE ( 'NONE', *, *, #3473, .F. ) ;
#1690 = DIRECTION ( 'NONE',  ( 0.000000000000000000, -1.000000000000000000, 0.000000000000000000 ) ) ;
#1691 = EDGE_CURVE ( 'NONE', #1089, #541, #223, .T. ) ;
#1692 = EDGE_CURVE ( 'NONE', #2195, #1712, #1828, .T. ) ;
#1693 = LINE ( 'NONE', #3328, #1164 ) ;
#1694 = DIRECTION ( 'NONE',  ( 0.000000000000000000, -1.000000000000000000, 3.469446951953611033E-15 ) ) ;
#1695 = VERTEX_POINT ( 'NONE', #1681 ) ;
#1696 = ORIENTED_EDGE ( 'NONE', *, *, #2138, .F. ) ;
#1697 = CIRCLE ( 'NONE', #740, 10.00000000000000178 ) ;
#1698 = DIRECTION ( 'NONE',  ( 1.000000000000000000, 0.000000000000000000, 0.000000000000000000 ) ) ;
#1699 = CARTESIAN_POINT ( 'NONE',  ( 0.000000000000000000, 40.99999999999999289, -44.10000000000013642 ) ) ;
#1700 = CARTESIAN_POINT ( 'NONE',  ( 48.36674811148873232, 27.80073300340253439, -37.10000000000010090 ) ) ;
#1701 = EDGE_CURVE ( 'NONE', #1842, #392, #619, .T. ) ;
#1702 = CARTESIAN_POINT ( 'NONE',  ( -54.99999999999987210, 26.79999999999989768, -37.10000000000009379 ) ) ;
#1703 = AXIS2_PLACEMENT_3D ( 'NONE', #1340, #3015, #1627 ) ;
#1704 = CIRCLE ( 'NONE', #518, 1.699999999999993072 ) ;
#1705 = FACE_OUTER_BOUND ( 'NONE', #2, .T. ) ;
#1706 = VECTOR ( 'NONE', #3352, 1000.000000000000000 ) ;
#1707 = CARTESIAN_POINT ( 'NONE',  ( -54.99999999999987921, 19.24999999999990408, -35.10000000000006537 ) ) ;
#1708 = ORIENTED_EDGE ( 'NONE', *, *, #943, .F. ) ;
#1709 = DIRECTION ( 'NONE',  ( -0.000000000000000000, 0.000000000000000000, 1.000000000000000000 ) ) ;
#1710 = CIRCLE ( 'NONE', #2463, 0.7999999999999882760 ) ;
#1711 = VERTEX_POINT ( 'NONE', #905 ) ;
#1712 = VERTEX_POINT ( 'NONE', #2539 ) ;
#1713 = VECTOR ( 'NONE', #327, 1000.000000000000000 ) ;
#1714 = LINE ( 'NONE', #630, #1488 ) ;
#1715 = DIRECTION ( 'NONE',  ( 1.000000000000000000, 0.000000000000000000, 0.000000000000000000 ) ) ;
#1716 = AXIS2_PLACEMENT_3D ( 'NONE', #2060, #1794, #2080 ) ;
#1717 = CARTESIAN_POINT ( 'NONE',  ( -57.00000000000201794, 5.000000000000000000, -4.869999999999908624 ) ) ;
#1718 = ORIENTED_EDGE ( 'NONE', *, *, #2156, .T. ) ;
#1719 = EDGE_CURVE ( 'NONE', #293, #1295, #1107, .T. ) ;
#1720 = ORIENTED_EDGE ( 'NONE', *, *, #661, .T. ) ;
#1721 = CIRCLE ( 'NONE', #2468, 1.750000000000001554 ) ;
#1722 = DIRECTION ( 'NONE',  ( 0.000000000000000000, 0.000000000000000000, 1.000000000000000000 ) ) ;
#1723 = VECTOR ( 'NONE', #1605, 1000.000000000000114 ) ;
#1724 = PLANE ( 'NONE',  #1649 ) ;
#1725 = DIRECTION ( 'NONE',  ( 0.000000000000000000, 1.000000000000000000, 0.000000000000000000 ) ) ;
#1726 = DIRECTION ( 'NONE',  ( 0.000000000000000000, 3.554067609318336832E-15, 1.000000000000000000 ) ) ;
#1727 = EDGE_CURVE ( 'NONE', #1975, #2362, #2216, .T. ) ;
#1728 = DIRECTION ( 'NONE',  ( -0.000000000000000000, -1.000000000000000000, -0.000000000000000000 ) ) ;
#1729 = DIRECTION ( 'NONE',  ( -0.000000000000000000, -3.469446951953613400E-15, -1.000000000000000000 ) ) ;
#1730 = VERTEX_POINT ( 'NONE', #1490 ) ;
#1731 = DIRECTION ( 'NONE',  ( -0.000000000000000000, -3.469446951953613400E-15, -1.000000000000000000 ) ) ;
#1732 = ORIENTED_EDGE ( 'NONE', *, *, #1288, .F. ) ;
#1733 = ORIENTED_EDGE ( 'NONE', *, *, #1282, .F. ) ;
#1734 = AXIS2_PLACEMENT_3D ( 'NONE', #2082, #1579, #1540 ) ;
#1735 = CARTESIAN_POINT ( 'NONE',  ( -48.36674811149043052, 27.80073300340330533, 37.10000000000000142 ) ) ;
#1736 = DIRECTION ( 'NONE',  ( 0.000000000000000000, 0.000000000000000000, -1.000000000000000000 ) ) ;
#1737 = DIRECTION ( 'NONE',  ( -0.000000000000000000, -0.000000000000000000, 1.000000000000000000 ) ) ;
#1738 = DIRECTION ( 'NONE',  ( 7.536132396315240346E-14, -1.000000000000000000, 0.000000000000000000 ) ) ;
#1739 = EDGE_LOOP ( 'NONE', ( #973, #1376 ) ) ;
#1740 = VERTEX_POINT ( 'NONE', #3248 ) ;
#1741 = CARTESIAN_POINT ( 'NONE',  ( -64.98000281945098777, 39.00000000000001421, 37.73954295001550463 ) ) ;
#1742 = CARTESIAN_POINT ( 'NONE',  ( -61.63325188851067082, 14.19926699659695224, 37.10000000000000142 ) ) ;
#1743 = ORIENTED_EDGE ( 'NONE', *, *, #2051, .T. ) ;
#1744 = CARTESIAN_POINT ( 'NONE',  ( -64.99999999999998579, -2.000000000000000000, -37.10000000000000142 ) ) ;
#1745 = EDGE_CURVE ( 'NONE', #2127, #420, #55, .T. ) ;
#1746 = CARTESIAN_POINT ( 'NONE',  ( -49.56674811149041204, 27.80073300340330533, 35.10000000000000142 ) ) ;
#1747 = EDGE_CURVE ( 'NONE', #3341, #2646, #2019, .T. ) ;
#1748 = CARTESIAN_POINT ( 'NONE',  ( -65.00000000000000000, 40.89900239793485781, -37.10000000000014353 ) ) ;
#1749 = EDGE_CURVE ( 'NONE', #801, #711, #1053, .T. ) ;
#1750 = VERTEX_POINT ( 'NONE', #1437 ) ;
#1751 = ORIENTED_EDGE ( 'NONE', *, *, #214, .T. ) ;
#1752 = CARTESIAN_POINT ( 'NONE',  ( 55.79999999999980531, 25.99999999999980460, 37.10000000000000142 ) ) ;
#1753 = CARTESIAN_POINT ( 'NONE',  ( -15.22999999999999332, 1.347111479062085841E-15, -19.39000000000000767 ) ) ;
#1754 = B_SPLINE_CURVE_WITH_KNOTS ( 'NONE', 3,
 ( #939, #1741, #309, #1430, #2847, #122, #2027, #1163 ),
 .UNSPECIFIED., .F., .F.,
 ( 4, 2, 2, 4 ),
 ( 0.000000000000000000, 0.0002878313438874108461, 0.0005756626877748216922, 0.001151325375549628639 ),
 .UNSPECIFIED. ) ;
#1755 = ORIENTED_EDGE ( 'NONE', *, *, #2640, .F. ) ;
#1756 = DIRECTION ( 'NONE',  ( 1.000000000000000000, -0.000000000000000000, -0.000000000000000000 ) ) ;
#1757 = DIRECTION ( 'NONE',  ( -0.000000000000000000, 1.000000000000000000, -0.000000000000000000 ) ) ;
#1758 = LINE ( 'NONE', #1491, #2310 ) ;
#1759 = DIRECTION ( 'NONE',  ( -0.000000000000000000, -0.000000000000000000, -1.000000000000000000 ) ) ;
#1760 = ORIENTED_EDGE ( 'NONE', *, *, #983, .T. ) ;
#1761 = AXIS2_PLACEMENT_3D ( 'NONE', #2203, #3323, #856 ) ;
#1762 = CARTESIAN_POINT ( 'NONE',  ( -64.97283412275568537, 41.00000000000000000, 37.83659999999999712 ) ) ;
#1763 = EDGE_CURVE ( 'NONE', #3273, #2360, #2429, .T. ) ;
#1764 = VECTOR ( 'NONE', #1956, 1000.000000000000000 ) ;
#1765 = CARTESIAN_POINT ( 'NONE',  ( -54.99999999999987921, 20.99999999999989697, -37.10000000000007958 ) ) ;
#1766 = VECTOR ( 'NONE', #3237, 1000.000000000000000 ) ;
#1767 = ORIENTED_EDGE ( 'NONE', *, *, #2616, .F. ) ;
#1768 = ORIENTED_EDGE ( 'NONE', *, *, #2838, .T. ) ;
#1769 = CIRCLE ( 'NONE', #59, 1.699999999999993072 ) ;
#1770 = ADVANCED_FACE ( 'NONE', ( #2150 ), #1187, .F. ) ;
#1771 = LINE ( 'NONE', #150, #1431 ) ;
#1772 = AXIS2_PLACEMENT_3D ( 'NONE', #426, #2921, #1009 ) ;
#1773 = CARTESIAN_POINT ( 'NONE',  ( -54.99999999999997158, 40.99999999999999289, -42.40000000000013358 ) ) ;
#1774 = ORIENTED_EDGE ( 'NONE', *, *, #2738, .T. ) ;
#1775 = ORIENTED_EDGE ( 'NONE', *, *, #868, .T. ) ;
#1776 = FACE_OUTER_BOUND ( 'NONE', #1614, .T. ) ;
#1777 = AXIS2_PLACEMENT_3D ( 'NONE', #1735, #79, #1981 ) ;
#1778 = DIRECTION ( 'NONE',  ( -1.000000000000000000, 0.000000000000000000, 0.000000000000000000 ) ) ;
#1779 = DIRECTION ( 'NONE',  ( 0.000000000000000000, 0.000000000000000000, -1.000000000000000000 ) ) ;
#1780 = PLANE ( 'NONE',  #2745 ) ;
#1781 = CIRCLE ( 'NONE', #3051, 1.750000000000001554 ) ;
#1782 = DIRECTION ( 'NONE',  ( -1.000000000000000000, 0.000000000000000000, -0.000000000000000000 ) ) ;
#1783 = VECTOR ( 'NONE', #1967, 1000.000000000000000 ) ;
#1784 = DIRECTION ( 'NONE',  ( 0.000000000000000000, -4.081702296416033352E-15, -1.000000000000000000 ) ) ;
#1785 = ORIENTED_EDGE ( 'NONE', *, *, #442, .T. ) ;
#1786 = CARTESIAN_POINT ( 'NONE',  ( -57.49999999999987921, 18.04999999999989768, -37.10000000000006537 ) ) ;
#1787 = ORIENTED_EDGE ( 'NONE', *, *, #400, .F. ) ;
#1788 = VERTEX_POINT ( 'NONE', #1343 ) ;
#1789 = CARTESIAN_POINT ( 'NONE',  ( -62.00000000000201084, 5.000000000000000000, -4.869999999999908624 ) ) ;
#1790 = CARTESIAN_POINT ( 'NONE',  ( 65.00000000000000000, 38.26339999999999719, -37.83660000000013923 ) ) ;
#1791 = VECTOR ( 'NONE', #2406, 1000.000000000000000 ) ;
#1792 = EDGE_CURVE ( 'NONE', #1730, #1059, #1704, .T. ) ;
#1793 = ORIENTED_EDGE ( 'NONE', *, *, #1267, .F. ) ;
#1794 = DIRECTION ( 'NONE',  ( -0.000000000000000000, -0.000000000000000000, -1.000000000000000000 ) ) ;
#1795 = CARTESIAN_POINT ( 'NONE',  ( -65.00000000000000000, 38.26340000000000430, 37.10000000000000853 ) ) ;
#1796 = CYLINDRICAL_SURFACE ( 'NONE', #3011, 1.199999999999992628 ) ;
#1797 = CARTESIAN_POINT ( 'NONE',  ( -65.00000000000000000, -4.987329993433320396E-15, -34.36340000000000572 ) ) ;
#1798 = ORIENTED_EDGE ( 'NONE', *, *, #3312, .F. ) ;
#1799 = DIRECTION ( 'NONE',  ( -0.000000000000000000, -0.000000000000000000, -1.000000000000000000 ) ) ;
#1800 = CARTESIAN_POINT ( 'NONE',  ( 64.99999999999994316, 0.7365999999999892633, -35.10000000000000142 ) ) ;
#1801 = ORIENTED_EDGE ( 'NONE', *, *, #3297, .F. ) ;
#1802 = DIRECTION ( 'NONE',  ( 0.000000000000000000, 1.000000000000000000, -0.000000000000000000 ) ) ;
#1803 = ORIENTED_EDGE ( 'NONE', *, *, #2403, .T. ) ;
#1804 = ORIENTED_EDGE ( 'NONE', *, *, #1327, .F. ) ;
#1805 = DIRECTION ( 'NONE',  ( -0.000000000000000000, -0.000000000000000000, 1.000000000000000000 ) ) ;
#1806 = DIRECTION ( 'NONE',  ( 1.000000000000000000, 0.000000000000000000, -0.000000000000000000 ) ) ;
#1807 = VERTEX_POINT ( 'NONE', #88 ) ;
#1808 = ORIENTED_EDGE ( 'NONE', *, *, #1727, .T. ) ;
#1809 = ADVANCED_FACE ( 'NONE', ( #260 ), #1168, .F. ) ;
#1810 = CARTESIAN_POINT ( 'NONE',  ( -52.49999999999987921, 25.54999999999989768, -37.10000000000008669 ) ) ;
#1811 = ADVANCED_FACE ( 'NONE', ( #3355 ), #2261, .F. ) ;
#1812 = FACE_OUTER_BOUND ( 'NONE', #890, .T. ) ;
#1813 = PLANE ( 'NONE',  #1157 ) ;
#1814 = EDGE_CURVE ( 'NONE', #1263, #404, #998, .T. ) ;
#1815 = FACE_BOUND ( 'NONE', #1123, .T. ) ;
#1816 = ORIENTED_EDGE ( 'NONE', *, *, #399, .T. ) ;
#1817 = EDGE_CURVE ( 'NONE', #1568, #2595, #1275, .T. ) ;
#1818 = ADVANCED_FACE ( 'NONE', ( #126 ), #2332, .T. ) ;
#1819 = LINE ( 'NONE', #960, #114 ) ;
#1820 = ORIENTED_EDGE ( 'NONE', *, *, #2522, .T. ) ;
#1821 = CIRCLE ( 'NONE', #2505, 1.699999999999993072 ) ;
#1822 = CARTESIAN_POINT ( 'NONE',  ( -27.49999999999998934, 39.00000000000002842, 45.80000000000011795 ) ) ;
#1823 = DIRECTION ( 'NONE',  ( -0.000000000000000000, -0.000000000000000000, -1.000000000000000000 ) ) ;
#1824 = VECTOR ( 'NONE', #1839, 1000.000000000000000 ) ;
#1825 = ORIENTED_EDGE ( 'NONE', *, *, #708, .F. ) ;
#1826 = EDGE_LOOP ( 'NONE', ( #742, #624 ) ) ;
#1827 = CARTESIAN_POINT ( 'NONE',  ( -65.00000000000000000, 41.00000000000000000, 37.10000000000000142 ) ) ;
#1828 = CIRCLE ( 'NONE', #2868, 3.849999999999999201 ) ;
#1829 = DIRECTION ( 'NONE',  ( 0.000000000000000000, -4.081702296416033352E-15, -1.000000000000000000 ) ) ;
#1830 = ORIENTED_EDGE ( 'NONE', *, *, #3098, .F. ) ;
#1831 = VECTOR ( 'NONE', #3379, 1000.000000000000000 ) ;
#1832 = ORIENTED_EDGE ( 'NONE', *, *, #892, .F. ) ;
#1833 = CARTESIAN_POINT ( 'NONE',  ( -55.00000000000000711, 39.00000000000003553, 47.10000000000000853 ) ) ;
#1834 = DIRECTION ( 'NONE',  ( 0.000000000000000000, 0.000000000000000000, 1.000000000000000000 ) ) ;
#1835 = AXIS2_PLACEMENT_3D ( 'NONE', #2808, #353, #2494 ) ;
#1836 = CYLINDRICAL_SURFACE ( 'NONE', #2666, 0.8000000000000020428 ) ;
#1837 = LINE ( 'NONE', #269, #1475 ) ;
#1838 = VECTOR ( 'NONE', #2003, 1000.000000000000000 ) ;
#1839 = DIRECTION ( 'NONE',  ( -1.000000000000000000, -0.000000000000000000, -0.000000000000000000 ) ) ;
#1840 = CIRCLE ( 'NONE', #1209, 1.699999999999993072 ) ;
#1841 = AXIS2_PLACEMENT_3D ( 'NONE', #1099, #2174, #1864 ) ;
#1842 = VERTEX_POINT ( 'NONE', #2866 ) ;
#1843 = CC_DESIGN_APPROVAL ( #2854, ( #2656 ) ) ;
#1844 = CALENDAR_DATE ( 2026, 10, 1 ) ;
#1845 = VERTEX_POINT ( 'NONE', #1208 ) ;
#1846 = EDGE_LOOP ( 'NONE', ( #446, #2069 ) ) ;
#1847 = DIRECTION ( 'NONE',  ( 3.384826294588891940E-16, -1.000000000000000000, -0.000000000000000000 ) ) ;
#1848 = FACE_BOUND ( 'NONE', #1146, .T. ) ;
#1849 = EDGE_LOOP ( 'NONE', ( #1494, #3089, #3220 ) ) ;
#1850 = ORIENTED_EDGE ( 'NONE', *, *, #2384, .T. ) ;
#1851 = LINE ( 'NONE', #791, #2407 ) ;
#1852 = CARTESIAN_POINT ( 'NONE',  ( 64.97283412275564274, 40.99999999999999289, -37.83660000000013923 ) ) ;
#1853 = CARTESIAN_POINT ( 'NONE',  ( -64.99999999999990052, -2.000000000000000000, 34.36340000000000572 ) ) ;
#1854 = AXIS2_PLACEMENT_3D ( 'NONE', #2791, #2030, #3398 ) ;
#1855 = DIRECTION ( 'NONE',  ( -0.000000000000000000, -0.000000000000000000, 1.000000000000000000 ) ) ;
#1856 = ORIENTED_EDGE ( 'NONE', *, *, #2089, .F. ) ;
#1857 = EDGE_CURVE ( 'NONE', #819, #3125, #2375, .T. ) ;
#1858 = DATE_AND_TIME ( #1844, #3116 ) ;
#1859 = ADVANCED_FACE ( 'NONE', ( #445 ), #1780, .F. ) ;
#1860 = ADVANCED_FACE ( 'NONE', ( #2655 ), #716, .T. ) ;
#1861 = ORIENTED_EDGE ( 'NONE', *, *, #3271, .T. ) ;
#1862 = CARTESIAN_POINT ( 'NONE',  ( -54.99999999999995737, 39.00000000000002132, 44.10000000000013642 ) ) ;
#1863 = EDGE_CURVE ( 'NONE', #867, #479, #1492, .T. ) ;
#1864 = DIRECTION ( 'NONE',  ( 1.000000000000000000, 0.000000000000000000, 0.000000000000000000 ) ) ;
#1865 = EDGE_LOOP ( 'NONE', ( #725, #881 ) ) ;
#1866 = CARTESIAN_POINT ( 'NONE',  ( -54.99999999999987921, 15.19999999999989448, -37.10000000000005826 ) ) ;
#1867 = LINE ( 'NONE', #1045, #3383 ) ;
#1868 = FACE_BOUND ( 'NONE', #2275, .T. ) ;
#1869 = CYLINDRICAL_SURFACE ( 'NONE', #2221, 0.8000000000000020428 ) ;
#1870 = DIRECTION ( 'NONE',  ( 0.000000000000000000, 0.000000000000000000, 1.000000000000000000 ) ) ;
#1871 = VERTEX_POINT ( 'NONE', #1797 ) ;
#1872 = SECURITY_CLASSIFICATION_LEVEL ( 'unclassified' ) ;
#1873 = EDGE_CURVE ( 'NONE', #3315, #1466, #2318, .T. ) ;
#1874 = AXIS2_PLACEMENT_3D ( 'NONE', #285, #3327, #2208 ) ;
#1875 = VERTEX_POINT ( 'NONE', #3415 ) ;
#1876 = CARTESIAN_POINT ( 'NONE',  ( -15.22999999999999332, 0.000000000000000000, -21.08999999999999631 ) ) ;
#1877 = FACE_OUTER_BOUND ( 'NONE', #3416, .T. ) ;
#1878 = ORIENTED_EDGE ( 'NONE', *, *, #1383, .T. ) ;
#1879 = ADVANCED_FACE ( 'NONE', ( #3431 ), #659, .F. ) ;
#1880 = VECTOR ( 'NONE', #3129, 1000.000000000000000 ) ;
#1881 = PLANE ( 'NONE',  #3282 ) ;
#1882 = CARTESIAN_POINT ( 'NONE',  ( 0.000000000000000000, 38.99999999999986500, -1.422473250300976011E-13 ) ) ;
#1883 = CARTESIAN_POINT ( 'NONE',  ( 61.63325188851047898, 12.99926699659766882, -35.10000000000004405 ) ) ;
#1884 = VECTOR ( 'NONE', #1991, 1000.000000000000000 ) ;
#1885 = AXIS2_PLACEMENT_3D ( 'NONE', #2708, #988, #245 ) ;
#1886 = CARTESIAN_POINT ( 'NONE',  ( 55.00000000000003553, 24.84999999999985931, -35.10000000000008669 ) ) ;
#1887 = ORIENTED_EDGE ( 'NONE', *, *, #1747, .F. ) ;
#1888 = AXIS2_PLACEMENT_3D ( 'NONE', #3428, #975, #2330 ) ;
#1889 = DIRECTION ( 'NONE',  ( -0.000000000000000000, 1.000000000000000000, -0.000000000000000000 ) ) ;
#1890 = VECTOR ( 'NONE', #673, 1000.000000000000000 ) ;
#1891 = DIRECTION ( 'NONE',  ( 0.000000000000000000, -1.000000000000000000, 3.965082230804126670E-15 ) ) ;
#1892 = DIRECTION ( 'NONE',  ( 0.000000000000000000, 0.000000000000000000, 1.000000000000000000 ) ) ;
#1893 = VECTOR ( 'NONE', #1296, 1000.000000000000000 ) ;
#1894 = ORIENTED_EDGE ( 'NONE', *, *, #2121, .T. ) ;
#1895 = AXIS2_PLACEMENT_3D ( 'NONE', #1022, #2325, #991 ) ;
#1896 = DIRECTION ( 'NONE',  ( -0.000000000000000000, 1.000000000000000000, -0.000000000000000000 ) ) ;
#1897 = CARTESIAN_POINT ( 'NONE',  ( 0.000000000000000000, 38.99999999999999289, 7.108135218636673665E-15 ) ) ;
#1898 = ORIENTED_EDGE ( 'NONE', *, *, #2661, .T. ) ;
#1899 = DIRECTION ( 'NONE',  ( -4.336808689942013792E-16, 0.000000000000000000, -1.000000000000000000 ) ) ;
#1900 = EDGE_CURVE ( 'NONE', #3478, #2379, #2850, .T. ) ;
#1901 = DIRECTION ( 'NONE',  ( 0.000000000000000000, -1.000000000000000000, 3.469446951953611033E-15 ) ) ;
#1902 = DIRECTION ( 'NONE',  ( 1.268516541808039202E-15, 0.000000000000000000, -1.000000000000000000 ) ) ;
#1903 = CYLINDRICAL_SURFACE ( 'NONE', #2052, 10.00000000000000178 ) ;
#1904 = ORIENTED_EDGE ( 'NONE', *, *, #1817, .T. ) ;
#1905 = EDGE_LOOP ( 'NONE', ( #1670, #671, #296, #2822 ) ) ;
#1906 = DIRECTION ( 'NONE',  ( 0.000000000000000000, 3.554067609318336832E-15, 1.000000000000000000 ) ) ;
#1907 = DIRECTION ( 'NONE',  ( 0.000000000000000000, -1.000000000000000000, 0.000000000000000000 ) ) ;
#1908 = CYLINDRICAL_SURFACE ( 'NONE', #2574, 1.199999999999992628 ) ;
#1909 = EDGE_LOOP ( 'NONE', ( #329, #2857, #2002, #2268 ) ) ;
#1910 = LINE ( 'NONE', #2729, #2996 ) ;
#1911 = CARTESIAN_POINT ( 'NONE',  ( -57.00000000000201794, 5.000000000000000000, -4.869999999999908624 ) ) ;
#1912 = DIRECTION ( 'NONE',  ( -1.063625205850440202E-29, 6.982962677686266711E-15, -1.000000000000000000 ) ) ;
#1913 = ADVANCED_FACE ( 'NONE', ( #2031 ), #2044, .F. ) ;
#1914 = EDGE_CURVE ( 'NONE', #2805, #133, #429, .T. ) ;
#1915 = CARTESIAN_POINT ( 'NONE',  ( 54.99999999999995026, 39.00000000000003553, 47.10000000000000853 ) ) ;
#1916 = CARTESIAN_POINT ( 'NONE',  ( -27.50000000000000000, 38.99999999999999289, -44.10000000000012932 ) ) ;
#1917 = ORIENTED_EDGE ( 'NONE', *, *, #182, .T. ) ;
#1918 = ADVANCED_FACE ( 'NONE', ( #2083, #156, #1242, #3448, #1815, #463 ), #978, .F. ) ;
#1919 = EDGE_CURVE ( 'NONE', #1875, #2345, #1837, .T. ) ;
#1920 = DIRECTION ( 'NONE',  ( -0.000000000000000000, -3.469446951953613400E-15, -1.000000000000000000 ) ) ;
#1921 = VERTEX_POINT ( 'NONE', #3527 ) ;
#1922 = CARTESIAN_POINT ( 'NONE',  ( 0.000000000000000000, 38.99999999999999289, -42.40000000000014779 ) ) ;
#1923 = DIRECTION ( 'NONE',  ( 1.870321806983080362E-16, 0.000000000000000000, -1.000000000000000000 ) ) ;
#1924 = DIRECTION ( 'NONE',  ( 1.000000000000000000, 0.000000000000000000, -0.000000000000000000 ) ) ;
#1925 = ORIENTED_EDGE ( 'NONE', *, *, #1817, .F. ) ;
#1926 = DIRECTION ( 'NONE',  ( 4.336808689942013792E-16, 0.000000000000000000, 1.000000000000000000 ) ) ;
#1927 = AXIS2_PLACEMENT_3D ( 'NONE', #631, #1197, #181 ) ;
#1928 = CARTESIAN_POINT ( 'NONE',  ( -0.02527559055301469709, 5.000000000000000000, 0.1300000000000961775 ) ) ;
#1929 = FACE_BOUND ( 'NONE', #2371, .T. ) ;
#1930 = VECTOR ( 'NONE', #3001, 1000.000000000000000 ) ;
#1931 = EDGE_LOOP ( 'NONE', ( #386, #2045, #3532, #836 ) ) ;
#1932 = DIRECTION ( 'NONE',  ( -0.000000000000000000, 1.000000000000000000, -0.000000000000000000 ) ) ;
#1933 = AXIS2_PLACEMENT_3D ( 'NONE', #581, #1095, #561 ) ;
#1934 = DIRECTION ( 'NONE',  ( -0.000000000000000000, 1.000000000000000000, -0.000000000000000000 ) ) ;
#1935 = ORIENTED_EDGE ( 'NONE', *, *, #547, .T. ) ;
#1936 = AXIS2_PLACEMENT_3D ( 'NONE', #723, #2758, #537 ) ;
#1937 = CARTESIAN_POINT ( 'NONE',  ( -65.00000000000000000, 40.89900239793485781, -37.10000000000014353 ) ) ;
#1938 = AXIS2_PLACEMENT_3D ( 'NONE', #923, #2513, #1698 ) ;
#1939 = EDGE_CURVE ( 'NONE', #2312, #2540, #3502, .T. ) ;
#1940 = VERTEX_POINT ( 'NONE', #1338 ) ;
#1941 = ADVANCED_FACE ( 'NONE', ( #1047 ), #2947, .F. ) ;
#1942 = DIRECTION ( 'NONE',  ( -0.000000000000000000, -3.469446951953613400E-15, -1.000000000000000000 ) ) ;
#1943 = CARTESIAN_POINT ( 'NONE',  ( 1.974724409446994233, 0.000000000000000000, -6.869999999999910401 ) ) ;
#1944 = EDGE_LOOP ( 'NONE', ( #3238, #2840, #318, #2108 ) ) ;
#1945 = CIRCLE ( 'NONE', #2881, 1.749999999999987566 ) ;
#1946 = ORIENTED_EDGE ( 'NONE', *, *, #2155, .F. ) ;
#1947 = LINE ( 'NONE', #303, #2649 ) ;
#1948 = DIRECTION ( 'NONE',  ( -0.000000000000000000, -3.469446951953613400E-15, -1.000000000000000000 ) ) ;
#1949 = DIRECTION ( 'NONE',  ( -0.000000000000000000, 1.000000000000000000, -0.000000000000000000 ) ) ;
#1950 = ORIENTED_EDGE ( 'NONE', *, *, #2242, .F. ) ;
#1951 = ORIENTED_EDGE ( 'NONE', *, *, #2522, .F. ) ;
#1952 = LINE ( 'NONE', #3065, #2938 ) ;
#1953 = CARTESIAN_POINT ( 'NONE',  ( -62.00000000000201084, 5.000000000000000000, 0.1300000000000996470 ) ) ;
#1954 = DIRECTION ( 'NONE',  ( 0.000000000000000000, -1.000000000000000000, 3.469446951953611033E-15 ) ) ;
#1955 = ORIENTED_EDGE ( 'NONE', *, *, #3217, .F. ) ;
#1956 = DIRECTION ( 'NONE',  ( -1.000000000000000000, 0.000000000000000000, -1.982541115402067674E-15 ) ) ;
#1957 = ORIENTED_EDGE ( 'NONE', *, *, #1050, .T. ) ;
#1958 = FACE_BOUND ( 'NONE', #582, .T. ) ;
#1959 = VECTOR ( 'NONE', #335, 1000.000000000000000 ) ;
#1960 = EDGE_CURVE ( 'NONE', #162, #778, #3283, .T. ) ;
#1961 = FACE_OUTER_BOUND ( 'NONE', #1909, .T. ) ;
#1962 = ORIENTED_EDGE ( 'NONE', *, *, #2738, .F. ) ;
#1963 = ORIENTED_EDGE ( 'NONE', *, *, #2121, .F. ) ;
#1964 = LINE ( 'NONE', #1827, #699 ) ;
#1965 = ADVANCED_FACE ( 'NONE', ( #2994 ), #1611, .F. ) ;
#1966 = DIRECTION ( 'NONE',  ( 0.000000000000000000, 1.000000000000000000, -5.782411586589425875E-15 ) ) ;
#1967 = DIRECTION ( 'NONE',  ( -0.000000000000000000, -0.000000000000000000, 1.000000000000000000 ) ) ;
#1968 = ORIENTED_EDGE ( 'NONE', *, *, #1749, .F. ) ;
#1969 = ORIENTED_EDGE ( 'NONE', *, *, #2051, .F. ) ;
#1970 = PLANE ( 'NONE',  #2811 ) ;
#1971 = CYLINDRICAL_SURFACE ( 'NONE', #2458, 1.699999999999993072 ) ;
#1972 = ORIENTED_EDGE ( 'NONE', *, *, #990, .T. ) ;
#1973 = DIRECTION ( 'NONE',  ( 0.000000000000000000, -1.000000000000000000, 3.491481338843134539E-15 ) ) ;
#1974 = DIRECTION ( 'NONE',  ( 0.000000000000000000, 0.000000000000000000, -1.000000000000000000 ) ) ;
#1975 = VERTEX_POINT ( 'NONE', #1355 ) ;
#1976 = DIRECTION ( 'NONE',  ( -0.000000000000000000, -0.000000000000000000, 1.000000000000000000 ) ) ;
#1977 = EDGE_CURVE ( 'NONE', #3492, #1141, #1996, .T. ) ;
#1978 = CARTESIAN_POINT ( 'NONE',  ( -54.99999999999995737, 40.99999999999999289, 45.80000000000013927 ) ) ;
#1979 = ORIENTED_EDGE ( 'NONE', *, *, #1857, .F. ) ;
#1980 = ORIENTED_EDGE ( 'NONE', *, *, #726, .T. ) ;
#1981 = DIRECTION ( 'NONE',  ( -1.000000000000000000, 0.000000000000000000, 0.000000000000000000 ) ) ;
#1982 = DIRECTION ( 'NONE',  ( -0.000000000000000000, -0.000000000000000000, 1.000000000000000000 ) ) ;
#1983 = CARTESIAN_POINT ( 'NONE',  ( -54.99999999999987210, 26.79999999999989768, -37.10000000000009379 ) ) ;
#1984 = CARTESIAN_POINT ( 'NONE',  ( -15.22999999999999332, -1.978536947653147360, -19.38999999999999702 ) ) ;
#1985 = ORIENTED_EDGE ( 'NONE', *, *, #3417, .T. ) ;
#1986 = EDGE_CURVE ( 'NONE', #1263, #2043, #2644, .T. ) ;
#1987 = ORIENTED_EDGE ( 'NONE', *, *, #3363, .T. ) ;
#1988 = AXIS2_PLACEMENT_3D ( 'NONE', #1882, #1609, #1256 ) ;
#1989 = DIRECTION ( 'NONE',  ( 1.000000000000000000, -0.000000000000000000, -0.000000000000000000 ) ) ;
#1990 = FACE_BOUND ( 'NONE', #495, .T. ) ;
#1991 = DIRECTION ( 'NONE',  ( -1.268516541808039202E-15, 0.000000000000000000, 1.000000000000000000 ) ) ;
#1992 = EDGE_LOOP ( 'NONE', ( #3372, #2482, #277, #913 ) ) ;
#1993 = VECTOR ( 'NONE', #770, 1000.000000000000000 ) ;
#1994 = VECTOR ( 'NONE', #3252, 1000.000000000000000 ) ;
#1995 = CYLINDRICAL_SURFACE ( 'NONE', #1078, 1.699999999999993072 ) ;
#1996 = CIRCLE ( 'NONE', #3397, 1.664279482350518258 ) ;
#1997 = LINE ( 'NONE', #1150, #2343 ) ;
#1998 = VERTEX_POINT ( 'NONE', #3013 ) ;
#1999 = FACE_OUTER_BOUND ( 'NONE', #416, .T. ) ;
#2000 = AXIS2_PLACEMENT_3D ( 'NONE', #62, #2788, #1722 ) ;
#2001 = VERTEX_POINT ( 'NONE', #1580 ) ;
#2002 = ORIENTED_EDGE ( 'NONE', *, *, #1178, .T. ) ;
#2003 = DIRECTION ( 'NONE',  ( 1.015447888376667779E-15, -1.000000000000000000, 3.554067609318336832E-15 ) ) ;
#2004 = DIRECTION ( 'NONE',  ( 0.000000000000000000, 0.000000000000000000, -1.000000000000000000 ) ) ;
#2005 = VECTOR ( 'NONE', #278, 1000.000000000000000 ) ;
#2006 = FACE_OUTER_BOUND ( 'NONE', #1685, .T. ) ;
#2007 = VECTOR ( 'NONE', #494, 1000.000000000000000 ) ;
#2008 = CARTESIAN_POINT ( 'NONE',  ( 54.99999999999995026, 41.00000000000003553, 47.10000000000000142 ) ) ;
#2009 = ORIENTED_EDGE ( 'NONE', *, *, #3106, .T. ) ;
#2010 = VERTEX_POINT ( 'NONE', #2685 ) ;
#2011 = CARTESIAN_POINT ( 'NONE',  ( 65.00000000000000000, 0.7365999999999970349, 35.10000000000000853 ) ) ;
#2012 = ADVANCED_FACE ( 'NONE', ( #1012 ), #1869, .F. ) ;
#2013 = DIRECTION ( 'NONE',  ( 0.000000000000000000, -1.000000000000000000, 0.000000000000000000 ) ) ;
#2014 = VERTEX_POINT ( 'NONE', #238 ) ;
#2015 = EDGE_CURVE ( 'NONE', #2379, #1218, #2585, .T. ) ;
#2016 = CARTESIAN_POINT ( 'NONE',  ( -62.00000000000201084, 5.000000000000000000, -4.869999999999908624 ) ) ;
#2017 = CARTESIAN_POINT ( 'NONE',  ( -47.16674811149044189, 27.80073300340330533, 35.10000000000000142 ) ) ;
#2018 = CARTESIAN_POINT ( 'NONE',  ( -65.00000000000000000, 38.99999999999999289, -37.83660000000014634 ) ) ;
#2019 = LINE ( 'NONE', #3364, #2691 ) ;
#2020 = ORIENTED_EDGE ( 'NONE', *, *, #2344, .F. ) ;
#2021 = VERTEX_POINT ( 'NONE', #3330 ) ;
#2022 = DIRECTION ( 'NONE',  ( -0.000000000000000000, 1.000000000000000000, -3.491481338843134539E-15 ) ) ;
#2023 = DIRECTION ( 'NONE',  ( 0.000000000000000000, 0.000000000000000000, -1.000000000000000000 ) ) ;
#2024 = CARTESIAN_POINT ( 'NONE',  ( -64.99999999999997158, 38.26340000000000430, 37.83660000000000423 ) ) ;
#2025 = VERTEX_POINT ( 'NONE', #595 ) ;
#2026 = VERTEX_POINT ( 'NONE', #26 ) ;
#2027 = CARTESIAN_POINT ( 'NONE',  ( -64.99999999999998579, 38.45804784752179728, 37.10000000000000853 ) ) ;
#2028 = DIRECTION ( 'NONE',  ( 0.000000000000000000, 0.000000000000000000, 1.000000000000000000 ) ) ;
#2029 = EDGE_CURVE ( 'NONE', #819, #1688, #328, .T. ) ;
#2030 = DIRECTION ( 'NONE',  ( -0.000000000000000000, 1.000000000000000000, -0.000000000000000000 ) ) ;
#2031 = FACE_OUTER_BOUND ( 'NONE', #3081, .T. ) ;
#2032 = DIRECTION ( 'NONE',  ( -0.000000000000000000, 1.000000000000000000, -0.000000000000000000 ) ) ;
#2033 = EDGE_CURVE ( 'NONE', #1059, #1730, #1769, .T. ) ;
#2034 = CARTESIAN_POINT ( 'NONE',  ( -64.00000000000201794, 5.000000000000000000, 0.1300000000000996470 ) ) ;
#2035 = ORIENTED_EDGE ( 'NONE', *, *, #3148, .T. ) ;
#2036 = EDGE_LOOP ( 'NONE', ( #1600, #339 ) ) ;
#2037 = FACE_OUTER_BOUND ( 'NONE', #717, .T. ) ;
#2038 = FACE_OUTER_BOUND ( 'NONE', #2372, .T. ) ;
#2039 = ORIENTED_EDGE ( 'NONE', *, *, #1025, .F. ) ;
#2040 = ORIENTED_EDGE ( 'NONE', *, *, #3429, .T. ) ;
#2041 = DIRECTION ( 'NONE',  ( 0.000000000000000000, 0.000000000000000000, 1.000000000000000000 ) ) ;
#2042 = FACE_OUTER_BOUND ( 'NONE', #367, .T. ) ;
#2043 = VERTEX_POINT ( 'NONE', #2804 ) ;
#2044 = CYLINDRICAL_SURFACE ( 'NONE', #2580, 1.699999999999993072 ) ;
#2045 = ORIENTED_EDGE ( 'NONE', *, *, #2302, .F. ) ;
#2046 = CIRCLE ( 'NONE', #1124, 1.699999999999993072 ) ;
#2047 = DIRECTION ( 'NONE',  ( -1.000000000000000000, -1.015447888376667779E-15, 3.545417352834800441E-30 ) ) ;
#2048 = ORIENTED_EDGE ( 'NONE', *, *, #943, .T. ) ;
#2049 = AXIS2_PLACEMENT_3D ( 'NONE', #2262, #2244, #907 ) ;
#2050 = DIRECTION ( 'NONE',  ( 0.000000000000000000, 0.000000000000000000, -1.000000000000000000 ) ) ;
#2051 = EDGE_CURVE ( 'NONE', #1130, #759, #465, .T. ) ;
#2052 = AXIS2_PLACEMENT_3D ( 'NONE', #3286, #1564, #1276 ) ;
#2053 = VERTEX_POINT ( 'NONE', #1160 ) ;
#2054 = ORIENTED_EDGE ( 'NONE', *, *, #2363, .T. ) ;
#2055 = VECTOR ( 'NONE', #2844, 1000.000000000000000 ) ;
#2056 = FACE_BOUND ( 'NONE', #730, .T. ) ;
#2057 = LINE ( 'NONE', #2326, #3223 ) ;
#2058 = ORIENTED_EDGE ( 'NONE', *, *, #2561, .T. ) ;
#2059 = EDGE_LOOP ( 'NONE', ( #228, #151, #922, #720 ) ) ;
#2060 = CARTESIAN_POINT ( 'NONE',  ( -61.63325188851067082, 14.19926699659695224, 35.10000000000000142 ) ) ;
#2061 = AXIS2_PLACEMENT_3D ( 'NONE', #2206, #3060, #591 ) ;
#2062 = LINE ( 'NONE', #1453, #1082 ) ;
#2063 = DIRECTION ( 'NONE',  ( 0.000000000000000000, 3.554067609318336832E-15, 1.000000000000000000 ) ) ;
#2064 = CARTESIAN_POINT ( 'NONE',  ( 0.000000000000000000, 40.99999999999999289, 6.982962677686265133E-15 ) ) ;
#2065 = VECTOR ( 'NONE', #3506, 1000.000000000000000 ) ;
#2066 = ORGANIZATION ( 'æœª', 'æœª', '' ) ;
#2067 = CARTESIAN_POINT ( 'NONE',  ( -64.99999999999997158, 0.7365999999999919279, -34.36340000000000572 ) ) ;
#2068 = DIRECTION ( 'NONE',  ( 0.000000000000000000, -3.469446951953613400E-15, -1.000000000000000000 ) ) ;
#2069 = ORIENTED_EDGE ( 'NONE', *, *, #1986, .F. ) ;
#2070 = DIRECTION ( 'NONE',  ( 0.000000000000000000, 3.554067609318336832E-15, 1.000000000000000000 ) ) ;
#2071 = EDGE_CURVE ( 'NONE', #1141, #1842, #2254, .T. ) ;
#2072 = EDGE_LOOP ( 'NONE', ( #1678, #2530, #2512, #2936, #2627, #2565 ) ) ;
#2073 = ADVANCED_FACE ( 'NONE', ( #728 ), #3180, .T. ) ;
#2074 = FACE_BOUND ( 'NONE', #2849, .T. ) ;
#2075 = CARTESIAN_POINT ( 'NONE',  ( 56.69999999999983231, 17.24999999999980815, 37.10000000000000142 ) ) ;
#2076 = VERTEX_POINT ( 'NONE', #2075 ) ;
#2077 = ORIENTED_EDGE ( 'NONE', *, *, #926, .F. ) ;
#2078 = EDGE_CURVE ( 'NONE', #272, #2127, #2900, .T. ) ;
#2079 = ADVANCED_FACE ( 'NONE', ( #2038 ), #403, .T. ) ;
#2080 = DIRECTION ( 'NONE',  ( -1.000000000000000000, 0.000000000000000000, 0.000000000000000000 ) ) ;
#2081 = DIRECTION ( 'NONE',  ( 0.000000000000000000, 1.000000000000000000, 0.000000000000000000 ) ) ;
#2082 = CARTESIAN_POINT ( 'NONE',  ( -57.49999999999987921, 17.24999999999989697, -37.10000000000006537 ) ) ;
#2083 = FACE_BOUND ( 'NONE', #2091, .T. ) ;
#2084 = CARTESIAN_POINT ( 'NONE',  ( -61.63325188851067082, 14.19926699659695224, 35.10000000000000142 ) ) ;
#2085 = ORIENTED_EDGE ( 'NONE', *, *, #1280, .T. ) ;
#2086 = CYLINDRICAL_SURFACE ( 'NONE', #13, 1.699999999999993072 ) ;
#2087 = DIRECTION ( 'NONE',  ( -0.000000000000000000, 1.000000000000000000, -0.000000000000000000 ) ) ;
#2088 = EDGE_LOOP ( 'NONE', ( #3410, #1084, #2324, #707 ) ) ;
#2089 = EDGE_CURVE ( 'NONE', #895, #906, #2057, .T. ) ;
#2090 = PLANE ( 'NONE',  #362 ) ;
#2091 = EDGE_LOOP ( 'NONE', ( #233, #178 ) ) ;
#2092 = VERTEX_POINT ( 'NONE', #2918 ) ;
#2093 = CARTESIAN_POINT ( 'NONE',  ( -27.49999999999998934, 40.99999999999999289, 44.10000000000012221 ) ) ;
#2094 = EDGE_CURVE ( 'NONE', #2362, #1334, #1181, .T. ) ;
#2095 = CARTESIAN_POINT ( 'NONE',  ( 64.99999999999991473, 38.26340000000000430, 37.10000000000000853 ) ) ;
#2096 = EDGE_CURVE ( 'NONE', #2250, #1711, #2934, .T. ) ;
#2097 = DIRECTION ( 'NONE',  ( -0.000000000000000000, 1.000000000000000000, -0.000000000000000000 ) ) ;
#2098 = CARTESIAN_POINT ( 'NONE',  ( -54.99999999999997158, 40.99999999999999289, -45.80000000000012506 ) ) ;
#2099 = ORIENTED_EDGE ( 'NONE', *, *, #442, .F. ) ;
#2100 = AXIS2_PLACEMENT_3D ( 'NONE', #2802, #347, #1715 ) ;
#2101 = APPROVAL_ROLE ( '' ) ;
#2102 = CIRCLE ( 'NONE', #2212, 0.8000000000000020428 ) ;
#2103 = CARTESIAN_POINT ( 'NONE',  ( 27.50000000000001066, 40.99999999999999289, 44.10000000000011511 ) ) ;
#2104 = ORIENTED_EDGE ( 'NONE', *, *, #2596, .F. ) ;
#2105 = DIRECTION ( 'NONE',  ( 0.000000000000000000, 0.000000000000000000, -1.000000000000000000 ) ) ;
#2106 = AXIS2_PLACEMENT_3D ( 'NONE', #2357, #143, #942 ) ;
#2107 = CARTESIAN_POINT ( 'NONE',  ( -55.00000000000000711, 39.00000000000003553, 47.10000000000000853 ) ) ;
#2108 = ORIENTED_EDGE ( 'NONE', *, *, #234, .T. ) ;
#2109 = VECTOR ( 'NONE', #548, 1000.000000000000000 ) ;
#2110 = ORIENTED_EDGE ( 'NONE', *, *, #2176, .T. ) ;
#2111 = DIRECTION ( 'NONE',  ( 0.000000000000000000, 0.000000000000000000, 1.000000000000000000 ) ) ;
#2112 = CARTESIAN_POINT ( 'NONE',  ( -65.00000000000000000, 0.7365999999999970349, 35.10000000000000142 ) ) ;
#2113 = VECTOR ( 'NONE', #864, 1000.000000000000000 ) ;
#2114 = CARTESIAN_POINT ( 'NONE',  ( 27.50000000000000000, 40.99999999999999289, -44.10000000000013642 ) ) ;
#2115 = EDGE_CURVE ( 'NONE', #76, #2959, #2284, .T. ) ;
#2116 = AXIS2_PLACEMENT_3D ( 'NONE', #1370, #1351, #1060 ) ;
#2117 = EDGE_CURVE ( 'NONE', #1141, #3492, #3503, .T. ) ;
#2118 = CARTESIAN_POINT ( 'NONE',  ( -64.00000000000201794, 5.000000000000000000, 0.1300000000000996470 ) ) ;
#2119 = AXIS2_PLACEMENT_3D ( 'NONE', #1086, #2663, #2172 ) ;
#2120 = VERTEX_POINT ( 'NONE', #1773 ) ;
#2121 = EDGE_CURVE ( 'NONE', #1445, #2379, #117, .T. ) ;
#2122 = LOCAL_TIME ( 10, 32, 30.00000000000000000, #1646 ) ;
#2123 = DIRECTION ( 'NONE',  ( -0.000000000000000000, -3.469446951953613400E-15, -1.000000000000000000 ) ) ;
#2124 = VERTEX_POINT ( 'NONE', #3462 ) ;
#2125 = LINE ( 'NONE', #1283, #2755 ) ;
#2126 = CARTESIAN_POINT ( 'NONE',  ( -64.97283412275567116, 40.99999999999999289, -37.83660000000014634 ) ) ;
#2127 = VERTEX_POINT ( 'NONE', #422 ) ;
#2128 = CARTESIAN_POINT ( 'NONE',  ( -54.99999999999987921, 19.24999999999989697, -37.10000000000007248 ) ) ;
#2129 = CARTESIAN_POINT ( 'NONE',  ( 64.99999999999997158, 38.26339999999999719, -37.10000000000013642 ) ) ;
#2130 = CARTESIAN_POINT ( 'NONE',  ( 55.79999999999981242, 25.99999999999980460, 35.10000000000000142 ) ) ;
#2131 = CARTESIAN_POINT ( 'NONE',  ( -65.00000000000000000, 0.7365999999999919279, -34.36340000000000572 ) ) ;
#2132 = AXIS2_PLACEMENT_3D ( 'NONE', #675, #941, #3145 ) ;
#2133 = ADVANCED_FACE ( 'NONE', ( #1200 ), #2395, .F. ) ;
#2134 = CARTESIAN_POINT ( 'NONE',  ( -55.00000000000000000, 40.99999999999999289, -47.10000000000015064 ) ) ;
#2135 = EDGE_LOOP ( 'NONE', ( #761, #2213, #808, #3080 ) ) ;
#2136 = AXIS2_PLACEMENT_3D ( 'NONE', #3539, #2400, #1367 ) ;
#2137 = PERSON_AND_ORGANIZATION_ROLE ( 'creator' ) ;
#2138 = EDGE_CURVE ( 'NONE', #350, #1740, #1360, .T. ) ;
#2139 = ORIENTED_EDGE ( 'NONE', *, *, #2639, .F. ) ;
#2140 = DIRECTION ( 'NONE',  ( -0.000000000000000000, 1.000000000000000000, -0.000000000000000000 ) ) ;
#2141 = CYLINDRICAL_SURFACE ( 'NONE', #1841, 1.749999999999994671 ) ;
#2142 = VERTEX_POINT ( 'NONE', #1583 ) ;
#2143 = CARTESIAN_POINT ( 'NONE',  ( -52.49999999999987921, 23.94999999999989626, -37.10000000000008669 ) ) ;
#2144 = PLANE ( 'NONE',  #1988 ) ;
#2145 = CARTESIAN_POINT ( 'NONE',  ( 1.974724409447001339, 5.000000000000000000, 0.1300000000000996470 ) ) ;
#2146 = CARTESIAN_POINT ( 'NONE',  ( -65.00004999001721728, 38.45622547899764498, -37.11915891969161407 ) ) ;
#2147 = CARTESIAN_POINT ( 'NONE',  ( -62.83325188851065946, 14.19926699659695224, 35.10000000000000142 ) ) ;
#2148 = EDGE_LOOP ( 'NONE', ( #1515, #1485 ) ) ;
#2149 = MECHANICAL_CONTEXT ( 'NONE', #2514, 'mechanical' ) ;
#2150 = FACE_OUTER_BOUND ( 'NONE', #1992, .T. ) ;
#2151 = EDGE_CURVE ( 'NONE', #1443, #1135, #2413, .T. ) ;
#2152 = VECTOR ( 'NONE', #1823, 1000.000000000000000 ) ;
#2153 = ORIENTED_EDGE ( 'NONE', *, *, #2363, .F. ) ;
#2154 = DIRECTION ( 'NONE',  ( -1.000000000000000000, 0.000000000000000000, 0.000000000000000000 ) ) ;
#2155 = EDGE_CURVE ( 'NONE', #507, #435, #1418, .T. ) ;
#2156 = EDGE_CURVE ( 'NONE', #2611, #2237, #3329, .T. ) ;
#2157 = DIRECTION ( 'NONE',  ( 0.000000000000000000, 1.000000000000000000, 0.000000000000000000 ) ) ;
#2158 = VERTEX_POINT ( 'NONE', #1602 ) ;
#2159 = AXIS2_PLACEMENT_3D ( 'NONE', #68, #2281, #3270 ) ;
#2160 = CARTESIAN_POINT ( 'NONE',  ( 64.99999999999997158, 40.96642402337145228, -37.34123893249180526 ) ) ;
#2161 = LINE ( 'NONE', #2179, #3438 ) ;
#2162 = FACE_BOUND ( 'NONE', #2586, .T. ) ;
#2163 = AXIS2_PLACEMENT_3D ( 'NONE', #1077, #814, #782 ) ;
#2164 = VECTOR ( 'NONE', #2848, 1000.000000000000000 ) ;
#2165 = DIRECTION ( 'NONE',  ( 1.015447888376667779E-15, -1.000000000000000000, 3.554067609318336832E-15 ) ) ;
#2166 = CARTESIAN_POINT ( 'NONE',  ( 65.00000000000001421, 0.000000000000000000, 34.36340000000000572 ) ) ;
#2167 = ORIENTED_EDGE ( 'NONE', *, *, #755, .T. ) ;
#2168 = CIRCLE ( 'NONE', #3174, 1.700000000000000178 ) ;
#2169 = AXIS2_PLACEMENT_3D ( 'NONE', #2894, #2050, #2562 ) ;
#2170 = AXIS2_PLACEMENT_3D ( 'NONE', #1417, #3381, #1668 ) ;
#2171 = ORIENTED_EDGE ( 'NONE', *, *, #1280, .F. ) ;
#2172 = DIRECTION ( 'NONE',  ( 0.000000000000000000, -0.000000000000000000, 1.000000000000000000 ) ) ;
#2173 = EDGE_CURVE ( 'NONE', #1711, #2250, #3105, .T. ) ;
#2174 = DIRECTION ( 'NONE',  ( -0.000000000000000000, -0.000000000000000000, 1.000000000000000000 ) ) ;
#2175 = LINE ( 'NONE', #3276, #219 ) ;
#2176 = EDGE_CURVE ( 'NONE', #958, #2346, #1081, .T. ) ;
#2177 = ORIENTED_EDGE ( 'NONE', *, *, #2218, .F. ) ;
#2178 = PLANE ( 'NONE',  #3049 ) ;
#2179 = CARTESIAN_POINT ( 'NONE',  ( 65.00000000000000000, 0.7366000000000109127, -37.10000000000000142 ) ) ;
#2180 = DIRECTION ( 'NONE',  ( 0.000000000000000000, 3.554067609318336832E-15, 1.000000000000000000 ) ) ;
#2181 = EDGE_CURVE ( 'NONE', #2860, #1695, #2462, .T. ) ;
#2182 = EDGE_CURVE ( 'NONE', #1350, #2158, #2447, .T. ) ;
#2183 = B_SPLINE_CURVE_WITH_KNOTS ( 'NONE', 3,
 ( #1495, #678, #2623, #1762 ),
 .UNSPECIFIED., .F., .F.,
 ( 4, 4 ),
 ( 0.000000000000000000, 0.0007439879437930140005 ),
 .UNSPECIFIED. ) ;
#2184 = CARTESIAN_POINT ( 'NONE',  ( -27.49999999999998934, 39.00000000000002132, 44.10000000000012221 ) ) ;
#2185 = CARTESIAN_POINT ( 'NONE',  ( 58.29999999999981952, 17.24999999999980815, 35.10000000000000142 ) ) ;
#2186 = VERTEX_POINT ( 'NONE', #2835 ) ;
#2187 = B_SPLINE_CURVE_WITH_KNOTS ( 'NONE', 3,
 ( #2095, #498, #3213, #2991, #1592, #1560, #3264, #1029 ),
 .UNSPECIFIED., .F., .F.,
 ( 4, 2, 2, 4 ),
 ( 0.000000000000000000, 0.0002878294026637456880, 0.0005756588053274913760, 0.001151317610654983186 ),
 .UNSPECIFIED. ) ;
#2188 = ORIENTED_EDGE ( 'NONE', *, *, #3098, .T. ) ;
#2189 = DIRECTION ( 'NONE',  ( -0.000000000000000000, -0.000000000000000000, 1.000000000000000000 ) ) ;
#2190 = CARTESIAN_POINT ( 'NONE',  ( -54.99999999999987921, 15.99999999999989697, -37.10000000000005826 ) ) ;
#2191 = ORIENTED_EDGE ( 'NONE', *, *, #1814, .F. ) ;
#2192 = DIRECTION ( 'NONE',  ( 0.000000000000000000, 0.000000000000000000, 1.000000000000000000 ) ) ;
#2193 = LINE ( 'NONE', #1675, #2333 ) ;
#2194 = LINE ( 'NONE', #2145, #1279 ) ;
#2195 = VERTEX_POINT ( 'NONE', #2560 ) ;
#2196 = EDGE_CURVE ( 'NONE', #2959, #76, #1535, .T. ) ;
#2197 = CARTESIAN_POINT ( 'NONE',  ( 54.99999999999996447, 40.99999999999999289, -47.10000000000015064 ) ) ;
#2198 = CARTESIAN_POINT ( 'NONE',  ( -54.99999999999995737, 40.99999999999999289, 42.40000000000014779 ) ) ;
#2199 = ORIENTED_EDGE ( 'NONE', *, *, #661, .F. ) ;
#2200 = CARTESIAN_POINT ( 'NONE',  ( -65.00000000000000000, 40.96642402337145228, -37.34123893249180526 ) ) ;
#2201 = ORIENTED_EDGE ( 'NONE', *, *, #3108, .F. ) ;
#2202 = CARTESIAN_POINT ( 'NONE',  ( 58.29999999999981952, 17.24999999999980815, 37.10000000000000142 ) ) ;
#2203 = CARTESIAN_POINT ( 'NONE',  ( -52.49999999999987921, 24.74999999999990408, -35.10000000000008669 ) ) ;
#2204 = DIRECTION ( 'NONE',  ( -0.000000000000000000, -0.000000000000000000, -1.000000000000000000 ) ) ;
#2205 = ORIENTED_EDGE ( 'NONE', *, *, #1220, .F. ) ;
#2206 = CARTESIAN_POINT ( 'NONE',  ( 54.99999999999982236, 15.99999999999980638, 35.10000000000000142 ) ) ;
#2207 = AXIS2_PLACEMENT_3D ( 'NONE', #3198, #459, #1578 ) ;
#2208 = DIRECTION ( 'NONE',  ( -1.000000000000000000, 0.000000000000000000, 0.000000000000000000 ) ) ;
#2209 = CYLINDRICAL_SURFACE ( 'NONE', #2615, 0.7999999999999951594 ) ;
#2210 = CARTESIAN_POINT ( 'NONE',  ( -64.99913835010124785, 38.71634055440066646, -37.24782328439074064 ) ) ;
#2211 = ORIENTED_EDGE ( 'NONE', *, *, #2676, .T. ) ;
#2212 = AXIS2_PLACEMENT_3D ( 'NONE', #90, #1920, #1169 ) ;
#2213 = ORIENTED_EDGE ( 'NONE', *, *, #704, .F. ) ;
#2214 = DIRECTION ( 'NONE',  ( 0.000000000000000000, 3.554067609318336832E-15, 1.000000000000000000 ) ) ;
#2215 = LINE ( 'NONE', #44, #3172 ) ;
#2216 = CIRCLE ( 'NONE', #1305, 10.00000000000000178 ) ;
#2217 = DIRECTION ( 'NONE',  ( -0.000000000000000000, 1.000000000000000000, -0.000000000000000000 ) ) ;
#2218 = EDGE_CURVE ( 'NONE', #1450, #1427, #173, .T. ) ;
#2219 = ORIENTED_EDGE ( 'NONE', *, *, #196, .F. ) ;
#2220 = EDGE_CURVE ( 'NONE', #3423, #2186, #2545, .T. ) ;
#2221 = AXIS2_PLACEMENT_3D ( 'NONE', #2975, #513, #2702 ) ;
#2222 = LINE ( 'NONE', #870, #1764 ) ;
#2223 = AXIS2_PLACEMENT_3D ( 'NONE', #1239, #1778, #1521 ) ;
#2224 = EDGE_CURVE ( 'NONE', #1405, #404, #2748, .T. ) ;
#2225 = AXIS2_PLACEMENT_3D ( 'NONE', #954, #2862, #1273 ) ;
#2226 = CARTESIAN_POINT ( 'NONE',  ( -54.99999999999987921, 22.74999999999990052, -37.10000000000008669 ) ) ;
#2227 = DIRECTION ( 'NONE',  ( 3.384826294588891940E-16, -1.000000000000000000, 0.000000000000000000 ) ) ;
#2228 = CIRCLE ( 'NONE', #2358, 0.7999999999999882760 ) ;
#2229 = ORIENTED_EDGE ( 'NONE', *, *, #3131, .F. ) ;
#2230 = CIRCLE ( 'NONE', #3289, 10.00000000000000178 ) ;
#2231 = ORIENTED_EDGE ( 'NONE', *, *, #712, .T. ) ;
#2232 = DIRECTION ( 'NONE',  ( -0.000000000000000000, 1.000000000000000000, -3.469446951953611033E-15 ) ) ;
#2233 = VECTOR ( 'NONE', #402, 1000.000000000000000 ) ;
#2234 = CARTESIAN_POINT ( 'NONE',  ( -65.00000000000000000, 38.26339999999999719, -37.10000000000013642 ) ) ;
#2235 = CARTESIAN_POINT ( 'NONE',  ( -64.98717182084503463, 39.00000000000000000, -37.64248177471170465 ) ) ;
#2236 = ORIENTED_EDGE ( 'NONE', *, *, #1149, .F. ) ;
#2237 = VERTEX_POINT ( 'NONE', #2817 ) ;
#2238 = CARTESIAN_POINT ( 'NONE',  ( -64.99999999999997158, 38.26340000000000430, 37.83660000000000423 ) ) ;
#2239 = FACE_OUTER_BOUND ( 'NONE', #1460, .T. ) ;
#2240 = FACE_OUTER_BOUND ( 'NONE', #2709, .T. ) ;
#2241 = ORIENTED_EDGE ( 'NONE', *, *, #258, .T. ) ;
#2242 = EDGE_CURVE ( 'NONE', #1363, #1582, #73, .T. ) ;
#2243 = CALENDAR_DATE ( 2026, 10, 1 ) ;
#2244 = DIRECTION ( 'NONE',  ( 1.000000000000000000, 0.000000000000000000, 0.000000000000000000 ) ) ;
#2245 = AXIS2_PLACEMENT_3D ( 'NONE', #1304, #428, #192 ) ;
#2246 = CYLINDRICAL_SURFACE ( 'NONE', #3168, 10.00000000000000178 ) ;
#2247 = ORIENTED_EDGE ( 'NONE', *, *, #1034, .T. ) ;
#2248 = FACE_BOUND ( 'NONE', #1846, .T. ) ;
#2249 = EDGE_CURVE ( 'NONE', #479, #1118, #1457, .T. ) ;
#2250 = VERTEX_POINT ( 'NONE', #3113 ) ;
#2251 = ORIENTED_EDGE ( 'NONE', *, *, #121, .F. ) ;
#2252 = CARTESIAN_POINT ( 'NONE',  ( -48.36674811149043052, 27.80073300340330533, 35.10000000000000142 ) ) ;
#2253 = CARTESIAN_POINT ( 'NONE',  ( 53.24999999999982947, 20.99999999999980460, 37.10000000000000142 ) ) ;
#2254 = LINE ( 'NONE', #1984, #3044 ) ;
#2255 = ORIENTED_EDGE ( 'NONE', *, *, #487, .F. ) ;
#2256 = ORIENTED_EDGE ( 'NONE', *, *, #1672, .F. ) ;
#2257 = CARTESIAN_POINT ( 'NONE',  ( 27.50000000000000000, 40.99999999999999289, -44.10000000000013642 ) ) ;
#2258 = CARTESIAN_POINT ( 'NONE',  ( 27.50000000000001066, 39.00000000000001421, 42.40000000000012648 ) ) ;
#2259 = FACE_OUTER_BOUND ( 'NONE', #184, .T. ) ;
#2260 = EDGE_LOOP ( 'NONE', ( #1798, #3039, #2040, #2247 ) ) ;
#2261 = CYLINDRICAL_SURFACE ( 'NONE', #3101, 0.8000000000000020428 ) ;
#2262 = CARTESIAN_POINT ( 'NONE',  ( 64.99999999999998579, 0.7365999999999970349, 34.36340000000000572 ) ) ;
#2263 = DIRECTION ( 'NONE',  ( -0.000000000000000000, -0.000000000000000000, 1.000000000000000000 ) ) ;
#2264 = B_SPLINE_CURVE_WITH_KNOTS ( 'NONE', 3,
 ( #1335, #2160, #826, #284 ),
 .UNSPECIFIED., .F., .F.,
 ( 4, 4 ),
 ( 0.000000000000000000, 0.0007439879437930077121 ),
 .UNSPECIFIED. ) ;
#2265 = ORIENTED_EDGE ( 'NONE', *, *, #2196, .F. ) ;
#2266 = CARTESIAN_POINT ( 'NONE',  ( -57.00000000000201794, 0.000000000000000000, -4.869999999999908624 ) ) ;
#2267 = EDGE_CURVE ( 'NONE', #1499, #2127, #1997, .T. ) ;
#2268 = ORIENTED_EDGE ( 'NONE', *, *, #43, .T. ) ;
#2269 = ORIENTED_EDGE ( 'NONE', *, *, #2924, .T. ) ;
#2270 = ADVANCED_FACE ( 'NONE', ( #1189 ), #2246, .T. ) ;
#2271 = CARTESIAN_POINT ( 'NONE',  ( 54.99999999999995026, 41.00000000000000000, 37.10000000000000142 ) ) ;
#2272 = CYLINDRICAL_SURFACE ( 'NONE', #621, 0.8000000000000020428 ) ;
#2273 = DIRECTION ( 'NONE',  ( 4.336808689942013792E-16, 0.000000000000000000, 1.000000000000000000 ) ) ;
#2274 = EDGE_LOOP ( 'NONE', ( #522, #1171, #1935, #3367 ) ) ;
#2275 = EDGE_LOOP ( 'NONE', ( #875, #1043 ) ) ;
#2276 = CIRCLE ( 'NONE', #1471, 1.199999999999985745 ) ;
#2277 = CARTESIAN_POINT ( 'NONE',  ( 1.974724409447001339, 0.000000000000000000, 0.1300000000000996470 ) ) ;
#2278 = DIRECTION ( 'NONE',  ( 0.000000000000000000, 0.000000000000000000, -1.000000000000000000 ) ) ;
#2279 = DIRECTION ( 'NONE',  ( -1.000000000000000000, 0.000000000000000000, 0.000000000000000000 ) ) ;
#2280 = VECTOR ( 'NONE', #641, 1000.000000000000000 ) ;
#2281 = DIRECTION ( 'NONE',  ( -0.000000000000000000, -0.000000000000000000, 1.000000000000000000 ) ) ;
#2282 = VECTOR ( 'NONE', #1541, 1000.000000000000000 ) ;
#2283 = CYLINDRICAL_SURFACE ( 'NONE', #2689, 1.699999999999993072 ) ;
#2284 = CIRCLE ( 'NONE', #750, 0.7999999999999951594 ) ;
#2285 = CARTESIAN_POINT ( 'NONE',  ( 54.99999999999982236, 20.99999999999980460, 37.10000000000000142 ) ) ;
#2286 = CARTESIAN_POINT ( 'NONE',  ( -27.50000000000000000, 38.99999999999999289, -42.40000000000014069 ) ) ;
#2287 = CIRCLE ( 'NONE', #177, 1.700000000000000178 ) ;
#2288 = VERTEX_POINT ( 'NONE', #1707 ) ;
#2289 = CIRCLE ( 'NONE', #1205, 1.699999999999993072 ) ;
#2290 = ORIENTED_EDGE ( 'NONE', *, *, #3253, .T. ) ;
#2291 = EDGE_CURVE ( 'NONE', #1049, #1227, #3047, .T. ) ;
#2292 = DIRECTION ( 'NONE',  ( 0.000000000000000000, -1.000000000000000000, 0.000000000000000000 ) ) ;
#2293 = AXIS2_PLACEMENT_3D ( 'NONE', #179, #721, #3404 ) ;
#2294 = ADVANCED_FACE ( 'NONE', ( #2239 ), #1970, .F. ) ;
#2295 = CARTESIAN_POINT ( 'NONE',  ( -54.99999999999987921, 19.24999999999989697, -37.10000000000007248 ) ) ;
#2296 = DIRECTION ( 'NONE',  ( 1.000000000000000000, 0.000000000000000000, 0.000000000000000000 ) ) ;
#2297 = EDGE_LOOP ( 'NONE', ( #1767, #1969 ) ) ;
#2298 = ORIENTED_EDGE ( 'NONE', *, *, #2491, .T. ) ;
#2299 = APPROVAL_PERSON_ORGANIZATION ( #2542, #3055, #1665 ) ;
#2300 = CARTESIAN_POINT ( 'NONE',  ( 1.974724409447001339, 5.000000000000000000, 0.1300000000000996470 ) ) ;
#2301 = ADVANCED_FACE ( 'NONE', ( #865 ), #1641, .F. ) ;
#2302 = EDGE_CURVE ( 'NONE', #82, #1443, #1432, .T. ) ;
#2303 = CYLINDRICAL_SURFACE ( 'NONE', #2132, 1.699999999999993072 ) ;
#2304 = CARTESIAN_POINT ( 'NONE',  ( -0.02527559055301469709, 5.000000000000000000, 0.1300000000000961775 ) ) ;
#2305 = DIRECTION ( 'NONE',  ( 0.000000000000000000, 0.000000000000000000, -1.000000000000000000 ) ) ;
#2306 = VERTEX_POINT ( 'NONE', #291 ) ;
#2307 = CARTESIAN_POINT ( 'NONE',  ( 61.63325188851047898, 15.39926699659765497, -35.10000000000005826 ) ) ;
#2308 = EDGE_LOOP ( 'NONE', ( #2177, #2205 ) ) ;
#2309 = EDGE_LOOP ( 'NONE', ( #1416, #1115, #1096, #398 ) ) ;
#2310 = VECTOR ( 'NONE', #1225, 1000.000000000000000 ) ;
#2311 = DIRECTION ( 'NONE',  ( -0.000000000000000000, 1.000000000000000000, -6.258627047520347716E-17 ) ) ;
#2312 = VERTEX_POINT ( 'NONE', #3066 ) ;
#2313 = EDGE_LOOP ( 'NONE', ( #3102, #2871, #1894, #1100 ) ) ;
#2314 = FACE_OUTER_BOUND ( 'NONE', #2794, .T. ) ;
#2315 = CIRCLE ( 'NONE', #315, 1.699999999999993072 ) ;
#2316 = CARTESIAN_POINT ( 'NONE',  ( 54.99999999999998579, 40.99999999999999289, 45.80000000000012506 ) ) ;
#2317 = ORIENTED_EDGE ( 'NONE', *, *, #28, .F. ) ;
#2318 = LINE ( 'NONE', #1258, #2516 ) ;
#2319 = CC_DESIGN_DATE_AND_TIME_ASSIGNMENT ( #2443, #2952, ( #240 ) ) ;
#2320 = EDGE_CURVE ( 'NONE', #3463, #2611, #2480, .T. ) ;
#2321 = ORIENTED_EDGE ( 'NONE', *, *, #606, .F. ) ;
#2322 = DIRECTION ( 'NONE',  ( -1.000000000000000000, 0.000000000000000000, -0.000000000000000000 ) ) ;
#2323 = ORIENTED_EDGE ( 'NONE', *, *, #2948, .F. ) ;
#2324 = ORIENTED_EDGE ( 'NONE', *, *, #3434, .T. ) ;
#2325 = DIRECTION ( 'NONE',  ( -0.000000000000000000, 1.000000000000000000, -0.000000000000000000 ) ) ;
#2326 = CARTESIAN_POINT ( 'NONE',  ( 64.99999999999994316, -4.987329993433320396E-15, -34.36340000000000572 ) ) ;
#2327 = EDGE_LOOP ( 'NONE', ( #1500, #3137 ) ) ;
#2328 = ORIENTED_EDGE ( 'NONE', *, *, #2452, .F. ) ;
#2329 = CARTESIAN_POINT ( 'NONE',  ( -64.99999999999997158, -2.000000000000004885, -34.36340000000000572 ) ) ;
#2330 = DIRECTION ( 'NONE',  ( 0.000000000000000000, 1.000000000000000000, 0.000000000000000000 ) ) ;
#2331 = DIRECTION ( 'NONE',  ( 4.183393851506367526E-30, -1.000000000000000000, 0.000000000000000000 ) ) ;
#2332 = PLANE ( 'NONE',  #1357 ) ;
#2333 = VECTOR ( 'NONE', #325, 1000.000000000000000 ) ;
#2334 = ORIENTED_EDGE ( 'NONE', *, *, #848, .F. ) ;
#2335 = ADVANCED_FACE ( 'NONE', ( #2495 ), #2538, .F. ) ;
#2336 = AXIS2_PLACEMENT_3D ( 'NONE', #448, #736, #1243 ) ;
#2337 = FACE_OUTER_BOUND ( 'NONE', #3541, .T. ) ;
#2338 = DIRECTION ( 'NONE',  ( 0.000000000000000000, -1.000000000000000000, 3.469446951953611033E-15 ) ) ;
#2339 = ADVANCED_FACE ( 'NONE', ( #599 ), #2750, .F. ) ;
#2340 = ORIENTED_EDGE ( 'NONE', *, *, #1083, .F. ) ;
#2341 = VECTOR ( 'NONE', #1934, 1000.000000000000000 ) ;
#2342 = CARTESIAN_POINT ( 'NONE',  ( -54.99999999999987210, 25.99999999999990052, -35.10000000000008669 ) ) ;
#2343 = VECTOR ( 'NONE', #378, 1000.000000000000000 ) ;
#2344 = EDGE_CURVE ( 'NONE', #3433, #1341, #830, .T. ) ;
#2345 = VERTEX_POINT ( 'NONE', #1626 ) ;
#2346 = VERTEX_POINT ( 'NONE', #2197 ) ;
#2347 = VECTOR ( 'NONE', #1912, 1000.000000000000000 ) ;
#2348 = CYLINDRICAL_SURFACE ( 'NONE', #1040, 3.849999999999999201 ) ;
#2349 = AXIS2_PLACEMENT_3D ( 'NONE', #191, #691, #1238 ) ;
#2350 = CARTESIAN_POINT ( 'NONE',  ( -15.22999999999999332, -2.000000000000000000, -21.08999999999999631 ) ) ;
#2351 = ORIENTED_EDGE ( 'NONE', *, *, #825, .F. ) ;
#2352 = ORIENTED_EDGE ( 'NONE', *, *, #615, .T. ) ;
#2353 = LINE ( 'NONE', #458, #1890 ) ;
#2354 = VECTOR ( 'NONE', #779, 1000.000000000000000 ) ;
#2355 = CARTESIAN_POINT ( 'NONE',  ( -15.22999999999999332, 1.347111479062085841E-15, -22.78999999999998849 ) ) ;
#2356 = FACE_OUTER_BOUND ( 'NONE', #2260, .T. ) ;
#2357 = CARTESIAN_POINT ( 'NONE',  ( 54.99999999999982236, 20.99999999999980460, 37.10000000000000142 ) ) ;
#2358 = AXIS2_PLACEMENT_3D ( 'NONE', #932, #450, #2872 ) ;
#2359 = VECTOR ( 'NONE', #2382, 1000.000000000000000 ) ;
#2360 = VERTEX_POINT ( 'NONE', #311 ) ;
#2361 = CYLINDRICAL_SURFACE ( 'NONE', #1190, 1.199999999999992628 ) ;
#2362 = VERTEX_POINT ( 'NONE', #1915 ) ;
#2363 = EDGE_CURVE ( 'NONE', #1445, #1688, #30, .T. ) ;
#2364 = FACE_OUTER_BOUND ( 'NONE', #1931, .T. ) ;
#2365 = CARTESIAN_POINT ( 'NONE',  ( 0.000000000000000000, 38.99999999999999289, -44.10000000000013642 ) ) ;
#2366 = ORIENTED_EDGE ( 'NONE', *, *, #3256, .T. ) ;
#2367 = VERTEX_POINT ( 'NONE', #2464 ) ;
#2368 = CC_DESIGN_DATE_AND_TIME_ASSIGNMENT ( #583, #2792, ( #987 ) ) ;
#2369 = EDGE_CURVE ( 'NONE', #635, #1175, #1710, .T. ) ;
#2370 = FACE_BOUND ( 'NONE', #994, .T. ) ;
#2371 = EDGE_LOOP ( 'NONE', ( #2572, #1962 ) ) ;
#2372 = EDGE_LOOP ( 'NONE', ( #3209, #149, #1621, #2211 ) ) ;
#2373 = DIRECTION ( 'NONE',  ( -0.000000000000000000, 1.000000000000000000, -0.000000000000000000 ) ) ;
#2374 = CYLINDRICAL_SURFACE ( 'NONE', #3245, 0.7999999999999951594 ) ;
#2375 = LINE ( 'NONE', #1226, #2282 ) ;
#2376 = CARTESIAN_POINT ( 'NONE',  ( 52.49999999999982236, 24.74999999999980460, 37.10000000000000142 ) ) ;
#2377 = EDGE_LOOP ( 'NONE', ( #2883, #389, #2989, #3293, #2321, #2897 ) ) ;
#2378 = COORDINATED_UNIVERSAL_TIME_OFFSET ( 8, 0, .AHEAD. ) ;
#2379 = VERTEX_POINT ( 'NONE', #841 ) ;
#2380 = CARTESIAN_POINT ( 'NONE',  ( -64.97283412275568537, 39.00000000000000000, 37.83660000000000423 ) ) ;
#2381 = EDGE_CURVE ( 'NONE', #2360, #3071, #2287, .T. ) ;
#2382 = DIRECTION ( 'NONE',  ( -0.000000000000000000, -1.000000000000000000, 3.491481338843133355E-15 ) ) ;
#2383 = ORIENTED_EDGE ( 'NONE', *, *, #2878, .F. ) ;
#2384 = EDGE_CURVE ( 'NONE', #3332, #3537, #1361, .T. ) ;
#2385 = ORIENTED_EDGE ( 'NONE', *, *, #1324, .F. ) ;
#2386 = FACE_OUTER_BOUND ( 'NONE', #204, .T. ) ;
#2387 = CARTESIAN_POINT ( 'NONE',  ( 54.99999999999996447, 38.99999999999999289, -47.10000000000015064 ) ) ;
#2388 = CYLINDRICAL_SURFACE ( 'NONE', #1563, 0.7999999999999951594 ) ;
#2389 = DIRECTION ( 'NONE',  ( -3.384826294588891940E-16, 1.000000000000000000, 0.000000000000000000 ) ) ;
#2390 = EDGE_CURVE ( 'NONE', #710, #2941, #696, .T. ) ;
#2391 = CARTESIAN_POINT ( 'NONE',  ( -64.99999999999997158, 38.26340000000000430, 35.10000000000000853 ) ) ;
#2392 = EDGE_LOOP ( 'NONE', ( #833, #535, #1346, #840 ) ) ;
#2393 = AXIS2_PLACEMENT_3D ( 'NONE', #482, #511, #2081 ) ;
#2394 = VECTOR ( 'NONE', #1870, 1000.000000000000000 ) ;
#2395 = CYLINDRICAL_SURFACE ( 'NONE', #2694, 0.7365999999999970349 ) ;
#2396 = ORIENTED_EDGE ( 'NONE', *, *, #196, .T. ) ;
#2397 = ORIENTED_EDGE ( 'NONE', *, *, #1960, .T. ) ;
#2398 = CARTESIAN_POINT ( 'NONE',  ( -52.49999999999987921, 23.94999999999990337, -35.10000000000008669 ) ) ;
#2399 = AXIS2_PLACEMENT_3D ( 'NONE', #2064, #3187, #3200 ) ;
#2400 = DIRECTION ( 'NONE',  ( -0.000000000000000000, 1.000000000000000000, -0.000000000000000000 ) ) ;
#2401 = VECTOR ( 'NONE', #1729, 1000.000000000000000 ) ;
#2402 = ORIENTED_EDGE ( 'NONE', *, *, #1028, .T. ) ;
#2403 = EDGE_CURVE ( 'NONE', #2941, #710, #2816, .T. ) ;
#2404 = LINE ( 'NONE', #2476, #2354 ) ;
#2405 = AXIS2_PLACEMENT_3D ( 'NONE', #2257, #42, #1121 ) ;
#2406 = DIRECTION ( 'NONE',  ( -0.000000000000000000, 1.000000000000000000, -0.000000000000000000 ) ) ;
#2407 = VECTOR ( 'NONE', #1091, 1000.000000000000000 ) ;
#2408 = EDGE_CURVE ( 'NONE', #1871, #895, #2215, .T. ) ;
#2409 = DIRECTION ( 'NONE',  ( 1.000000000000000000, 0.000000000000000000, 0.000000000000000000 ) ) ;
#2410 = VECTOR ( 'NONE', #108, 1000.000000000000000 ) ;
#2411 = EDGE_LOOP ( 'NONE', ( #590, #2769, #2665, #1201 ) ) ;
#2412 = DESIGN_CONTEXT ( 'detailed design', #2441, 'design' ) ;
#2413 = LINE ( 'NONE', #3241, #521 ) ;
#2414 = ORIENTED_EDGE ( 'NONE', *, *, #2809, .F. ) ;
#2415 = CYLINDRICAL_SURFACE ( 'NONE', #528, 1.699999999999993072 ) ;
#2416 = DIRECTION ( 'NONE',  ( 1.000000000000000000, -0.000000000000000000, 1.870321806983080362E-16 ) ) ;
#2417 = ORIENTED_EDGE ( 'NONE', *, *, #89, .T. ) ;
#2418 = CARTESIAN_POINT ( 'NONE',  ( 0.000000000000000000, 38.99999999999999289, -44.10000000000013642 ) ) ;
#2419 = CARTESIAN_POINT ( 'NONE',  ( 64.99999999999994316, -2.000000000000000000, -34.36340000000000572 ) ) ;
#2420 = AXIS2_PLACEMENT_3D ( 'NONE', #1508, #2618, #2907 ) ;
#2421 = DIRECTION ( 'NONE',  ( 0.000000000000000000, 3.554067609318336832E-15, 1.000000000000000000 ) ) ;
#2422 = CIRCLE ( 'NONE', #2420, 1.699999999999993072 ) ;
#2423 = CARTESIAN_POINT ( 'NONE',  ( 27.50000000000000000, 38.99999999999999289, -45.80000000000013216 ) ) ;
#2424 = VERTEX_POINT ( 'NONE', #1489 ) ;
#2425 = EDGE_CURVE ( 'NONE', #1975, #3208, #692, .T. ) ;
#2426 = AXIS2_PLACEMENT_3D ( 'NONE', #231, #3305, #3275 ) ;
#2427 = DIRECTION ( 'NONE',  ( 3.384826294588891940E-16, -1.000000000000000000, 0.000000000000000000 ) ) ;
#2428 = AXIS2_PLACEMENT_3D ( 'NONE', #879, #612, #3062 ) ;
#2429 = LINE ( 'NONE', #3002, #3272 ) ;
#2430 = ORIENTED_EDGE ( 'NONE', *, *, #1792, .T. ) ;
#2431 = CARTESIAN_POINT ( 'NONE',  ( -65.00000000000000000, 38.26340000000000430, 37.10000000000000853 ) ) ;
#2432 = LINE ( 'NONE', #1634, #3405 ) ;
#2433 = DIRECTION ( 'NONE',  ( -0.000000000000000000, 1.000000000000000000, -0.000000000000000000 ) ) ;
#2434 = EDGE_LOOP ( 'NONE', ( #60, #2402, #556, #824 ) ) ;
#2435 = CARTESIAN_POINT ( 'NONE',  ( -65.00000000000000000, 38.26340000000000430, 37.83660000000000423 ) ) ;
#2436 = DIRECTION ( 'NONE',  ( -1.000000000000000000, 0.000000000000000000, 0.000000000000000000 ) ) ;
#2437 = FACE_OUTER_BOUND ( 'NONE', #3063, .T. ) ;
#2438 = CARTESIAN_POINT ( 'NONE',  ( -54.99999999999995737, 40.99999999999999289, 45.80000000000013216 ) ) ;
#2439 = CYLINDRICAL_SURFACE ( 'NONE', #2636, 0.7999999999999951594 ) ;
#2440 = ORIENTED_EDGE ( 'NONE', *, *, #2622, .F. ) ;
#2441 = APPLICATION_CONTEXT ( 'configuration controlled 3d designs of mechanical parts and assemblies' ) ;
#2442 = ADVANCED_FACE ( 'NONE', ( #656 ), #3445, .T. ) ;
#2443 = DATE_AND_TIME ( #1342, #705 ) ;
#2444 = CARTESIAN_POINT ( 'NONE',  ( -64.97283412275567116, 38.99999999999999289, -37.83660000000014634 ) ) ;
#2445 = EDGE_CURVE ( 'NONE', #1155, #1921, #127, .T. ) ;
#2446 = CARTESIAN_POINT ( 'NONE',  ( -27.49999999999998934, 40.99999999999999289, 44.10000000000012221 ) ) ;
#2447 = LINE ( 'NONE', #1111, #2401 ) ;
#2448 = EDGE_CURVE ( 'NONE', #3119, #3109, #354, .T. ) ;
#2449 = AXIS2_PLACEMENT_3D ( 'NONE', #1373, #57, #2477 ) ;
#2450 = EDGE_LOOP ( 'NONE', ( #1392, #2493, #1069, #3414 ) ) ;
#2451 = CYLINDRICAL_SURFACE ( 'NONE', #2821, 1.699999999999993072 ) ;
#2452 = EDGE_CURVE ( 'NONE', #2831, #2772, #920, .T. ) ;
#2453 = EDGE_CURVE ( 'NONE', #265, #3433, #572, .T. ) ;
#2454 = AXIS2_PLACEMENT_3D ( 'NONE', #3219, #2671, #549 ) ;
#2455 = CARTESIAN_POINT ( 'NONE',  ( 65.00000000000002842, -2.000000000000000000, -37.10000000000000142 ) ) ;
#2456 = DIRECTION ( 'NONE',  ( -3.384826294588891940E-16, 1.000000000000000000, 0.000000000000000000 ) ) ;
#2457 = ORIENTED_EDGE ( 'NONE', *, *, #2954, .T. ) ;
#2458 = AXIS2_PLACEMENT_3D ( 'NONE', #31, #2217, #65 ) ;
#2459 = CARTESIAN_POINT ( 'NONE',  ( 0.000000000000000000, -2.000000000000000000, 0.000000000000000000 ) ) ;
#2460 = CARTESIAN_POINT ( 'NONE',  ( 54.99999999999996447, 38.99999999999999289, -37.10000000000014353 ) ) ;
#2461 = DIRECTION ( 'NONE',  ( 1.000000000000000000, -0.000000000000000000, -0.000000000000000000 ) ) ;
#2462 = CIRCLE ( 'NONE', #3452, 0.8000000000000020428 ) ;
#2463 = AXIS2_PLACEMENT_3D ( 'NONE', #1106, #2734, #3313 ) ;
#2464 = CARTESIAN_POINT ( 'NONE',  ( -64.99999999999990052, 0.7365999999999970349, 35.10000000000000142 ) ) ;
#2465 = DIRECTION ( 'NONE',  ( 1.000000000000000000, -0.000000000000000000, -0.000000000000000000 ) ) ;
#2466 = ORIENTED_EDGE ( 'NONE', *, *, #3259, .T. ) ;
#2467 = VECTOR ( 'NONE', #1926, 1000.000000000000000 ) ;
#2468 = AXIS2_PLACEMENT_3D ( 'NONE', #1550, #2123, #1310 ) ;
#2469 = DIRECTION ( 'NONE',  ( -0.000000000000000000, -0.000000000000000000, -1.000000000000000000 ) ) ;
#2470 = CIRCLE ( 'NONE', #642, 0.7999999999999882760 ) ;
#2471 = EDGE_LOOP ( 'NONE', ( #601, #1421, #2926, #1286 ) ) ;
#2472 = CARTESIAN_POINT ( 'NONE',  ( -65.00000000000000000, 38.26339999999999719, -35.10000000000013642 ) ) ;
#2473 = LINE ( 'NONE', #540, #2776 ) ;
#2474 = ORIENTED_EDGE ( 'NONE', *, *, #2320, .F. ) ;
#2475 = EDGE_CURVE ( 'NONE', #3225, #517, #1165, .T. ) ;
#2476 = CARTESIAN_POINT ( 'NONE',  ( 61.63325188851047898, 12.99926699659766349, -37.10000000000004405 ) ) ;
#2477 = DIRECTION ( 'NONE',  ( 0.000000000000000000, -1.000000000000000000, 5.782411586589392743E-15 ) ) ;
#2478 = CARTESIAN_POINT ( 'NONE',  ( 54.99999999999982236, 15.99999999999980638, 37.10000000000000142 ) ) ;
#2479 = EDGE_LOOP ( 'NONE', ( #616, #1006, #857, #1519 ) ) ;
#2480 = LINE ( 'NONE', #3083, #570 ) ;
#2481 = DIRECTION ( 'NONE',  ( -0.000000000000000000, -3.469446951953613400E-15, -1.000000000000000000 ) ) ;
#2482 = ORIENTED_EDGE ( 'NONE', *, *, #440, .T. ) ;
#2483 = LINE ( 'NONE', #34, #3322 ) ;
#2484 = ORIENTED_EDGE ( 'NONE', *, *, #2369, .F. ) ;
#2485 = ORIENTED_EDGE ( 'NONE', *, *, #2475, .F. ) ;
#2486 = DIRECTION ( 'NONE',  ( 0.000000000000000000, 0.000000000000000000, -1.000000000000000000 ) ) ;
#2487 = DIRECTION ( 'NONE',  ( 1.000000000000000000, -0.000000000000000000, -0.000000000000000000 ) ) ;
#2488 = ORIENTED_EDGE ( 'NONE', *, *, #868, .F. ) ;
#2489 = LINE ( 'NONE', #1448, #2467 ) ;
#2490 = CARTESIAN_POINT ( 'NONE',  ( 64.99619349229045895, 38.85255509507979355, -37.38415133810936908 ) ) ;
#2491 = EDGE_CURVE ( 'NONE', #1155, #1740, #1468, .T. ) ;
#2492 = CARTESIAN_POINT ( 'NONE',  ( -0.02527559055300835494, 0.000000000000000000, -4.869999999999908624 ) ) ;
#2493 = ORIENTED_EDGE ( 'NONE', *, *, #1366, .T. ) ;
#2494 = DIRECTION ( 'NONE',  ( 0.000000000000000000, 0.000000000000000000, -1.000000000000000000 ) ) ;
#2495 = FACE_OUTER_BOUND ( 'NONE', #3546, .T. ) ;
#2496 = FACE_BOUND ( 'NONE', #251, .T. ) ;
#2497 = EDGE_CURVE ( 'NONE', #3181, #352, #3396, .T. ) ;
#2498 = VERTEX_POINT ( 'NONE', #1206 ) ;
#2499 = LINE ( 'NONE', #295, #167 ) ;
#2500 = VERTEX_POINT ( 'NONE', #925 ) ;
#2501 = LINE ( 'NONE', #94, #1088 ) ;
#2502 = ORIENTED_EDGE ( 'NONE', *, *, #2218, .T. ) ;
#2503 = EDGE_LOOP ( 'NONE', ( #222, #1682, #449, #1925 ) ) ;
#2504 = DIRECTION ( 'NONE',  ( 0.000000000000000000, 0.000000000000000000, 1.000000000000000000 ) ) ;
#2505 = AXIS2_PLACEMENT_3D ( 'NONE', #961, #607, #1784 ) ;
#2506 = CARTESIAN_POINT ( 'NONE',  ( 64.99370248090377800, 38.90718526773816421, -37.46588840177053470 ) ) ;
#2507 = CARTESIAN_POINT ( 'NONE',  ( 27.50000000000001066, 40.99999999999999289, 42.40000000000011937 ) ) ;
#2508 = CARTESIAN_POINT ( 'NONE',  ( 65.00000000000002842, 0.7366000000000109127, -37.09999999999999432 ) ) ;
#2509 = EDGE_LOOP ( 'NONE', ( #914, #1065 ) ) ;
#2510 = EDGE_CURVE ( 'NONE', #1049, #2549, #2062, .T. ) ;
#2511 = AXIS2_PLACEMENT_3D ( 'NONE', #2815, #3339, #317 ) ;
#2512 = ORIENTED_EDGE ( 'NONE', *, *, #2594, .T. ) ;
#2513 = DIRECTION ( 'NONE',  ( -0.000000000000000000, -0.000000000000000000, 1.000000000000000000 ) ) ;
#2514 = APPLICATION_CONTEXT ( 'configuration controlled 3d designs of mechanical parts and assemblies' ) ;
#2515 = CARTESIAN_POINT ( 'NONE',  ( -0.02527559055301469709, 5.000000000000000000, 0.1300000000000961775 ) ) ;
#2516 = VECTOR ( 'NONE', #1759, 1000.000000000000000 ) ;
#2517 = CARTESIAN_POINT ( 'NONE',  ( -54.99999999999987921, 20.99999999999990052, 37.10000000000000142 ) ) ;
#2518 = EDGE_LOOP ( 'NONE', ( #397, #1589, #364, #152, #3058, #2553 ) ) ;
#2519 = DIRECTION ( 'NONE',  ( -0.000000000000000000, 1.000000000000000000, -0.000000000000000000 ) ) ;
#2520 = AXIS2_PLACEMENT_3D ( 'NONE', #992, #1806, #100 ) ;
#2521 = CC_DESIGN_PERSON_AND_ORGANIZATION_ASSIGNMENT ( #799, #1566, ( #240 ) ) ;
#2522 = EDGE_CURVE ( 'NONE', #2595, #133, #2863, .T. ) ;
#2523 = DIRECTION ( 'NONE',  ( -1.000000000000000000, 0.000000000000000000, 9.912705577010312730E-16 ) ) ;
#2524 = DIRECTION ( 'NONE',  ( 1.000000000000000000, 0.000000000000000000, 0.000000000000000000 ) ) ;
#2525 = ORIENTED_EDGE ( 'NONE', *, *, #552, .T. ) ;
#2526 = CIRCLE ( 'NONE', #415, 1.699999999999993072 ) ;
#2527 = CARTESIAN_POINT ( 'NONE',  ( -65.00000000000000000, 0.7365999999999919279, -34.36340000000000572 ) ) ;
#2528 = AXIS2_PLACEMENT_3D ( 'NONE', #803, #200, #2154 ) ;
#2529 = ORIENTED_EDGE ( 'NONE', *, *, #2220, .F. ) ;
#2530 = ORIENTED_EDGE ( 'NONE', *, *, #2884, .T. ) ;
#2531 = CARTESIAN_POINT ( 'NONE',  ( 65.00000000000002842, 1.251725409504123284E-16, -35.10000000000000142 ) ) ;
#2532 = DIRECTION ( 'NONE',  ( 0.000000000000000000, -1.000000000000000000, 0.000000000000000000 ) ) ;
#2533 = CARTESIAN_POINT ( 'NONE',  ( 54.19999999999982521, 25.99999999999980460, 37.10000000000000142 ) ) ;
#2534 = DIRECTION ( 'NONE',  ( 0.000000000000000000, 3.554067609318336832E-15, 1.000000000000000000 ) ) ;
#2535 = ORIENTED_EDGE ( 'NONE', *, *, #4, .T. ) ;
#2536 = ORIENTED_EDGE ( 'NONE', *, *, #990, .F. ) ;
#2537 = LINE ( 'NONE', #103, #1259 ) ;
#2538 = CYLINDRICAL_SURFACE ( 'NONE', #1597, 1.699999999999993072 ) ;
#2539 = CARTESIAN_POINT ( 'NONE',  ( -51.14999999999988489, 20.99999999999990052, 37.10000000000000142 ) ) ;
#2540 = VERTEX_POINT ( 'NONE', #2258 ) ;
#2541 = CARTESIAN_POINT ( 'NONE',  ( 54.99999999999998579, 39.00000000000002132, 44.10000000000012221 ) ) ;
#2542 = PERSON_AND_ORGANIZATION ( #2732, #2066 ) ;
#2543 = CARTESIAN_POINT ( 'NONE',  ( -57.49999999999987921, 16.44999999999990337, -35.10000000000005826 ) ) ;
#2544 = EDGE_CURVE ( 'NONE', #950, #963, #427, .T. ) ;
#2545 = LINE ( 'NONE', #623, #2870 ) ;
#2546 = ORIENTED_EDGE ( 'NONE', *, *, #2445, .T. ) ;
#2547 = CARTESIAN_POINT ( 'NONE',  ( 0.000000000000000000, 0.000000000000000000, 35.10000000000000142 ) ) ;
#2548 = ORIENTED_EDGE ( 'NONE', *, *, #892, .T. ) ;
#2549 = VERTEX_POINT ( 'NONE', #2300 ) ;
#2550 = ORIENTED_EDGE ( 'NONE', *, *, #898, .T. ) ;
#2551 = CARTESIAN_POINT ( 'NONE',  ( 54.99999999999995026, 38.26340000000000430, 37.10000000000000853 ) ) ;
#2552 = CARTESIAN_POINT ( 'NONE',  ( -0.02527559055300835494, 5.000000000000000000, -4.869999999999908624 ) ) ;
#2553 = ORIENTED_EDGE ( 'NONE', *, *, #1873, .F. ) ;
#2554 = ORIENTED_EDGE ( 'NONE', *, *, #636, .T. ) ;
#2555 = DIRECTION ( 'NONE',  ( -1.000000000000000000, -0.000000000000000000, -0.000000000000000000 ) ) ;
#2556 = CARTESIAN_POINT ( 'NONE',  ( 0.000000000000000000, -1.318559083057102935E-13, -35.10000000000000142 ) ) ;
#2557 = VECTOR ( 'NONE', #1230, 1000.000000000000000 ) ;
#2558 = DIRECTION ( 'NONE',  ( 0.000000000000000000, -1.000000000000000000, 5.782411586589392743E-15 ) ) ;
#2559 = CARTESIAN_POINT ( 'NONE',  ( -64.97283412275567116, 40.99999999999999289, -37.83660000000014634 ) ) ;
#2560 = CARTESIAN_POINT ( 'NONE',  ( -58.84999999999988063, 20.99999999999990052, 37.10000000000000142 ) ) ;
#2561 = EDGE_CURVE ( 'NONE', #2120, #1575, #3505, .T. ) ;
#2562 = DIRECTION ( 'NONE',  ( -1.000000000000000000, 0.000000000000000000, -0.000000000000000000 ) ) ;
#2563 = ADVANCED_FACE ( 'NONE', ( #3413, #940, #3144, #408, #1990, #373, #140, #3104, #637 ), #1724, .T. ) ;
#2564 = VERTEX_POINT ( 'NONE', #2316 ) ;
#2565 = ORIENTED_EDGE ( 'NONE', *, *, #1438, .F. ) ;
#2566 = LINE ( 'NONE', #2531, #1838 ) ;
#2567 = ADVANCED_FACE ( 'NONE', ( #2042 ), #1153, .F. ) ;
#2568 = EDGE_CURVE ( 'NONE', #3125, #3311, #1184, .T. ) ;
#2569 = CARTESIAN_POINT ( 'NONE',  ( -27.50000000000000000, 38.99999999999999289, -44.10000000000012932 ) ) ;
#2570 = LINE ( 'NONE', #2295, #2233 ) ;
#2571 = DIRECTION ( 'NONE',  ( 0.000000000000000000, 1.000000000000000000, -0.000000000000000000 ) ) ;
#2572 = ORIENTED_EDGE ( 'NONE', *, *, #22, .F. ) ;
#2573 = EDGE_LOOP ( 'NONE', ( #2972, #2035, #1285, #1299 ) ) ;
#2574 = AXIS2_PLACEMENT_3D ( 'NONE', #1333, #2204, #3038 ) ;
#2575 = DIRECTION ( 'NONE',  ( -0.000000000000000000, 1.000000000000000000, -0.000000000000000000 ) ) ;
#2576 = CARTESIAN_POINT ( 'NONE',  ( 54.99999999999997158, 40.99999999999999289, -42.40000000000015490 ) ) ;
#2577 = CARTESIAN_POINT ( 'NONE',  ( -27.49999999999998934, 40.99999999999999289, 44.10000000000012221 ) ) ;
#2578 = AXIS2_PLACEMENT_3D ( 'NONE', #1526, #2047, #1545 ) ;
#2579 = DIRECTION ( 'NONE',  ( 0.000000000000000000, 1.000000000000000000, 0.000000000000000000 ) ) ;
#2580 = AXIS2_PLACEMENT_3D ( 'NONE', #3163, #2889, #1470 ) ;
#2581 = CARTESIAN_POINT ( 'NONE',  ( 56.74999999999980815, 20.99999999999980460, 37.10000000000000142 ) ) ;
#2582 = EDGE_LOOP ( 'NONE', ( #1955, #2396, #3100, #2919 ) ) ;
#2583 = DIRECTION ( 'NONE',  ( -0.000000000000000000, 1.000000000000000000, -0.000000000000000000 ) ) ;
#2584 = VECTOR ( 'NONE', #3103, 1000.000000000000000 ) ;
#2585 = B_SPLINE_CURVE_WITH_KNOTS ( 'NONE', 3,
 ( #1322, #1063, #2146, #794, #2210, #288, #2235, #1375 ),
 .UNSPECIFIED., .F., .F.,
 ( 4, 2, 2, 4 ),
 ( 0.000000000000000000, 0.0002878294026637464469, 0.0005756588053274928939, 0.001151317610654984920 ),
 .UNSPECIFIED. ) ;
#2586 = EDGE_LOOP ( 'NONE', ( #3136, #1946 ) ) ;
#2587 = VECTOR ( 'NONE', #1319, 1000.000000000000000 ) ;
#2588 = ORIENTED_EDGE ( 'NONE', *, *, #3130, .T. ) ;
#2589 = VECTOR ( 'NONE', #1180, 1000.000000000000000 ) ;
#2590 = AXIS2_PLACEMENT_3D ( 'NONE', #1232, #2322, #3435 ) ;
#2591 = CARTESIAN_POINT ( 'NONE',  ( -0.02527559055301469709, 0.000000000000000000, 0.1300000000000961775 ) ) ;
#2592 = DIRECTION ( 'NONE',  ( 0.000000000000000000, 1.000000000000000000, 0.000000000000000000 ) ) ;
#2593 = ORIENTED_EDGE ( 'NONE', *, *, #1303, .F. ) ;
#2594 = EDGE_CURVE ( 'NONE', #958, #677, #2537, .T. ) ;
#2595 = VERTEX_POINT ( 'NONE', #372 ) ;
#2596 = EDGE_CURVE ( 'NONE', #1499, #1998, #331, .T. ) ;
#2597 = LINE ( 'NONE', #153, #1262 ) ;
#2598 = CIRCLE ( 'NONE', #2886, 2.736599999999998811 ) ;
#2599 = CARTESIAN_POINT ( 'NONE',  ( -64.00000000000201794, 5.000000000000000000, 0.1300000000000996470 ) ) ;
#2600 = ORIENTED_EDGE ( 'NONE', *, *, #1645, .T. ) ;
#2601 = CARTESIAN_POINT ( 'NONE',  ( 64.99999999999998579, 1.084202172485504434E-16, 34.36340000000000572 ) ) ;
#2602 = EDGE_LOOP ( 'NONE', ( #880, #307, #3487, #35 ) ) ;
#2603 = CARTESIAN_POINT ( 'NONE',  ( -57.49999999999987921, 17.24999999999990408, -35.10000000000005826 ) ) ;
#2604 = DIRECTION ( 'NONE',  ( 0.000000000000000000, -1.000000000000000000, 5.782411586589392743E-15 ) ) ;
#2605 = ORIENTED_EDGE ( 'NONE', *, *, #2762, .T. ) ;
#2606 = LINE ( 'NONE', #1458, #640 ) ;
#2607 = EDGE_LOOP ( 'NONE', ( #1516, #2236 ) ) ;
#2608 = ORIENTED_EDGE ( 'NONE', *, *, #3359, .F. ) ;
#2609 = CARTESIAN_POINT ( 'NONE',  ( 55.79999999999981242, 25.99999999999980460, 37.10000000000000142 ) ) ;
#2610 = ORIENTED_EDGE ( 'NONE', *, *, #1288, .T. ) ;
#2611 = VERTEX_POINT ( 'NONE', #1204 ) ;
#2612 = EDGE_CURVE ( 'NONE', #3474, #1151, #1134, .T. ) ;
#2613 = CIRCLE ( 'NONE', #3070, 3.849999999999999201 ) ;
#2614 = CARTESIAN_POINT ( 'NONE',  ( 57.49999999999982236, 17.24999999999980815, 37.10000000000000142 ) ) ;
#2615 = AXIS2_PLACEMENT_3D ( 'NONE', #2478, #3012, #577 ) ;
#2616 = EDGE_CURVE ( 'NONE', #759, #1130, #8, .T. ) ;
#2617 = DIRECTION ( 'NONE',  ( 0.000000000000000000, -1.000000000000000000, 5.782411586589392743E-15 ) ) ;
#2618 = DIRECTION ( 'NONE',  ( 0.000000000000000000, -1.000000000000000000, 0.000000000000000000 ) ) ;
#2619 = EDGE_CURVE ( 'NONE', #1531, #3267, #1952, .T. ) ;
#2620 = DIRECTION ( 'NONE',  ( -1.000000000000000000, 0.000000000000000000, -1.734723475976793289E-15 ) ) ;
#2621 = ORIENTED_EDGE ( 'NONE', *, *, #1202, .F. ) ;
#2622 = EDGE_CURVE ( 'NONE', #1788, #2805, #1599, .T. ) ;
#2623 = CARTESIAN_POINT ( 'NONE',  ( -64.99128472477266882, 41.00000000000000000, 37.58679713089830443 ) ) ;
#2624 = CARTESIAN_POINT ( 'NONE',  ( 54.99999999999998579, 40.99999999999999289, 44.10000000000012221 ) ) ;
#2625 = ORIENTED_EDGE ( 'NONE', *, *, #3130, .F. ) ;
#2626 = LINE ( 'NONE', #417, #1429 ) ;
#2627 = ORIENTED_EDGE ( 'NONE', *, *, #424, .F. ) ;
#2628 = LINE ( 'NONE', #2107, #2359 ) ;
#2629 = ORIENTED_EDGE ( 'NONE', *, *, #1371, .T. ) ;
#2630 = ORIENTED_EDGE ( 'NONE', *, *, #2673, .F. ) ;
#2631 = CYLINDRICAL_SURFACE ( 'NONE', #1772, 1.750000000000001554 ) ;
#2632 = ADVANCED_FACE ( 'NONE', ( #903 ), #84, .T. ) ;
#2633 = CARTESIAN_POINT ( 'NONE',  ( -62.00000000000201084, 5.000000000000000000, 0.1300000000000996470 ) ) ;
#2634 = CARTESIAN_POINT ( 'NONE',  ( 53.24999999999982236, 20.99999999999980460, 37.10000000000000142 ) ) ;
#2635 = VECTOR ( 'NONE', #1982, 1000.000000000000000 ) ;
#2636 = AXIS2_PLACEMENT_3D ( 'NONE', #818, #1598, #1307 ) ;
#2637 = CARTESIAN_POINT ( 'NONE',  ( 61.63325188851047898, 14.19926699659765568, -37.10000000000005116 ) ) ;
#2638 = EDGE_LOOP ( 'NONE', ( #1216, #1751, #423, #597 ) ) ;
#2639 = EDGE_CURVE ( 'NONE', #3406, #832, #3082, .T. ) ;
#2640 = EDGE_CURVE ( 'NONE', #2288, #2675, #467, .T. ) ;
#2641 = AXIS2_PLACEMENT_3D ( 'NONE', #1916, #86, #355 ) ;
#2642 = CARTESIAN_POINT ( 'NONE',  ( -27.50000000000000000, 38.99999999999999289, -45.80000000000012506 ) ) ;
#2643 = FACE_OUTER_BOUND ( 'NONE', #652, .T. ) ;
#2644 = CIRCLE ( 'NONE', #2163, 1.749999999999994671 ) ;
#2645 = ORIENTED_EDGE ( 'NONE', *, *, #3056, .T. ) ;
#2646 = VERTEX_POINT ( 'NONE', #1661 ) ;
#2647 = VECTOR ( 'NONE', #123, 1000.000000000000000 ) ;
#2648 = LINE ( 'NONE', #3490, #2007 ) ;
#2649 = VECTOR ( 'NONE', #3307, 1000.000000000000000 ) ;
#2650 = EDGE_LOOP ( 'NONE', ( #2951, #1760 ) ) ;
#2651 = ORIENTED_EDGE ( 'NONE', *, *, #2267, .T. ) ;
#2652 = FACE_OUTER_BOUND ( 'NONE', #1905, .T. ) ;
#2653 = DIRECTION ( 'NONE',  ( -0.000000000000000000, 1.000000000000000000, -0.000000000000000000 ) ) ;
#2654 = DIRECTION ( 'NONE',  ( 0.000000000000000000, 1.000000000000000000, 0.000000000000000000 ) ) ;
#2655 = FACE_OUTER_BOUND ( 'NONE', #1849, .T. ) ;
#2656 = PRODUCT_DEFINITION_FORMATION_WITH_SPECIFIED_SOURCE ( 'ä»', '', #3251, .NOT_KNOWN. ) ;
#2657 = DIRECTION ( 'NONE',  ( -1.000000000000000000, 0.000000000000000000, 0.000000000000000000 ) ) ;
#2658 = ORIENTED_EDGE ( 'NONE', *, *, #962, .F. ) ;
#2659 = EDGE_CURVE ( 'NONE', #685, #2893, #753, .T. ) ;
#2660 = DIRECTION ( 'NONE',  ( -0.000000000000000000, 1.000000000000000000, -0.000000000000000000 ) ) ;
#2661 = EDGE_CURVE ( 'NONE', #3208, #3181, #1754, .T. ) ;
#2662 = DIRECTION ( 'NONE',  ( 0.000000000000000000, 0.000000000000000000, 1.000000000000000000 ) ) ;
#2663 = DIRECTION ( 'NONE',  ( 0.000000000000000000, 1.000000000000000000, 0.000000000000000000 ) ) ;
#2664 = DIRECTION ( 'NONE',  ( 0.000000000000000000, 0.000000000000000000, 1.000000000000000000 ) ) ;
#2665 = ORIENTED_EDGE ( 'NONE', *, *, #2898, .F. ) ;
#2666 = AXIS2_PLACEMENT_3D ( 'NONE', #3199, #216, #2654 ) ;
#2667 = EDGE_LOOP ( 'NONE', ( #1435, #2265 ) ) ;
#2668 = CYLINDRICAL_SURFACE ( 'NONE', #576, 1.699999999999993072 ) ;
#2669 = DIRECTION ( 'NONE',  ( -0.000000000000000000, 1.000000000000000000, -0.000000000000000000 ) ) ;
#2670 = CARTESIAN_POINT ( 'NONE',  ( -52.49999999999987921, 24.74999999999990408, -35.10000000000008669 ) ) ;
#2671 = DIRECTION ( 'NONE',  ( -1.982541115402067674E-15, 0.000000000000000000, 1.000000000000000000 ) ) ;
#2672 = ORIENTED_EDGE ( 'NONE', *, *, #3475, .F. ) ;
#2673 = EDGE_CURVE ( 'NONE', #199, #711, #282, .T. ) ;
#2674 = ORIENTED_EDGE ( 'NONE', *, *, #109, .F. ) ;
#2675 = VERTEX_POINT ( 'NONE', #3333 ) ;
#2676 = EDGE_CURVE ( 'NONE', #906, #1688, #523, .T. ) ;
#2677 = CARTESIAN_POINT ( 'NONE',  ( 55.00000000000003553, 24.84999999999985221, -37.10000000000008669 ) ) ;
#2678 = CARTESIAN_POINT ( 'NONE',  ( 1.387778780781445676E-14, 39.00000000000002132, 44.10000000000012221 ) ) ;
#2679 = EDGE_LOOP ( 'NONE', ( #2979, #1768, #2085, #2020 ) ) ;
#2680 = ADVANCED_FACE ( 'NONE', ( #2885 ), #1221, .F. ) ;
#2681 = ADVANCED_FACE ( 'NONE', ( #2386 ), #2631, .F. ) ;
#2682 = DIRECTION ( 'NONE',  ( -0.000000000000000000, -3.469446951953613400E-15, -1.000000000000000000 ) ) ;
#2683 = CARTESIAN_POINT ( 'NONE',  ( 54.99999999999998579, 40.99999999999999289, 45.80000000000011795 ) ) ;
#2684 = LINE ( 'NONE', #977, #593 ) ;
#2685 = CARTESIAN_POINT ( 'NONE',  ( 1.387778780781445676E-14, 40.99999999999999289, 45.80000000000012506 ) ) ;
#2686 = VERTEX_POINT ( 'NONE', #1833 ) ;
#2687 = AXIS2_PLACEMENT_3D ( 'NONE', #3482, #2669, #1834 ) ;
#2688 = APPROVAL_STATUS ( 'not_yet_approved' ) ;
#2689 = AXIS2_PLACEMENT_3D ( 'NONE', #3166, #1213, #3469 ) ;
#2690 = ORIENTED_EDGE ( 'NONE', *, *, #493, .T. ) ;
#2691 = VECTOR ( 'NONE', #502, 1000.000000000000000 ) ;
#2692 = FACE_OUTER_BOUND ( 'NONE', #3426, .T. ) ;
#2693 = CARTESIAN_POINT ( 'NONE',  ( 0.000000000000000000, 40.99999999999999289, -44.10000000000013642 ) ) ;
#2694 = AXIS2_PLACEMENT_3D ( 'NONE', #2914, #451, #1017 ) ;
#2695 = ORIENTED_EDGE ( 'NONE', *, *, #2249, .T. ) ;
#2696 = EDGE_CURVE ( 'NONE', #3423, #2785, #2814, .T. ) ;
#2697 = CARTESIAN_POINT ( 'NONE',  ( -55.00000000000000000, 38.99999999999999289, -47.10000000000015064 ) ) ;
#2698 = AXIS2_PLACEMENT_3D ( 'NONE', #1742, #2278, #3127 ) ;
#2699 = CARTESIAN_POINT ( 'NONE',  ( 64.99999999999985789, 38.26340000000000430, 37.83660000000000423 ) ) ;
#2700 = ADVANCED_FACE ( 'NONE', ( #2314 ), #3444, .F. ) ;
#2701 = FACE_BOUND ( 'NONE', #1039, .T. ) ;
#2702 = DIRECTION ( 'NONE',  ( 0.000000000000000000, 1.000000000000000000, 0.000000000000000000 ) ) ;
#2703 = VECTOR ( 'NONE', #1756, 1000.000000000000000 ) ;
#2704 = CARTESIAN_POINT ( 'NONE',  ( -64.00000000000201794, 0.000000000000000000, -6.869999999999910401 ) ) ;
#2705 = EDGE_LOOP ( 'NONE', ( #1643, #1696 ) ) ;
#2706 =( LENGTH_UNIT ( ) NAMED_UNIT ( * ) SI_UNIT ( .MILLI., .METRE. ) );
#2707 = CARTESIAN_POINT ( 'NONE',  ( -64.00000000000201794, 5.000000000000000000, -6.869999999999910401 ) ) ;
#2708 = CARTESIAN_POINT ( 'NONE',  ( -54.99999999999997158, 38.99999999999999289, -44.10000000000012932 ) ) ;
#2709 = EDGE_LOOP ( 'NONE', ( #3232, #2167, #2385, #2548 ) ) ;
#2710 = DIRECTION ( 'NONE',  ( -1.000000000000000000, 0.000000000000000000, 0.000000000000000000 ) ) ;
#2711 = DIRECTION ( 'NONE',  ( 1.000000000000000000, 0.000000000000000000, 0.000000000000000000 ) ) ;
#2712 = ORIENTED_EDGE ( 'NONE', *, *, #2927, .T. ) ;
#2713 = CARTESIAN_POINT ( 'NONE',  ( 64.97283412275562853, 41.00000000000000000, 37.83659999999999712 ) ) ;
#2714 = DIRECTION ( 'NONE',  ( -0.000000000000000000, -3.469446951953613400E-15, -1.000000000000000000 ) ) ;
#2715 = CIRCLE ( 'NONE', #2895, 0.7999999999999951594 ) ;
#2716 = FACE_OUTER_BOUND ( 'NONE', #2059, .T. ) ;
#2717 = EDGE_CURVE ( 'NONE', #2014, #2076, #3455, .T. ) ;
#2718 = CARTESIAN_POINT ( 'NONE',  ( -54.99999999999997158, 40.99999999999999289, -45.80000000000013216 ) ) ;
#2719 = ORIENTED_EDGE ( 'NONE', *, *, #2453, .F. ) ;
#2720 = AXIS2_PLACEMENT_3D ( 'NONE', #254, #3265, #1337 ) ;
#2721 = ADVANCED_FACE ( 'NONE', ( #2652 ), #3493, .F. ) ;
#2722 = CARTESIAN_POINT ( 'NONE',  ( 65.00000000000000000, 41.00000000000000000, 37.10000000000000142 ) ) ;
#2723 = DIRECTION ( 'NONE',  ( 0.000000000000000000, -1.000000000000000000, 3.469446951953611033E-15 ) ) ;
#2724 = EDGE_LOOP ( 'NONE', ( #2536, #1281 ) ) ;
#2725 = CARTESIAN_POINT ( 'NONE',  ( 51.69999999999983942, 24.74999999999980460, 37.10000000000000142 ) ) ;
#2726 = LINE ( 'NONE', #1072, #3528 ) ;
#2727 = DIRECTION ( 'NONE',  ( 0.000000000000000000, 0.000000000000000000, 1.000000000000000000 ) ) ;
#2728 = EDGE_LOOP ( 'NONE', ( #1650, #1215, #3336, #2290 ) ) ;
#2729 = CARTESIAN_POINT ( 'NONE',  ( -65.00000000000000000, 0.7365999999999970349, -35.10000000000000853 ) ) ;
#2730 = DIRECTION ( 'NONE',  ( -0.000000000000000000, -0.000000000000000000, 1.000000000000000000 ) ) ;
#2731 = CARTESIAN_POINT ( 'NONE',  ( 54.99999999999997158, 40.99999999999999289, -45.80000000000014637 ) ) ;
#2732 = PERSON ( 'æœª', 'æœª', 'æœª', ('æœª'), ('æœª'), ('æœª') ) ;
#2733 = ADVANCED_FACE ( 'NONE', ( #1776 ), #2668, .F. ) ;
#2734 = DIRECTION ( 'NONE',  ( -0.000000000000000000, -0.000000000000000000, 1.000000000000000000 ) ) ;
#2735 = PLANE ( 'NONE',  #2984 ) ;
#2736 = ORIENTED_EDGE ( 'NONE', *, *, #212, .T. ) ;
#2737 = CC_DESIGN_PERSON_AND_ORGANIZATION_ASSIGNMENT ( #3254, #785, ( #2656 ) ) ;
#2738 = EDGE_CURVE ( 'NONE', #765, #951, #3458, .T. ) ;
#2739 = EDGE_LOOP ( 'NONE', ( #2229, #3519, #3459, #1718 ) ) ;
#2740 = PLANE ( 'NONE',  #1038 ) ;
#2741 = AXIS2_PLACEMENT_3D ( 'NONE', #2376, #1855, #1079 ) ;
#2742 = DIRECTION ( 'NONE',  ( -0.000000000000000000, -1.000000000000000000, -0.000000000000000000 ) ) ;
#2743 = CYLINDRICAL_SURFACE ( 'NONE', #682, 1.199999999999992628 ) ;
#2744 = VERTEX_POINT ( 'NONE', #745 ) ;
#2745 = AXIS2_PLACEMENT_3D ( 'NONE', #2304, #957, #2620 ) ;
#2746 = LINE ( 'NONE', #1636, #2587 ) ;
#2747 = CARTESIAN_POINT ( 'NONE',  ( 64.98558110768088625, 38.98093863570657192, -37.64418153340459128 ) ) ;
#2748 = CIRCLE ( 'NONE', #349, 1.749999999999987566 ) ;
#2749 = AXIS2_PLACEMENT_3D ( 'NONE', #817, #270, #1356 ) ;
#2750 = CYLINDRICAL_SURFACE ( 'NONE', #1306, 1.199999999999992628 ) ;
#2751 = CARTESIAN_POINT ( 'NONE',  ( -54.99999999999987921, 15.99999999999989697, -37.10000000000005826 ) ) ;
#2752 = ORIENTED_EDGE ( 'NONE', *, *, #918, .T. ) ;
#2753 = VECTOR ( 'NONE', #809, 1000.000000000000000 ) ;
#2754 = AXIS2_PLACEMENT_3D ( 'NONE', #2825, #2784, #1481 ) ;
#2755 = VECTOR ( 'NONE', #211, 1000.000000000000000 ) ;
#2756 = CARTESIAN_POINT ( 'NONE',  ( 2.081899558550493377E-16, 40.99999999999999289, -45.80000000000013216 ) ) ;
#2757 = VECTOR ( 'NONE', #3424, 1000.000000000000000 ) ;
#2758 = DIRECTION ( 'NONE',  ( -0.000000000000000000, 1.000000000000000000, -0.000000000000000000 ) ) ;
#2759 = ADVANCED_FACE ( 'NONE', ( #2943 ), #1559, .F. ) ;
#2760 = VERTEX_POINT ( 'NONE', #1289 ) ;
#2761 = FACE_BOUND ( 'NONE', #1826, .T. ) ;
#2762 = EDGE_CURVE ( 'NONE', #3069, #2076, #2597, .T. ) ;
#2763 = DIRECTION ( 'NONE',  ( -0.000000000000000000, -3.469446951953613400E-15, -1.000000000000000000 ) ) ;
#2764 = ORIENTED_EDGE ( 'NONE', *, *, #2096, .T. ) ;
#2765 = DIRECTION ( 'NONE',  ( -0.000000000000000000, 1.000000000000000000, -0.000000000000000000 ) ) ;
#2766 = EDGE_CURVE ( 'NONE', #2686, #2362, #2353, .T. ) ;
#2767 = DIRECTION ( 'NONE',  ( 1.000000000000000000, 0.000000000000000000, 0.000000000000000000 ) ) ;
#2768 = CARTESIAN_POINT ( 'NONE',  ( 1.974724409446994233, 5.000000000000000000, -6.869999999999910401 ) ) ;
#2769 = ORIENTED_EDGE ( 'NONE', *, *, #3056, .F. ) ;
#2770 = DIRECTION ( 'NONE',  ( 0.000000000000000000, 0.000000000000000000, 1.000000000000000000 ) ) ;
#2771 = DIRECTION ( 'NONE',  ( -0.000000000000000000, -0.000000000000000000, 1.000000000000000000 ) ) ;
#2772 = VERTEX_POINT ( 'NONE', #1810 ) ;
#2773 = CIRCLE ( 'NONE', #2834, 0.7365999999999970349 ) ;
#2774 = CALENDAR_DATE ( 2026, 10, 1 ) ;
#2775 = CARTESIAN_POINT ( 'NONE',  ( -54.99999999999995737, 40.99999999999999289, 42.40000000000014069 ) ) ;
#2776 = VECTOR ( 'NONE', #3260, 1000.000000000000000 ) ;
#2777 = EDGE_LOOP ( 'NONE', ( #3173, #938, #553, #2241 ) ) ;
#2778 = DIRECTION ( 'NONE',  ( -1.000000000000000000, 0.000000000000000000, 0.000000000000000000 ) ) ;
#2779 = EDGE_CURVE ( 'NONE', #2805, #906, #168, .T. ) ;
#2780 = DIRECTION ( 'NONE',  ( -0.000000000000000000, -3.469446951953613400E-15, -1.000000000000000000 ) ) ;
#2781 = ORIENTED_EDGE ( 'NONE', *, *, #1719, .F. ) ;
#2782 = ORIENTED_EDGE ( 'NONE', *, *, #2173, .T. ) ;
#2783 = DIRECTION ( 'NONE',  ( -0.000000000000000000, -3.469446951953613400E-15, -1.000000000000000000 ) ) ;
#2784 = DIRECTION ( 'NONE',  ( -0.000000000000000000, 1.000000000000000000, -0.000000000000000000 ) ) ;
#2785 = VERTEX_POINT ( 'NONE', #1505 ) ;
#2786 = ADVANCED_FACE ( 'NONE', ( #3159 ), #139, .F. ) ;
#2787 = ORIENTED_EDGE ( 'NONE', *, *, #1960, .F. ) ;
#2788 = DIRECTION ( 'NONE',  ( -1.000000000000000000, 0.000000000000000000, 0.000000000000000000 ) ) ;
#2789 = CARTESIAN_POINT ( 'NONE',  ( 48.36674811148873232, 27.80073300340253439, -37.10000000000010090 ) ) ;
#2790 = DIRECTION ( 'NONE',  ( -0.000000000000000000, -0.000000000000000000, 1.000000000000000000 ) ) ;
#2791 = CARTESIAN_POINT ( 'NONE',  ( 1.387778780781445676E-14, 40.99999999999999289, 44.10000000000012221 ) ) ;
#2792 = DATE_TIME_ROLE ( 'classification_date' ) ;
#2793 = FACE_OUTER_BOUND ( 'NONE', #1395, .T. ) ;
#2794 = EDGE_LOOP ( 'NONE', ( #321, #3182, #366, #2600 ) ) ;
#2795 = ORIENTED_EDGE ( 'NONE', *, *, #2176, .F. ) ;
#2796 = CYLINDRICAL_SURFACE ( 'NONE', #290, 1.699999999999993072 ) ;
#2797 = CARTESIAN_POINT ( 'NONE',  ( 1.387778780781445676E-14, 40.99999999999999289, 44.10000000000012221 ) ) ;
#2798 = AXIS2_PLACEMENT_3D ( 'NONE', #1336, #1948, #3061 ) ;
#2799 = ORIENTED_EDGE ( 'NONE', *, *, #3473, .T. ) ;
#2800 = EDGE_LOOP ( 'NONE', ( #53, #1504 ) ) ;
#2801 = DIRECTION ( 'NONE',  ( 0.000000000000000000, 0.000000000000000000, -1.000000000000000000 ) ) ;
#2802 = CARTESIAN_POINT ( 'NONE',  ( -54.99999999999987921, 20.99999999999990052, 37.10000000000000142 ) ) ;
#2803 = PLANE ( 'NONE',  #2428 ) ;
#2804 = CARTESIAN_POINT ( 'NONE',  ( 56.74999999999981526, 20.99999999999980460, 35.10000000000000142 ) ) ;
#2805 = VERTEX_POINT ( 'NONE', #2903 ) ;
#2806 = VECTOR ( 'NONE', #3515, 1000.000000000000000 ) ;
#2807 = ORIENTED_EDGE ( 'NONE', *, *, #2970, .F. ) ;
#2808 = CARTESIAN_POINT ( 'NONE',  ( 64.99999999999997158, 38.26339999999999719, -37.83660000000013923 ) ) ;
#2809 = EDGE_CURVE ( 'NONE', #2186, #3164, #1424, .T. ) ;
#2810 = DIRECTION ( 'NONE',  ( 0.000000000000000000, 1.000000000000000000, -5.782411586589392743E-15 ) ) ;
#2811 = AXIS2_PLACEMENT_3D ( 'NONE', #1144, #1680, #3014 ) ;
#2812 = CARTESIAN_POINT ( 'NONE',  ( -64.99999999999998579, 0.000000000000000000, -37.10000000000000142 ) ) ;
#2813 = CARTESIAN_POINT ( 'NONE',  ( 54.99999999999982236, 15.99999999999980638, 35.10000000000000142 ) ) ;
#2814 = CIRCLE ( 'NONE', #2992, 0.7999999999999951594 ) ;
#2815 = CARTESIAN_POINT ( 'NONE',  ( -64.99999999999992895, 0.7365999999999970349, 34.36340000000000572 ) ) ;
#2816 = CIRCLE ( 'NONE', #2749, 3.849999999999999201 ) ;
#2817 = CARTESIAN_POINT ( 'NONE',  ( -27.50000000000000000, 40.99999999999999289, -45.80000000000013216 ) ) ;
#2818 = ORIENTED_EDGE ( 'NONE', *, *, #1607, .T. ) ;
#2819 = AXIS2_PLACEMENT_3D ( 'NONE', #1177, #382, #1462 ) ;
#2820 = FACE_BOUND ( 'NONE', #138, .T. ) ;
#2821 = AXIS2_PLACEMENT_3D ( 'NONE', #1315, #2140, #1041 ) ;
#2822 = ORIENTED_EDGE ( 'NONE', *, *, #2619, .F. ) ;
#2823 = EDGE_LOOP ( 'NONE', ( #1963, #2054, #425, #2645 ) ) ;
#2824 = CARTESIAN_POINT ( 'NONE',  ( 2.081899558550500773E-16, 40.99999999999999289, -45.80000000000013927 ) ) ;
#2825 = CARTESIAN_POINT ( 'NONE',  ( -55.00000000000000000, 40.99999999999999289, -37.10000000000014353 ) ) ;
#2826 = ORIENTED_EDGE ( 'NONE', *, *, #2425, .F. ) ;
#2827 = ORIENTED_EDGE ( 'NONE', *, *, #1149, .T. ) ;
#2828 = DIRECTION ( 'NONE',  ( 0.000000000000000000, 0.000000000000000000, 1.000000000000000000 ) ) ;
#2829 = DIRECTION ( 'NONE',  ( 1.000000000000000000, 0.000000000000000000, 1.734723475976793092E-15 ) ) ;
#2830 = EDGE_CURVE ( 'NONE', #344, #1875, #1255, .T. ) ;
#2831 = VERTEX_POINT ( 'NONE', #2143 ) ;
#2832 = ADVANCED_FACE ( 'NONE', ( #252, #497 ), #2178, .F. ) ;
#2833 = FACE_OUTER_BOUND ( 'NONE', #111, .T. ) ;
#2834 = AXIS2_PLACEMENT_3D ( 'NONE', #1011, #206, #1779 ) ;
#2835 = CARTESIAN_POINT ( 'NONE',  ( 53.29999999999981242, 24.74999999999980460, 37.10000000000000142 ) ) ;
#2836 = EDGE_CURVE ( 'NONE', #1194, #3273, #2526, .T. ) ;
#2837 = CIRCLE ( 'NONE', #946, 3.849999999999999201 ) ;
#2838 = EDGE_CURVE ( 'NONE', #265, #2498, #2404, .T. ) ;
#2839 = DIRECTION ( 'NONE',  ( -0.000000000000000000, -3.469446951953613400E-15, -1.000000000000000000 ) ) ;
#2840 = ORIENTED_EDGE ( 'NONE', *, *, #852, .F. ) ;
#2841 = CARTESIAN_POINT ( 'NONE',  ( -54.99999999999995737, 39.00000000000002132, 44.10000000000013642 ) ) ;
#2842 = CARTESIAN_POINT ( 'NONE',  ( -52.49999999999987921, 24.74999999999989697, -37.10000000000008669 ) ) ;
#2843 = LINE ( 'NONE', #2858, #1330 ) ;
#2844 = DIRECTION ( 'NONE',  ( 7.536132396315240346E-14, 0.000000000000000000, -1.000000000000000000 ) ) ;
#2845 = ORIENTED_EDGE ( 'NONE', *, *, #489, .F. ) ;
#2846 = EDGE_LOOP ( 'NONE', ( #3175, #3350, #2920, #2231 ) ) ;
#2847 = CARTESIAN_POINT ( 'NONE',  ( -64.99619349229047316, 38.85255509507980776, 37.38415133810924829 ) ) ;
#2848 = DIRECTION ( 'NONE',  ( -0.000000000000000000, -1.000000000000000000, -0.000000000000000000 ) ) ;
#2849 = EDGE_LOOP ( 'NONE', ( #690, #144 ) ) ;
#2850 = LINE ( 'NONE', #390, #1415 ) ;
#2851 = FACE_OUTER_BOUND ( 'NONE', #729, .T. ) ;
#2852 = EDGE_LOOP ( 'NONE', ( #1856, #1570, #2736, #2535 ) ) ;
#2853 = CARTESIAN_POINT ( 'NONE',  ( 0.000000000000000000, 5.000000000000000000, 0.000000000000000000 ) ) ;
#2854 = APPROVAL ( #2688, 'æœª' ) ;
#2855 = ADVANCED_FACE ( 'NONE', ( #1074 ), #1301, .F. ) ;
#2856 = ORIENTED_EDGE ( 'NONE', *, *, #1438, .T. ) ;
#2857 = ORIENTED_EDGE ( 'NONE', *, *, #807, .T. ) ;
#2858 = CARTESIAN_POINT ( 'NONE',  ( -5.025275590553015981, 5.000000000000000000, -6.869999999999910401 ) ) ;
#2859 = ORIENTED_EDGE ( 'NONE', *, *, #1986, .T. ) ;
#2860 = VERTEX_POINT ( 'NONE', #3280 ) ;
#2861 = CIRCLE ( 'NONE', #3091, 10.00000000000000178 ) ;
#2862 = DIRECTION ( 'NONE',  ( -0.000000000000000000, -3.469446951953613400E-15, -1.000000000000000000 ) ) ;
#2863 = LINE ( 'NONE', #3185, #3227 ) ;
#2864 = DIRECTION ( 'NONE',  ( 0.000000000000000000, 0.000000000000000000, -1.000000000000000000 ) ) ;
#2865 = AXIS2_PLACEMENT_3D ( 'NONE', #3111, #3032, #565 ) ;
#2866 = CARTESIAN_POINT ( 'NONE',  ( -15.22999999999999332, -1.978536947653147360, -19.38999999999999702 ) ) ;
#2867 = ORIENTED_EDGE ( 'NONE', *, *, #3217, .T. ) ;
#2868 = AXIS2_PLACEMENT_3D ( 'NONE', #2517, #2790, #600 ) ;
#2869 = DIRECTION ( 'NONE',  ( 0.000000000000000000, -1.000000000000000000, 0.000000000000000000 ) ) ;
#2870 = VECTOR ( 'NONE', #2263, 1000.000000000000000 ) ;
#2871 = ORIENTED_EDGE ( 'NONE', *, *, #1007, .T. ) ;
#2872 = DIRECTION ( 'NONE',  ( 1.000000000000000000, 0.000000000000000000, 0.000000000000000000 ) ) ;
#2873 = VECTOR ( 'NONE', #388, 1000.000000000000000 ) ;
#2874 = ADVANCED_FACE ( 'NONE', ( #3263 ), #1577, .F. ) ;
#2875 = ORIENTED_EDGE ( 'NONE', *, *, #2390, .T. ) ;
#2876 = CIRCLE ( 'NONE', #1085, 10.00000000000000178 ) ;
#2877 = ORIENTED_EDGE ( 'NONE', *, *, #1914, .F. ) ;
#2878 = EDGE_CURVE ( 'NONE', #1871, #2805, #235, .T. ) ;
#2879 = VECTOR ( 'NONE', #1942, 1000.000000000000000 ) ;
#2880 = DIRECTION ( 'NONE',  ( 0.000000000000000000, 0.000000000000000000, 1.000000000000000000 ) ) ;
#2881 = AXIS2_PLACEMENT_3D ( 'NONE', #1502, #202, #1005 ) ;
#2882 = ORIENTED_EDGE ( 'NONE', *, *, #1631, .T. ) ;
#2883 = ORIENTED_EDGE ( 'NONE', *, *, #1383, .F. ) ;
#2884 = EDGE_CURVE ( 'NONE', #685, #958, #2264, .T. ) ;
#2885 = FACE_OUTER_BOUND ( 'NONE', #1234, .T. ) ;
#2886 = AXIS2_PLACEMENT_3D ( 'NONE', #1464, #116, #348 ) ;
#2887 = DIRECTION ( 'NONE',  ( 0.000000000000000000, 3.554067609318336832E-15, 1.000000000000000000 ) ) ;
#2888 = CARTESIAN_POINT ( 'NONE',  ( 52.49999999999982236, 24.74999999999980460, 37.10000000000000142 ) ) ;
#2889 = DIRECTION ( 'NONE',  ( -0.000000000000000000, 1.000000000000000000, -0.000000000000000000 ) ) ;
#2890 = B_SPLINE_CURVE_WITH_KNOTS ( 'NONE', 3,
 ( #2559, #3302, #2200, #1937 ),
 .UNSPECIFIED., .F., .F.,
 ( 4, 4 ),
 ( 0.000000000000000000, 0.0007439879437930145426 ),
 .UNSPECIFIED. ) ;
#2891 = LINE ( 'NONE', #981, #1126 ) ;
#2892 = LINE ( 'NONE', #145, #2557 ) ;
#2893 = VERTEX_POINT ( 'NONE', #1622 ) ;
#2894 = CARTESIAN_POINT ( 'NONE',  ( -62.00000000000201084, 5.000000000000000000, -4.869999999999908624 ) ) ;
#2895 = AXIS2_PLACEMENT_3D ( 'NONE', #2813, #2864, #2279 ) ;
#2896 = VERTEX_POINT ( 'NONE', #542 ) ;
#2897 = ORIENTED_EDGE ( 'NONE', *, *, #3106, .F. ) ;
#2898 = EDGE_CURVE ( 'NONE', #3125, #1788, #1910, .T. ) ;
#2899 = CARTESIAN_POINT ( 'NONE',  ( -15.22999999999999332, -1.978536947653147360, -21.08999999999999631 ) ) ;
#2900 = LINE ( 'NONE', #385, #2055 ) ;
#2901 = ORIENTED_EDGE ( 'NONE', *, *, #3008, .F. ) ;
#2902 = EDGE_LOOP ( 'NONE', ( #2256, #3092 ) ) ;
#2903 = CARTESIAN_POINT ( 'NONE',  ( -65.00000000000000000, -2.000000000000004885, -34.36340000000000572 ) ) ;
#2904 = VECTOR ( 'NONE', #1949, 1000.000000000000000 ) ;
#2905 = CARTESIAN_POINT ( 'NONE',  ( -65.00000000000000000, 38.99999999999999289, -47.10000000000015064 ) ) ;
#2906 = EDGE_CURVE ( 'NONE', #3442, #352, #1311, .T. ) ;
#2907 = DIRECTION ( 'NONE',  ( 0.000000000000000000, 0.000000000000000000, -1.000000000000000000 ) ) ;
#2908 = CARTESIAN_POINT ( 'NONE',  ( -64.99999999999998579, -2.000000000000000000, -37.10000000000000142 ) ) ;
#2909 = ORIENTED_EDGE ( 'NONE', *, *, #1028, .F. ) ;
#2910 = FACE_OUTER_BOUND ( 'NONE', #1129, .T. ) ;
#2911 = EDGE_LOOP ( 'NONE', ( #2039, #953 ) ) ;
#2912 = DIRECTION ( 'NONE',  ( 0.000000000000000000, 0.000000000000000000, 1.000000000000000000 ) ) ;
#2913 = LINE ( 'NONE', #1003, #3548 ) ;
#2914 = CARTESIAN_POINT ( 'NONE',  ( 65.00000000000000000, 38.26339999999999719, -37.83660000000013923 ) ) ;
#2915 = EDGE_LOOP ( 'NONE', ( #3488, #2867, #257, #1968 ) ) ;
#2916 = ORIENTED_EDGE ( 'NONE', *, *, #74, .F. ) ;
#2917 = DIRECTION ( 'NONE',  ( -1.000000000000000000, 0.000000000000000000, 0.000000000000000000 ) ) ;
#2918 = CARTESIAN_POINT ( 'NONE',  ( -60.43325188851068219, 14.19926699659695224, 35.10000000000000142 ) ) ;
#2919 = ORIENTED_EDGE ( 'NONE', *, *, #109, .T. ) ;
#2920 = ORIENTED_EDGE ( 'NONE', *, *, #2344, .T. ) ;
#2921 = DIRECTION ( 'NONE',  ( -0.000000000000000000, -3.469446951953613400E-15, -1.000000000000000000 ) ) ;
#2922 = DIRECTION ( 'NONE',  ( 0.000000000000000000, 0.000000000000000000, 1.000000000000000000 ) ) ;
#2923 = DIRECTION ( 'NONE',  ( -0.000000000000000000, 0.000000000000000000, 1.000000000000000000 ) ) ;
#2924 = EDGE_CURVE ( 'NONE', #2001, #1334, #1851, .T. ) ;
#2925 = CIRCLE ( 'NONE', #2687, 1.700000000000000178 ) ;
#2926 = ORIENTED_EDGE ( 'NONE', *, *, #1220, .T. ) ;
#2927 = EDGE_CURVE ( 'NONE', #3069, #1632, #286, .T. ) ;
#2928 = AXIS2_PLACEMENT_3D ( 'NONE', #391, #2032, #1472 ) ;
#2929 = ADVANCED_FACE ( 'NONE', ( #3233 ), #1881, .F. ) ;
#2930 = CARTESIAN_POINT ( 'NONE',  ( 64.99999999999997158, 38.26339999999999719, -37.10000000000013642 ) ) ;
#2931 = ORIENTED_EDGE ( 'NONE', *, *, #1102, .F. ) ;
#2932 = VECTOR ( 'NONE', #3146, 1000.000000000000000 ) ;
#2933 = CARTESIAN_POINT ( 'NONE',  ( 51.69999999999983231, 24.74999999999980460, 37.10000000000000142 ) ) ;
#2934 = CIRCLE ( 'NONE', #976, 1.699999999999993072 ) ;
#2935 = DIRECTION ( 'NONE',  ( -0.000000000000000000, 1.000000000000000000, -0.000000000000000000 ) ) ;
#2936 = ORIENTED_EDGE ( 'NONE', *, *, #1303, .T. ) ;
#2937 = VERTEX_POINT ( 'NONE', #2128 ) ;
#2938 = VECTOR ( 'NONE', #1679, 1000.000000000000000 ) ;
#2939 = FACE_OUTER_BOUND ( 'NONE', #3048, .T. ) ;
#2940 = CIRCLE ( 'NONE', #232, 10.00000000000000178 ) ;
#2941 = VERTEX_POINT ( 'NONE', #2990 ) ;
#2942 = ORIENTED_EDGE ( 'NONE', *, *, #1671, .F. ) ;
#2943 = FACE_OUTER_BOUND ( 'NONE', #118, .T. ) ;
#2944 = AXIS2_PLACEMENT_3D ( 'NONE', #2722, #3549, #2427 ) ;
#2945 = DIRECTION ( 'NONE',  ( 1.000000000000000000, 0.000000000000000000, 0.000000000000000000 ) ) ;
#2946 = LINE ( 'NONE', #733, #1791 ) ;
#2947 = PLANE ( 'NONE',  #3450 ) ;
#2948 = EDGE_CURVE ( 'NONE', #1130, #2860, #3542, .T. ) ;
#2949 = DIRECTION ( 'NONE',  ( 0.000000000000000000, -3.532562060772768123E-15, -1.000000000000000000 ) ) ;
#2950 = EDGE_CURVE ( 'NONE', #2744, #3474, #2746, .T. ) ;
#2951 = ORIENTED_EDGE ( 'NONE', *, *, #2448, .T. ) ;
#2952 = DATE_TIME_ROLE ( 'creation_date' ) ;
#2953 = EDGE_CURVE ( 'NONE', #2124, #420, #1192, .T. ) ;
#2954 = EDGE_CURVE ( 'NONE', #1921, #1155, #2289, .T. ) ;
#2955 = ORIENTED_EDGE ( 'NONE', *, *, #28, .T. ) ;
#2956 = ORIENTED_EDGE ( 'NONE', *, *, #1344, .F. ) ;
#2957 = LINE ( 'NONE', #3019, #1893 ) ;
#2958 = CARTESIAN_POINT ( 'NONE',  ( -64.00000000000201794, 0.000000000000000000, 0.1300000000000996470 ) ) ;
#2959 = VERTEX_POINT ( 'NONE', #1402 ) ;
#2960 = CIRCLE ( 'NONE', #822, 1.199999999999992628 ) ;
#2961 = DIRECTION ( 'NONE',  ( 0.000000000000000000, 1.000000000000000000, -0.000000000000000000 ) ) ;
#2962 = FACE_BOUND ( 'NONE', #1739, .T. ) ;
#2963 = FACE_OUTER_BOUND ( 'NONE', #137, .T. ) ;
#2964 = CARTESIAN_POINT ( 'NONE',  ( -15.22999999999999332, -2.000000000000000000, -21.08999999999999631 ) ) ;
#2965 = LINE ( 'NONE', #2098, #1993 ) ;
#2966 = ORIENTED_EDGE ( 'NONE', *, *, #1691, .F. ) ;
#2967 = CALENDAR_DATE ( 2026, 10, 1 ) ;
#2968 = CARTESIAN_POINT ( 'NONE',  ( 57.49999999999982236, 17.24999999999980815, 37.10000000000000142 ) ) ;
#2969 = EDGE_CURVE ( 'NONE', #293, #162, #1364, .T. ) ;
#2970 = EDGE_CURVE ( 'NONE', #1499, #1568, #3337, .T. ) ;
#2971 = CARTESIAN_POINT ( 'NONE',  ( 27.50000000000000000, 40.99999999999999289, -42.40000000000014069 ) ) ;
#2972 = ORIENTED_EDGE ( 'NONE', *, *, #3239, .T. ) ;
#2973 = DIRECTION ( 'NONE',  ( 1.000000000000000000, 0.000000000000000000, -4.336808689942013792E-16 ) ) ;
#2974 = DIRECTION ( 'NONE',  ( -9.912705577010312730E-16, 0.000000000000000000, -1.000000000000000000 ) ) ;
#2975 = CARTESIAN_POINT ( 'NONE',  ( -54.99999999999987921, 15.99999999999989697, -37.10000000000005826 ) ) ;
#2976 = DIRECTION ( 'NONE',  ( -1.000000000000000000, 0.000000000000000000, 0.000000000000000000 ) ) ;
#2977 = B_SPLINE_CURVE_WITH_KNOTS ( 'NONE', 3,
 ( #558, #39, #2747, #2506, #2490, #3281, #1638, #812 ),
 .UNSPECIFIED., .F., .F.,
 ( 4, 2, 2, 4 ),
 ( 0.000000000000000000, 0.0002878313438874034735, 0.0005756626877748069471, 0.001151325375549628639 ),
 .UNSPECIFIED. ) ;
#2978 = CIRCLE ( 'NONE', #1874, 1.199999999999992628 ) ;
#2979 = ORIENTED_EDGE ( 'NONE', *, *, #27, .T. ) ;
#2980 = VECTOR ( 'NONE', #1010, 1000.000000000000000 ) ;
#2981 = CIRCLE ( 'NONE', #401, 1.700000000000000178 ) ;
#2982 = EDGE_LOOP ( 'NONE', ( #29, #2719 ) ) ;
#2983 = CARTESIAN_POINT ( 'NONE',  ( -65.00000000000000000, 0.7365999999999892633, -35.10000000000000142 ) ) ;
#2984 = AXIS2_PLACEMENT_3D ( 'NONE', #1013, #2409, #484 ) ;
#2985 = PLANE ( 'NONE',  #885 ) ;
#2986 = CARTESIAN_POINT ( 'NONE',  ( -57.00000000000201794, 5.000000000000000000, -6.869999999999896190 ) ) ;
#2987 = ADVANCED_FACE ( 'NONE', ( #346 ), #897, .T. ) ;
#2988 = VECTOR ( 'NONE', #1252, 1000.000000000000000 ) ;
#2989 = ORIENTED_EDGE ( 'NONE', *, *, #2661, .F. ) ;
#2990 = CARTESIAN_POINT ( 'NONE',  ( -58.84999999999988063, 20.99999999999990052, 35.10000000000000142 ) ) ;
#2991 = CARTESIAN_POINT ( 'NONE',  ( 64.99963495539768132, 38.63462934758501177, 37.19310008503766340 ) ) ;
#2992 = AXIS2_PLACEMENT_3D ( 'NONE', #3466, #3183, #731 ) ;
#2993 = LINE ( 'NONE', #2492, #3361 ) ;
#2994 = FACE_OUTER_BOUND ( 'NONE', #2411, .T. ) ;
#2995 = ADVANCED_FACE ( 'NONE', ( #1673 ), #1422, .F. ) ;
#2996 = VECTOR ( 'NONE', #510, 1000.000000000000000 ) ;
#2997 = FACE_OUTER_BOUND ( 'NONE', #937, .T. ) ;
#2998 = ORIENTED_EDGE ( 'NONE', *, *, #351, .T. ) ;
#2999 = CIRCLE ( 'NONE', #1656, 1.199999999999992628 ) ;
#3000 = COORDINATED_UNIVERSAL_TIME_OFFSET ( 8, 0, .AHEAD. ) ;
#3001 = DIRECTION ( 'NONE',  ( 0.000000000000000000, 0.000000000000000000, 1.000000000000000000 ) ) ;
#3002 = CARTESIAN_POINT ( 'NONE',  ( 0.000000000000000000, 40.99999999999999289, -42.40000000000014779 ) ) ;
#3003 = EDGE_LOOP ( 'NONE', ( #2352, #490, #2695, #3029, #700, #101 ) ) ;
#3004 = LINE ( 'NONE', #787, #2065 ) ;
#3005 = CYLINDRICAL_SURFACE ( 'NONE', #1368, 0.8000000000000020428 ) ;
#3006 = FACE_OUTER_BOUND ( 'NONE', #2679, .T. ) ;
#3007 = ORIENTED_EDGE ( 'NONE', *, *, #276, .F. ) ;
#3008 = EDGE_CURVE ( 'NONE', #2893, #819, #2566, .T. ) ;
#3009 = CARTESIAN_POINT ( 'NONE',  ( 64.99128472477261198, 41.00000000000000000, 37.58679713089830443 ) ) ;
#3010 = CARTESIAN_POINT ( 'NONE',  ( 54.99999999999998579, 39.00000000000001421, 42.40000000000013358 ) ) ;
#3011 = AXIS2_PLACEMENT_3D ( 'NONE', #3298, #3309, #828 ) ;
#3012 = DIRECTION ( 'NONE',  ( -0.000000000000000000, -0.000000000000000000, 1.000000000000000000 ) ) ;
#3013 = CARTESIAN_POINT ( 'NONE',  ( 65.00000000000000000, 0.7365999999999970349, 37.10000000000000142 ) ) ;
#3014 = DIRECTION ( 'NONE',  ( -3.384826294588891940E-16, 1.000000000000000000, 0.000000000000000000 ) ) ;
#3015 = DIRECTION ( 'NONE',  ( -0.000000000000000000, 1.000000000000000000, -0.000000000000000000 ) ) ;
#3016 = ORIENTED_EDGE ( 'NONE', *, *, #1327, .T. ) ;
#3017 = CIRCLE ( 'NONE', #314, 1.199999999999985745 ) ;
#3018 = ORIENTED_EDGE ( 'NONE', *, *, #2639, .T. ) ;
#3019 = CARTESIAN_POINT ( 'NONE',  ( 27.50000000000000000, 40.99999999999999289, -45.80000000000013216 ) ) ;
#3020 = CARTESIAN_POINT ( 'NONE',  ( 54.99999999999982236, 25.99999999999980460, 37.10000000000000142 ) ) ;
#3021 = CARTESIAN_POINT ( 'NONE',  ( 64.99999999999994316, -4.987329993433320396E-15, -34.36340000000000572 ) ) ;
#3022 = EDGE_LOOP ( 'NONE', ( #1162, #203, #2048, #3373 ) ) ;
#3023 = DIRECTION ( 'NONE',  ( -0.000000000000000000, 1.000000000000000000, -0.000000000000000000 ) ) ;
#3024 = FACE_BOUND ( 'NONE', #1004, .T. ) ;
#3025 = DIRECTION ( 'NONE',  ( 0.000000000000000000, -4.081702296416033352E-15, -1.000000000000000000 ) ) ;
#3026 = DIRECTION ( 'NONE',  ( 1.000000000000000000, -0.000000000000000000, 1.268516541808039202E-15 ) ) ;
#3027 = CARTESIAN_POINT ( 'NONE',  ( -51.14999999999988489, 20.99999999999990052, 37.10000000000000142 ) ) ;
#3028 = EDGE_CURVE ( 'NONE', #2500, #2021, #3230, .T. ) ;
#3029 = ORIENTED_EDGE ( 'NONE', *, *, #1344, .T. ) ;
#3030 = EDGE_CURVE ( 'NONE', #1807, #2010, #180, .T. ) ;
#3031 = EDGE_CURVE ( 'NONE', #438, #1842, #2168, .T. ) ;
#3032 = DIRECTION ( 'NONE',  ( -0.000000000000000000, -3.554067609318336832E-15, -1.000000000000000000 ) ) ;
#3033 = ADVANCED_FACE ( 'NONE', ( #1158 ), #3326, .F. ) ;
#3034 = AXIS2_PLACEMENT_3D ( 'NONE', #1399, #264, #1924 ) ;
#3035 = EDGE_LOOP ( 'NONE', ( #2674, #2630 ) ) ;
#3036 = FACE_OUTER_BOUND ( 'NONE', #797, .T. ) ;
#3037 = DIRECTION ( 'NONE',  ( 0.000000000000000000, 1.000000000000000000, -5.782411586589425875E-15 ) ) ;
#3038 = DIRECTION ( 'NONE',  ( -1.000000000000000000, 0.000000000000000000, 0.000000000000000000 ) ) ;
#3039 = ORIENTED_EDGE ( 'NONE', *, *, #773, .T. ) ;
#3040 = AXIS2_PLACEMENT_3D ( 'NONE', #2446, #1147, #1892 ) ;
#3041 = CARTESIAN_POINT ( 'NONE',  ( 54.99999999999997158, 40.99999999999999289, -44.10000000000014353 ) ) ;
#3042 = DIRECTION ( 'NONE',  ( 1.000000000000000000, -0.000000000000000000, -0.000000000000000000 ) ) ;
#3043 = FACE_OUTER_BOUND ( 'NONE', #1105, .T. ) ;
#3044 = VECTOR ( 'NONE', #3123, 1000.000000000000114 ) ;
#3045 = ORIENTED_EDGE ( 'NONE', *, *, #2173, .F. ) ;
#3046 = AXIS2_PLACEMENT_3D ( 'NONE', #579, #2575, #598 ) ;
#3047 = LINE ( 'NONE', #2515, #1706 ) ;
#3048 = EDGE_LOOP ( 'NONE', ( #2430, #754, #876, #1708 ) ) ;
#3049 = AXIS2_PLACEMENT_3D ( 'NONE', #2459, #2961, #3510 ) ;
#3050 = EDGE_CURVE ( 'NONE', #1253, #2772, #1714, .T. ) ;
#3051 = AXIS2_PLACEMENT_3D ( 'NONE', #1765, #2839, #161 ) ;
#3052 = CARTESIAN_POINT ( 'NONE',  ( 54.99999999999995026, 41.00000000000003553, 47.10000000000000142 ) ) ;
#3053 = VERTEX_POINT ( 'NONE', #1136 ) ;
#3054 = DIRECTION ( 'NONE',  ( 1.000000000000000000, 0.000000000000000000, 0.000000000000000000 ) ) ;
#3055 = APPROVAL ( #294, 'æœª' ) ;
#3056 = EDGE_CURVE ( 'NONE', #1788, #2379, #1947, .T. ) ;
#3057 = FACE_OUTER_BOUND ( 'NONE', #2777, .T. ) ;
#3058 = ORIENTED_EDGE ( 'NONE', *, *, #1287, .F. ) ;
#3059 = ORIENTED_EDGE ( 'NONE', *, *, #2612, .F. ) ;
#3060 = DIRECTION ( 'NONE',  ( 0.000000000000000000, 0.000000000000000000, -1.000000000000000000 ) ) ;
#3061 = DIRECTION ( 'NONE',  ( 0.000000000000000000, 1.000000000000000000, 0.000000000000000000 ) ) ;
#3062 = DIRECTION ( 'NONE',  ( 0.000000000000000000, -1.000000000000000000, 6.258627047520347716E-17 ) ) ;
#3063 = EDGE_LOOP ( 'NONE', ( #2845, #956, #2199, #190, #112, #2593 ) ) ;
#3064 = ORIENTED_EDGE ( 'NONE', *, *, #2953, .F. ) ;
#3065 = CARTESIAN_POINT ( 'NONE',  ( 55.00000000000003553, 24.84999999999985221, -37.10000000000008669 ) ) ;
#3066 = CARTESIAN_POINT ( 'NONE',  ( 27.50000000000001066, 39.00000000000002842, 45.80000000000011084 ) ) ;
#3067 = ORIENTED_EDGE ( 'NONE', *, *, #816, .T. ) ;
#3068 = CIRCLE ( 'NONE', #305, 1.700000000000000178 ) ;
#3069 = VERTEX_POINT ( 'NONE', #3120 ) ;
#3070 = AXIS2_PLACEMENT_3D ( 'NONE', #1619, #789, #571 ) ;
#3071 = VERTEX_POINT ( 'NONE', #2824 ) ;
#3072 = CARTESIAN_POINT ( 'NONE',  ( 0.000000000000000000, 0.000000000000000000, 0.000000000000000000 ) ) ;
#3073 = CARTESIAN_POINT ( 'NONE',  ( 27.50000000000000000, 38.99999999999999289, -42.40000000000014779 ) ) ;
#3074 = ORIENTED_EDGE ( 'NONE', *, *, #916, .T. ) ;
#3075 = ORIENTED_EDGE ( 'NONE', *, *, #804, .F. ) ;
#3076 = EDGE_CURVE ( 'NONE', #2345, #1940, #2489, .T. ) ;
#3077 = CARTESIAN_POINT ( 'NONE',  ( 64.99999999999985789, 40.89900239793486492, 37.10000000000000142 ) ) ;
#3078 = CYLINDRICAL_SURFACE ( 'NONE', #3268, 0.7999999999999951594 ) ;
#3079 = FACE_OUTER_BOUND ( 'NONE', #2088, .T. ) ;
#3080 = ORIENTED_EDGE ( 'NONE', *, *, #1919, .T. ) ;
#3081 = EDGE_LOOP ( 'NONE', ( #313, #2764, #32, #2058 ) ) ;
#3082 = LINE ( 'NONE', #2277, #1482 ) ;
#3083 = CARTESIAN_POINT ( 'NONE',  ( -27.50000000000000000, 40.99999999999999289, -42.40000000000014069 ) ) ;
#3084 = LINE ( 'NONE', #3027, #1594 ) ;
#3085 = ORIENTED_EDGE ( 'NONE', *, *, #2696, .T. ) ;
#3086 = MANIFOLD_SOLID_BREP ( 'Ô²½Ç1', #3531 ) ;
#3087 = CARTESIAN_POINT ( 'NONE',  ( -65.00000000000000000, 0.7365999999999970349, 37.10000000000000142 ) ) ;
#3088 = DIRECTION ( 'NONE',  ( 0.000000000000000000, 0.000000000000000000, -1.000000000000000000 ) ) ;
#3089 = ORIENTED_EDGE ( 'NONE', *, *, #1900, .T. ) ;
#3090 = FACE_BOUND ( 'NONE', #2607, .T. ) ;
#3091 = AXIS2_PLACEMENT_3D ( 'NONE', #1687, #2338, #2068 ) ;
#3092 = ORIENTED_EDGE ( 'NONE', *, *, #1173, .F. ) ;
#3093 = EDGE_LOOP ( 'NONE', ( #1830, #93, #609, #3470, #1804, #3064 ) ) ;
#3094 = VERTEX_POINT ( 'NONE', #1658 ) ;
#3095 = DIRECTION ( 'NONE',  ( -1.000000000000000000, 0.000000000000000000, 0.000000000000000000 ) ) ;
#3096 = AXIS2_PLACEMENT_3D ( 'NONE', #1396, #2523, #72 ) ;
#3097 = CARTESIAN_POINT ( 'NONE',  ( -54.99999999999987921, 15.19999999999990159, -35.10000000000005826 ) ) ;
#3098 = EDGE_CURVE ( 'NONE', #1334, #2124, #2876, .T. ) ;
#3099 = CARTESIAN_POINT ( 'NONE',  ( -27.49999999999998934, 40.99999999999999289, 42.40000000000013358 ) ) ;
#3100 = ORIENTED_EDGE ( 'NONE', *, *, #1749, .T. ) ;
#3101 = AXIS2_PLACEMENT_3D ( 'NONE', #734, #695, #2579 ) ;
#3102 = ORIENTED_EDGE ( 'NONE', *, *, #3475, .T. ) ;
#3103 = DIRECTION ( 'NONE',  ( -0.000000000000000000, -0.000000000000000000, 1.000000000000000000 ) ) ;
#3104 = FACE_BOUND ( 'NONE', #2297, .T. ) ;
#3105 = CIRCLE ( 'NONE', #1885, 1.699999999999993072 ) ;
#3106 = EDGE_CURVE ( 'NONE', #2306, #2001, #2940, .T. ) ;
#3107 = PLANE ( 'NONE',  #1933 ) ;
#3108 = EDGE_CURVE ( 'NONE', #2744, #1018, #3401, .T. ) ;
#3109 = VERTEX_POINT ( 'NONE', #3346 ) ;
#3110 = VECTOR ( 'NONE', #443, 1000.000000000000000 ) ;
#3111 = CARTESIAN_POINT ( 'NONE',  ( 61.63325188851047898, 14.19926699659765568, -37.10000000000005116 ) ) ;
#3112 = AXIS2_PLACEMENT_3D ( 'NONE', #3294, #3023, #3524 ) ;
#3113 = CARTESIAN_POINT ( 'NONE',  ( -54.99999999999997158, 38.99999999999999289, -45.80000000000012506 ) ) ;
#3114 = AXIS2_PLACEMENT_3D ( 'NONE', #1113, #911, #3054 ) ;
#3115 = DIRECTION ( 'NONE',  ( 0.000000000000000000, 0.000000000000000000, 1.000000000000000000 ) ) ;
#3116 = LOCAL_TIME ( 10, 32, 30.00000000000000000, #259 ) ;
#3117 = ORIENTED_EDGE ( 'NONE', *, *, #2078, .F. ) ;
#3118 = AXIS2_PLACEMENT_3D ( 'NONE', #1533, #3229, #2880 ) ;
#3119 = VERTEX_POINT ( 'NONE', #323 ) ;
#3120 = CARTESIAN_POINT ( 'NONE',  ( 56.69999999999982521, 17.24999999999980815, 35.10000000000000142 ) ) ;
#3121 = CARTESIAN_POINT ( 'NONE',  ( -15.22999999999999332, -2.000000000000000000, -19.42572051764948071 ) ) ;
#3122 = CARTESIAN_POINT ( 'NONE',  ( -54.99999999999987921, 20.99999999999989697, -37.10000000000007958 ) ) ;
#3123 = DIRECTION ( 'NONE',  ( 0.000000000000000000, 0.5150380749100541555, 0.8571673007021122226 ) ) ;
#3124 = EDGE_CURVE ( 'NONE', #3181, #3442, #1964, .T. ) ;
#3125 = VERTEX_POINT ( 'NONE', #2983 ) ;
#3126 = DIRECTION ( 'NONE',  ( 0.000000000000000000, 1.000000000000000000, -2.535589382411470837E-15 ) ) ;
#3127 = DIRECTION ( 'NONE',  ( -1.000000000000000000, 0.000000000000000000, 0.000000000000000000 ) ) ;
#3128 = ORIENTED_EDGE ( 'NONE', *, *, #1745, .F. ) ;
#3129 = DIRECTION ( 'NONE',  ( 1.000000000000000000, 0.000000000000000000, 0.000000000000000000 ) ) ;
#3130 = EDGE_CURVE ( 'NONE', #2021, #2500, #863, .T. ) ;
#3131 = EDGE_CURVE ( 'NONE', #3504, #2237, #230, .T. ) ;
#3132 = DIRECTION ( 'NONE',  ( -0.000000000000000000, -3.554067609318336832E-15, -1.000000000000000000 ) ) ;
#3133 = AXIS2_PLACEMENT_3D ( 'NONE', #2114, #169, #2922 ) ;
#3134 = ORIENTED_EDGE ( 'NONE', *, *, #2510, .T. ) ;
#3135 = DIRECTION ( 'NONE',  ( -0.000000000000000000, 1.000000000000000000, -0.000000000000000000 ) ) ;
#3136 = ORIENTED_EDGE ( 'NONE', *, *, #1442, .F. ) ;
#3137 = ORIENTED_EDGE ( 'NONE', *, *, #157, .F. ) ;
#3138 = CARTESIAN_POINT ( 'NONE',  ( -54.99999999999997158, 40.99999999999999289, -44.10000000000012932 ) ) ;
#3139 = DIRECTION ( 'NONE',  ( -0.000000000000000000, 1.000000000000000000, -0.000000000000000000 ) ) ;
#3140 = CARTESIAN_POINT ( 'NONE',  ( 65.00000000000000000, 38.26339999999999719, -37.10000000000013642 ) ) ;
#3141 = EDGE_LOOP ( 'NONE', ( #1987, #2752, #3457, #1898 ) ) ;
#3142 = EDGE_LOOP ( 'NONE', ( #1478, #3306, #3206, #87 ) ) ;
#3143 = DIRECTION ( 'NONE',  ( -0.000000000000000000, 1.000000000000000000, -0.000000000000000000 ) ) ;
#3144 = FACE_BOUND ( 'NONE', #105, .T. ) ;
#3145 = DIRECTION ( 'NONE',  ( 0.000000000000000000, 0.000000000000000000, 1.000000000000000000 ) ) ;
#3146 = DIRECTION ( 'NONE',  ( -0.000000000000000000, -0.000000000000000000, 1.000000000000000000 ) ) ;
#3147 = CARTESIAN_POINT ( 'NONE',  ( -57.00000000000201794, 0.000000000000000000, -6.869999999999896190 ) ) ;
#3148 = EDGE_CURVE ( 'NONE', #1254, #653, #3004, .T. ) ;
#3149 = VERTEX_POINT ( 'NONE', #2398 ) ;
#3150 = DIRECTION ( 'NONE',  ( -1.000000000000000000, 0.000000000000000000, -0.000000000000000000 ) ) ;
#3151 = EDGE_CURVE ( 'NONE', #2092, #419, #2999, .T. ) ;
#3152 = ORIENTED_EDGE ( 'NONE', *, *, #1366, .F. ) ;
#3153 = EDGE_LOOP ( 'NONE', ( #3345, #3491, #3366, #1951 ) ) ;
#3154 = CARTESIAN_POINT ( 'NONE',  ( 54.99999999999998579, 40.99999999999999289, 44.10000000000012221 ) ) ;
#3155 = DIRECTION ( 'NONE',  ( 0.000000000000000000, 0.000000000000000000, 1.000000000000000000 ) ) ;
#3156 = ORIENTED_EDGE ( 'NONE', *, *, #3076, .F. ) ;
#3157 = EDGE_LOOP ( 'NONE', ( #2909, #83, #3477, #1359 ) ) ;
#3158 = CIRCLE ( 'NONE', #396, 1.700000000000000178 ) ;
#3159 = FACE_OUTER_BOUND ( 'NONE', #3157, .T. ) ;
#3160 = CARTESIAN_POINT ( 'NONE',  ( 61.63325188851047898, 14.19926699659766278, -35.10000000000005116 ) ) ;
#3161 = ORIENTED_EDGE ( 'NONE', *, *, #503, .T. ) ;
#3162 = CIRCLE ( 'NONE', #564, 0.8000000000000020428 ) ;
#3163 = CARTESIAN_POINT ( 'NONE',  ( -54.99999999999997158, 40.99999999999999289, -44.10000000000012932 ) ) ;
#3164 = VERTEX_POINT ( 'NONE', #2725 ) ;
#3165 = VECTOR ( 'NONE', #1378, 1000.000000000000000 ) ;
#3166 = CARTESIAN_POINT ( 'NONE',  ( -54.99999999999997158, 40.99999999999999289, -44.10000000000012932 ) ) ;
#3167 = CARTESIAN_POINT ( 'NONE',  ( -54.99999999999987921, 16.79999999999990479, -35.10000000000005826 ) ) ;
#3168 = AXIS2_PLACEMENT_3D ( 'NONE', #3358, #889, #1974 ) ;
#3169 = ORIENTED_EDGE ( 'NONE', *, *, #2497, .F. ) ;
#3170 = ADVANCED_FACE ( 'NONE', ( #505 ), #247, .F. ) ;
#3171 = FACE_OUTER_BOUND ( 'NONE', #3425, .T. ) ;
#3172 = VECTOR ( 'NONE', #1409, 1000.000000000000000 ) ;
#3173 = ORIENTED_EDGE ( 'NONE', *, *, #804, .T. ) ;
#3174 = AXIS2_PLACEMENT_3D ( 'NONE', #368, #837, #2192 ) ;
#3175 = ORIENTED_EDGE ( 'NONE', *, *, #2838, .F. ) ;
#3176 = CC_DESIGN_PERSON_AND_ORGANIZATION_ASSIGNMENT ( #1683, #33, ( #987 ) ) ;
#3177 = EDGE_CURVE ( 'NONE', #2043, #1405, #2125, .T. ) ;
#3178 = VECTOR ( 'NONE', #1976, 1000.000000000000000 ) ;
#3179 = FACE_BOUND ( 'NONE', #2327, .T. ) ;
#3180 = CYLINDRICAL_SURFACE ( 'NONE', #1480, 2.736599999999998811 ) ;
#3181 = VERTEX_POINT ( 'NONE', #2431 ) ;
#3182 = ORIENTED_EDGE ( 'NONE', *, *, #359, .T. ) ;
#3183 = DIRECTION ( 'NONE',  ( 0.000000000000000000, 0.000000000000000000, -1.000000000000000000 ) ) ;
#3184 = AXIS2_PLACEMENT_3D ( 'NONE', #3122, #670, #3408 ) ;
#3185 = CARTESIAN_POINT ( 'NONE',  ( -64.99999999999990052, 1.084202172485504434E-16, 34.36340000000000572 ) ) ;
#3186 = CARTESIAN_POINT ( 'NONE',  ( -57.00000000000201794, 5.000000000000000000, -6.869999999999896190 ) ) ;
#3187 = DIRECTION ( 'NONE',  ( 0.000000000000000000, -1.000000000000000000, 0.000000000000000000 ) ) ;
#3188 = FACE_OUTER_BOUND ( 'NONE', #2582, .T. ) ;
#3189 = EDGE_LOOP ( 'NONE', ( #3384, #1277, #1775, #97 ) ) ;
#3190 = FACE_OUTER_BOUND ( 'NONE', #1461, .T. ) ;
#3191 = AXIS2_PLACEMENT_3D ( 'NONE', #2670, #2063, #715 ) ;
#3192 = ORIENTED_EDGE ( 'NONE', *, *, #2182, .F. ) ;
#3193 = DIRECTION ( 'NONE',  ( 0.000000000000000000, -1.000000000000000000, 3.469446951953611033E-15 ) ) ;
#3194 = ORIENTED_EDGE ( 'NONE', *, *, #926, .T. ) ;
#3195 = ADVANCED_FACE ( 'NONE', ( #1585 ), #2451, .F. ) ;
#3196 = ORIENTED_EDGE ( 'NONE', *, *, #732, .T. ) ;
#3197 = DIRECTION ( 'NONE',  ( -0.000000000000000000, -0.000000000000000000, 1.000000000000000000 ) ) ;
#3198 = CARTESIAN_POINT ( 'NONE',  ( -64.00000000000201794, 5.000000000000000000, -6.869999999999910401 ) ) ;
#3199 = CARTESIAN_POINT ( 'NONE',  ( -54.99999999999987210, 25.99999999999989342, -37.10000000000009379 ) ) ;
#3200 = DIRECTION ( 'NONE',  ( 0.000000000000000000, -0.000000000000000000, -1.000000000000000000 ) ) ;
#3201 = EDGE_LOOP ( 'NONE', ( #1689, #1510 ) ) ;
#3202 = DIRECTION ( 'NONE',  ( 1.000000000000000000, 0.000000000000000000, 0.000000000000000000 ) ) ;
#3203 = ORIENTED_EDGE ( 'NONE', *, *, #2224, .T. ) ;
#3204 = PERSON_AND_ORGANIZATION ( #2732, #2066 ) ;
#3205 = CARTESIAN_POINT ( 'NONE',  ( -54.99999999999987921, 20.99999999999990408, -35.10000000000007248 ) ) ;
#3206 = ORIENTED_EDGE ( 'NONE', *, *, #503, .F. ) ;
#3207 = CARTESIAN_POINT ( 'NONE',  ( -57.49999999999987921, 16.44999999999989626, -37.10000000000006537 ) ) ;
#3208 = VERTEX_POINT ( 'NONE', #2380 ) ;
#3209 = ORIENTED_EDGE ( 'NONE', *, *, #2029, .F. ) ;
#3210 = ADVANCED_FACE ( 'NONE', ( #539 ), #2415, .F. ) ;
#3211 = CARTESIAN_POINT ( 'NONE',  ( 55.00000000000003553, 20.99999999999985079, -37.10000000000007248 ) ) ;
#3212 = EDGE_CURVE ( 'NONE', #3053, #1807, #1331, .T. ) ;
#3213 = CARTESIAN_POINT ( 'NONE',  ( 65.00004999001716044, 38.45622547899764498, 37.11915891969147907 ) ) ;
#3214 = LINE ( 'NONE', #746, #877 ) ;
#3215 = CIRCLE ( 'NONE', #563, 1.699999999999993072 ) ;
#3216 = ADVANCED_FACE ( 'NONE', ( #3538 ), #1347, .T. ) ;
#3217 = EDGE_CURVE ( 'NONE', #1527, #199, #2957, .T. ) ;
#3218 = CIRCLE ( 'NONE', #3392, 1.700000000000000178 ) ;
#3219 = CARTESIAN_POINT ( 'NONE',  ( -57.00000000000201794, 5.000000000000000000, -6.869999999999896190 ) ) ;
#3220 = ORIENTED_EDGE ( 'NONE', *, *, #509, .T. ) ;
#3221 = APPROVAL_DATE_TIME ( #1015, #2854 ) ;
#3222 = CYLINDRICAL_SURFACE ( 'NONE', #2100, 3.849999999999999201 ) ;
#3223 = VECTOR ( 'NONE', #1738, 1000.000000000000000 ) ;
#3224 = CARTESIAN_POINT ( 'NONE',  ( -27.50000000000000000, 40.99999999999999289, -44.10000000000012932 ) ) ;
#3225 = VERTEX_POINT ( 'NONE', #3243 ) ;
#3226 = ORIENTED_EDGE ( 'NONE', *, *, #2809, .T. ) ;
#3227 = VECTOR ( 'NONE', #714, 1000.000000000000000 ) ;
#3228 = LINE ( 'NONE', #1070, #236 ) ;
#3229 = DIRECTION ( 'NONE',  ( -0.000000000000000000, 1.000000000000000000, -0.000000000000000000 ) ) ;
#3230 = CIRCLE ( 'NONE', #1777, 1.199999999999992628 ) ;
#3231 = ORIENTED_EDGE ( 'NONE', *, *, #3480, .T. ) ;
#3232 = ORIENTED_EDGE ( 'NONE', *, *, #3363, .F. ) ;
#3233 = FACE_OUTER_BOUND ( 'NONE', #2135, .T. ) ;
#3234 = VECTOR ( 'NONE', #2189, 1000.000000000000000 ) ;
#3235 = LINE ( 'NONE', #2129, #964 ) ;
#3236 = DIRECTION ( 'NONE',  ( 0.000000000000000000, -1.000000000000000000, 3.604620209821937281E-15 ) ) ;
#3237 = DIRECTION ( 'NONE',  ( 1.000000000000000000, 0.000000000000000000, 0.000000000000000000 ) ) ;
#3238 = ORIENTED_EDGE ( 'NONE', *, *, #1873, .T. ) ;
#3239 = EDGE_CURVE ( 'NONE', #1845, #1254, #701, .T. ) ;
#3240 = PERSON_AND_ORGANIZATION ( #2732, #2066 ) ;
#3241 = CARTESIAN_POINT ( 'NONE',  ( -62.00000000000201084, 0.000000000000000000, -4.869999999999908624 ) ) ;
#3242 = EDGE_LOOP ( 'NONE', ( #2414, #166 ) ) ;
#3243 = CARTESIAN_POINT ( 'NONE',  ( -64.00000000000201794, 5.000000000000000000, 0.1300000000000996470 ) ) ;
#3244 = FACE_OUTER_BOUND ( 'NONE', #2309, .T. ) ;
#3245 = AXIS2_PLACEMENT_3D ( 'NONE', #3483, #499, #1274 ) ;
#3246 = ORIENTED_EDGE ( 'NONE', *, *, #2071, .F. ) ;
#3247 = DIRECTION ( 'NONE',  ( -1.000000000000000000, 0.000000000000000000, 0.000000000000000000 ) ) ;
#3248 = CARTESIAN_POINT ( 'NONE',  ( 54.99999999999997158, 40.99999999999999289, -42.40000000000014779 ) ) ;
#3249 = LINE ( 'NONE', #3467, #655 ) ;
#3250 = CARTESIAN_POINT ( 'NONE',  ( -65.00000000000000000, 40.99999999999999289, -37.10000000000014353 ) ) ;
#3251 = PRODUCT ( '\X2\5e9576d856fa5b9a677f\X0\', '\X2\5e9576d856fa5b9a677f\X0\', '', ( #2149 ) ) ;
#3252 = DIRECTION ( 'NONE',  ( -0.000000000000000000, 1.000000000000000000, -6.258627047520347716E-17 ) ) ;
#3253 = EDGE_CURVE ( 'NONE', #867, #1135, #3228, .T. ) ;
#3254 = PERSON_AND_ORGANIZATION ( #2732, #2066 ) ;
#3255 = DIRECTION ( 'NONE',  ( 0.000000000000000000, 3.554067609318336832E-15, 1.000000000000000000 ) ) ;
#3256 = EDGE_CURVE ( 'NONE', #352, #2367, #3520, .T. ) ;
#3257 = EDGE_LOOP ( 'NONE', ( #1211, #3016, #3422 ) ) ;
#3258 = DIRECTION ( 'NONE',  ( 1.000000000000000000, 0.000000000000000000, 0.000000000000000000 ) ) ;
#3259 = EDGE_CURVE ( 'NONE', #162, #293, #1840, .T. ) ;
#3260 = DIRECTION ( 'NONE',  ( 1.000000000000000000, -0.000000000000000000, -0.000000000000000000 ) ) ;
#3261 = DIRECTION ( 'NONE',  ( 0.000000000000000000, -1.000000000000000000, 0.000000000000000000 ) ) ;
#3262 = ORIENTED_EDGE ( 'NONE', *, *, #2182, .T. ) ;
#3263 = FACE_OUTER_BOUND ( 'NONE', #1379, .T. ) ;
#3264 = CARTESIAN_POINT ( 'NONE',  ( 64.98717182084503463, 39.00000000000000711, 37.64248177471156254 ) ) ;
#3265 = DIRECTION ( 'NONE',  ( 1.000000000000000000, 0.000000000000000000, 0.000000000000000000 ) ) ;
#3266 = CARTESIAN_POINT ( 'NONE',  ( -54.99999999999987921, 22.74999999999990052, -37.10000000000008669 ) ) ;
#3267 = VERTEX_POINT ( 'NONE', #2677 ) ;
#3268 = AXIS2_PLACEMENT_3D ( 'NONE', #1659, #2730, #2767 ) ;
#3269 = CONICAL_SURFACE ( 'NONE', #1703, 1.700000000000000178, 1.029744258676654534 ) ;
#3270 = DIRECTION ( 'NONE',  ( 1.000000000000000000, 0.000000000000000000, 0.000000000000000000 ) ) ;
#3271 = EDGE_CURVE ( 'NONE', #2076, #2014, #760, .T. ) ;
#3272 = VECTOR ( 'NONE', #3535, 1000.000000000000000 ) ;
#3273 = VERTEX_POINT ( 'NONE', #1922 ) ;
#3274 = CARTESIAN_POINT ( 'NONE',  ( -27.50000000000000000, 40.99999999999999289, -45.80000000000012506 ) ) ;
#3275 = DIRECTION ( 'NONE',  ( 0.000000000000000000, 1.000000000000000000, -3.491481338843133355E-15 ) ) ;
#3276 = CARTESIAN_POINT ( 'NONE',  ( 65.00000000000001421, 2.200137091482780530E-14, 37.10000000000000142 ) ) ;
#3277 = AXIS2_PLACEMENT_3D ( 'NONE', #2238, #2555, #3126 ) ;
#3278 = VERTEX_POINT ( 'NONE', #19 ) ;
#3279 = ADVANCED_FACE ( 'NONE', ( #1999 ), #891, .F. ) ;
#3280 = CARTESIAN_POINT ( 'NONE',  ( -54.99999999999987921, 15.19999999999989448, -37.10000000000005826 ) ) ;
#3281 = CARTESIAN_POINT ( 'NONE',  ( 65.00060406127975909, 38.64886855126660237, -37.18014787927432963 ) ) ;
#3282 = AXIS2_PLACEMENT_3D ( 'NONE', #1608, #2973, #1899 ) ;
#3283 = LINE ( 'NONE', #2438, #3325 ) ;
#3284 = AXIS2_PLACEMENT_3D ( 'NONE', #2093, #2373, #1487 ) ;
#3285 = DIRECTION ( 'NONE',  ( -1.000000000000000000, 0.000000000000000000, 0.000000000000000000 ) ) ;
#3286 = CARTESIAN_POINT ( 'NONE',  ( -55.00000000000000711, 41.00000000000000000, 37.10000000000000142 ) ) ;
#3287 = EDGE_LOOP ( 'NONE', ( #3516, #3161, #3134, #301, #1420, #1816 ) ) ;
#3288 = AXIS2_PLACEMENT_3D ( 'NONE', #3471, #2583, #965 ) ;
#3289 = AXIS2_PLACEMENT_3D ( 'NONE', #1042, #1907, #281 ) ;
#3290 = ORIENTED_EDGE ( 'NONE', *, *, #1977, .F. ) ;
#3291 = CARTESIAN_POINT ( 'NONE',  ( -57.49999999999987921, 17.24999999999990408, -35.10000000000005826 ) ) ;
#3292 = LINE ( 'NONE', #1512, #948 ) ;
#3293 = ORIENTED_EDGE ( 'NONE', *, *, #816, .F. ) ;
#3294 = CARTESIAN_POINT ( 'NONE',  ( -15.22999999999999332, 0.000000000000000000, -21.08999999999999631 ) ) ;
#3295 = ADVANCED_FACE ( 'NONE', ( #3036 ), #1154, .F. ) ;
#3296 = VECTOR ( 'NONE', #1291, 1000.000000000000000 ) ;
#3297 = EDGE_CURVE ( 'NONE', #1632, #2014, #1131, .T. ) ;
#3298 = CARTESIAN_POINT ( 'NONE',  ( 48.36674811148873232, 27.80073300340253439, -37.10000000000010090 ) ) ;
#3299 = CARTESIAN_POINT ( 'NONE',  ( -0.02527559055300835494, 5.000000000000000000, -4.869999999999908624 ) ) ;
#3300 = DIRECTION ( 'NONE',  ( 0.000000000000000000, 0.000000000000000000, 1.000000000000000000 ) ) ;
#3301 = EDGE_LOOP ( 'NONE', ( #165, #468, #634, #381 ) ) ;
#3302 = CARTESIAN_POINT ( 'NONE',  ( -64.99128472477265461, 40.99999999999999289, -37.58679713089844654 ) ) ;
#3303 = ORIENTED_EDGE ( 'NONE', *, *, #2953, .T. ) ;
#3304 = FACE_BOUND ( 'NONE', #3441, .T. ) ;
#3305 = DIRECTION ( 'NONE',  ( 0.000000000000000000, -3.491481338843133355E-15, -1.000000000000000000 ) ) ;
#3306 = ORIENTED_EDGE ( 'NONE', *, *, #2291, .F. ) ;
#3307 = DIRECTION ( 'NONE',  ( -3.384826294588891940E-16, 1.000000000000000000, -3.554067609318336832E-15 ) ) ;
#3308 = CARTESIAN_POINT ( 'NONE',  ( -27.49999999999998934, 39.00000000000002132, 44.10000000000012221 ) ) ;
#3309 = DIRECTION ( 'NONE',  ( -0.000000000000000000, -3.554067609318336832E-15, -1.000000000000000000 ) ) ;
#3310 = ADVANCED_FACE ( 'NONE', ( #3362, #3344, #2761, #2248, #3090, #569, #1444, #2820, #365 ), #2740, .T. ) ;
#3311 = VERTEX_POINT ( 'NONE', #2472 ) ;
#3312 = EDGE_CURVE ( 'NONE', #2026, #1089, #2501, .T. ) ;
#3313 = DIRECTION ( 'NONE',  ( 1.000000000000000000, 0.000000000000000000, 0.000000000000000000 ) ) ;
#3314 = DIRECTION ( 'NONE',  ( 0.000000000000000000, 1.000000000000000000, -3.604620209821937281E-15 ) ) ;
#3315 = VERTEX_POINT ( 'NONE', #2266 ) ;
#3316 = EDGE_CURVE ( 'NONE', #2675, #1576, #340, .T. ) ;
#3317 = ADVANCED_FACE ( 'NONE', ( #586 ), #2796, .F. ) ;
#3318 = DIRECTION ( 'NONE',  ( -1.000000000000000000, -0.000000000000000000, -0.000000000000000000 ) ) ;
#3319 = CIRCLE ( 'NONE', #2393, 0.8000000000000020428 ) ;
#3320 = ORIENTED_EDGE ( 'NONE', *, *, #4, .F. ) ;
#3321 = CYLINDRICAL_SURFACE ( 'NONE', #2170, 0.8000000000000020428 ) ;
#3322 = VECTOR ( 'NONE', #1728, 1000.000000000000000 ) ;
#3323 = DIRECTION ( 'NONE',  ( 0.000000000000000000, 3.554067609318336832E-15, 1.000000000000000000 ) ) ;
#3324 = ORIENTED_EDGE ( 'NONE', *, *, #2117, .T. ) ;
#3325 = VECTOR ( 'NONE', #1625, 1000.000000000000000 ) ;
#3326 = CYLINDRICAL_SURFACE ( 'NONE', #1037, 1.199999999999992628 ) ;
#3327 = DIRECTION ( 'NONE',  ( 0.000000000000000000, 0.000000000000000000, -1.000000000000000000 ) ) ;
#3328 = CARTESIAN_POINT ( 'NONE',  ( -27.49999999999998934, 40.99999999999999289, 45.80000000000011795 ) ) ;
#3329 = CIRCLE ( 'NONE', #1644, 1.700000000000000178 ) ;
#3330 = CARTESIAN_POINT ( 'NONE',  ( -49.56674811149041915, 27.80073300340330533, 37.10000000000000142 ) ) ;
#3331 = ORIENTED_EDGE ( 'NONE', *, *, #2616, .T. ) ;
#3332 = VERTEX_POINT ( 'NONE', #834 ) ;
#3333 = CARTESIAN_POINT ( 'NONE',  ( -54.99999999999987921, 22.74999999999990408, -35.10000000000007958 ) ) ;
#3334 = VECTOR ( 'NONE', #1757, 1000.000000000000000 ) ;
#3335 = DIRECTION ( 'NONE',  ( 0.000000000000000000, -1.000000000000000000, 3.469446951953611033E-15 ) ) ;
#3336 = ORIENTED_EDGE ( 'NONE', *, *, #1863, .F. ) ;
#3337 = CIRCLE ( 'NONE', #2819, 0.7365999999999970349 ) ;
#3338 = VECTOR ( 'NONE', #1731, 1000.000000000000000 ) ;
#3339 = DIRECTION ( 'NONE',  ( -1.000000000000000000, 0.000000000000000000, -0.000000000000000000 ) ) ;
#3340 = ADVANCED_FACE ( 'NONE', ( #1098 ), #3321, .F. ) ;
#3341 = VERTEX_POINT ( 'NONE', #1633 ) ;
#3342 = EDGE_LOOP ( 'NONE', ( #2826, #1808, #3390, #3067 ) ) ;
#3343 = AXIS2_PLACEMENT_3D ( 'NONE', #919, #99, #1676 ) ;
#3344 = FACE_BOUND ( 'NONE', #1865, .T. ) ;
#3345 = ORIENTED_EDGE ( 'NONE', *, *, #1653, .F. ) ;
#3346 = CARTESIAN_POINT ( 'NONE',  ( -60.43325188851067509, 14.19926699659695224, 37.10000000000000142 ) ) ;
#3347 = DIRECTION ( 'NONE',  ( -0.000000000000000000, -3.554067609318336832E-15, -1.000000000000000000 ) ) ;
#3348 = DIRECTION ( 'NONE',  ( 0.000000000000000000, 0.000000000000000000, 1.000000000000000000 ) ) ;
#3349 = ORIENTED_EDGE ( 'NONE', *, *, #174, .F. ) ;
#3350 = ORIENTED_EDGE ( 'NONE', *, *, #2453, .T. ) ;
#3351 = DIRECTION ( 'NONE',  ( 0.000000000000000000, -1.000000000000000000, 3.965082230804126670E-15 ) ) ;
#3352 = DIRECTION ( 'NONE',  ( -0.000000000000000000, -1.000000000000000000, -0.000000000000000000 ) ) ;
#3353 = CARTESIAN_POINT ( 'NONE',  ( -0.02527559055300835494, 0.000000000000000000, -4.869999999999908624 ) ) ;
#3354 = ORIENTED_EDGE ( 'NONE', *, *, #2452, .T. ) ;
#3355 = FACE_OUTER_BOUND ( 'NONE', #439, .T. ) ;
#3356 = SHAPE_DEFINITION_REPRESENTATION ( #1058, #341 ) ;
#3357 = CARTESIAN_POINT ( 'NONE',  ( -0.02527559055301469709, 0.000000000000000000, 0.1300000000000961775 ) ) ;
#3358 = CARTESIAN_POINT ( 'NONE',  ( 54.99999999999996447, 40.99999999999999289, -37.10000000000014353 ) ) ;
#3359 = EDGE_CURVE ( 'NONE', #3125, #1871, #578, .T. ) ;
#3360 = EDGE_LOOP ( 'NONE', ( #456, #130 ) ) ;
#3361 = VECTOR ( 'NONE', #2461, 1000.000000000000000 ) ;
#3362 = FACE_BOUND ( 'NONE', #2308, .T. ) ;
#3363 = EDGE_CURVE ( 'NONE', #3181, #272, #854, .T. ) ;
#3364 = CARTESIAN_POINT ( 'NONE',  ( -64.00000000000201794, 5.000000000000000000, -6.869999999999910401 ) ) ;
#3365 = CARTESIAN_POINT ( 'NONE',  ( -27.49999999999998934, 40.99999999999999289, 42.40000000000012648 ) ) ;
#3366 = ORIENTED_EDGE ( 'NONE', *, *, #1914, .T. ) ;
#3367 = ORIENTED_EDGE ( 'NONE', *, *, #665, .T. ) ;
#3368 = DIRECTION ( 'NONE',  ( -0.000000000000000000, -0.000000000000000000, -1.000000000000000000 ) ) ;
#3369 = EDGE_CURVE ( 'NONE', #1018, #1151, #1365, .T. ) ;
#3370 = DIRECTION ( 'NONE',  ( -0.000000000000000000, -3.469446951953613400E-15, -1.000000000000000000 ) ) ;
#3371 = CARTESIAN_POINT ( 'NONE',  ( -64.99999999999998579, 0.7365999999999970349, 37.10000000000000142 ) ) ;
#3372 = ORIENTED_EDGE ( 'NONE', *, *, #2115, .T. ) ;
#3373 = ORIENTED_EDGE ( 'NONE', *, *, #1552, .T. ) ;
#3374 = CARTESIAN_POINT ( 'NONE',  ( 64.99999999999988631, 0.7365999999999919279, -34.36340000000000572 ) ) ;
#3375 = CARTESIAN_POINT ( 'NONE',  ( -54.99999999999997158, 40.99999999999999289, -44.10000000000012932 ) ) ;
#3376 = FACE_BOUND ( 'NONE', #496, .T. ) ;
#3377 = ORIENTED_EDGE ( 'NONE', *, *, #3031, .T. ) ;
#3378 = FACE_OUTER_BOUND ( 'NONE', #861, .T. ) ;
#3379 = DIRECTION ( 'NONE',  ( -0.000000000000000000, -0.000000000000000000, -1.000000000000000000 ) ) ;
#3380 = ORIENTED_EDGE ( 'NONE', *, *, #141, .F. ) ;
#3381 = DIRECTION ( 'NONE',  ( -0.000000000000000000, -3.469446951953613400E-15, -1.000000000000000000 ) ) ;
#3382 = ADVANCED_FACE ( 'NONE', ( #3304, #319, #1958, #874 ), #51, .T. ) ;
#3383 = VECTOR ( 'NONE', #2653, 1000.000000000000000 ) ;
#3384 = ORIENTED_EDGE ( 'NONE', *, *, #1125, .T. ) ;
#3385 = ORIENTED_EDGE ( 'NONE', *, *, #2384, .F. ) ;
#3386 = DIRECTION ( 'NONE',  ( 0.000000000000000000, 1.000000000000000000, -3.491481338843133750E-15 ) ) ;
#3387 = CIRCLE ( 'NONE', #1300, 1.199999999999985745 ) ;
#3388 = CARTESIAN_POINT ( 'NONE',  ( -57.00000000000201794, 5.000000000000000000, -6.869999999999896190 ) ) ;
#3389 = LINE ( 'NONE', #3371, #1317 ) ;
#3390 = ORIENTED_EDGE ( 'NONE', *, *, #2766, .F. ) ;
#3391 = ADVANCED_FACE ( 'NONE', ( #1498 ), #131, .F. ) ;
#3392 = AXIS2_PLACEMENT_3D ( 'NONE', #516, #242, #1325 ) ;
#3393 = ORIENTED_EDGE ( 'NONE', *, *, #2762, .F. ) ;
#3394 = EDGE_CURVE ( 'NONE', #2021, #1450, #2626, .T. ) ;
#3395 = CARTESIAN_POINT ( 'NONE',  ( -54.99999999999987921, 20.99999999999990408, -35.10000000000007248 ) ) ;
#3396 = LINE ( 'NONE', #1795, #2647 ) ;
#3397 = AXIS2_PLACEMENT_3D ( 'NONE', #2964, #500, #544 ) ;
#3398 = DIRECTION ( 'NONE',  ( 0.000000000000000000, 0.000000000000000000, 1.000000000000000000 ) ) ;
#3399 = VECTOR ( 'NONE', #2165, 1000.000000000000000 ) ;
#3400 = CARTESIAN_POINT ( 'NONE',  ( -0.02527559055300835494, 5.000000000000000000, -4.869999999999908624 ) ) ;
#3401 = CIRCLE ( 'NONE', #2061, 0.7999999999999951594 ) ;
#3402 = DIRECTION ( 'NONE',  ( -0.000000000000000000, -0.000000000000000000, 1.000000000000000000 ) ) ;
#3403 = VECTOR ( 'NONE', #821, 1000.000000000000000 ) ;
#3404 = DIRECTION ( 'NONE',  ( 0.000000000000000000, 0.000000000000000000, 1.000000000000000000 ) ) ;
#3405 = VECTOR ( 'NONE', #2742, 1000.000000000000000 ) ;
#3406 = VERTEX_POINT ( 'NONE', #985 ) ;
#3407 = CARTESIAN_POINT ( 'NONE',  ( -62.00000000000201084, 0.000000000000000000, -4.869999999999908624 ) ) ;
#3408 = DIRECTION ( 'NONE',  ( 0.000000000000000000, 1.000000000000000000, -3.965082230804126670E-15 ) ) ;
#3409 = ORIENTED_EDGE ( 'NONE', *, *, #3394, .T. ) ;
#3410 = ORIENTED_EDGE ( 'NONE', *, *, #1179, .T. ) ;
#3411 = DIRECTION ( 'NONE',  ( -1.000000000000000000, -0.000000000000000000, -5.337610695313253357E-17 ) ) ;
#3412 = ADVANCED_FACE ( 'NONE', ( #3190 ), #645, .F. ) ;
#3413 = FACE_BOUND ( 'NONE', #2911, .T. ) ;
#3414 = ORIENTED_EDGE ( 'NONE', *, *, #959, .F. ) ;
#3415 = CARTESIAN_POINT ( 'NONE',  ( -5.025275590553015981, 5.000000000000000000, -6.869999999999910401 ) ) ;
#3416 = EDGE_LOOP ( 'NONE', ( #1380, #667, #2672, #1720 ) ) ;
#3417 = EDGE_CURVE ( 'NONE', #1845, #371, #1002, .T. ) ;
#3418 = PLANE ( 'NONE',  #795 ) ;
#3419 = AXIS2_PLACEMENT_3D ( 'NONE', #142, #1726, #2558 ) ;
#3420 = ORIENTED_EDGE ( 'NONE', *, *, #212, .F. ) ;
#3421 = PLANE ( 'NONE',  #2169 ) ;
#3422 = ORIENTED_EDGE ( 'NONE', *, *, #2078, .T. ) ;
#3423 = VERTEX_POINT ( 'NONE', #1514 ) ;
#3424 = DIRECTION ( 'NONE',  ( -0.000000000000000000, -0.000000000000000000, 1.000000000000000000 ) ) ;
#3425 = EDGE_LOOP ( 'NONE', ( #2546, #1603, #1140, #862 ) ) ;
#3426 = EDGE_LOOP ( 'NONE', ( #3331, #526, #1606, #1024 ) ) ;
#3427 = DIRECTION ( 'NONE',  ( 1.000000000000000000, 0.000000000000000000, 0.000000000000000000 ) ) ;
#3428 = CARTESIAN_POINT ( 'NONE',  ( -52.49999999999987921, 24.74999999999989697, -37.10000000000008669 ) ) ;
#3429 = EDGE_CURVE ( 'NONE', #3094, #541, #2606, .T. ) ;
#3430 = LINE ( 'NONE', #1702, #3296 ) ;
#3431 = FACE_OUTER_BOUND ( 'NONE', #735, .T. ) ;
#3432 = FACE_OUTER_BOUND ( 'NONE', #2846, .T. ) ;
#3433 = VERTEX_POINT ( 'NONE', #2307 ) ;
#3434 = EDGE_CURVE ( 'NONE', #2937, #1576, #1781, .T. ) ;
#3435 = DIRECTION ( 'NONE',  ( -0.000000000000000000, 0.000000000000000000, 1.000000000000000000 ) ) ;
#3436 = ORIENTED_EDGE ( 'NONE', *, *, #2612, .T. ) ;
#3437 = EDGE_LOOP ( 'NONE', ( #596, #3385 ) ) ;
#3438 = VECTOR ( 'NONE', #3042, 1000.000000000000000 ) ;
#3439 = FACE_BOUND ( 'NONE', #2509, .T. ) ;
#3440 = CARTESIAN_POINT ( 'NONE',  ( -54.99999999999997158, 38.99999999999999289, -44.10000000000012932 ) ) ;
#3441 = EDGE_LOOP ( 'NONE', ( #1825, #737 ) ) ;
#3442 = VERTEX_POINT ( 'NONE', #379 ) ;
#3443 = VECTOR ( 'NONE', #1261, 1000.000000000000000 ) ;
#3444 = CYLINDRICAL_SURFACE ( 'NONE', #229, 3.849999999999999201 ) ;
#3445 = CYLINDRICAL_SURFACE ( 'NONE', #2223, 2.736599999999998811 ) ;
#3446 = FACE_OUTER_BOUND ( 'NONE', #134, .T. ) ;
#3447 = CIRCLE ( 'NONE', #1640, 2.736599999999998811 ) ;
#3448 = FACE_BOUND ( 'NONE', #2705, .T. ) ;
#3449 = ORIENTED_EDGE ( 'NONE', *, *, #2622, .T. ) ;
#3450 = AXIS2_PLACEMENT_3D ( 'NONE', #2131, #1595, #1562 ) ;
#3451 = CYLINDRICAL_SURFACE ( 'NONE', #515, 0.7365999999999970349 ) ;
#3452 = AXIS2_PLACEMENT_3D ( 'NONE', #871, #1615, #1345 ) ;
#3453 = EDGE_LOOP ( 'NONE', ( #322, #209 ) ) ;
#3454 = FACE_OUTER_BOUND ( 'NONE', #3287, .T. ) ;
#3455 = CIRCLE ( 'NONE', #3508, 0.7999999999999882760 ) ;
#3456 = ADVANCED_FACE ( 'NONE', ( #1265 ), #3421, .F. ) ;
#3457 = ORIENTED_EDGE ( 'NONE', *, *, #2425, .T. ) ;
#3458 = CIRCLE ( 'NONE', #3284, 1.700000000000000178 ) ;
#3459 = ORIENTED_EDGE ( 'NONE', *, *, #2320, .T. ) ;
#3460 = VECTOR ( 'NONE', #1847, 1000.000000000000000 ) ;
#3461 = DIRECTION ( 'NONE',  ( -0.000000000000000000, 1.000000000000000000, -0.000000000000000000 ) ) ;
#3462 = CARTESIAN_POINT ( 'NONE',  ( 64.97283412275562853, 41.00000000000000000, 37.83659999999999712 ) ) ;
#3463 = VERTEX_POINT ( 'NONE', #2286 ) ;
#3464 = EDGE_LOOP ( 'NONE', ( #2690, #1732, #1428, #1558 ) ) ;
#3465 = CC_DESIGN_APPROVAL ( #3055, ( #987 ) ) ;
#3466 = CARTESIAN_POINT ( 'NONE',  ( 52.49999999999982236, 24.74999999999980460, 35.10000000000000142 ) ) ;
#3467 = CARTESIAN_POINT ( 'NONE',  ( -52.49999999999987921, 23.94999999999989626, -37.10000000000008669 ) ) ;
#3468 = DIRECTION ( 'NONE',  ( 0.000000000000000000, -1.000000000000000000, 6.258627047520347716E-17 ) ) ;
#3469 = DIRECTION ( 'NONE',  ( 0.000000000000000000, 0.000000000000000000, 1.000000000000000000 ) ) ;
#3470 = ORIENTED_EDGE ( 'NONE', *, *, #918, .F. ) ;
#3471 = CARTESIAN_POINT ( 'NONE',  ( 54.99999999999997158, 40.99999999999999289, -44.10000000000014353 ) ) ;
#3472 = DIRECTION ( 'NONE',  ( 0.000000000000000000, 0.000000000000000000, 1.000000000000000000 ) ) ;
#3473 = EDGE_CURVE ( 'NONE', #2025, #1350, #1546, .T. ) ;
#3474 = VERTEX_POINT ( 'NONE', #147 ) ;
#3475 = EDGE_CURVE ( 'NONE', #1218, #2760, #434, .T. ) ;
#3476 = CARTESIAN_POINT ( 'NONE',  ( -54.99999999999987921, 20.99999999999990052, 37.10000000000000142 ) ) ;
#3477 = ORIENTED_EDGE ( 'NONE', *, *, #1573, .T. ) ;
#3478 = VERTEX_POINT ( 'NONE', #1748 ) ;
#3479 = ADVANCED_FACE ( 'NONE', ( #3454 ), #1247, .T. ) ;
#3480 = EDGE_CURVE ( 'NONE', #1151, #3474, #2228, .T. ) ;
#3481 = DIRECTION ( 'NONE',  ( -0.000000000000000000, -3.469446951953613400E-15, -1.000000000000000000 ) ) ;
#3482 = CARTESIAN_POINT ( 'NONE',  ( -54.99999999999995737, 40.99999999999999289, 44.10000000000013642 ) ) ;
#3483 = CARTESIAN_POINT ( 'NONE',  ( 52.49999999999982236, 24.74999999999980460, 37.10000000000000142 ) ) ;
#3484 = CARTESIAN_POINT ( 'NONE',  ( -0.02527559055300835494, 0.000000000000000000, -4.869999999999908624 ) ) ;
#3485 = EDGE_LOOP ( 'NONE', ( #3085, #1203, #844, #2529 ) ) ;
#3486 = PERSON_AND_ORGANIZATION_ROLE ( 'design_owner' ) ;
#3487 = ORIENTED_EDGE ( 'NONE', *, *, #1701, .T. ) ;
#3488 = ORIENTED_EDGE ( 'NONE', *, *, #848, .T. ) ;
#3489 = DIRECTION ( 'NONE',  ( 0.000000000000000000, 0.000000000000000000, 1.000000000000000000 ) ) ;
#3490 = CARTESIAN_POINT ( 'NONE',  ( -62.00000000000201084, 5.000000000000000000, -4.869999999999908624 ) ) ;
#3491 = ORIENTED_EDGE ( 'NONE', *, *, #2878, .T. ) ;
#3492 = VERTEX_POINT ( 'NONE', #394 ) ;
#3493 = CYLINDRICAL_SURFACE ( 'NONE', #2225, 3.849999999999999201 ) ;
#3494 = CARTESIAN_POINT ( 'NONE',  ( -27.49999999999998934, 40.99999999999999289, 45.80000000000012506 ) ) ;
#3495 = PRODUCT_RELATED_PRODUCT_CATEGORY ( 'detail', '', ( #3251 ) ) ;
#3496 = ADVANCED_FACE ( 'NONE', ( #2364 ), #702, .F. ) ;
#3497 = DIRECTION ( 'NONE',  ( -0.000000000000000000, -0.000000000000000000, 1.000000000000000000 ) ) ;
#3498 = CARTESIAN_POINT ( 'NONE',  ( 27.50000000000001066, 39.00000000000002132, 44.10000000000011511 ) ) ;
#3499 = CIRCLE ( 'NONE', #1927, 0.7999999999999951594 ) ;
#3500 = CIRCLE ( 'NONE', #52, 1.700000000000000178 ) ;
#3501 = DIRECTION ( 'NONE',  ( 1.000000000000000000, 0.000000000000000000, 0.000000000000000000 ) ) ;
#3502 = CIRCLE ( 'NONE', #850, 1.699999999999993072 ) ;
#3503 = CIRCLE ( 'NONE', #629, 1.664279482350518258 ) ;
#3504 = VERTEX_POINT ( 'NONE', #2642 ) ;
#3505 = CIRCLE ( 'NONE', #1539, 1.700000000000000178 ) ;
#3506 = DIRECTION ( 'NONE',  ( -0.000000000000000000, -3.469446951953613400E-15, -1.000000000000000000 ) ) ;
#3507 = CARTESIAN_POINT ( 'NONE',  ( -51.14999999999988489, 20.99999999999990052, 35.10000000000000142 ) ) ;
#3508 = AXIS2_PLACEMENT_3D ( 'NONE', #2614, #1537, #3427 ) ;
#3509 = ORIENTED_EDGE ( 'NONE', *, *, #22, .T. ) ;
#3510 = DIRECTION ( 'NONE',  ( 0.000000000000000000, 0.000000000000000000, 1.000000000000000000 ) ) ;
#3511 = AXIS2_PLACEMENT_3D ( 'NONE', #3291, #1906, #554 ) ;
#3512 = FACE_BOUND ( 'NONE', #3437, .T. ) ;
#3513 = FACE_OUTER_BOUND ( 'NONE', #1944, .T. ) ;
#3514 = EDGE_CURVE ( 'NONE', #1740, #350, #360, .T. ) ;
#3515 = DIRECTION ( 'NONE',  ( -0.000000000000000000, -0.000000000000000000, -1.000000000000000000 ) ) ;
#3516 = ORIENTED_EDGE ( 'NONE', *, *, #825, .T. ) ;
#3517 = ADVANCED_FACE ( 'NONE', ( #3171 ), #2086, .F. ) ;
#3518 =( NAMED_UNIT ( * ) PLANE_ANGLE_UNIT ( ) SI_UNIT ( $, .RADIAN. ) );
#3519 = ORIENTED_EDGE ( 'NONE', *, *, #1173, .T. ) ;
#3520 = LINE ( 'NONE', #775, #3460 ) ;
#3521 = CARTESIAN_POINT ( 'NONE',  ( 64.99999999999997158, 40.89900239793485781, -37.10000000000014353 ) ) ;
#3522 = AXIS2_PLACEMENT_3D ( 'NONE', #768, #461, #3236 ) ;
#3523 = ORIENTED_EDGE ( 'NONE', *, *, #3271, .F. ) ;
#3524 = DIRECTION ( 'NONE',  ( 0.000000000000000000, 0.000000000000000000, 1.000000000000000000 ) ) ;
#3525 = FACE_BOUND ( 'NONE', #608, .T. ) ;
#3526 = CARTESIAN_POINT ( 'NONE',  ( -58.84999999999988063, 20.99999999999990052, 37.10000000000000142 ) ) ;
#3527 = CARTESIAN_POINT ( 'NONE',  ( 54.99999999999997158, 38.99999999999999289, -45.80000000000013927 ) ) ;
#3528 = VECTOR ( 'NONE', #2763, 1000.000000000000000 ) ;
#3529 = EDGE_CURVE ( 'NONE', #1576, #2937, #1721, .T. ) ;
#3530 = CARTESIAN_POINT ( 'NONE',  ( -15.22999999999999332, 0.000000000000000000, -22.78999999999999204 ) ) ;
#3531 = CLOSED_SHELL ( 'NONE', ( #2855, #566, #3033, #1434, #2339, #896, #1362, #1612, #66, #3517, #587, #3317, #3195, #1809, #2733, #1240, #551, #2721, #683, #470, #135, #1770, #3279, #1507, #2874, #1068, #3340, #681, #657, #3382, #1630, #1441, #1965, #2563, #2294, #3536, #3310, #2832, #1818, #660, #1223, #3391, #326, #1228, #2079, #1941, #2442, #1476, #1553, #3170, #2632, #447, #273, #966, #749, #1860, #3295, #2073, #2133, #1918, #751, #377, #2012, #1811, #176, #1090, #280, #2680, #1066, #113, #2681, #1879, #2700, #1119, #2335, #2759, #2567, #769, #3412, #610, #2995, #1459, #1108, #1913, #1455, #2301, #1859, #1323, #843, #2929, #3479, #585, #3456, #95, #1524, #927, #3496, #3216, #1390, #218, #2786, #846, #1479, #3210, #2270, #2987, #1569, #334 ) ) ;
#3532 = ORIENTED_EDGE ( 'NONE', *, *, #1596, .F. ) ;
#3533 =( NAMED_UNIT ( * ) SI_UNIT ( $, .STERADIAN. ) SOLID_ANGLE_UNIT ( ) );
#3534 = EDGE_CURVE ( 'NONE', #1059, #433, #536, .T. ) ;
#3535 = DIRECTION ( 'NONE',  ( -0.000000000000000000, 1.000000000000000000, -0.000000000000000000 ) ) ;
#3536 = ADVANCED_FACE ( 'NONE', ( #1051 ), #1601, .F. ) ;
#3537 = VERTEX_POINT ( 'NONE', #1822 ) ;
#3538 = FACE_OUTER_BOUND ( 'NONE', #3003, .T. ) ;
#3539 = CARTESIAN_POINT ( 'NONE',  ( -15.22999999999999332, 1.347111479062085841E-15, -21.08999999999999631 ) ) ;
#3540 = CARTESIAN_POINT ( 'NONE',  ( 61.63325188851047898, 14.19926699659765568, -37.10000000000005116 ) ) ;
#3541 = EDGE_LOOP ( 'NONE', ( #1565, #48, #603, #455 ) ) ;
#3542 = LINE ( 'NONE', #1866, #2753 ) ;
#3543 = CARTESIAN_POINT ( 'NONE',  ( -55.00000000000000000, 38.26339999999999719, -37.10000000000014353 ) ) ;
#3544 = DIRECTION ( 'NONE',  ( 0.000000000000000000, -1.000000000000000000, 3.469446951953611033E-15 ) ) ;
#3545 = CARTESIAN_POINT ( 'NONE',  ( 64.99999999999998579, -1.999999999999999556, 34.36340000000000572 ) ) ;
#3546 = EDGE_LOOP ( 'NONE', ( #1733, #1584, #243, #972 ) ) ;
#3547 = VECTOR ( 'NONE', #2945, 1000.000000000000000 ) ;
#3548 = VECTOR ( 'NONE', #2087, 1000.000000000000000 ) ;
#3549 = DIRECTION ( 'NONE',  ( -1.000000000000000000, -3.384826294588891940E-16, 0.000000000000000000 ) ) ;
ENDSEC;
END-ISO-10303-21;
