ISO-10303-21;
HEADER;
FILE_DESCRIPTION (( 'STEP AP203' ),
    '1' );
FILE_NAME ('U型梁.STEP',
    '2018-08-16T09:25:47',
    ( '' ),
    ( '' ),
    'SwSTEP 2.0',
    'SolidWorks 2018',
    '' );
FILE_SCHEMA (( 'CONFIG_CONTROL_DESIGN' ));
ENDSEC;

DATA;
#1 = ORIENTED_EDGE ( 'NONE', *, *, #2097, .T. ) ;
#2 = ORIENTED_EDGE ( 'NONE', *, *, #425, .T. ) ;
#3 = DIRECTION ( 'NONE',  ( 0.0000000000000000000, 1.000000000000000000, 0.0000000000000000000 ) ) ;
#4 = AXIS2_PLACEMENT_3D ( 'NONE', #2534, #818, #4223 ) ;
#5 = ORIENTED_EDGE ( 'NONE', *, *, #1793, .F. ) ;
#6 = ORIENTED_EDGE ( 'NONE', *, *, #50, .T. ) ;
#7 = DIRECTION ( 'NONE',  ( 0.0000000000000000000, 0.0000000000000000000, -1.000000000000000000 ) ) ;
#8 = CARTESIAN_POINT ( 'NONE',  ( 0.0000000000000000000, 37.81659999999999400, 45.00000000000000000 ) ) ;
#9 = ORIENTED_EDGE ( 'NONE', *, *, #425, .F. ) ;
#10 = CARTESIAN_POINT ( 'NONE',  ( 24.26340000000000074, 0.0000000000000000000, 90.00000000000000000 ) ) ;
#11 = CALENDAR_DATE ( 2018, 16, 8 ) ;
#12 = VERTEX_POINT ( 'NONE', #1548 ) ;
#13 = CARTESIAN_POINT ( 'NONE',  ( -2.000000000000000000, 0.7365999999999990333, 90.00000000000000000 ) ) ;
#14 = CYLINDRICAL_SURFACE ( 'NONE', #378, 1.500000000000001332 ) ;
#15 = DIRECTION ( 'NONE',  ( 0.0000000000000000000, -0.0000000000000000000, 1.000000000000000000 ) ) ;
#16 = CIRCLE ( 'NONE', #1915, 4.000000000000003553 ) ;
#17 = EDGE_LOOP ( 'NONE', ( #1860, #379 ) ) ;
#18 = DIRECTION ( 'NONE',  ( 0.0000000000000000000, 0.0000000000000000000, 1.000000000000000000 ) ) ;
#19 = FACE_BOUND ( 'NONE', #3437, .T. ) ;
#20 = DIRECTION ( 'NONE',  ( -1.000000000000000000, -0.0000000000000000000, -0.0000000000000000000 ) ) ;
#21 = CARTESIAN_POINT ( 'NONE',  ( 0.7366000000000001435, 0.7365999999999999215, 90.00000000000000000 ) ) ;
#22 = EDGE_LOOP ( 'NONE', ( #1757, #3439, #2213, #571 ) ) ;
#23 = VECTOR ( 'NONE', #657, 1000.000000000000000 ) ;
#24 = DIRECTION ( 'NONE',  ( 0.0000000000000000000, 0.0000000000000000000, 1.000000000000000000 ) ) ;
#25 = EDGE_CURVE ( 'NONE', #864, #1301, #3794, .T. ) ;
#26 = AXIS2_PLACEMENT_3D ( 'NONE', #1957, #3277, #567 ) ;
#27 = CIRCLE ( 'NONE', #3348, 1.500000000000001332 ) ;
#28 = ORIENTED_EDGE ( 'NONE', *, *, #3625, .F. ) ;
#29 = ORIENTED_EDGE ( 'NONE', *, *, #3669, .F. ) ;
#30 = DIRECTION ( 'NONE',  ( -1.000000000000000000, 0.0000000000000000000, 0.0000000000000000000 ) ) ;
#31 = DIRECTION ( 'NONE',  ( -1.000000000000000000, 0.0000000000000000000, -0.0000000000000000000 ) ) ;
#32 = DIRECTION ( 'NONE',  ( 0.0000000000000000000, 1.000000000000000000, 0.0000000000000000000 ) ) ;
#33 = EDGE_CURVE ( 'NONE', #1445, #1036, #213, .T. ) ;
#34 = ORIENTED_EDGE ( 'NONE', *, *, #3397, .F. ) ;
#35 = ORIENTED_EDGE ( 'NONE', *, *, #4023, .T. ) ;
#36 = AXIS2_PLACEMENT_3D ( 'NONE', #465, #4131, #739 ) ;
#37 = VERTEX_POINT ( 'NONE', #1949 ) ;
#38 = CARTESIAN_POINT ( 'NONE',  ( 25.00000000000000000, 30.81659999999995847, 39.50000000000008527 ) ) ;
#39 = CARTESIAN_POINT ( 'NONE',  ( 25.00000000000000000, 37.81659999999999400, 58.75000000000000000 ) ) ;
#40 = CARTESIAN_POINT ( 'NONE',  ( 24.26340000000000074, -2.000000000000000000, 90.00000000000000000 ) ) ;
#41 = CIRCLE ( 'NONE', #3576, 1.500000000000001332 ) ;
#42 = VECTOR ( 'NONE', #1504, 1000.000000000000000 ) ;
#43 = ORIENTED_EDGE ( 'NONE', *, *, #1090, .F. ) ;
#44 = FACE_OUTER_BOUND ( 'NONE', #972, .T. ) ;
#45 = DIRECTION ( 'NONE',  ( 0.0000000000000000000, 0.0000000000000000000, 1.000000000000000000 ) ) ;
#46 = APPROVAL_STATUS ( 'not_yet_approved' ) ;
#47 = LINE ( 'NONE', #4064, #2852 ) ;
#48 = CARTESIAN_POINT ( 'NONE',  ( 19.50000000000009948, -2.000000000000000000, 11.74999999999992006 ) ) ;
#49 = AXIS2_PLACEMENT_3D ( 'NONE', #2077, #407, #2050 ) ;
#50 = EDGE_CURVE ( 'NONE', #3094, #3120, #1219, .T. ) ;
#51 = DIRECTION ( 'NONE',  ( 1.000000000000000000, 0.0000000000000000000, 0.0000000000000000000 ) ) ;
#52 = ORIENTED_EDGE ( 'NONE', *, *, #2279, .F. ) ;
#53 = DIRECTION ( 'NONE',  ( 0.0000000000000000000, 0.0000000000000000000, 1.000000000000000000 ) ) ;
#54 = ORIENTED_EDGE ( 'NONE', *, *, #3986, .T. ) ;
#55 = EDGE_LOOP ( 'NONE', ( #2921, #52 ) ) ;
#56 = ORIENTED_EDGE ( 'NONE', *, *, #1547, .F. ) ;
#57 = ORIENTED_EDGE ( 'NONE', *, *, #2342, .T. ) ;
#58 = CARTESIAN_POINT ( 'NONE',  ( -2.000000000000000000, 23.81659999999998689, 11.74999999999999645 ) ) ;
#59 = VERTEX_POINT ( 'NONE', #3568 ) ;
#60 = EDGE_CURVE ( 'NONE', #3211, #3884, #2950, .T. ) ;
#61 = DIRECTION ( 'NONE',  ( 0.0000000000000000000, 0.0000000000000000000, 1.000000000000000000 ) ) ;
#62 = EDGE_LOOP ( 'NONE', ( #3691, #2810 ) ) ;
#63 = ORIENTED_EDGE ( 'NONE', *, *, #2172, .T. ) ;
#64 = EDGE_CURVE ( 'NONE', #591, #3904, #3159, .T. ) ;
#65 = DIRECTION ( 'NONE',  ( -0.0000000000000000000, 1.000000000000000000, -0.0000000000000000000 ) ) ;
#66 = DIRECTION ( 'NONE',  ( 0.0000000000000000000, 0.0000000000000000000, 1.000000000000000000 ) ) ;
#67 = AXIS2_PLACEMENT_3D ( 'NONE', #3241, #229, #246 ) ;
#68 = ORIENTED_EDGE ( 'NONE', *, *, #2904, .T. ) ;
#69 = DIRECTION ( 'NONE',  ( 0.0000000000000000000, 1.000000000000000000, 0.0000000000000000000 ) ) ;
#70 = DIRECTION ( 'NONE',  ( -1.000000000000000000, 0.0000000000000000000, 0.0000000000000000000 ) ) ;
#71 = VECTOR ( 'NONE', #3080, 1000.000000000000000 ) ;
#72 = AXIS2_PLACEMENT_3D ( 'NONE', #2891, #3222, #2246 ) ;
#73 = FACE_OUTER_BOUND ( 'NONE', #1181, .T. ) ;
#74 = DIRECTION ( 'NONE',  ( 0.0000000000000000000, 1.000000000000000000, 0.0000000000000000000 ) ) ;
#75 = AXIS2_PLACEMENT_3D ( 'NONE', #1732, #1415, #2447 ) ;
#76 = CARTESIAN_POINT ( 'NONE',  ( 0.0000000000000000000, 0.7365999999999994774, 90.00000000000000000 ) ) ;
#77 = DIRECTION ( 'NONE',  ( -1.000000000000000000, 0.0000000000000000000, 0.0000000000000000000 ) ) ;
#78 = DIRECTION ( 'NONE',  ( 1.000000000000000000, 0.0000000000000000000, 0.0000000000000000000 ) ) ;
#79 = LINE ( 'NONE', #863, #1092 ) ;
#80 = CYLINDRICAL_SURFACE ( 'NONE', #2028, 1.500000000000001332 ) ;
#81 = DIRECTION ( 'NONE',  ( 0.0000000000000000000, 0.0000000000000000000, 1.000000000000000000 ) ) ;
#82 = VERTEX_POINT ( 'NONE', #1934 ) ;
#83 = VECTOR ( 'NONE', #3528, 1000.000000000000000 ) ;
#84 = DIRECTION ( 'NONE',  ( 0.0000000000000000000, 0.0000000000000000000, 1.000000000000000000 ) ) ;
#85 = CARTESIAN_POINT ( 'NONE',  ( 27.00000000000000355, 30.81659999999998689, 3.249999999999996003 ) ) ;
#86 = ORIENTED_EDGE ( 'NONE', *, *, #2528, .T. ) ;
#87 = DIRECTION ( 'NONE',  ( 0.0000000000000000000, 0.0000000000000000000, 1.000000000000000000 ) ) ;
#88 = ADVANCED_FACE ( 'NONE', ( #368 ), #2787, .F. ) ;
#89 = CARTESIAN_POINT ( 'NONE',  ( 25.00000000000000000, 0.7366000000000000325, 90.00000000000000000 ) ) ;
#90 = FACE_OUTER_BOUND ( 'NONE', #171, .T. ) ;
#91 = VERTEX_POINT ( 'NONE', #2243 ) ;
#92 = EDGE_LOOP ( 'NONE', ( #2443, #2736 ) ) ;
#93 = DIRECTION ( 'NONE',  ( 1.000000000000000000, 0.0000000000000000000, 0.0000000000000000000 ) ) ;
#94 = CARTESIAN_POINT ( 'NONE',  ( 27.00000000000000355, 23.81659999999998689, 8.749999999999994671 ) ) ;
#95 = EDGE_CURVE ( 'NONE', #2860, #3617, #2109, .T. ) ;
#96 = AXIS2_PLACEMENT_3D ( 'NONE', #999, #3293, #632 ) ;
#97 = ORIENTED_EDGE ( 'NONE', *, *, #3595, .F. ) ;
#98 = CYLINDRICAL_SURFACE ( 'NONE', #3562, 1.500000000000001332 ) ;
#99 = CARTESIAN_POINT ( 'NONE',  ( 0.0000000000000000000, 0.7365999999999994774, 0.0000000000000000000 ) ) ;
#100 = CARTESIAN_POINT ( 'NONE',  ( -2.000000000000000000, 23.81659999999997979, 81.25000000000014211 ) ) ;
#101 = CIRCLE ( 'NONE', #636, 5.000000000000004441 ) ;
#102 = ADVANCED_FACE ( 'NONE', ( #90 ), #4117, .F. ) ;
#103 = CYLINDRICAL_SURFACE ( 'NONE', #125, 1.500000000000008216 ) ;
#104 = FACE_OUTER_BOUND ( 'NONE', #3614, .T. ) ;
#105 = FACE_OUTER_BOUND ( 'NONE', #1958, .T. ) ;
#106 = DIRECTION ( 'NONE',  ( 0.0000000000000000000, 0.0000000000000000000, -1.000000000000000000 ) ) ;
#107 = CARTESIAN_POINT ( 'NONE',  ( 27.00000000000000355, 23.81659999999997979, 45.00000000000014921 ) ) ;
#108 = DIRECTION ( 'NONE',  ( -0.0000000000000000000, 1.000000000000000000, -0.0000000000000000000 ) ) ;
#109 = CARTESIAN_POINT ( 'NONE',  ( 27.00000000000000355, 23.81659999999997979, 78.25000000000017053 ) ) ;
#110 = EDGE_LOOP ( 'NONE', ( #539, #2341 ) ) ;
#111 = CARTESIAN_POINT ( 'NONE',  ( 27.00000000000000355, 37.81659999999999400, 45.00000000000000000 ) ) ;
#112 = VERTEX_POINT ( 'NONE', #4273 ) ;
#113 = AXIS2_PLACEMENT_3D ( 'NONE', #3068, #387, #84 ) ;
#114 = EDGE_CURVE ( 'NONE', #1298, #2648, #3364, .T. ) ;
#115 = VERTEX_POINT ( 'NONE', #262 ) ;
#116 = DIRECTION ( 'NONE',  ( -1.000000000000000000, -0.0000000000000000000, -0.0000000000000000000 ) ) ;
#117 = CARTESIAN_POINT ( 'NONE',  ( 19.50000000000009948, 0.0000000000000000000, 10.24999999999991829 ) ) ;
#118 = ADVANCED_FACE ( 'NONE', ( #1045 ), #2575, .F. ) ;
#119 = EDGE_LOOP ( 'NONE', ( #4190, #997, #3658, #1751 ) ) ;
#120 = ORIENTED_EDGE ( 'NONE', *, *, #3602, .F. ) ;
#121 = ORIENTED_EDGE ( 'NONE', *, *, #4207, .F. ) ;
#122 = DIRECTION ( 'NONE',  ( 0.0000000000000000000, 0.0000000000000000000, 1.000000000000000000 ) ) ;
#123 = DIRECTION ( 'NONE',  ( 1.000000000000000000, 0.0000000000000000000, 0.0000000000000000000 ) ) ;
#124 = EDGE_CURVE ( 'NONE', #1344, #763, #3731, .T. ) ;
#125 = AXIS2_PLACEMENT_3D ( 'NONE', #2292, #3247, #4278 ) ;
#126 = VERTEX_POINT ( 'NONE', #3244 ) ;
#127 = DIRECTION ( 'NONE',  ( -1.000000000000000000, 0.0000000000000000000, 0.0000000000000000000 ) ) ;
#128 = ORIENTED_EDGE ( 'NONE', *, *, #1977, .F. ) ;
#129 = EDGE_CURVE ( 'NONE', #3654, #1108, #3685, .T. ) ;
#130 = CARTESIAN_POINT ( 'NONE',  ( 12.50000000000000000, 0.0000000000000000000, 71.25000000000001421 ) ) ;
#131 = DIRECTION ( 'NONE',  ( 0.0000000000000000000, 0.0000000000000000000, 1.000000000000000000 ) ) ;
#132 = AXIS2_PLACEMENT_3D ( 'NONE', #1299, #336, #1679 ) ;
#133 = ORIENTED_EDGE ( 'NONE', *, *, #2657, .T. ) ;
#134 = DATE_AND_TIME ( #3197, #4098 ) ;
#135 = DIRECTION ( 'NONE',  ( -0.0000000000000000000, 1.000000000000000000, -0.0000000000000000000 ) ) ;
#136 = FACE_BOUND ( 'NONE', #4139, .T. ) ;
#137 = CARTESIAN_POINT ( 'NONE',  ( 27.00000000000000355, 30.81660000000005439, 85.25000000000009948 ) ) ;
#138 = CARTESIAN_POINT ( 'NONE',  ( 25.00000000000000000, 41.99999999999999289, 5.000000000000004441 ) ) ;
#139 = ORIENTED_EDGE ( 'NONE', *, *, #2997, .F. ) ;
#140 = ADVANCED_FACE ( 'NONE', ( #2053 ), #2364, .T. ) ;
#141 = CC_DESIGN_SECURITY_CLASSIFICATION ( #2993, ( #526 ) ) ;
#142 = CYLINDRICAL_SURFACE ( 'NONE', #1948, 4.000000000000000000 ) ;
#143 = EDGE_CURVE ( 'NONE', #1052, #553, #795, .T. ) ;
#144 = DIRECTION ( 'NONE',  ( -0.0000000000000000000, 1.000000000000000000, -0.0000000000000000000 ) ) ;
#145 = ORIENTED_EDGE ( 'NONE', *, *, #210, .F. ) ;
#146 = LINE ( 'NONE', #896, #1408 ) ;
#147 = CARTESIAN_POINT ( 'NONE',  ( -2.000000000000000000, 37.81659999999999400, 43.50000000000000000 ) ) ;
#148 = CARTESIAN_POINT ( 'NONE',  ( 19.50000000000009948, -2.000000000000000000, 46.49999999999992184 ) ) ;
#149 = FACE_BOUND ( 'NONE', #1435, .T. ) ;
#150 = ORIENTED_EDGE ( 'NONE', *, *, #1501, .F. ) ;
#151 = EDGE_LOOP ( 'NONE', ( #1274, #1697, #1278, #3313 ) ) ;
#152 = EDGE_CURVE ( 'NONE', #897, #3035, #268, .T. ) ;
#153 = DIRECTION ( 'NONE',  ( -1.000000000000000000, 0.0000000000000000000, -0.0000000000000000000 ) ) ;
#154 = ORIENTED_EDGE ( 'NONE', *, *, #452, .T. ) ;
#155 = VERTEX_POINT ( 'NONE', #3468 ) ;
#156 = CARTESIAN_POINT ( 'NONE',  ( 27.00000000000000355, 30.81659999999997979, 72.75000000000008527 ) ) ;
#157 = ORIENTED_EDGE ( 'NONE', *, *, #756, .F. ) ;
#158 = EDGE_CURVE ( 'NONE', #1016, #82, #4279, .T. ) ;
#159 = FACE_BOUND ( 'NONE', #62, .T. ) ;
#160 = CARTESIAN_POINT ( 'NONE',  ( 27.00000000000000355, 30.81659999999995847, 36.50000000000006395 ) ) ;
#161 = FACE_OUTER_BOUND ( 'NONE', #4108, .T. ) ;
#162 = DIRECTION ( 'NONE',  ( 0.0000000000000000000, 0.0000000000000000000, 1.000000000000000000 ) ) ;
#163 = ORIENTED_EDGE ( 'NONE', *, *, #1931, .T. ) ;
#164 = CIRCLE ( 'NONE', #4099, 4.000000000000003553 ) ;
#165 = AXIS2_PLACEMENT_3D ( 'NONE', #3485, #2169, #2774 ) ;
#166 = LINE ( 'NONE', #237, #3590 ) ;
#167 = DIRECTION ( 'NONE',  ( -1.000000000000000000, -0.0000000000000000000, -0.0000000000000000000 ) ) ;
#168 = CARTESIAN_POINT ( 'NONE',  ( 0.7366000000000001435, 0.0000000000000000000, 90.00000000000000000 ) ) ;
#169 = CIRCLE ( 'NONE', #2275, 1.500000000000001332 ) ;
#170 = ADVANCED_FACE ( 'NONE', ( #2837 ), #1466, .F. ) ;
#171 = EDGE_LOOP ( 'NONE', ( #2337, #4378, #1586, #1012 ) ) ;
#172 = ORIENTED_EDGE ( 'NONE', *, *, #3285, .T. ) ;
#173 = AXIS2_PLACEMENT_3D ( 'NONE', #193, #2220, #471 ) ;
#174 = CARTESIAN_POINT ( 'NONE',  ( 25.00000000000000000, 41.99999999999999289, 90.00000000000000000 ) ) ;
#175 = DIRECTION ( 'NONE',  ( -0.0000000000000000000, -0.0000000000000000000, -1.000000000000000000 ) ) ;
#176 = AXIS2_PLACEMENT_3D ( 'NONE', #1426, #776, #1811 ) ;
#177 = ORIENTED_EDGE ( 'NONE', *, *, #1998, .F. ) ;
#178 = EDGE_CURVE ( 'NONE', #4347, #2788, #3214, .T. ) ;
#179 = CARTESIAN_POINT ( 'NONE',  ( 12.50000000000014744, -10.00000000000000000, 88.25000000000000000 ) ) ;
#180 = ORIENTED_EDGE ( 'NONE', *, *, #1767, .T. ) ;
#181 = DIRECTION ( 'NONE',  ( 0.0000000000000000000, 0.0000000000000000000, 1.000000000000000000 ) ) ;
#182 = CARTESIAN_POINT ( 'NONE',  ( 25.00000000000000000, 37.81659999999999400, 60.25000000000000000 ) ) ;
#183 = ORIENTED_EDGE ( 'NONE', *, *, #726, .T. ) ;
#184 = ORIENTED_EDGE ( 'NONE', *, *, #1066, .T. ) ;
#185 = ORIENTED_EDGE ( 'NONE', *, *, #2997, .T. ) ;
#186 = CARTESIAN_POINT ( 'NONE',  ( 27.00000000000000355, 37.81659999999999400, 78.25000000000000000 ) ) ;
#187 = DIRECTION ( 'NONE',  ( 1.000000000000000000, 0.0000000000000000000, 0.0000000000000000000 ) ) ;
#188 = DIRECTION ( 'NONE',  ( -0.0000000000000000000, -0.0000000000000000000, -1.000000000000000000 ) ) ;
#189 = EDGE_LOOP ( 'NONE', ( #3875, #274 ) ) ;
#190 = EDGE_CURVE ( 'NONE', #4010, #691, #4171, .T. ) ;
#191 = AXIS2_PLACEMENT_3D ( 'NONE', #3283, #3961, #2905 ) ;
#192 = ADVANCED_FACE ( 'NONE', ( #1675 ), #1360, .F. ) ;
#193 = CARTESIAN_POINT ( 'NONE',  ( 27.00000000000000355, 30.81660000000006150, 52.00000000000008527 ) ) ;
#194 = DIRECTION ( 'NONE',  ( -0.0000000000000000000, 1.000000000000000000, -0.0000000000000000000 ) ) ;
#195 = CARTESIAN_POINT ( 'NONE',  ( 19.50000000000009948, -2.000000000000000000, 43.49999999999992184 ) ) ;
#196 = CIRCLE ( 'NONE', #2095, 1.500000000000001332 ) ;
#197 = CIRCLE ( 'NONE', #2294, 1.499999999999987566 ) ;
#198 = EDGE_CURVE ( 'NONE', #3160, #345, #4059, .T. ) ;
#199 = DIRECTION ( 'NONE',  ( -1.000000000000000000, -0.0000000000000000000, -0.0000000000000000000 ) ) ;
#200 = AXIS2_PLACEMENT_3D ( 'NONE', #2514, #816, #1170 ) ;
#201 = CYLINDRICAL_SURFACE ( 'NONE', #337, 1.499999999999987566 ) ;
#202 = LINE ( 'NONE', #2543, #3677 ) ;
#203 = ORIENTED_EDGE ( 'NONE', *, *, #3249, .F. ) ;
#204 = CARTESIAN_POINT ( 'NONE',  ( 12.50000000000000000, -2.000000000000000000, 72.75000000000001421 ) ) ;
#205 = DIRECTION ( 'NONE',  ( 0.0000000000000000000, 0.0000000000000000000, 1.000000000000000000 ) ) ;
#206 = DIRECTION ( 'NONE',  ( -1.000000000000000000, 0.0000000000000000000, 0.0000000000000000000 ) ) ;
#207 = CIRCLE ( 'NONE', #3694, 1.500000000000001332 ) ;
#208 = CARTESIAN_POINT ( 'NONE',  ( 5.500000000000100364, -2.000000000000000000, 45.00000000000002842 ) ) ;
#209 = EDGE_LOOP ( 'NONE', ( #3708, #2756, #1171, #340 ) ) ;
#210 = EDGE_CURVE ( 'NONE', #4210, #1122, #2276, .T. ) ;
#211 = DIRECTION ( 'NONE',  ( -1.000000000000000000, -0.0000000000000000000, -0.0000000000000000000 ) ) ;
#212 = CARTESIAN_POINT ( 'NONE',  ( 27.00000000000000355, 30.81659999999998689, 17.24999999999999289 ) ) ;
#213 = CIRCLE ( 'NONE', #2107, 4.000000000000003553 ) ;
#214 = ORIENTED_EDGE ( 'NONE', *, *, #2204, .F. ) ;
#215 = ORIENTED_EDGE ( 'NONE', *, *, #3633, .F. ) ;
#216 = ADVANCED_FACE ( 'NONE', ( #690 ), #3209, .F. ) ;
#217 = ORIENTED_EDGE ( 'NONE', *, *, #4050, .T. ) ;
#218 = FACE_BOUND ( 'NONE', #1971, .T. ) ;
#219 = VECTOR ( 'NONE', #3133, 1000.000000000000000 ) ;
#220 = EDGE_CURVE ( 'NONE', #1214, #2962, #3962, .T. ) ;
#221 = DIRECTION ( 'NONE',  ( -1.000000000000000000, 0.0000000000000000000, 0.0000000000000000000 ) ) ;
#222 = CARTESIAN_POINT ( 'NONE',  ( 12.50000000000000000, 0.0000000000000000000, 38.00000000000000000 ) ) ;
#223 = CARTESIAN_POINT ( 'NONE',  ( 27.00000000000000355, 30.81659999999998689, 14.24999999999999645 ) ) ;
#224 = CYLINDRICAL_SURFACE ( 'NONE', #3774, 1.500000000000001332 ) ;
#225 = FACE_OUTER_BOUND ( 'NONE', #737, .T. ) ;
#226 = CIRCLE ( 'NONE', #3782, 4.000000000000001776 ) ;
#227 = EDGE_CURVE ( 'NONE', #399, #1000, #533, .T. ) ;
#228 = DIRECTION ( 'NONE',  ( -1.000000000000000000, -0.0000000000000000000, -0.0000000000000000000 ) ) ;
#229 = DIRECTION ( 'NONE',  ( -1.000000000000000000, 0.0000000000000000000, 0.0000000000000000000 ) ) ;
#230 = ORIENTED_EDGE ( 'NONE', *, *, #1651, .T. ) ;
#231 = CARTESIAN_POINT ( 'NONE',  ( -2.000000000000000000, 30.81659999999998689, 3.249999999999996003 ) ) ;
#232 = EDGE_LOOP ( 'NONE', ( #1834, #3472, #3928, #1047 ) ) ;
#233 = ORIENTED_EDGE ( 'NONE', *, *, #3608, .F. ) ;
#234 = EDGE_LOOP ( 'NONE', ( #3426, #3215, #3897, #2060 ) ) ;
#235 = DIRECTION ( 'NONE',  ( 0.0000000000000000000, 1.000000000000000000, 0.0000000000000000000 ) ) ;
#236 = CARTESIAN_POINT ( 'NONE',  ( 25.00000000000000000, 37.81659999999999400, 81.25000000000000000 ) ) ;
#237 = CARTESIAN_POINT ( 'NONE',  ( 27.00000000000000355, 30.81659999999998689, 6.249999999999993783 ) ) ;
#238 = AXIS2_PLACEMENT_3D ( 'NONE', #3127, #51, #3141 ) ;
#239 = EDGE_CURVE ( 'NONE', #2385, #1193, #1719, .T. ) ;
#240 = ORIENTED_EDGE ( 'NONE', *, *, #3702, .F. ) ;
#241 = ORIENTED_EDGE ( 'NONE', *, *, #902, .F. ) ;
#242 = ADVANCED_FACE ( 'NONE', ( #1520 ), #2102, .F. ) ;
#243 = DIRECTION ( 'NONE',  ( -1.000000000000000000, 0.0000000000000000000, 0.0000000000000000000 ) ) ;
#244 = ORIENTED_EDGE ( 'NONE', *, *, #1023, .F. ) ;
#245 = DIRECTION ( 'NONE',  ( -1.000000000000000000, -0.0000000000000000000, -0.0000000000000000000 ) ) ;
#246 = DIRECTION ( 'NONE',  ( 0.0000000000000000000, 0.0000000000000000000, 1.000000000000000000 ) ) ;
#247 = EDGE_LOOP ( 'NONE', ( #3578, #2846, #4242, #1322 ) ) ;
#248 = DIRECTION ( 'NONE',  ( 0.0000000000000000000, 1.000000000000000000, 0.0000000000000000000 ) ) ;
#249 = EDGE_LOOP ( 'NONE', ( #3050, #4255, #2926, #1433 ) ) ;
#250 = CALENDAR_DATE ( 2018, 16, 8 ) ;
#251 = CARTESIAN_POINT ( 'NONE',  ( 25.00000000000000000, 30.81659999999997979, 72.75000000000008527 ) ) ;
#252 = CARTESIAN_POINT ( 'NONE',  ( 24.26340000000000074, 0.0000000000000000000, 0.0000000000000000000 ) ) ;
#253 = CARTESIAN_POINT ( 'NONE',  ( 12.50000000000014744, 0.0000000000000000000, 88.25000000000000000 ) ) ;
#254 = ORIENTED_EDGE ( 'NONE', *, *, #4349, .F. ) ;
#255 = AXIS2_PLACEMENT_3D ( 'NONE', #917, #2265, #607 ) ;
#256 = DIRECTION ( 'NONE',  ( -1.000000000000000000, 0.0000000000000000000, 0.0000000000000000000 ) ) ;
#257 = APPROVAL_DATE_TIME ( #134, #2014 ) ;
#258 = FACE_OUTER_BOUND ( 'NONE', #4055, .T. ) ;
#259 = CARTESIAN_POINT ( 'NONE',  ( 27.00000000000000355, 30.81660000000006150, 50.50000000000008527 ) ) ;
#260 = CARTESIAN_POINT ( 'NONE',  ( 27.00000000000000355, 30.81659999999995847, 38.00000000000007816 ) ) ;
#261 = ORIENTED_EDGE ( 'NONE', *, *, #2085, .F. ) ;
#262 = CARTESIAN_POINT ( 'NONE',  ( 0.0000000000000000000, 37.81659999999998689, 11.74999999999999645 ) ) ;
#263 = FACE_BOUND ( 'NONE', #1537, .T. ) ;
#264 = ADVANCED_FACE ( 'NONE', ( #2994 ), #943, .F. ) ;
#265 = ORIENTED_EDGE ( 'NONE', *, *, #895, .T. ) ;
#266 = CYLINDRICAL_SURFACE ( 'NONE', #2786, 1.500000000000001332 ) ;
#267 = CARTESIAN_POINT ( 'NONE',  ( -2.000000000000000000, 37.81659999999999400, 31.25000000000000000 ) ) ;
#268 = CIRCLE ( 'NONE', #1324, 1.500000000000001332 ) ;
#269 = ORIENTED_EDGE ( 'NONE', *, *, #2841, .F. ) ;
#270 = ORIENTED_EDGE ( 'NONE', *, *, #3397, .T. ) ;
#271 = ORIENTED_EDGE ( 'NONE', *, *, #2182, .T. ) ;
#272 = VERTEX_POINT ( 'NONE', #1280 ) ;
#273 = DIRECTION ( 'NONE',  ( 0.0000000000000000000, 0.0000000000000000000, 1.000000000000000000 ) ) ;
#274 = ORIENTED_EDGE ( 'NONE', *, *, #1875, .T. ) ;
#275 = FACE_BOUND ( 'NONE', #3243, .T. ) ;
#276 = CIRCLE ( 'NONE', #1585, 4.000000000000003553 ) ;
#277 = EDGE_LOOP ( 'NONE', ( #3042, #1692 ) ) ;
#278 = CIRCLE ( 'NONE', #3878, 1.500000000000001332 ) ;
#279 = CYLINDRICAL_SURFACE ( 'NONE', #2174, 1.500000000000001332 ) ;
#280 = FACE_OUTER_BOUND ( 'NONE', #3790, .T. ) ;
#281 = EDGE_CURVE ( 'NONE', #763, #1344, #27, .T. ) ;
#282 = CARTESIAN_POINT ( 'NONE',  ( 25.00000000000000000, 30.81659999999998689, 18.74999999999999645 ) ) ;
#283 = AXIS2_PLACEMENT_3D ( 'NONE', #4364, #2667, #323 ) ;
#284 = DIRECTION ( 'NONE',  ( -0.0000000000000000000, 1.000000000000000000, -0.0000000000000000000 ) ) ;
#285 = DIRECTION ( 'NONE',  ( 1.000000000000000000, 0.0000000000000000000, 0.0000000000000000000 ) ) ;
#286 = ORIENTED_EDGE ( 'NONE', *, *, #1651, .F. ) ;
#287 = EDGE_CURVE ( 'NONE', #848, #2859, #3415, .T. ) ;
#288 = DIRECTION ( 'NONE',  ( 0.0000000000000000000, 0.0000000000000000000, 1.000000000000000000 ) ) ;
#289 = DIRECTION ( 'NONE',  ( 1.000000000000000000, 0.0000000000000000000, 0.0000000000000000000 ) ) ;
#290 = ORIENTED_EDGE ( 'NONE', *, *, #190, .T. ) ;
#291 = AXIS2_PLACEMENT_3D ( 'NONE', #4107, #2721, #716 ) ;
#292 = ORIENTED_EDGE ( 'NONE', *, *, #2536, .T. ) ;
#293 = EDGE_LOOP ( 'NONE', ( #2054, #1996, #791, #2999 ) ) ;
#294 = EDGE_LOOP ( 'NONE', ( #1401, #2438 ) ) ;
#295 = EDGE_CURVE ( 'NONE', #1221, #2049, #840, .T. ) ;
#296 = DIRECTION ( 'NONE',  ( 0.0000000000000000000, 0.0000000000000000000, 1.000000000000000000 ) ) ;
#297 = CARTESIAN_POINT ( 'NONE',  ( 25.00000000000000000, 37.81659999999999400, 79.75000000000000000 ) ) ;
#298 = CARTESIAN_POINT ( 'NONE',  ( 19.50000000000009948, 0.0000000000000000000, 44.99999999999992184 ) ) ;
#299 = DIRECTION ( 'NONE',  ( 0.0000000000000000000, 0.0000000000000000000, 1.000000000000000000 ) ) ;
#300 = LINE ( 'NONE', #1402, #1145 ) ;
#301 = EDGE_CURVE ( 'NONE', #3611, #447, #2725, .T. ) ;
#302 = FACE_BOUND ( 'NONE', #3233, .T. ) ;
#303 = DIRECTION ( 'NONE',  ( -1.000000000000000000, -0.0000000000000000000, -0.0000000000000000000 ) ) ;
#304 = DIRECTION ( 'NONE',  ( 0.0000000000000000000, 0.0000000000000000000, 1.000000000000000000 ) ) ;
#305 = LINE ( 'NONE', #1154, #2458 ) ;
#306 = LINE ( 'NONE', #3498, #83 ) ;
#307 = EDGE_CURVE ( 'NONE', #3710, #2253, #736, .T. ) ;
#308 = ORIENTED_EDGE ( 'NONE', *, *, #3438, .F. ) ;
#309 = AXIS2_PLACEMENT_3D ( 'NONE', #3253, #1545, #3918 ) ;
#310 = CARTESIAN_POINT ( 'NONE',  ( 27.00000000000000355, 23.81659999999997979, 81.25000000000014211 ) ) ;
#311 = CIRCLE ( 'NONE', #1576, 1.500000000000001332 ) ;
#312 = CARTESIAN_POINT ( 'NONE',  ( 5.500000000000100364, -2.000000000000000000, 78.25000000000002842 ) ) ;
#313 = FACE_OUTER_BOUND ( 'NONE', #3405, .T. ) ;
#314 = ORIENTED_EDGE ( 'NONE', *, *, #2236, .T. ) ;
#315 = VERTEX_POINT ( 'NONE', #1837 ) ;
#316 = AXIS2_PLACEMENT_3D ( 'NONE', #2455, #2798, #3134 ) ;
#317 = AXIS2_PLACEMENT_3D ( 'NONE', #2195, #2573, #2916 ) ;
#318 = ORIENTED_EDGE ( 'NONE', *, *, #4314, .F. ) ;
#319 = ORIENTED_EDGE ( 'NONE', *, *, #3462, .F. ) ;
#320 = VERTEX_POINT ( 'NONE', #523 ) ;
#321 = DIRECTION ( 'NONE',  ( -0.0000000000000000000, 1.000000000000000000, -0.0000000000000000000 ) ) ;
#322 = CARTESIAN_POINT ( 'NONE',  ( 27.00000000000000355, 41.99999999999999289, 90.00000000000000000 ) ) ;
#323 = DIRECTION ( 'NONE',  ( 0.0000000000000000000, 0.0000000000000000000, 1.000000000000000000 ) ) ;
#324 = CIRCLE ( 'NONE', #4058, 1.500000000000001332 ) ;
#325 = FACE_OUTER_BOUND ( 'NONE', #3254, .T. ) ;
#326 = LINE ( 'NONE', #1182, #219 ) ;
#327 = CARTESIAN_POINT ( 'NONE',  ( 27.00000000000000355, 37.81659999999999400, 45.00000000000000000 ) ) ;
#328 = LINE ( 'NONE', #641, #3538 ) ;
#329 = CYLINDRICAL_SURFACE ( 'NONE', #3166, 4.000000000000001776 ) ;
#330 = CIRCLE ( 'NONE', #3332, 4.000000000000000000 ) ;
#331 = ORIENTED_EDGE ( 'NONE', *, *, #2383, .F. ) ;
#332 = DIRECTION ( 'NONE',  ( -1.000000000000000000, 0.0000000000000000000, 0.0000000000000000000 ) ) ;
#333 = ORIENTED_EDGE ( 'NONE', *, *, #3066, .T. ) ;
#334 = EDGE_CURVE ( 'NONE', #3525, #2761, #2319, .T. ) ;
#335 = DIRECTION ( 'NONE',  ( -1.000000000000000000, 0.0000000000000000000, 0.0000000000000000000 ) ) ;
#336 = DIRECTION ( 'NONE',  ( 1.000000000000000000, 0.0000000000000000000, 0.0000000000000000000 ) ) ;
#337 = AXIS2_PLACEMENT_3D ( 'NONE', #1859, #3490, #1262 ) ;
#338 = DIRECTION ( 'NONE',  ( -1.000000000000000000, -0.0000000000000000000, -0.0000000000000000000 ) ) ;
#339 = ORIENTED_EDGE ( 'NONE', *, *, #2915, .T. ) ;
#340 = ORIENTED_EDGE ( 'NONE', *, *, #747, .T. ) ;
#341 = DIRECTION ( 'NONE',  ( 0.0000000000000000000, 0.0000000000000000000, 1.000000000000000000 ) ) ;
#342 = ORIENTED_EDGE ( 'NONE', *, *, #726, .F. ) ;
#343 = EDGE_LOOP ( 'NONE', ( #755, #3392, #1320, #1689, #1970, #1027 ) ) ;
#344 = DIRECTION ( 'NONE',  ( -0.0000000000000000000, 1.000000000000000000, -0.0000000000000000000 ) ) ;
#345 = VERTEX_POINT ( 'NONE', #1525 ) ;
#346 = CARTESIAN_POINT ( 'NONE',  ( 25.00000000000000000, 37.81659999999998689, 10.24999999999999467 ) ) ;
#347 = ORIENTED_EDGE ( 'NONE', *, *, #2979, .T. ) ;
#348 = DIRECTION ( 'NONE',  ( -1.000000000000000000, -0.0000000000000000000, -0.0000000000000000000 ) ) ;
#349 = AXIS2_PLACEMENT_3D ( 'NONE', #4382, #2045, #7 ) ;
#350 = EDGE_CURVE ( 'NONE', #3383, #1301, #2221, .T. ) ;
#351 = LINE ( 'NONE', #2466, #1093 ) ;
#352 = CARTESIAN_POINT ( 'NONE',  ( 12.50000000000000000, -2.000000000000000000, 40.99999999999999289 ) ) ;
#353 = ORIENTED_EDGE ( 'NONE', *, *, #1414, .T. ) ;
#354 = VECTOR ( 'NONE', #2400, 1000.000000000000000 ) ;
#355 = FACE_BOUND ( 'NONE', #2410, .T. ) ;
#356 = DIRECTION ( 'NONE',  ( -1.000000000000000000, 0.0000000000000000000, 0.0000000000000000000 ) ) ;
#357 = EDGE_LOOP ( 'NONE', ( #2106, #1144, #1131, #540, #2019, #2157 ) ) ;
#358 = EDGE_CURVE ( 'NONE', #2806, #3314, #2624, .T. ) ;
#359 = AXIS2_PLACEMENT_3D ( 'NONE', #208, #900, #3250 ) ;
#360 = FACE_OUTER_BOUND ( 'NONE', #3622, .T. ) ;
#361 = DIRECTION ( 'NONE',  ( 0.0000000000000000000, 1.000000000000000000, 0.0000000000000000000 ) ) ;
#362 = DIRECTION ( 'NONE',  ( -0.0000000000000000000, -0.0000000000000000000, -1.000000000000000000 ) ) ;
#363 = CARTESIAN_POINT ( 'NONE',  ( -2.000000000000000000, 37.81659999999998689, 8.749999999999994671 ) ) ;
#364 = EDGE_LOOP ( 'NONE', ( #139, #1296 ) ) ;
#365 = EDGE_CURVE ( 'NONE', #3825, #1475, #4009, .T. ) ;
#366 = CIRCLE ( 'NONE', #2931, 4.000000000000003553 ) ;
#367 = AXIS2_PLACEMENT_3D ( 'NONE', #2310, #967, #4026 ) ;
#368 = FACE_OUTER_BOUND ( 'NONE', #3075, .T. ) ;
#369 = VERTEX_POINT ( 'NONE', #4233 ) ;
#370 = CARTESIAN_POINT ( 'NONE',  ( 5.500000000000100364, -10.00000000000000000, 11.75000000000002487 ) ) ;
#371 = DIRECTION ( 'NONE',  ( -1.000000000000000000, 0.0000000000000000000, 0.0000000000000000000 ) ) ;
#372 = CARTESIAN_POINT ( 'NONE',  ( 12.50000000000000000, 0.0000000000000000000, 74.25000000000001421 ) ) ;
#373 = ORIENTED_EDGE ( 'NONE', *, *, #4081, .T. ) ;
#374 = ORIENTED_EDGE ( 'NONE', *, *, #2864, .T. ) ;
#375 = VERTEX_POINT ( 'NONE', #2892 ) ;
#376 =( LENGTH_UNIT ( ) NAMED_UNIT ( * ) SI_UNIT ( .MILLI., .METRE. ) );
#377 = CARTESIAN_POINT ( 'NONE',  ( 0.0000000000000000000, 30.81659999999998689, 15.74999999999999289 ) ) ;
#378 = AXIS2_PLACEMENT_3D ( 'NONE', #2451, #3443, #413 ) ;
#379 = ORIENTED_EDGE ( 'NONE', *, *, #663, .F. ) ;
#380 = CYLINDRICAL_SURFACE ( 'NONE', #3664, 1.500000000000001332 ) ;
#381 = VECTOR ( 'NONE', #4123, 1000.000000000000000 ) ;
#382 = CARTESIAN_POINT ( 'NONE',  ( 12.50000000000000000, 0.0000000000000000000, 40.99999999999999289 ) ) ;
#383 = DIRECTION ( 'NONE',  ( 0.0000000000000000000, -0.0000000000000000000, 1.000000000000000000 ) ) ;
#384 = CIRCLE ( 'NONE', #4358, 1.500000000000001332 ) ;
#385 = DIRECTION ( 'NONE',  ( -1.000000000000000000, 0.0000000000000000000, 0.0000000000000000000 ) ) ;
#386 = VECTOR ( 'NONE', #1568, 1000.000000000000000 ) ;
#387 = DIRECTION ( 'NONE',  ( 0.0000000000000000000, 1.000000000000000000, 0.0000000000000000000 ) ) ;
#388 = ORIENTED_EDGE ( 'NONE', *, *, #3213, .F. ) ;
#389 = EDGE_CURVE ( 'NONE', #3035, #1161, #642, .T. ) ;
#390 = APPROVAL_STATUS ( 'not_yet_approved' ) ;
#391 = ORIENTED_EDGE ( 'NONE', *, *, #3838, .F. ) ;
#392 = CARTESIAN_POINT ( 'NONE',  ( 0.0000000000000000000, 36.99999999999999289, 0.0000000000000000000 ) ) ;
#393 = EDGE_CURVE ( 'NONE', #2436, #593, #1840, .T. ) ;
#394 = ORIENTED_EDGE ( 'NONE', *, *, #1442, .T. ) ;
#395 = DIRECTION ( 'NONE',  ( 1.000000000000000000, 0.0000000000000000000, 0.0000000000000000000 ) ) ;
#396 = CARTESIAN_POINT ( 'NONE',  ( 0.0000000000000000000, 30.81659999999999044, 75.75000000000000000 ) ) ;
#397 = AXIS2_PLACEMENT_3D ( 'NONE', #3798, #123, #480 ) ;
#398 = DIRECTION ( 'NONE',  ( 0.0000000000000000000, 0.0000000000000000000, 1.000000000000000000 ) ) ;
#399 = VERTEX_POINT ( 'NONE', #4201 ) ;
#400 = ORIENTED_EDGE ( 'NONE', *, *, #4238, .T. ) ;
#401 = CARTESIAN_POINT ( 'NONE',  ( 27.00000000000000355, 37.81659999999999400, 29.74999999999999645 ) ) ;
#402 = DIRECTION ( 'NONE',  ( 0.0000000000000000000, 1.000000000000000000, 0.0000000000000000000 ) ) ;
#403 = ADVANCED_FACE ( 'NONE', ( #313 ), #3097, .T. ) ;
#404 = AXIS2_PLACEMENT_3D ( 'NONE', #1246, #2260, #2587 ) ;
#405 = DIRECTION ( 'NONE',  ( -1.000000000000000000, -0.0000000000000000000, -0.0000000000000000000 ) ) ;
#406 = AXIS2_PLACEMENT_3D ( 'NONE', #611, #303, #1290 ) ;
#407 = DIRECTION ( 'NONE',  ( 0.0000000000000000000, 1.000000000000000000, 0.0000000000000000000 ) ) ;
#408 = EDGE_CURVE ( 'NONE', #1413, #4181, #3309, .T. ) ;
#409 = CARTESIAN_POINT ( 'NONE',  ( 0.0000000000000000000, 30.81659999999999044, 79.75000000000000000 ) ) ;
#410 = DIRECTION ( 'NONE',  ( -0.0000000000000000000, 0.0000000000000000000, -1.000000000000000000 ) ) ;
#411 = PERSON_AND_ORGANIZATION ( #634, #3949 ) ;
#412 = CIRCLE ( 'NONE', #2964, 0.7366000000000000325 ) ;
#413 = DIRECTION ( 'NONE',  ( 0.0000000000000000000, 0.0000000000000000000, 1.000000000000000000 ) ) ;
#414 = FACE_OUTER_BOUND ( 'NONE', #2750, .T. ) ;
#415 = DIRECTION ( 'NONE',  ( 1.000000000000000000, 0.0000000000000000000, 0.0000000000000000000 ) ) ;
#416 = VERTEX_POINT ( 'NONE', #1497 ) ;
#417 = CIRCLE ( 'NONE', #1281, 4.000000000000003553 ) ;
#418 = DIRECTION ( 'NONE',  ( -0.0000000000000000000, 1.000000000000000000, -0.0000000000000000000 ) ) ;
#419 = EDGE_CURVE ( 'NONE', #1733, #2626, #1411, .T. ) ;
#420 = AXIS2_PLACEMENT_3D ( 'NONE', #4298, #2940, #4318 ) ;
#421 = FACE_BOUND ( 'NONE', #1238, .T. ) ;
#422 = ORIENTED_EDGE ( 'NONE', *, *, #1748, .F. ) ;
#423 = EDGE_LOOP ( 'NONE', ( #2577, #1538, #3970, #3795 ) ) ;
#424 = ADVANCED_FACE ( 'NONE', ( #421, #4327, #3902, #4219, #149, #2521, #3630, #653, #2800, #1908, #907, #1425, #1533, #1005, #1684, #4126, #3224, #2583 ), #4214, .F. ) ;
#425 = EDGE_CURVE ( 'NONE', #2018, #2761, #1229, .T. ) ;
#426 = ORIENTED_EDGE ( 'NONE', *, *, #1079, .F. ) ;
#427 = ORIENTED_EDGE ( 'NONE', *, *, #3511, .F. ) ;
#428 = ORIENTED_EDGE ( 'NONE', *, *, #2870, .T. ) ;
#429 = AXIS2_PLACEMENT_3D ( 'NONE', #89, #2731, #454 ) ;
#430 = CARTESIAN_POINT ( 'NONE',  ( -2.000000000000000000, 30.81660000000006150, 53.50000000000009237 ) ) ;
#431 = DIRECTION ( 'NONE',  ( 0.0000000000000000000, 0.0000000000000000000, 1.000000000000000000 ) ) ;
#432 = CARTESIAN_POINT ( 'NONE',  ( 27.00000000000000355, 23.81659999999998689, 8.749999999999994671 ) ) ;
#433 = VECTOR ( 'NONE', #2781, 1000.000000000000000 ) ;
#434 = LINE ( 'NONE', #958, #4027 ) ;
#435 = CYLINDRICAL_SURFACE ( 'NONE', #4021, 1.500000000000001332 ) ;
#436 = DIRECTION ( 'NONE',  ( -0.0000000000000000000, -0.0000000000000000000, 1.000000000000000000 ) ) ;
#437 = CIRCLE ( 'NONE', #4203, 1.500000000000008216 ) ;
#438 = DIRECTION ( 'NONE',  ( 0.0000000000000000000, 1.000000000000000000, 0.0000000000000000000 ) ) ;
#439 = CIRCLE ( 'NONE', #2129, 1.500000000000001332 ) ;
#440 = FACE_BOUND ( 'NONE', #2432, .T. ) ;
#441 = CC_DESIGN_DATE_AND_TIME_ASSIGNMENT ( #1252, #3738, ( #2993 ) ) ;
#442 = EDGE_CURVE ( 'NONE', #4284, #1341, #1968, .T. ) ;
#443 = DIRECTION ( 'NONE',  ( -1.000000000000000000, -0.0000000000000000000, -0.0000000000000000000 ) ) ;
#444 = CARTESIAN_POINT ( 'NONE',  ( 25.00000000000000000, 30.81659999999999044, 45.00000000000000000 ) ) ;
#445 = ORIENTED_EDGE ( 'NONE', *, *, #1340, .F. ) ;
#446 = ADVANCED_FACE ( 'NONE', ( #2010 ), #1063, .F. ) ;
#447 = VERTEX_POINT ( 'NONE', #2274 ) ;
#448 = DIRECTION ( 'NONE',  ( -1.000000000000000000, 0.0000000000000000000, 0.0000000000000000000 ) ) ;
#449 = DIRECTION ( 'NONE',  ( -1.000000000000000000, -0.0000000000000000000, -0.0000000000000000000 ) ) ;
#450 = DIRECTION ( 'NONE',  ( 0.0000000000000000000, 0.0000000000000000000, 1.000000000000000000 ) ) ;
#451 = VERTEX_POINT ( 'NONE', #1242 ) ;
#452 = EDGE_CURVE ( 'NONE', #2661, #4329, #550, .T. ) ;
#453 = ADVANCED_FACE ( 'NONE', ( #3373 ), #2427, .F. ) ;
#454 = DIRECTION ( 'NONE',  ( 1.000000000000000000, 0.0000000000000000000, 0.0000000000000000000 ) ) ;
#455 = DIRECTION ( 'NONE',  ( -1.000000000000000000, -0.0000000000000000000, -0.0000000000000000000 ) ) ;
#456 = ORIENTED_EDGE ( 'NONE', *, *, #821, .F. ) ;
#457 = VERTEX_POINT ( 'NONE', #253 ) ;
#458 = EDGE_CURVE ( 'NONE', #696, #3094, #2334, .T. ) ;
#459 = DIRECTION ( 'NONE',  ( -1.000000000000000000, 0.0000000000000000000, 0.0000000000000000000 ) ) ;
#460 = DIRECTION ( 'NONE',  ( 0.0000000000000000000, 0.0000000000000000000, 1.000000000000000000 ) ) ;
#461 = CARTESIAN_POINT ( 'NONE',  ( 24.26340000000000074, -2.000000000000000000, 0.0000000000000000000 ) ) ;
#462 = AXIS2_PLACEMENT_3D ( 'NONE', #4192, #2879, #3545 ) ;
#463 = ORIENTED_EDGE ( 'NONE', *, *, #1729, .F. ) ;
#464 = ORIENTED_EDGE ( 'NONE', *, *, #1588, .T. ) ;
#465 = CARTESIAN_POINT ( 'NONE',  ( 5.500000000000100364, -2.000000000000000000, 10.25000000000002309 ) ) ;
#466 = DIRECTION ( 'NONE',  ( 0.0000000000000000000, 0.0000000000000000000, 1.000000000000000000 ) ) ;
#467 = MANIFOLD_SOLID_BREP ( '切除-拉伸2', #1358 ) ;
#468 = APPROVAL_DATE_TIME ( #2504, #4048 ) ;
#469 = LINE ( 'NONE', #3960, #1712 ) ;
#470 = ADVANCED_FACE ( 'NONE', ( #2481 ), #3652, .T. ) ;
#471 = DIRECTION ( 'NONE',  ( 0.0000000000000000000, 0.0000000000000000000, 1.000000000000000000 ) ) ;
#472 = AXIS2_PLACEMENT_3D ( 'NONE', #1752, #1781, #792 ) ;
#473 = ORIENTED_EDGE ( 'NONE', *, *, #1267, .F. ) ;
#474 = EDGE_CURVE ( 'NONE', #1750, #4394, #4022, .T. ) ;
#475 = CARTESIAN_POINT ( 'NONE',  ( 24.26340000000000074, 0.7366000000000000325, 90.00000000000000000 ) ) ;
#476 = CIRCLE ( 'NONE', #1245, 1.500000000000008216 ) ;
#477 = DIRECTION ( 'NONE',  ( -1.000000000000000000, 0.0000000000000000000, 0.0000000000000000000 ) ) ;
#478 = ORIENTED_EDGE ( 'NONE', *, *, #3061, .F. ) ;
#479 = CYLINDRICAL_SURFACE ( 'NONE', #2185, 4.000000000000003553 ) ;
#480 = DIRECTION ( 'NONE',  ( 0.0000000000000000000, 0.0000000000000000000, -1.000000000000000000 ) ) ;
#481 = ORIENTED_EDGE ( 'NONE', *, *, #3575, .F. ) ;
#482 = CIRCLE ( 'NONE', #608, 2.736600000000000144 ) ;
#483 = ORIENTED_EDGE ( 'NONE', *, *, #2499, .F. ) ;
#484 = ORIENTED_EDGE ( 'NONE', *, *, #393, .F. ) ;
#485 = VERTEX_POINT ( 'NONE', #3261 ) ;
#486 = CARTESIAN_POINT ( 'NONE',  ( -2.000000000000000000, 30.81660000000005439, 86.75000000000009948 ) ) ;
#487 = CARTESIAN_POINT ( 'NONE',  ( 0.0000000000000000000, 36.99999999999999289, 90.00000000000000000 ) ) ;
#488 = AXIS2_PLACEMENT_3D ( 'NONE', #1065, #3770, #1760 ) ;
#489 = CARTESIAN_POINT ( 'NONE',  ( 25.00000000000000000, 30.81659999999998689, 3.249999999999996003 ) ) ;
#490 = EDGE_LOOP ( 'NONE', ( #484, #1753 ) ) ;
#491 = ORIENTED_EDGE ( 'NONE', *, *, #3575, .T. ) ;
#492 = DIRECTION ( 'NONE',  ( -0.0000000000000000000, -0.0000000000000000000, 1.000000000000000000 ) ) ;
#493 = DIRECTION ( 'NONE',  ( -0.0000000000000000000, 1.000000000000000000, -0.0000000000000000000 ) ) ;
#494 = ADVANCED_FACE ( 'NONE', ( #2638 ), #103, .F. ) ;
#495 = ORIENTED_EDGE ( 'NONE', *, *, #2643, .T. ) ;
#496 = FACE_OUTER_BOUND ( 'NONE', #1102, .T. ) ;
#497 = VECTOR ( 'NONE', #2138, 1000.000000000000000 ) ;
#498 = ORIENTED_EDGE ( 'NONE', *, *, #2388, .T. ) ;
#499 = VECTOR ( 'NONE', #3150, 1000.000000000000000 ) ;
#500 = CARTESIAN_POINT ( 'NONE',  ( 24.26340000000000074, 0.7366000000000000325, 0.0000000000000000000 ) ) ;
#501 = CARTESIAN_POINT ( 'NONE',  ( 12.50000000000000000, 0.0000000000000000000, 10.24999999999999467 ) ) ;
#502 = CYLINDRICAL_SURFACE ( 'NONE', #3456, 1.500000000000001332 ) ;
#503 = DIRECTION ( 'NONE',  ( -0.0000000000000000000, 1.000000000000000000, -0.0000000000000000000 ) ) ;
#504 = ORIENTED_EDGE ( 'NONE', *, *, #2162, .F. ) ;
#505 = DIRECTION ( 'NONE',  ( 0.0000000000000000000, 0.0000000000000000000, -1.000000000000000000 ) ) ;
#506 = CARTESIAN_POINT ( 'NONE',  ( 27.00000000000000355, 23.81659999999998689, 10.24999999999999467 ) ) ;
#507 = ORIENTED_EDGE ( 'NONE', *, *, #124, .F. ) ;
#508 = DIRECTION ( 'NONE',  ( -0.0000000000000000000, 1.000000000000000000, -0.0000000000000000000 ) ) ;
#509 = CARTESIAN_POINT ( 'NONE',  ( 27.00000000000000355, 23.81659999999997979, 79.75000000000015632 ) ) ;
#510 = DIRECTION ( 'NONE',  ( -1.000000000000000000, -0.0000000000000000000, -0.0000000000000000000 ) ) ;
#511 = ORIENTED_EDGE ( 'NONE', *, *, #2553, .T. ) ;
#512 = EDGE_CURVE ( 'NONE', #3031, #4010, #2686, .T. ) ;
#513 = AXIS2_PLACEMENT_3D ( 'NONE', #4038, #4028, #3689 ) ;
#514 = ADVANCED_FACE ( 'NONE', ( #4389 ), #3480, .F. ) ;
#515 = ORIENTED_EDGE ( 'NONE', *, *, #4006, .F. ) ;
#516 = EDGE_CURVE ( 'NONE', #955, #2103, #3648, .T. ) ;
#517 = AXIS2_PLACEMENT_3D ( 'NONE', #707, #3047, #410 ) ;
#518 = PERSON_AND_ORGANIZATION ( #634, #3949 ) ;
#519 = CIRCLE ( 'NONE', #2328, 1.500000000000001332 ) ;
#520 = CARTESIAN_POINT ( 'NONE',  ( 27.00000000000000355, 30.81660000000005439, 86.75000000000009948 ) ) ;
#521 = CIRCLE ( 'NONE', #3715, 1.500000000000001332 ) ;
#522 = DIRECTION ( 'NONE',  ( 0.0000000000000000000, 0.0000000000000000000, 1.000000000000000000 ) ) ;
#523 = CARTESIAN_POINT ( 'NONE',  ( 25.00000000000000000, 41.99999999999999289, 84.99999999999998579 ) ) ;
#524 = EDGE_LOOP ( 'NONE', ( #4199, #1347, #2842, #180 ) ) ;
#525 = DIRECTION ( 'NONE',  ( -1.000000000000000000, -0.0000000000000000000, -0.0000000000000000000 ) ) ;
#526 = PRODUCT_DEFINITION_FORMATION_WITH_SPECIFIED_SOURCE ( '任何', '', #3610, .NOT_KNOWN. ) ;
#527 = VECTOR ( 'NONE', #493, 1000.000000000000000 ) ;
#528 = EDGE_CURVE ( 'NONE', #4340, #3525, #166, .T. ) ;
#529 = ORIENTED_EDGE ( 'NONE', *, *, #2720, .F. ) ;
#530 = VECTOR ( 'NONE', #3079, 1000.000000000000000 ) ;
#531 = DIRECTION ( 'NONE',  ( -1.000000000000000000, 0.0000000000000000000, 0.0000000000000000000 ) ) ;
#532 = ADVANCED_FACE ( 'NONE', ( #4291 ), #1854, .F. ) ;
#533 = CIRCLE ( 'NONE', #3893, 1.500000000000001332 ) ;
#534 = EDGE_LOOP ( 'NONE', ( #3501, #3138, #3863, #2913 ) ) ;
#535 = ORIENTED_EDGE ( 'NONE', *, *, #3206, .F. ) ;
#536 = EDGE_CURVE ( 'NONE', #2526, #2245, #3114, .T. ) ;
#537 = CARTESIAN_POINT ( 'NONE',  ( 27.00000000000000355, 0.0000000000000000000, 90.00000000000000000 ) ) ;
#538 = ORIENTED_EDGE ( 'NONE', *, *, #3227, .F. ) ;
#539 = ORIENTED_EDGE ( 'NONE', *, *, #1349, .T. ) ;
#540 = ORIENTED_EDGE ( 'NONE', *, *, #2097, .F. ) ;
#541 = DIRECTION ( 'NONE',  ( -1.000000000000000000, 0.0000000000000000000, 0.0000000000000000000 ) ) ;
#542 = EDGE_CURVE ( 'NONE', #1122, #4210, #1177, .T. ) ;
#543 = FACE_OUTER_BOUND ( 'NONE', #4220, .T. ) ;
#544 = CARTESIAN_POINT ( 'NONE',  ( -2.000000000000000000, 30.81659999999998689, 4.749999999999995559 ) ) ;
#545 = CIRCLE ( 'NONE', #1441, 1.500000000000001332 ) ;
#546 = CARTESIAN_POINT ( 'NONE',  ( -2.000000000000000000, 37.81659999999998689, 11.74999999999999645 ) ) ;
#547 = LINE ( 'NONE', #1330, #3919 ) ;
#548 = AXIS2_PLACEMENT_3D ( 'NONE', #699, #1026, #1353 ) ;
#549 = CARTESIAN_POINT ( 'NONE',  ( 12.50000000000014744, -10.00000000000000000, 86.75000000000000000 ) ) ;
#550 = CIRCLE ( 'NONE', #26, 1.499999999999987566 ) ;
#551 = FACE_OUTER_BOUND ( 'NONE', #1500, .T. ) ;
#552 = FACE_OUTER_BOUND ( 'NONE', #209, .T. ) ;
#553 = VERTEX_POINT ( 'NONE', #2694 ) ;
#554 = AXIS2_PLACEMENT_3D ( 'NONE', #3802, #3767, #1774 ) ;
#555 = CARTESIAN_POINT ( 'NONE',  ( 5.500000000000100364, -2.000000000000000000, 46.50000000000002842 ) ) ;
#556 = CARTESIAN_POINT ( 'NONE',  ( 5.500000000000100364, -2.000000000000000000, 8.750000000000021316 ) ) ;
#557 = CARTESIAN_POINT ( 'NONE',  ( 0.0000000000000000000, 37.81659999999999400, 31.25000000000000000 ) ) ;
#558 = AXIS2_PLACEMENT_3D ( 'NONE', #1487, #2801, #3855 ) ;
#559 = EDGE_LOOP ( 'NONE', ( #3813, #633, #937, #3331 ) ) ;
#560 = ADVANCED_FACE ( 'NONE', ( #2234 ), #279, .F. ) ;
#561 = CARTESIAN_POINT ( 'NONE',  ( 0.0000000000000000000, 37.81659999999998689, 8.749999999999994671 ) ) ;
#562 = DIRECTION ( 'NONE',  ( 0.0000000000000000000, 0.0000000000000000000, -1.000000000000000000 ) ) ;
#563 = EDGE_LOOP ( 'NONE', ( #244, #3601, #1101, #4372 ) ) ;
#564 = DIRECTION ( 'NONE',  ( -1.000000000000000000, -0.0000000000000000000, -0.0000000000000000000 ) ) ;
#565 = ORIENTED_EDGE ( 'NONE', *, *, #1109, .T. ) ;
#566 = ORIENTED_EDGE ( 'NONE', *, *, #2768, .F. ) ;
#567 = DIRECTION ( 'NONE',  ( 0.0000000000000000000, 0.0000000000000000000, 1.000000000000000000 ) ) ;
#568 = ORIENTED_EDGE ( 'NONE', *, *, #4314, .T. ) ;
#569 = EDGE_CURVE ( 'NONE', #3031, #3607, #47, .T. ) ;
#570 = AXIS2_PLACEMENT_3D ( 'NONE', #260, #2948, #2617 ) ;
#571 = ORIENTED_EDGE ( 'NONE', *, *, #2219, .T. ) ;
#572 = CARTESIAN_POINT ( 'NONE',  ( 25.00000000000000000, 30.81660000000005439, 85.25000000000009948 ) ) ;
#573 = DIRECTION ( 'NONE',  ( -1.000000000000000000, -0.0000000000000000000, -0.0000000000000000000 ) ) ;
#574 = LINE ( 'NONE', #432, #2209 ) ;
#575 = CARTESIAN_POINT ( 'NONE',  ( 12.50000000000014744, 0.0000000000000000000, 51.99999999999999289 ) ) ;
#576 = EDGE_LOOP ( 'NONE', ( #35, #565 ) ) ;
#577 = ADVANCED_FACE ( 'NONE', ( #1332 ), #859, .F. ) ;
#578 = CIRCLE ( 'NONE', #4, 1.500000000000001332 ) ;
#579 = VERTEX_POINT ( 'NONE', #2001 ) ;
#580 = CARTESIAN_POINT ( 'NONE',  ( 0.7366000000000001435, 0.7365999999999999215, 90.00000000000000000 ) ) ;
#581 = CARTESIAN_POINT ( 'NONE',  ( 27.00000000000000355, 30.81659999999995847, 38.00000000000007816 ) ) ;
#582 = DIRECTION ( 'NONE',  ( 0.0000000000000000000, 0.0000000000000000000, 1.000000000000000000 ) ) ;
#583 = FACE_BOUND ( 'NONE', #277, .T. ) ;
#584 =( GEOMETRIC_REPRESENTATION_CONTEXT ( 3 ) GLOBAL_UNCERTAINTY_ASSIGNED_CONTEXT ( ( #4051 ) ) GLOBAL_UNIT_ASSIGNED_CONTEXT ( ( #376, #3105, #1407 ) ) REPRESENTATION_CONTEXT ( 'NONE', 'WORKASPACE' ) );
#585 = ORIENTED_EDGE ( 'NONE', *, *, #350, .F. ) ;
#586 = EDGE_CURVE ( 'NONE', #112, #1982, #3921, .T. ) ;
#587 = CARTESIAN_POINT ( 'NONE',  ( 25.00000000000000000, 37.81659999999999400, 31.25000000000000000 ) ) ;
#588 = DIRECTION ( 'NONE',  ( 0.0000000000000000000, 0.0000000000000000000, 1.000000000000000000 ) ) ;
#589 = DIRECTION ( 'NONE',  ( 0.0000000000000000000, 1.000000000000000000, 0.0000000000000000000 ) ) ;
#590 = FACE_BOUND ( 'NONE', #834, .T. ) ;
#591 = VERTEX_POINT ( 'NONE', #3349 ) ;
#592 = ORIENTED_EDGE ( 'NONE', *, *, #2404, .F. ) ;
#593 = VERTEX_POINT ( 'NONE', #2362 ) ;
#594 = ORIENTED_EDGE ( 'NONE', *, *, #3125, .T. ) ;
#595 = EDGE_CURVE ( 'NONE', #3094, #696, #1795, .T. ) ;
#596 = AXIS2_PLACEMENT_3D ( 'NONE', #3911, #3940, #2911 ) ;
#597 = CARTESIAN_POINT ( 'NONE',  ( 27.00000000000000355, 30.81659999999998689, 17.24999999999999289 ) ) ;
#598 = VERTEX_POINT ( 'NONE', #694 ) ;
#599 = CYLINDRICAL_SURFACE ( 'NONE', #2445, 4.000000000000003553 ) ;
#600 = CIRCLE ( 'NONE', #558, 1.500000000000001332 ) ;
#601 = ORIENTED_EDGE ( 'NONE', *, *, #3084, .T. ) ;
#602 = LINE ( 'NONE', #3513, #2688 ) ;
#603 = ADVANCED_FACE ( 'NONE', ( #2122 ), #1738, .F. ) ;
#604 = CARTESIAN_POINT ( 'NONE',  ( 25.00000000000000000, 30.81660000000005439, 86.75000000000009948 ) ) ;
#605 = EDGE_CURVE ( 'NONE', #3979, #3311, #328, .T. ) ;
#606 = CARTESIAN_POINT ( 'NONE',  ( 12.50000000000014744, -2.000000000000000000, 50.49999999999998579 ) ) ;
#607 = DIRECTION ( 'NONE',  ( 0.0000000000000000000, 0.0000000000000000000, 1.000000000000000000 ) ) ;
#608 = AXIS2_PLACEMENT_3D ( 'NONE', #1395, #1031, #1373 ) ;
#609 = FACE_OUTER_BOUND ( 'NONE', #2136, .T. ) ;
#610 = EDGE_LOOP ( 'NONE', ( #483, #2670 ) ) ;
#611 = CARTESIAN_POINT ( 'NONE',  ( 27.00000000000000355, 37.81659999999998689, 10.24999999999999467 ) ) ;
#612 = CARTESIAN_POINT ( 'NONE',  ( 27.00000000000000355, 37.81659999999999400, 45.00000000000000000 ) ) ;
#613 = DIRECTION ( 'NONE',  ( 0.0000000000000000000, 0.0000000000000000000, 1.000000000000000000 ) ) ;
#614 = CC_DESIGN_APPROVAL ( #4048, ( #2993 ) ) ;
#615 = EDGE_CURVE ( 'NONE', #3164, #4280, #437, .T. ) ;
#616 = DIRECTION ( 'NONE',  ( -1.000000000000000000, -0.0000000000000000000, -0.0000000000000000000 ) ) ;
#617 = VERTEX_POINT ( 'NONE', #2660 ) ;
#618 = CARTESIAN_POINT ( 'NONE',  ( 27.00000000000000355, 30.81660000000005439, 88.25000000000009948 ) ) ;
#619 = CARTESIAN_POINT ( 'NONE',  ( 0.0000000000000000000, 30.81659999999995847, 36.50000000000006395 ) ) ;
#620 = ORIENTED_EDGE ( 'NONE', *, *, #1944, .F. ) ;
#621 = CARTESIAN_POINT ( 'NONE',  ( 27.00000000000000355, 30.81659999999998689, 15.74999999999999289 ) ) ;
#622 = ADVANCED_FACE ( 'NONE', ( #3006 ), #750, .F. ) ;
#623 = EDGE_CURVE ( 'NONE', #2566, #3476, #2744, .T. ) ;
#624 = PERSON_AND_ORGANIZATION ( #634, #3949 ) ;
#625 = DIRECTION ( 'NONE',  ( 0.0000000000000000000, 0.0000000000000000000, -1.000000000000000000 ) ) ;
#626 = CARTESIAN_POINT ( 'NONE',  ( 24.26340000000000074, -2.000000000000000000, 90.00000000000000000 ) ) ;
#627 = DIRECTION ( 'NONE',  ( 0.0000000000000000000, 0.0000000000000000000, 1.000000000000000000 ) ) ;
#628 = EDGE_CURVE ( 'NONE', #399, #1814, #3803, .T. ) ;
#629 = AXIS2_PLACEMENT_3D ( 'NONE', #4147, #589, #2603 ) ;
#630 = PERSON_AND_ORGANIZATION ( #634, #3949 ) ;
#631 = CIRCLE ( 'NONE', #165, 1.500000000000000444 ) ;
#632 = DIRECTION ( 'NONE',  ( 0.0000000000000000000, 0.0000000000000000000, 1.000000000000000000 ) ) ;
#633 = ORIENTED_EDGE ( 'NONE', *, *, #837, .F. ) ;
#634 = PERSON ( '未指定', '未指定', '未指定', ('未指定'), ('未指定'), ('未指定') ) ;
#635 = LINE ( 'NONE', #1159, #3151 ) ;
#636 = AXIS2_PLACEMENT_3D ( 'NONE', #3408, #3998, #4096 ) ;
#637 = AXIS2_PLACEMENT_3D ( 'NONE', #3174, #3839, #1490 ) ;
#638 = CIRCLE ( 'NONE', #2698, 1.500000000000000000 ) ;
#639 = EDGE_CURVE ( 'NONE', #3729, #369, #4344, .T. ) ;
#640 = CARTESIAN_POINT ( 'NONE',  ( 25.00000000000000000, 30.81660000000005439, 88.25000000000009948 ) ) ;
#641 = CARTESIAN_POINT ( 'NONE',  ( 27.00000000000000355, 30.81659999999998689, 18.74999999999999645 ) ) ;
#642 = LINE ( 'NONE', #1552, #4111 ) ;
#643 = ORIENTED_EDGE ( 'NONE', *, *, #1276, .T. ) ;
#644 = ORIENTED_EDGE ( 'NONE', *, *, #2681, .F. ) ;
#645 = CARTESIAN_POINT ( 'NONE',  ( 0.0000000000000000000, 23.81659999999997979, 45.00000000000014921 ) ) ;
#646 = DIRECTION ( 'NONE',  ( 0.0000000000000000000, 0.0000000000000000000, 1.000000000000000000 ) ) ;
#647 = ORIENTED_EDGE ( 'NONE', *, *, #1862, .F. ) ;
#648 = ORIENTED_EDGE ( 'NONE', *, *, #3179, .T. ) ;
#649 = DIRECTION ( 'NONE',  ( -1.000000000000000000, -0.0000000000000000000, -0.0000000000000000000 ) ) ;
#650 = CIRCLE ( 'NONE', #2981, 1.500000000000001332 ) ;
#651 = CIRCLE ( 'NONE', #773, 1.500000000000001332 ) ;
#652 = LINE ( 'NONE', #3667, #4230 ) ;
#653 = FACE_BOUND ( 'NONE', #2572, .T. ) ;
#654 = CIRCLE ( 'NONE', #1077, 1.500000000000001332 ) ;
#655 = EDGE_CURVE ( 'NONE', #2270, #946, #3326, .T. ) ;
#656 = DIRECTION ( 'NONE',  ( 0.0000000000000000000, 0.0000000000000000000, 1.000000000000000000 ) ) ;
#657 = DIRECTION ( 'NONE',  ( -0.0000000000000000000, 1.000000000000000000, -0.0000000000000000000 ) ) ;
#658 = CIRCLE ( 'NONE', #1873, 1.500000000000001332 ) ;
#659 = AXIS2_PLACEMENT_3D ( 'NONE', #3711, #1043, #1336 ) ;
#660 = DIRECTION ( 'NONE',  ( -1.000000000000000000, -0.0000000000000000000, -0.0000000000000000000 ) ) ;
#661 = ORIENTED_EDGE ( 'NONE', *, *, #1588, .F. ) ;
#662 = ORIENTED_EDGE ( 'NONE', *, *, #2922, .F. ) ;
#663 = EDGE_CURVE ( 'NONE', #2597, #1982, #801, .T. ) ;
#664 = DIRECTION ( 'NONE',  ( -1.000000000000000000, -0.0000000000000000000, -0.0000000000000000000 ) ) ;
#665 = EDGE_LOOP ( 'NONE', ( #1673, #3724 ) ) ;
#666 = AXIS2_PLACEMENT_3D ( 'NONE', #1480, #3845, #2142 ) ;
#667 = ORIENTED_EDGE ( 'NONE', *, *, #3169, .T. ) ;
#668 = ORIENTED_EDGE ( 'NONE', *, *, #3291, .F. ) ;
#669 = ORIENTED_EDGE ( 'NONE', *, *, #3760, .T. ) ;
#670 = ORIENTED_EDGE ( 'NONE', *, *, #2056, .T. ) ;
#671 = EDGE_CURVE ( 'NONE', #4394, #3135, #2537, .T. ) ;
#672 = ORIENTED_EDGE ( 'NONE', *, *, #2896, .F. ) ;
#673 = DIRECTION ( 'NONE',  ( 0.0000000000000000000, 0.0000000000000000000, 1.000000000000000000 ) ) ;
#674 = CARTESIAN_POINT ( 'NONE',  ( 12.50000000000014744, -10.00000000000000000, 85.24999999999998579 ) ) ;
#675 = COORDINATED_UNIVERSAL_TIME_OFFSET ( 8, 0, .AHEAD. ) ;
#676 = DIRECTION ( 'NONE',  ( 0.0000000000000000000, 0.0000000000000000000, 1.000000000000000000 ) ) ;
#677 = EDGE_CURVE ( 'NONE', #3230, #1874, #746, .T. ) ;
#678 = CIRCLE ( 'NONE', #846, 4.000000000000001776 ) ;
#679 = DIRECTION ( 'NONE',  ( 0.0000000000000000000, 0.0000000000000000000, 1.000000000000000000 ) ) ;
#680 = DIRECTION ( 'NONE',  ( 0.0000000000000000000, 1.000000000000000000, 0.0000000000000000000 ) ) ;
#681 = FACE_BOUND ( 'NONE', #1772, .T. ) ;
#682 = FACE_OUTER_BOUND ( 'NONE', #1318, .T. ) ;
#683 = EDGE_CURVE ( 'NONE', #2806, #4284, #3914, .T. ) ;
#684 = ORIENTED_EDGE ( 'NONE', *, *, #586, .F. ) ;
#685 = DIRECTION ( 'NONE',  ( -1.000000000000000000, 0.0000000000000000000, 0.0000000000000000000 ) ) ;
#686 = FACE_OUTER_BOUND ( 'NONE', #4014, .T. ) ;
#687 = VERTEX_POINT ( 'NONE', #717 ) ;
#688 = CARTESIAN_POINT ( 'NONE',  ( 27.00000000000000355, 30.81660000000005439, 85.25000000000009948 ) ) ;
#689 = AXIS2_PLACEMENT_3D ( 'NONE', #693, #3046, #3390 ) ;
#690 = FACE_OUTER_BOUND ( 'NONE', #3924, .T. ) ;
#691 = VERTEX_POINT ( 'NONE', #2387 ) ;
#692 = ORIENTED_EDGE ( 'NONE', *, *, #3378, .F. ) ;
#693 = CARTESIAN_POINT ( 'NONE',  ( 27.00000000000000355, 23.81659999999997979, 79.75000000000015632 ) ) ;
#694 = CARTESIAN_POINT ( 'NONE',  ( 0.0000000000000000000, 30.81660000000005439, 85.25000000000009948 ) ) ;
#695 = VERTEX_POINT ( 'NONE', #3762 ) ;
#696 = VERTEX_POINT ( 'NONE', #1070 ) ;
#697 = ORIENTED_EDGE ( 'NONE', *, *, #2114, .F. ) ;
#698 = DIRECTION ( 'NONE',  ( 0.0000000000000000000, 0.0000000000000000000, 1.000000000000000000 ) ) ;
#699 = CARTESIAN_POINT ( 'NONE',  ( 12.50000000000000000, -2.000000000000000000, 3.249999999999995115 ) ) ;
#700 = LINE ( 'NONE', #1355, #1326 ) ;
#701 = CYLINDRICAL_SURFACE ( 'NONE', #689, 1.499999999999987566 ) ;
#702 = LINE ( 'NONE', #1530, #3537 ) ;
#703 = CARTESIAN_POINT ( 'NONE',  ( 12.50000000000000000, 0.0000000000000000000, 3.249999999999995115 ) ) ;
#704 = CYLINDRICAL_SURFACE ( 'NONE', #406, 1.500000000000001332 ) ;
#705 = ORIENTED_EDGE ( 'NONE', *, *, #3066, .F. ) ;
#706 = DIRECTION ( 'NONE',  ( -1.000000000000000000, 0.0000000000000000000, 0.0000000000000000000 ) ) ;
#707 = CARTESIAN_POINT ( 'NONE',  ( -2.000000000000000000, 0.0000000000000000000, 90.00000000000000000 ) ) ;
#708 = AXIS2_PLACEMENT_3D ( 'NONE', #1124, #777, #3124 ) ;
#709 = CARTESIAN_POINT ( 'NONE',  ( 25.00000000000000000, 37.81659999999999400, 43.50000000000000000 ) ) ;
#710 = EDGE_LOOP ( 'NONE', ( #4212, #4005, #2110, #2241 ) ) ;
#711 = DIRECTION ( 'NONE',  ( 0.0000000000000000000, 0.0000000000000000000, 1.000000000000000000 ) ) ;
#712 = PLANE ( 'NONE',  #4323 ) ;
#713 = ORIENTED_EDGE ( 'NONE', *, *, #3898, .F. ) ;
#714 = ORIENTED_EDGE ( 'NONE', *, *, #474, .T. ) ;
#715 = CARTESIAN_POINT ( 'NONE',  ( 5.500000000000100364, 0.0000000000000000000, 10.25000000000002309 ) ) ;
#716 = DIRECTION ( 'NONE',  ( 0.0000000000000000000, 0.0000000000000000000, 1.000000000000000000 ) ) ;
#717 = CARTESIAN_POINT ( 'NONE',  ( -2.000000000000000000, 37.81659999999999400, 46.50000000000000000 ) ) ;
#718 = APPROVAL_PERSON_ORGANIZATION ( #3028, #4048, #723 ) ;
#719 = ORIENTED_EDGE ( 'NONE', *, *, #2943, .T. ) ;
#720 = FACE_OUTER_BOUND ( 'NONE', #3284, .T. ) ;
#721 = LINE ( 'NONE', #2380, #2983 ) ;
#722 = DIRECTION ( 'NONE',  ( -0.0000000000000000000, 1.000000000000000000, -0.0000000000000000000 ) ) ;
#723 = APPROVAL_ROLE ( '' ) ;
#724 = DIRECTION ( 'NONE',  ( -1.000000000000000000, -0.0000000000000000000, -0.0000000000000000000 ) ) ;
#725 = ORIENTED_EDGE ( 'NONE', *, *, #365, .T. ) ;
#726 = EDGE_CURVE ( 'NONE', #3417, #37, #324, .T. ) ;
#727 = AXIS2_PLACEMENT_3D ( 'NONE', #3386, #356, #3060 ) ;
#728 = FACE_BOUND ( 'NONE', #880, .T. ) ;
#729 = DIRECTION ( 'NONE',  ( 1.000000000000000000, 0.0000000000000000000, 0.0000000000000000000 ) ) ;
#730 = ORIENTED_EDGE ( 'NONE', *, *, #978, .T. ) ;
#731 = CARTESIAN_POINT ( 'NONE',  ( 0.7366000000000001435, -2.000000000000000000, 0.0000000000000000000 ) ) ;
#732 = ADVANCED_FACE ( 'NONE', ( #2899, #4228, #3319, #2064, #2373, #2633, #159, #1476, #1420, #3642, #3799, #275, #1730, #2960, #3054, #2007 ), #1050, .T. ) ;
#733 = EDGE_CURVE ( 'NONE', #1891, #1606, #3219, .T. ) ;
#734 = CYLINDRICAL_SURFACE ( 'NONE', #4068, 1.500000000000001332 ) ;
#735 = AXIS2_PLACEMENT_3D ( 'NONE', #2024, #3093, #3727 ) ;
#736 = LINE ( 'NONE', #2556, #1317 ) ;
#737 = EDGE_LOOP ( 'NONE', ( #2493, #3368, #1361, #1249 ) ) ;
#738 = CARTESIAN_POINT ( 'NONE',  ( 12.50000000000000000, -10.00000000000000000, 36.50000000000000000 ) ) ;
#739 = DIRECTION ( 'NONE',  ( 0.0000000000000000000, 0.0000000000000000000, 1.000000000000000000 ) ) ;
#740 = DIRECTION ( 'NONE',  ( -1.000000000000000000, -0.0000000000000000000, -0.0000000000000000000 ) ) ;
#741 = ORIENTED_EDGE ( 'NONE', *, *, #3766, .F. ) ;
#742 = VERTEX_POINT ( 'NONE', #363 ) ;
#743 = EDGE_LOOP ( 'NONE', ( #535, #331 ) ) ;
#744 = APPROVAL_STATUS ( 'not_yet_approved' ) ;
#745 = CC_DESIGN_DATE_AND_TIME_ASSIGNMENT ( #3889, #2405, ( #2767 ) ) ;
#746 = LINE ( 'NONE', #3418, #952 ) ;
#747 = EDGE_CURVE ( 'NONE', #1814, #4221, #1222, .T. ) ;
#748 = CIRCLE ( 'NONE', #3784, 4.000000000000003553 ) ;
#749 = CIRCLE ( 'NONE', #1662, 1.500000000000001332 ) ;
#750 = CYLINDRICAL_SURFACE ( 'NONE', #513, 1.500000000000001332 ) ;
#751 = CIRCLE ( 'NONE', #2037, 1.500000000000001332 ) ;
#752 = CIRCLE ( 'NONE', #317, 1.499999999999987566 ) ;
#753 = CARTESIAN_POINT ( 'NONE',  ( 27.00000000000000355, 37.81659999999999400, 81.25000000000000000 ) ) ;
#754 = VERTEX_POINT ( 'NONE', #2710 ) ;
#755 = ORIENTED_EDGE ( 'NONE', *, *, #4356, .T. ) ;
#756 = EDGE_CURVE ( 'NONE', #4355, #3230, #1959, .T. ) ;
#757 = DIRECTION ( 'NONE',  ( 0.0000000000000000000, 1.000000000000000000, 0.0000000000000000000 ) ) ;
#758 = CARTESIAN_POINT ( 'NONE',  ( -2.000000000000000000, 0.7365999999999990333, 90.00000000000000000 ) ) ;
#759 = ORIENTED_EDGE ( 'NONE', *, *, #3240, .F. ) ;
#760 = CARTESIAN_POINT ( 'NONE',  ( 25.00000000000000000, 30.81659999999998689, 1.749999999999996003 ) ) ;
#761 = ORIENTED_EDGE ( 'NONE', *, *, #2559, .T. ) ;
#762 = EDGE_CURVE ( 'NONE', #2958, #695, #1587, .T. ) ;
#763 = VERTEX_POINT ( 'NONE', #709 ) ;
#764 = CARTESIAN_POINT ( 'NONE',  ( 25.00000000000000000, 30.81659999999997979, 71.25000000000009948 ) ) ;
#765 = CARTESIAN_POINT ( 'NONE',  ( 0.7366000000000001435, -2.000000000000000000, 0.0000000000000000000 ) ) ;
#766 = AXIS2_PLACEMENT_3D ( 'NONE', #765, #778, #4142 ) ;
#767 = VERTEX_POINT ( 'NONE', #3048 ) ;
#768 = ORIENTED_EDGE ( 'NONE', *, *, #957, .T. ) ;
#769 = DIRECTION ( 'NONE',  ( -1.000000000000000000, 0.0000000000000000000, 0.0000000000000000000 ) ) ;
#770 = CARTESIAN_POINT ( 'NONE',  ( 27.00000000000000355, 37.81659999999999400, 31.25000000000000000 ) ) ;
#771 = AXIS2_PLACEMENT_3D ( 'NONE', #156, #3194, #4237 ) ;
#772 = ADVANCED_FACE ( 'NONE', ( #2737 ), #3109, .F. ) ;
#773 = AXIS2_PLACEMENT_3D ( 'NONE', #974, #3281, #1279 ) ;
#774 = VERTEX_POINT ( 'NONE', #377 ) ;
#775 = EDGE_CURVE ( 'NONE', #2757, #1647, #2847, .T. ) ;
#776 = DIRECTION ( 'NONE',  ( -1.000000000000000000, -0.0000000000000000000, -0.0000000000000000000 ) ) ;
#777 = DIRECTION ( 'NONE',  ( 1.000000000000000000, 0.0000000000000000000, -0.0000000000000000000 ) ) ;
#778 = DIRECTION ( 'NONE',  ( 0.0000000000000000000, 0.0000000000000000000, -1.000000000000000000 ) ) ;
#779 = ADVANCED_FACE ( 'NONE', ( #3861 ), #3971, .F. ) ;
#780 = FACE_OUTER_BOUND ( 'NONE', #970, .T. ) ;
#781 = DIRECTION ( 'NONE',  ( 0.0000000000000000000, 0.0000000000000000000, 1.000000000000000000 ) ) ;
#782 = FACE_BOUND ( 'NONE', #2578, .T. ) ;
#783 = CARTESIAN_POINT ( 'NONE',  ( -2.000000000000000000, 30.81659999999999044, 75.75000000000000000 ) ) ;
#784 = VECTOR ( 'NONE', #2105, 1000.000000000000000 ) ;
#785 = VERTEX_POINT ( 'NONE', #3041 ) ;
#786 = CARTESIAN_POINT ( 'NONE',  ( 12.50000000000014744, -2.000000000000000000, 88.25000000000000000 ) ) ;
#787 = FACE_OUTER_BOUND ( 'NONE', #2920, .T. ) ;
#788 = DIRECTION ( 'NONE',  ( -0.0000000000000000000, -1.000000000000000000, -0.0000000000000000000 ) ) ;
#789 = EDGE_CURVE ( 'NONE', #1058, #4172, #700, .T. ) ;
#790 = AXIS2_PLACEMENT_3D ( 'NONE', #1981, #2345, #1632 ) ;
#791 = ORIENTED_EDGE ( 'NONE', *, *, #1340, .T. ) ;
#792 = DIRECTION ( 'NONE',  ( 0.0000000000000000000, 0.0000000000000000000, 1.000000000000000000 ) ) ;
#793 = DIRECTION ( 'NONE',  ( -1.000000000000000000, -0.0000000000000000000, -0.0000000000000000000 ) ) ;
#794 = ADVANCED_FACE ( 'NONE', ( #2421 ), #599, .F. ) ;
#795 = LINE ( 'NONE', #621, #1160 ) ;
#796 = EDGE_LOOP ( 'NONE', ( #3732, #6, #68, #4178 ) ) ;
#797 = ORIENTED_EDGE ( 'NONE', *, *, #3363, .T. ) ;
#798 = EDGE_LOOP ( 'NONE', ( #4141, #2223, #1364, #1629 ) ) ;
#799 = CYLINDRICAL_SURFACE ( 'NONE', #858, 1.500000000000001332 ) ;
#800 = ADVANCED_FACE ( 'NONE', ( #1531 ), #4121, .F. ) ;
#801 = CIRCLE ( 'NONE', #3982, 1.500000000000001332 ) ;
#802 = LINE ( 'NONE', #3451, #3171 ) ;
#803 = CARTESIAN_POINT ( 'NONE',  ( 27.00000000000000355, 30.81659999999999044, 83.75000000000000000 ) ) ;
#804 = FACE_BOUND ( 'NONE', #1366, .T. ) ;
#805 = EDGE_CURVE ( 'NONE', #3268, #59, #850, .T. ) ;
#806 = DIRECTION ( 'NONE',  ( 0.0000000000000000000, 0.0000000000000000000, 1.000000000000000000 ) ) ;
#807 = CIRCLE ( 'NONE', #1135, 1.500000000000001332 ) ;
#808 = VERTEX_POINT ( 'NONE', #1383 ) ;
#809 = ORIENTED_EDGE ( 'NONE', *, *, #358, .F. ) ;
#810 = DIRECTION ( 'NONE',  ( -1.000000000000000000, -0.0000000000000000000, -0.0000000000000000000 ) ) ;
#811 = DIRECTION ( 'NONE',  ( -0.0000000000000000000, -0.0000000000000000000, -1.000000000000000000 ) ) ;
#812 = DIRECTION ( 'NONE',  ( -1.000000000000000000, -0.0000000000000000000, -0.0000000000000000000 ) ) ;
#813 = EDGE_CURVE ( 'NONE', #965, #315, #4182, .T. ) ;
#814 = AXIS2_PLACEMENT_3D ( 'NONE', #1303, #2644, #4271 ) ;
#815 = ADVANCED_FACE ( 'NONE', ( #3273 ), #1056, .T. ) ;
#816 = DIRECTION ( 'NONE',  ( -1.000000000000000000, -0.0000000000000000000, -0.0000000000000000000 ) ) ;
#817 = ORIENTED_EDGE ( 'NONE', *, *, #3091, .F. ) ;
#818 = DIRECTION ( 'NONE',  ( 0.0000000000000000000, 1.000000000000000000, 0.0000000000000000000 ) ) ;
#819 = ORIENTED_EDGE ( 'NONE', *, *, #542, .T. ) ;
#820 = ORIENTED_EDGE ( 'NONE', *, *, #1034, .T. ) ;
#821 = EDGE_CURVE ( 'NONE', #1341, #4284, #41, .T. ) ;
#822 = CARTESIAN_POINT ( 'NONE',  ( -2.000000000000000000, 30.81659999999995847, 38.00000000000007816 ) ) ;
#823 = VERTEX_POINT ( 'NONE', #392 ) ;
#824 = VERTEX_POINT ( 'NONE', #3029 ) ;
#825 = CARTESIAN_POINT ( 'NONE',  ( 24.26340000000000074, 0.7366000000000000325, 0.0000000000000000000 ) ) ;
#826 = DIRECTION ( 'NONE',  ( -1.000000000000000000, -0.0000000000000000000, -0.0000000000000000000 ) ) ;
#827 = DIRECTION ( 'NONE',  ( 0.0000000000000000000, 0.0000000000000000000, 1.000000000000000000 ) ) ;
#828 = ORIENTED_EDGE ( 'NONE', *, *, #2182, .F. ) ;
#829 = EDGE_CURVE ( 'NONE', #3268, #823, #3531, .T. ) ;
#830 = CARTESIAN_POINT ( 'NONE',  ( 27.00000000000000355, 30.81659999999998689, 3.249999999999996003 ) ) ;
#831 = DIRECTION ( 'NONE',  ( 0.0000000000000000000, 1.000000000000000000, 0.0000000000000000000 ) ) ;
#832 = VECTOR ( 'NONE', #2748, 1000.000000000000000 ) ;
#833 = CARTESIAN_POINT ( 'NONE',  ( 27.00000000000000355, 30.81659999999999044, 49.00000000000000000 ) ) ;
#834 = EDGE_LOOP ( 'NONE', ( #2082, #1286 ) ) ;
#835 = ADVANCED_FACE ( 'NONE', ( #496 ), #2115, .F. ) ;
#836 = LINE ( 'NONE', #4162, #2620 ) ;
#837 = EDGE_CURVE ( 'NONE', #2962, #808, #1848, .T. ) ;
#838 = DIRECTION ( 'NONE',  ( -0.0000000000000000000, 1.000000000000000000, -0.0000000000000000000 ) ) ;
#839 = VECTOR ( 'NONE', #1666, 1000.000000000000000 ) ;
#840 = LINE ( 'NONE', #3907, #3524 ) ;
#841 = ORIENTED_EDGE ( 'NONE', *, *, #3915, .T. ) ;
#842 = ORIENTED_EDGE ( 'NONE', *, *, #3892, .T. ) ;
#843 = EDGE_CURVE ( 'NONE', #868, #1733, #1284, .T. ) ;
#844 = CARTESIAN_POINT ( 'NONE',  ( 27.00000000000000355, 23.81659999999997979, 45.00000000000014921 ) ) ;
#845 = CARTESIAN_POINT ( 'NONE',  ( 12.50000000000000000, 0.0000000000000000000, 45.00000000000000000 ) ) ;
#846 = AXIS2_PLACEMENT_3D ( 'NONE', #4042, #3695, #1659 ) ;
#847 = EDGE_LOOP ( 'NONE', ( #2409, #1046 ) ) ;
#848 = VERTEX_POINT ( 'NONE', #688 ) ;
#849 = DIRECTION ( 'NONE',  ( 0.0000000000000000000, 0.0000000000000000000, 1.000000000000000000 ) ) ;
#850 = LINE ( 'NONE', #4371, #1172 ) ;
#851 = VECTOR ( 'NONE', #167, 1000.000000000000000 ) ;
#852 = ORIENTED_EDGE ( 'NONE', *, *, #301, .F. ) ;
#853 = FACE_BOUND ( 'NONE', #903, .T. ) ;
#854 = AXIS2_PLACEMENT_3D ( 'NONE', #39, #1722, #2612 ) ;
#855 = CARTESIAN_POINT ( 'NONE',  ( 27.00000000000000355, 30.81659999999997979, 71.25000000000009948 ) ) ;
#856 = CARTESIAN_POINT ( 'NONE',  ( 27.00000000000000355, 30.81660000000006150, 52.00000000000008527 ) ) ;
#857 = CARTESIAN_POINT ( 'NONE',  ( 25.00000000000000000, 23.81659999999998689, 10.24999999999999467 ) ) ;
#858 = AXIS2_PLACEMENT_3D ( 'NONE', #844, #1200, #4257 ) ;
#859 = CYLINDRICAL_SURFACE ( 'NONE', #3512, 1.499999999999987566 ) ;
#860 = CYLINDRICAL_SURFACE ( 'NONE', #931, 2.736600000000000144 ) ;
#861 = ADVANCED_FACE ( 'NONE', ( #2230 ), #380, .F. ) ;
#862 = CARTESIAN_POINT ( 'NONE',  ( 0.0000000000000000000, 0.7365999999999994774, 0.0000000000000000000 ) ) ;
#863 = CARTESIAN_POINT ( 'NONE',  ( 27.00000000000000355, 0.0000000000000000000, 0.0000000000000000000 ) ) ;
#864 = VERTEX_POINT ( 'NONE', #760 ) ;
#865 = ORIENTED_EDGE ( 'NONE', *, *, #1693, .T. ) ;
#866 = EDGE_LOOP ( 'NONE', ( #3882, #3132 ) ) ;
#867 = CARTESIAN_POINT ( 'NONE',  ( 12.50000000000000000, -10.00000000000000000, 49.00000000000000000 ) ) ;
#868 = VERTEX_POINT ( 'NONE', #94 ) ;
#869 = EDGE_LOOP ( 'NONE', ( #3852, #1625, #3018, #3705 ) ) ;
#870 = ORIENTED_EDGE ( 'NONE', *, *, #1369, .T. ) ;
#871 = DIRECTION ( 'NONE',  ( 0.0000000000000000000, 0.0000000000000000000, 1.000000000000000000 ) ) ;
#872 = DIRECTION ( 'NONE',  ( -1.000000000000000000, -0.0000000000000000000, -0.0000000000000000000 ) ) ;
#873 = DIRECTION ( 'NONE',  ( 0.0000000000000000000, 0.0000000000000000000, 1.000000000000000000 ) ) ;
#874 = ORIENTED_EDGE ( 'NONE', *, *, #1007, .T. ) ;
#875 = EDGE_CURVE ( 'NONE', #2282, #1841, #2531, .T. ) ;
#876 = AXIS2_PLACEMENT_3D ( 'NONE', #2949, #928, #1282 ) ;
#877 = CARTESIAN_POINT ( 'NONE',  ( -2.000000000000000000, 37.81659999999998689, 10.24999999999999467 ) ) ;
#878 = VERTEX_POINT ( 'NONE', #1106 ) ;
#879 = CARTESIAN_POINT ( 'NONE',  ( 27.00000000000000355, 30.81659999999997979, 71.25000000000009948 ) ) ;
#881 = EDGE_CURVE ( 'NONE', #345, #3763, #1634, .T. ) ;
#880 = EDGE_LOOP ( 'NONE', ( #2952, #4029 ) ) ;
#882 = DIRECTION ( 'NONE',  ( 0.0000000000000000000, 0.0000000000000000000, 1.000000000000000000 ) ) ;
#883 = CYLINDRICAL_SURFACE ( 'NONE', #397, 5.000000000000004441 ) ;
#884 = CARTESIAN_POINT ( 'NONE',  ( -2.000000000000000000, 37.00000000000000711, 5.000000000000000000 ) ) ;
#885 = AXIS2_PLACEMENT_3D ( 'NONE', #298, #4342, #2304 ) ;
#886 = FACE_BOUND ( 'NONE', #1861, .T. ) ;
#887 = CIRCLE ( 'NONE', #36, 1.500000000000001332 ) ;
#888 = EDGE_CURVE ( 'NONE', #1384, #3687, #650, .T. ) ;
#889 = CARTESIAN_POINT ( 'NONE',  ( 12.50000000000000000, 0.0000000000000000000, 79.75000000000000000 ) ) ;
#890 = CARTESIAN_POINT ( 'NONE',  ( 19.50000000000009948, 0.0000000000000000000, 8.749999999999918288 ) ) ;
#891 = ORIENTED_EDGE ( 'NONE', *, *, #3318, .T. ) ;
#892 = CARTESIAN_POINT ( 'NONE',  ( 27.00000000000000355, 30.81659999999999044, 79.75000000000000000 ) ) ;
#893 = CIRCLE ( 'NONE', #4209, 1.500000000000001332 ) ;
#894 = EDGE_LOOP ( 'NONE', ( #4241, #2729, #2, #2996 ) ) ;
#895 = EDGE_CURVE ( 'NONE', #2648, #2103, #4338, .T. ) ;
#896 = CARTESIAN_POINT ( 'NONE',  ( 12.50000000000014744, -10.00000000000000000, 15.74999999999998934 ) ) ;
#897 = VERTEX_POINT ( 'NONE', #48 ) ;
#898 = ORIENTED_EDGE ( 'NONE', *, *, #33, .T. ) ;
#899 = ORIENTED_EDGE ( 'NONE', *, *, #4296, .F. ) ;
#900 = DIRECTION ( 'NONE',  ( 0.0000000000000000000, 1.000000000000000000, 0.0000000000000000000 ) ) ;
#901 = DIRECTION ( 'NONE',  ( 0.0000000000000000000, 0.0000000000000000000, -1.000000000000000000 ) ) ;
#902 = EDGE_CURVE ( 'NONE', #1544, #2074, #3002, .T. ) ;
#903 = EDGE_LOOP ( 'NONE', ( #2951, #865 ) ) ;
#904 = CARTESIAN_POINT ( 'NONE',  ( -2.000000000000000000, 30.81659999999998689, 10.24999999999999467 ) ) ;
#905 = LINE ( 'NONE', #2516, #2533 ) ;
#906 = DIRECTION ( 'NONE',  ( 0.0000000000000000000, 0.0000000000000000000, 1.000000000000000000 ) ) ;
#907 = FACE_BOUND ( 'NONE', #1850, .T. ) ;
#908 = LINE ( 'NONE', #3152, #2584 ) ;
#909 = FACE_OUTER_BOUND ( 'NONE', #3290, .T. ) ;
#910 = CARTESIAN_POINT ( 'NONE',  ( 19.50000000000009948, -10.00000000000000000, 44.99999999999992184 ) ) ;
#911 = CARTESIAN_POINT ( 'NONE',  ( -2.000000000000000000, 42.00000000000000000, 5.000000000000031974 ) ) ;
#912 = CARTESIAN_POINT ( 'NONE',  ( 12.50000000000000000, -10.00000000000000000, 10.24999999999999467 ) ) ;
#913 = AXIS2_PLACEMENT_3D ( 'NONE', #1268, #1597, #625 ) ;
#914 = EDGE_LOOP ( 'NONE', ( #2523, #2740, #3027, #1030 ) ) ;
#915 = ORIENTED_EDGE ( 'NONE', *, *, #3431, .T. ) ;
#916 = CARTESIAN_POINT ( 'NONE',  ( 27.00000000000000355, 30.81660000000005439, 86.75000000000009948 ) ) ;
#917 = CARTESIAN_POINT ( 'NONE',  ( 5.500000000000100364, -2.000000000000000000, 10.25000000000002309 ) ) ;
#918 = ORIENTED_EDGE ( 'NONE', *, *, #1208, .F. ) ;
#919 = ORIENTED_EDGE ( 'NONE', *, *, #2922, .T. ) ;
#920 = ADVANCED_FACE ( 'NONE', ( #543 ), #224, .F. ) ;
#921 = ORIENTED_EDGE ( 'NONE', *, *, #4379, .F. ) ;
#922 = CARTESIAN_POINT ( 'NONE',  ( 27.00000000000000355, 30.81659999999998689, 17.24999999999999289 ) ) ;
#923 = CARTESIAN_POINT ( 'NONE',  ( 27.00000000000000355, 30.81660000000006150, 52.00000000000008527 ) ) ;
#924 = ORIENTED_EDGE ( 'NONE', *, *, #64, .T. ) ;
#925 = AXIS2_PLACEMENT_3D ( 'NONE', #3597, #1889, #273 ) ;
#926 = ORIENTED_EDGE ( 'NONE', *, *, #3747, .F. ) ;
#927 = CARTESIAN_POINT ( 'NONE',  ( 25.00000000000000000, 30.81659999999999044, 83.75000000000000000 ) ) ;
#928 = DIRECTION ( 'NONE',  ( -1.000000000000000000, 0.0000000000000000000, 0.0000000000000000000 ) ) ;
#929 = ORIENTED_EDGE ( 'NONE', *, *, #3078, .F. ) ;
#930 = LINE ( 'NONE', #4113, #354 ) ;
#931 = AXIS2_PLACEMENT_3D ( 'NONE', #580, #2272, #3905 ) ;
#932 = CIRCLE ( 'NONE', #255, 1.500000000000001332 ) ;
#933 = ORIENTED_EDGE ( 'NONE', *, *, #1369, .F. ) ;
#934 = CARTESIAN_POINT ( 'NONE',  ( 27.00000000000000355, 37.81659999999999400, 58.75000000000000000 ) ) ;
#935 = DIRECTION ( 'NONE',  ( -0.0000000000000000000, 1.000000000000000000, -0.0000000000000000000 ) ) ;
#936 = FACE_BOUND ( 'NONE', #55, .T. ) ;
#937 = ORIENTED_EDGE ( 'NONE', *, *, #220, .F. ) ;
#938 = ADVANCED_FACE ( 'NONE', ( #3168 ), #2668, .F. ) ;
#939 = DIRECTION ( 'NONE',  ( -1.000000000000000000, -0.0000000000000000000, -0.0000000000000000000 ) ) ;
#940 = CARTESIAN_POINT ( 'NONE',  ( 0.0000000000000000000, 30.81659999999997979, 71.25000000000009948 ) ) ;
#941 = FACE_OUTER_BOUND ( 'NONE', #1263, .T. ) ;
#942 = DIRECTION ( 'NONE',  ( -1.000000000000000000, -0.0000000000000000000, -0.0000000000000000000 ) ) ;
#943 = CYLINDRICAL_SURFACE ( 'NONE', #814, 4.000000000000003553 ) ;
#944 = ORIENTED_EDGE ( 'NONE', *, *, #2754, .F. ) ;
#945 = ORIENTED_EDGE ( 'NONE', *, *, #1513, .T. ) ;
#946 = VERTEX_POINT ( 'NONE', #1444 ) ;
#947 = EDGE_LOOP ( 'NONE', ( #2187, #3958, #2934, #2867 ) ) ;
#948 = EDGE_CURVE ( 'NONE', #3710, #2752, #2096, .T. ) ;
#949 = CARTESIAN_POINT ( 'NONE',  ( 19.50000000000009948, -2.000000000000000000, 79.74999999999992895 ) ) ;
#950 = AXIS2_PLACEMENT_3D ( 'NONE', #2704, #2358, #2035 ) ;
#951 = ORIENTED_EDGE ( 'NONE', *, *, #3787, .F. ) ;
#952 = VECTOR ( 'NONE', #2415, 1000.000000000000000 ) ;
#953 = DIRECTION ( 'NONE',  ( 0.0000000000000000000, 0.0000000000000000000, 1.000000000000000000 ) ) ;
#954 = CIRCLE ( 'NONE', #637, 0.7366000000000004766 ) ;
#955 = VERTEX_POINT ( 'NONE', #1749 ) ;
#956 = LINE ( 'NONE', #862, #499 ) ;
#957 = EDGE_CURVE ( 'NONE', #1195, #3763, #986, .T. ) ;
#958 = CARTESIAN_POINT ( 'NONE',  ( 25.00000000000000000, 0.0000000000000000000, 90.00000000000000000 ) ) ;
#959 = CARTESIAN_POINT ( 'NONE',  ( 25.00000000000000000, 0.7366000000000000325, 90.00000000000000000 ) ) ;
#960 = VECTOR ( 'NONE', #1927, 1000.000000000000000 ) ;
#961 = AXIS2_PLACEMENT_3D ( 'NONE', #822, #477, #806 ) ;
#962 = LINE ( 'NONE', #1852, #1483 ) ;
#963 = ORIENTED_EDGE ( 'NONE', *, *, #3595, .T. ) ;
#964 = ORIENTED_EDGE ( 'NONE', *, *, #1302, .T. ) ;
#965 = VERTEX_POINT ( 'NONE', #1777 ) ;
#966 = DIRECTION ( 'NONE',  ( 0.0000000000000000000, 0.0000000000000000000, 1.000000000000000000 ) ) ;
#967 = DIRECTION ( 'NONE',  ( -1.000000000000000000, 0.0000000000000000000, 0.0000000000000000000 ) ) ;
#968 = CARTESIAN_POINT ( 'NONE',  ( 27.00000000000000355, 30.81660000000005439, 88.25000000000009948 ) ) ;
#969 = APPROVAL ( #744, '未指定' ) ;
#970 = EDGE_LOOP ( 'NONE', ( #203, #1924, #3755, #976 ) ) ;
#971 = EDGE_CURVE ( 'NONE', #2661, #375, #2884, .T. ) ;
#972 = EDGE_LOOP ( 'NONE', ( #661, #4104, #2434, #3605 ) ) ;
#973 = DIRECTION ( 'NONE',  ( 0.0000000000000000000, 1.000000000000000000, 0.0000000000000000000 ) ) ;
#974 = CARTESIAN_POINT ( 'NONE',  ( 12.50000000000014744, 0.0000000000000000000, 86.75000000000000000 ) ) ;
#975 = DIRECTION ( 'NONE',  ( -1.000000000000000000, 0.0000000000000000000, 0.0000000000000000000 ) ) ;
#976 = ORIENTED_EDGE ( 'NONE', *, *, #3183, .F. ) ;
#977 = EDGE_LOOP ( 'NONE', ( #1072, #3712 ) ) ;
#978 = EDGE_CURVE ( 'NONE', #2651, #4347, #3355, .T. ) ;
#979 = ORIENTED_EDGE ( 'NONE', *, *, #1423, .T. ) ;
#980 = CARTESIAN_POINT ( 'NONE',  ( 0.0000000000000000000, -2.000000000000000000, 90.00000000000000000 ) ) ;
#981 = CARTESIAN_POINT ( 'NONE',  ( -2.000000000000000000, 30.81659999999998689, 17.24999999999999289 ) ) ;
#982 = EDGE_CURVE ( 'NONE', #3089, #2049, #476, .T. ) ;
#983 = AXIS2_PLACEMENT_3D ( 'NONE', #4244, #531, #849 ) ;
#984 = LINE ( 'NONE', #753, #4044 ) ;
#985 = DIRECTION ( 'NONE',  ( 1.000000000000000000, 0.0000000000000000000, 0.0000000000000000000 ) ) ;
#986 = CIRCLE ( 'NONE', #488, 1.500000000000001332 ) ;
#987 = CYLINDRICAL_SURFACE ( 'NONE', #3955, 1.500000000000001332 ) ;
#988 = DIRECTION ( 'NONE',  ( 0.0000000000000000000, 0.0000000000000000000, 1.000000000000000000 ) ) ;
#989 = ORIENTED_EDGE ( 'NONE', *, *, #1484, .T. ) ;
#990 = AXIS2_PLACEMENT_3D ( 'NONE', #3926, #2580, #1896 ) ;
#991 = AXIS2_PLACEMENT_3D ( 'NONE', #2205, #3916, #3515 ) ;
#992 = CIRCLE ( 'NONE', #3242, 1.500000000000001332 ) ;
#993 = DIRECTION ( 'NONE',  ( 0.0000000000000000000, 0.0000000000000000000, 1.000000000000000000 ) ) ;
#994 = DIRECTION ( 'NONE',  ( -0.0000000000000000000, 1.000000000000000000, -0.0000000000000000000 ) ) ;
#995 = ORIENTED_EDGE ( 'NONE', *, *, #4125, .T. ) ;
#996 = ORIENTED_EDGE ( 'NONE', *, *, #512, .F. ) ;
#997 = ORIENTED_EDGE ( 'NONE', *, *, #2984, .T. ) ;
#998 = CARTESIAN_POINT ( 'NONE',  ( 12.50000000000000000, 0.0000000000000000000, 39.50000000000000000 ) ) ;
#999 = CARTESIAN_POINT ( 'NONE',  ( -2.000000000000000000, 30.81659999999997979, 72.75000000000008527 ) ) ;
#1000 = VERTEX_POINT ( 'NONE', #3806 ) ;
#1001 = EDGE_LOOP ( 'NONE', ( #3185, #719, #400, #240 ) ) ;
#1002 = LINE ( 'NONE', #3896, #3220 ) ;
#1003 = CIRCLE ( 'NONE', #2567, 1.500000000000001332 ) ;
#1004 = CARTESIAN_POINT ( 'NONE',  ( 27.00000000000000355, 30.81659999999997979, 72.75000000000008527 ) ) ;
#1005 = FACE_BOUND ( 'NONE', #3549, .T. ) ;
#1006 = CIRCLE ( 'NONE', #2941, 1.500000000000001332 ) ;
#1007 = EDGE_CURVE ( 'NONE', #2757, #593, #3950, .T. ) ;
#1008 = CARTESIAN_POINT ( 'NONE',  ( -2.000000000000000000, 37.81659999999999400, 79.75000000000000000 ) ) ;
#1009 = CIRCLE ( 'NONE', #1744, 5.000000000000000000 ) ;
#1010 = AXIS2_PLACEMENT_3D ( 'NONE', #4343, #2333, #2317 ) ;
#1011 = CARTESIAN_POINT ( 'NONE',  ( 27.00000000000000355, 23.81659999999997979, 79.75000000000015632 ) ) ;
#1012 = ORIENTED_EDGE ( 'NONE', *, *, #1186, .T. ) ;
#1013 = DIRECTION ( 'NONE',  ( -1.000000000000000000, -0.0000000000000000000, -0.0000000000000000000 ) ) ;
#1014 = ORIENTED_EDGE ( 'NONE', *, *, #2904, .F. ) ;
#1015 = VERTEX_POINT ( 'NONE', #2871 ) ;
#1016 = VERTEX_POINT ( 'NONE', #195 ) ;
#1017 = CARTESIAN_POINT ( 'NONE',  ( 12.50000000000014744, -10.00000000000000000, 51.99999999999999289 ) ) ;
#1018 = EDGE_LOOP ( 'NONE', ( #1911, #3023, #1494, #4226 ) ) ;
#1019 = EDGE_LOOP ( 'NONE', ( #3441, #2004, #314, #445 ) ) ;
#1020 = DIRECTION ( 'NONE',  ( 0.0000000000000000000, 1.000000000000000000, 0.0000000000000000000 ) ) ;
#1021 = CARTESIAN_POINT ( 'NONE',  ( 0.7366000000000001435, 0.7365999999999999215, 90.00000000000000000 ) ) ;
#1022 = ORIENTED_EDGE ( 'NONE', *, *, #442, .T. ) ;
#1023 = EDGE_CURVE ( 'NONE', #4138, #579, #16, .T. ) ;
#1024 = VERTEX_POINT ( 'NONE', #487 ) ;
#1025 = DIRECTION ( 'NONE',  ( 0.0000000000000000000, 0.0000000000000000000, 1.000000000000000000 ) ) ;
#1026 = DIRECTION ( 'NONE',  ( 0.0000000000000000000, 1.000000000000000000, 0.0000000000000000000 ) ) ;
#1027 = ORIENTED_EDGE ( 'NONE', *, *, #2841, .T. ) ;
#1028 = EDGE_CURVE ( 'NONE', #2297, #1711, #1147, .T. ) ;
#1029 = AXIS2_PLACEMENT_3D ( 'NONE', #3581, #1563, #1907 ) ;
#1030 = ORIENTED_EDGE ( 'NONE', *, *, #3580, .F. ) ;
#1031 = DIRECTION ( 'NONE',  ( 0.0000000000000000000, 0.0000000000000000000, 1.000000000000000000 ) ) ;
#1032 = SHAPE_DEFINITION_REPRESENTATION ( #3579, #3258 ) ;
#1033 = CIRCLE ( 'NONE', #1155, 1.500000000000001332 ) ;
#1034 = EDGE_CURVE ( 'NONE', #3763, #1195, #578, .T. ) ;
#1035 = AXIS2_PLACEMENT_3D ( 'NONE', #1021, #1067, #2693 ) ;
#1036 = VERTEX_POINT ( 'NONE', #803 ) ;
#1037 = DIRECTION ( 'NONE',  ( -1.000000000000000000, -0.0000000000000000000, -0.0000000000000000000 ) ) ;
#1038 = LINE ( 'NONE', #109, #1461 ) ;
#1039 = DIRECTION ( 'NONE',  ( 0.0000000000000000000, 0.0000000000000000000, -1.000000000000000000 ) ) ;
#1040 = EDGE_LOOP ( 'NONE', ( #2346, #1922 ) ) ;
#1041 = DIRECTION ( 'NONE',  ( 0.0000000000000000000, 0.0000000000000000000, -1.000000000000000000 ) ) ;
#1042 = VECTOR ( 'NONE', #1705, 1000.000000000000000 ) ;
#1043 = DIRECTION ( 'NONE',  ( -1.000000000000000000, -0.0000000000000000000, -0.0000000000000000000 ) ) ;
#1044 = AXIS2_PLACEMENT_3D ( 'NONE', #1436, #3117, #1387 ) ;
#1045 = FACE_OUTER_BOUND ( 'NONE', #2873, .T. ) ;
#1046 = ORIENTED_EDGE ( 'NONE', *, *, #2027, .F. ) ;
#1047 = ORIENTED_EDGE ( 'NONE', *, *, #1881, .T. ) ;
#1048 = EDGE_CURVE ( 'NONE', #1899, #3345, #1458, .T. ) ;
#1049 = CARTESIAN_POINT ( 'NONE',  ( 5.500000000000100364, -2.000000000000000000, 11.75000000000002487 ) ) ;
#1050 = PLANE ( 'NONE',  #1393 ) ;
#1051 = ORIENTED_EDGE ( 'NONE', *, *, #2469, .T. ) ;
#1052 = VERTEX_POINT ( 'NONE', #4239 ) ;
#1053 = VERTEX_POINT ( 'NONE', #182 ) ;
#1054 = CARTESIAN_POINT ( 'NONE',  ( 12.50000000000014744, 0.0000000000000000000, 17.24999999999998934 ) ) ;
#1055 = CARTESIAN_POINT ( 'NONE',  ( 0.0000000000000000000, 30.81659999999997979, 74.25000000000008527 ) ) ;
#1056 = CYLINDRICAL_SURFACE ( 'NONE', #4352, 5.000000000000004441 ) ;
#1057 = LINE ( 'NONE', #2057, #2482 ) ;
#1058 = VERTEX_POINT ( 'NONE', #3872 ) ;
#1059 = CYLINDRICAL_SURFACE ( 'NONE', #173, 1.500000000000001332 ) ;
#1060 = EDGE_CURVE ( 'NONE', #1413, #2910, #1033, .T. ) ;
#1061 = CARTESIAN_POINT ( 'NONE',  ( 27.00000000000000355, 30.81659999999998689, 10.24999999999999467 ) ) ;
#1062 = CARTESIAN_POINT ( 'NONE',  ( 0.0000000000000000000, 42.00000000000000000, 84.99999999999998579 ) ) ;
#1063 = CYLINDRICAL_SURFACE ( 'NONE', #3207, 4.000000000000000000 ) ;
#1064 = LINE ( 'NONE', #1678, #3540 ) ;
#1065 = CARTESIAN_POINT ( 'NONE',  ( 5.500000000000100364, 0.0000000000000000000, 45.00000000000002842 ) ) ;
#1066 = EDGE_CURVE ( 'NONE', #1938, #4280, #305, .T. ) ;
#1067 = DIRECTION ( 'NONE',  ( -0.0000000000000000000, -0.0000000000000000000, -1.000000000000000000 ) ) ;
#1068 = AXIS2_PLACEMENT_3D ( 'NONE', #3026, #402, #2728 ) ;
#1069 = ORIENTED_EDGE ( 'NONE', *, *, #2383, .T. ) ;
#1070 = CARTESIAN_POINT ( 'NONE',  ( 27.00000000000000355, 37.81659999999999400, 81.25000000000000000 ) ) ;
#1071 = ORIENTED_EDGE ( 'NONE', *, *, #1529, .F. ) ;
#1072 = ORIENTED_EDGE ( 'NONE', *, *, #227, .F. ) ;
#1073 = CARTESIAN_POINT ( 'NONE',  ( 12.50000000000000000, -10.00000000000000000, 1.749999999999994671 ) ) ;
#1074 = ORIENTED_EDGE ( 'NONE', *, *, #3740, .F. ) ;
#1075 = AXIS2_PLACEMENT_3D ( 'NONE', #2047, #371, #431 ) ;
#1076 = CARTESIAN_POINT ( 'NONE',  ( 27.00000000000000355, 30.81659999999998689, 17.24999999999999289 ) ) ;
#1077 = AXIS2_PLACEMENT_3D ( 'NONE', #4375, #361, #2707 ) ;
#1078 = CARTESIAN_POINT ( 'NONE',  ( -2.000000000000000000, 42.00000000000000000, 90.00000000000000000 ) ) ;
#1079 = EDGE_CURVE ( 'NONE', #3729, #2651, #79, .T. ) ;
#1080 = EDGE_LOOP ( 'NONE', ( #2229, #761, #3553, #1842 ) ) ;
#1081 = EDGE_LOOP ( 'NONE', ( #4040, #730, #2593, #2843, #759, #3853 ) ) ;
#1082 = CARTESIAN_POINT ( 'NONE',  ( 27.00000000000000355, 30.81659999999999044, 40.99999999999999289 ) ) ;
#1083 = DIRECTION ( 'NONE',  ( -0.0000000000000000000, 1.000000000000000000, -0.0000000000000000000 ) ) ;
#1084 = EDGE_LOOP ( 'NONE', ( #929, #692 ) ) ;
#1085 = CARTESIAN_POINT ( 'NONE',  ( 5.500000000000100364, 0.0000000000000000000, 8.750000000000021316 ) ) ;
#1086 = CARTESIAN_POINT ( 'NONE',  ( 5.500000000000100364, -10.00000000000000000, 10.25000000000002309 ) ) ;
#1087 = CIRCLE ( 'NONE', #1714, 1.500000000000001332 ) ;
#1088 = FACE_OUTER_BOUND ( 'NONE', #234, .T. ) ;
#1089 = PERSON_AND_ORGANIZATION_ROLE ( 'design_owner' ) ;
#1090 = EDGE_CURVE ( 'NONE', #2503, #2621, #3507, .T. ) ;
#1091 = AXIS2_PLACEMENT_3D ( 'NONE', #2303, #2973, #296 ) ;
#1092 = VECTOR ( 'NONE', #3502, 1000.000000000000000 ) ;
#1093 = VECTOR ( 'NONE', #3484, 1000.000000000000000 ) ;
#1094 = CARTESIAN_POINT ( 'NONE',  ( -2.000000000000000000, 30.81659999999998689, 6.249999999999993783 ) ) ;
#1095 = DIRECTION ( 'NONE',  ( -1.000000000000000000, -0.0000000000000000000, -0.0000000000000000000 ) ) ;
#1096 = ORIENTED_EDGE ( 'NONE', *, *, #957, .F. ) ;
#1097 = ADVANCED_FACE ( 'NONE', ( #3676 ), #1205, .F. ) ;
#1098 = EDGE_CURVE ( 'NONE', #2541, #1655, #1668, .T. ) ;
#1099 = CIRCLE ( 'NONE', #4304, 1.500000000000001332 ) ;
#1100 = CARTESIAN_POINT ( 'NONE',  ( -2.000000000000000000, 23.81659999999997979, 79.75000000000015632 ) ) ;
#1101 = ORIENTED_EDGE ( 'NONE', *, *, #4207, .T. ) ;
#1102 = EDGE_LOOP ( 'NONE', ( #3941, #1681, #3098, #1295 ) ) ;
#1103 = VERTEX_POINT ( 'NONE', #546 ) ;
#1104 = ORIENTED_EDGE ( 'NONE', *, *, #3892, .F. ) ;
#1105 = CARTESIAN_POINT ( 'NONE',  ( 0.0000000000000000000, 30.81659999999995847, 38.00000000000007816 ) ) ;
#1106 = CARTESIAN_POINT ( 'NONE',  ( 12.50000000000000000, -2.000000000000000000, 1.749999999999994671 ) ) ;
#1107 = AXIS2_PLACEMENT_3D ( 'NONE', #1054, #69, #3797 ) ;
#1108 = VERTEX_POINT ( 'NONE', #3184 ) ;
#1109 = EDGE_CURVE ( 'NONE', #868, #3600, #3460, .T. ) ;
#1110 = CYLINDRICAL_SURFACE ( 'NONE', #991, 4.000000000000003553 ) ;
#1111 = PLANE ( 'NONE',  #4331 ) ;
#1112 = CIRCLE ( 'NONE', #666, 4.000000000000001776 ) ;
#1113 = VECTOR ( 'NONE', #3361, 1000.000000000000000 ) ;
#1114 = CIRCLE ( 'NONE', #1985, 1.500000000000001332 ) ;
#1115 = CYLINDRICAL_SURFACE ( 'NONE', #1439, 1.500000000000001332 ) ;
#1116 = DIRECTION ( 'NONE',  ( 0.0000000000000000000, 1.000000000000000000, 0.0000000000000000000 ) ) ;
#1117 = CARTESIAN_POINT ( 'NONE',  ( 27.00000000000000355, 23.81659999999997979, 43.50000000000014921 ) ) ;
#1118 = CARTESIAN_POINT ( 'NONE',  ( 0.0000000000000000000, 37.81659999999999400, 32.75000000000000000 ) ) ;
#1119 = ORIENTED_EDGE ( 'NONE', *, *, #639, .F. ) ;
#1120 = EDGE_CURVE ( 'NONE', #2222, #1108, #2564, .T. ) ;
#1121 = ADVANCED_FACE ( 'NONE', ( #3778 ), #201, .F. ) ;
#1122 = VERTEX_POINT ( 'NONE', #2886 ) ;
#1123 = CARTESIAN_POINT ( 'NONE',  ( 27.00000000000000355, 37.81659999999999400, 43.50000000000000000 ) ) ;
#1124 = CARTESIAN_POINT ( 'NONE',  ( 27.00000000000000355, 37.00000000000000000, 5.000000000000000000 ) ) ;
#1125 = EDGE_LOOP ( 'NONE', ( #504, #3416 ) ) ;
#1126 = EDGE_CURVE ( 'NONE', #2621, #126, #2043, .T. ) ;
#1127 = ORIENTED_EDGE ( 'NONE', *, *, #671, .F. ) ;
#1128 = DIRECTION ( 'NONE',  ( 0.0000000000000000000, 0.0000000000000000000, 1.000000000000000000 ) ) ;
#1129 = AXIS2_PLACEMENT_3D ( 'NONE', #500, #1508, #187 ) ;
#1130 = ADVANCED_FACE ( 'NONE', ( #258 ), #3034, .F. ) ;
#1131 = ORIENTED_EDGE ( 'NONE', *, *, #2263, .F. ) ;
#1132 = EDGE_LOOP ( 'NONE', ( #2692, #464, #2676, #4134 ) ) ;
#1133 = CARTESIAN_POINT ( 'NONE',  ( 27.00000000000000355, 23.81659999999997979, 45.00000000000014921 ) ) ;
#1134 = CARTESIAN_POINT ( 'NONE',  ( 27.00000000000000355, 37.81659999999999400, 32.75000000000000000 ) ) ;
#1135 = AXIS2_PLACEMENT_3D ( 'NONE', #267, #2956, #1955 ) ;
#1136 = ORIENTED_EDGE ( 'NONE', *, *, #762, .T. ) ;
#1137 = EDGE_CURVE ( 'NONE', #2079, #1918, #932, .T. ) ;
#1138 = DIRECTION ( 'NONE',  ( 1.000000000000000000, -0.0000000000000000000, 0.0000000000000000000 ) ) ;
#1139 = ORIENTED_EDGE ( 'NONE', *, *, #408, .T. ) ;
#1140 = DIRECTION ( 'NONE',  ( 0.0000000000000000000, 0.0000000000000000000, 1.000000000000000000 ) ) ;
#1141 = DIRECTION ( 'NONE',  ( 0.0000000000000000000, 0.0000000000000000000, 1.000000000000000000 ) ) ;
#1142 = LOCAL_TIME ( 17, 25, 47.00000000000000000, #675 ) ;
#1143 = ADVANCED_FACE ( 'NONE', ( #2154 ), #1313, .F. ) ;
#1144 = ORIENTED_EDGE ( 'NONE', *, *, #2444, .T. ) ;
#1145 = VECTOR ( 'NONE', #2418, 1000.000000000000000 ) ;
#1146 = CARTESIAN_POINT ( 'NONE',  ( 5.500000000000100364, -10.00000000000000000, 8.750000000000021316 ) ) ;
#1147 = LINE ( 'NONE', #3196, #4369 ) ;
#1148 = CARTESIAN_POINT ( 'NONE',  ( 12.50000000000014744, -10.00000000000000000, 17.24999999999998934 ) ) ;
#1149 = CARTESIAN_POINT ( 'NONE',  ( 0.0000000000000000000, 30.81659999999999044, 83.75000000000000000 ) ) ;
#1150 = ORIENTED_EDGE ( 'NONE', *, *, #4125, .F. ) ;
#1151 = ADVANCED_FACE ( 'NONE', ( #2988 ), #1994, .F. ) ;
#1152 = CARTESIAN_POINT ( 'NONE',  ( 0.0000000000000000000, 37.00000000000000711, 84.99999999999998579 ) ) ;
#1153 = FACE_BOUND ( 'NONE', #1255, .T. ) ;
#1154 = CARTESIAN_POINT ( 'NONE',  ( 27.00000000000000355, 30.81659999999995847, 39.50000000000008527 ) ) ;
#1155 = AXIS2_PLACEMENT_3D ( 'NONE', #1827, #3856, #4195 ) ;
#1156 = EDGE_LOOP ( 'NONE', ( #1417, #2654, #989, #1698 ) ) ;
#1157 = LINE ( 'NONE', #2708, #2724 ) ;
#1158 = DIRECTION ( 'NONE',  ( 0.0000000000000000000, 0.0000000000000000000, 1.000000000000000000 ) ) ;
#1159 = CARTESIAN_POINT ( 'NONE',  ( 25.00000000000000000, 0.0000000000000000000, 0.0000000000000000000 ) ) ;
#1160 = VECTOR ( 'NONE', #3045, 1000.000000000000000 ) ;
#1161 = VERTEX_POINT ( 'NONE', #890 ) ;
#1162 = ORIENTED_EDGE ( 'NONE', *, *, #2489, .F. ) ;
#1163 = AXIS2_PLACEMENT_3D ( 'NONE', #3733, #939, #2392 ) ;
#1164 = DIRECTION ( 'NONE',  ( -1.000000000000000000, -0.0000000000000000000, -0.0000000000000000000 ) ) ;
#1165 = DIRECTION ( 'NONE',  ( 0.0000000000000000000, 1.000000000000000000, 0.0000000000000000000 ) ) ;
#1166 = DIRECTION ( 'NONE',  ( -1.000000000000000000, -0.0000000000000000000, -0.0000000000000000000 ) ) ;
#1167 = ORIENTED_EDGE ( 'NONE', *, *, #789, .F. ) ;
#1168 = ORIENTED_EDGE ( 'NONE', *, *, #2309, .F. ) ;
#1169 = ADVANCED_FACE ( 'NONE', ( #2773 ), #4158, .F. ) ;
#1170 = DIRECTION ( 'NONE',  ( 0.0000000000000000000, 0.0000000000000000000, 1.000000000000000000 ) ) ;
#1171 = ORIENTED_EDGE ( 'NONE', *, *, #628, .T. ) ;
#1172 = VECTOR ( 'NONE', #3739, 1000.000000000000000 ) ;
#1173 = DIRECTION ( 'NONE',  ( 1.000000000000000000, 0.0000000000000000000, 0.0000000000000000000 ) ) ;
#1174 = CYLINDRICAL_SURFACE ( 'NONE', #2705, 1.499999999999987566 ) ;
#1175 = EDGE_LOOP ( 'NONE', ( #2894, #2652 ) ) ;
#1176 = CIRCLE ( 'NONE', #3301, 1.500000000000001332 ) ;
#1177 = CIRCLE ( 'NONE', #283, 1.500000000000001332 ) ;
#1178 = CARTESIAN_POINT ( 'NONE',  ( 27.00000000000000355, 30.81659999999995847, 38.00000000000007816 ) ) ;
#1179 = DIRECTION ( 'NONE',  ( -0.0000000000000000000, 1.000000000000000000, -0.0000000000000000000 ) ) ;
#1180 = CIRCLE ( 'NONE', #3440, 1.500000000000001332 ) ;
#1181 = EDGE_LOOP ( 'NONE', ( #1726, #3719, #1870, #4361 ) ) ;
#1182 = CARTESIAN_POINT ( 'NONE',  ( 27.00000000000000355, 0.7366000000000000325, 90.00000000000000000 ) ) ;
#1183 = DIRECTION ( 'NONE',  ( 0.0000000000000000000, 0.0000000000000000000, 1.000000000000000000 ) ) ;
#1184 = DIRECTION ( 'NONE',  ( 0.0000000000000000000, 0.0000000000000000000, 1.000000000000000000 ) ) ;
#1185 = ORIENTED_EDGE ( 'NONE', *, *, #3291, .T. ) ;
#1186 = EDGE_CURVE ( 'NONE', #3476, #3126, #1564, .T. ) ;
#1187 = AXIS2_PLACEMENT_3D ( 'NONE', #2371, #2021, #2052 ) ;
#1188 = DIRECTION ( 'NONE',  ( 0.0000000000000000000, 0.0000000000000000000, 1.000000000000000000 ) ) ;
#1189 = DIRECTION ( 'NONE',  ( 0.0000000000000000000, 0.0000000000000000000, 1.000000000000000000 ) ) ;
#1190 = VERTEX_POINT ( 'NONE', #3271 ) ;
#1191 = EDGE_CURVE ( 'NONE', #3754, #1488, #3570, .T. ) ;
#1192 = AXIS2_PLACEMENT_3D ( 'NONE', #581, #3588, #1940 ) ;
#1193 = VERTEX_POINT ( 'NONE', #3282 ) ;
#1194 = ADVANCED_FACE ( 'NONE', ( #886, #681, #1885, #4268, #3251, #1260, #136, #782, #2356, #4049, #3620, #3145, #2262, #1354, #355, #2936, #3722, #2826 ), #2240, .T. ) ;
#1195 = VERTEX_POINT ( 'NONE', #4258 ) ;
#1196 = DIRECTION ( 'NONE',  ( 0.0000000000000000000, 0.0000000000000000000, 1.000000000000000000 ) ) ;
#1197 = DIRECTION ( 'NONE',  ( 1.000000000000000000, 0.0000000000000000000, 0.0000000000000000000 ) ) ;
#1198 = CARTESIAN_POINT ( 'NONE',  ( 27.00000000000000355, 30.81660000000005439, 86.75000000000009948 ) ) ;
#1199 = EDGE_CURVE ( 'NONE', #315, #965, #1830, .T. ) ;
#1200 = DIRECTION ( 'NONE',  ( -1.000000000000000000, -0.0000000000000000000, -0.0000000000000000000 ) ) ;
#1201 = CARTESIAN_POINT ( 'NONE',  ( 12.50000000000014744, -10.00000000000000000, 53.49999999999999289 ) ) ;
#1202 = CIRCLE ( 'NONE', #4137, 1.499999999999987566 ) ;
#1203 = LINE ( 'NONE', #674, #2091 ) ;
#1204 = DIRECTION ( 'NONE',  ( 0.0000000000000000000, 0.0000000000000000000, 1.000000000000000000 ) ) ;
#1205 = CYLINDRICAL_SURFACE ( 'NONE', #4240, 1.499999999999987566 ) ;
#1206 = LINE ( 'NONE', #401, #784 ) ;
#1207 = ORIENTED_EDGE ( 'NONE', *, *, #2528, .F. ) ;
#1208 = EDGE_CURVE ( 'NONE', #3546, #1348, #3895, .T. ) ;
#1209 = CARTESIAN_POINT ( 'NONE',  ( -2.000000000000000000, 37.81659999999999400, 31.25000000000000000 ) ) ;
#1210 = DIRECTION ( 'NONE',  ( 0.0000000000000000000, 0.0000000000000000000, 1.000000000000000000 ) ) ;
#1211 = CIRCLE ( 'NONE', #3749, 1.500000000000001332 ) ;
#1212 = ADVANCED_FACE ( 'NONE', ( #1937 ), #4367, .F. ) ;
#1213 = VECTOR ( 'NONE', #2866, 1000.000000000000000 ) ;
#1214 = VERTEX_POINT ( 'NONE', #1920 ) ;
#1215 = ORIENTED_EDGE ( 'NONE', *, *, #3130, .T. ) ;
#1216 = EDGE_CURVE ( 'NONE', #617, #126, #469, .T. ) ;
#1217 = CARTESIAN_POINT ( 'NONE',  ( -2.000000000000000000, 30.81659999999998689, 3.249999999999996003 ) ) ;
#1218 = AXIS2_PLACEMENT_3D ( 'NONE', #506, #2861, #1204 ) ;
#1219 = LINE ( 'NONE', #4224, #3471 ) ;
#1220 = ORIENTED_EDGE ( 'NONE', *, *, #3147, .F. ) ;
#1221 = VERTEX_POINT ( 'NONE', #619 ) ;
#1222 = CIRCLE ( 'NONE', #1270, 1.500000000000001332 ) ;
#1223 = FACE_OUTER_BOUND ( 'NONE', #1478, .T. ) ;
#1224 = FACE_OUTER_BOUND ( 'NONE', #1844, .T. ) ;
#1225 = AXIS2_PLACEMENT_3D ( 'NONE', #2063, #3655, #711 ) ;
#1226 = DIRECTION ( 'NONE',  ( -0.0000000000000000000, 1.000000000000000000, -0.0000000000000000000 ) ) ;
#1227 = CARTESIAN_POINT ( 'NONE',  ( 27.00000000000000355, 30.81659999999999044, 49.00000000000000000 ) ) ;
#1228 = AXIS2_PLACEMENT_3D ( 'NONE', #2616, #2588, #1932 ) ;
#1229 = LINE ( 'NONE', #223, #3748 ) ;
#1230 = EDGE_CURVE ( 'NONE', #3035, #897, #2716, .T. ) ;
#1231 = LINE ( 'NONE', #1796, #2011 ) ;
#1232 = CIRCLE ( 'NONE', #2508, 1.500000000000001332 ) ;
#1233 = CARTESIAN_POINT ( 'NONE',  ( 5.500000000000100364, -10.00000000000000000, 10.25000000000002309 ) ) ;
#1234 = EDGE_LOOP ( 'NONE', ( #3201, #3280, #4281, #3659 ) ) ;
#1235 = DIRECTION ( 'NONE',  ( 0.0000000000000000000, 1.000000000000000000, 0.0000000000000000000 ) ) ;
#1236 = ORIENTED_EDGE ( 'NONE', *, *, #474, .F. ) ;
#1237 = ADVANCED_FACE ( 'NONE', ( #1398 ), #3567, .F. ) ;
#1238 = EDGE_LOOP ( 'NONE', ( #819, #1866 ) ) ;
#1239 = VERTEX_POINT ( 'NONE', #959 ) ;
#1240 = CARTESIAN_POINT ( 'NONE',  ( 0.0000000000000000000, 37.81659999999999400, 58.75000000000000000 ) ) ;
#1241 = DIRECTION ( 'NONE',  ( 0.0000000000000000000, 1.000000000000000000, 0.0000000000000000000 ) ) ;
#1242 = CARTESIAN_POINT ( 'NONE',  ( 0.7366000000000001435, -2.000000000000000000, 90.00000000000000000 ) ) ;
#1243 = DIRECTION ( 'NONE',  ( 0.0000000000000000000, 0.0000000000000000000, 1.000000000000000000 ) ) ;
#1244 = ORIENTED_EDGE ( 'NONE', *, *, #2255, .F. ) ;
#1245 = AXIS2_PLACEMENT_3D ( 'NONE', #2490, #2840, #1189 ) ;
#1246 = CARTESIAN_POINT ( 'NONE',  ( 12.50000000000000000, -10.00000000000000000, 3.249999999999995115 ) ) ;
#1247 = EDGE_LOOP ( 'NONE', ( #2494, #3103 ) ) ;
#1248 = DIRECTION ( 'NONE',  ( -0.0000000000000000000, 1.000000000000000000, -0.0000000000000000000 ) ) ;
#1249 = ORIENTED_EDGE ( 'NONE', *, *, #2489, .T. ) ;
#1250 = DIRECTION ( 'NONE',  ( -1.000000000000000000, 0.0000000000000000000, 0.0000000000000000000 ) ) ;
#1251 = ORIENTED_EDGE ( 'NONE', *, *, #365, .F. ) ;
#1252 = DATE_AND_TIME ( #250, #1561 ) ;
#1253 = LINE ( 'NONE', #2791, #4160 ) ;
#1254 = DIRECTION ( 'NONE',  ( 0.0000000000000000000, 0.0000000000000000000, 1.000000000000000000 ) ) ;
#1255 = EDGE_LOOP ( 'NONE', ( #3966, #4225 ) ) ;
#1256 = CARTESIAN_POINT ( 'NONE',  ( 27.00000000000000355, 37.81659999999999400, 31.25000000000000000 ) ) ;
#1257 = ADVANCED_FACE ( 'NONE', ( #414 ), #1991, .F. ) ;
#1258 = CARTESIAN_POINT ( 'NONE',  ( 19.50000000000009948, 0.0000000000000000000, 11.74999999999992006 ) ) ;
#1259 = PERSON_AND_ORGANIZATION ( #634, #3949 ) ;
#1260 = FACE_BOUND ( 'NONE', #1825, .T. ) ;
#1261 = EDGE_CURVE ( 'NONE', #1901, #1321, #3030, .T. ) ;
#1262 = DIRECTION ( 'NONE',  ( 0.0000000000000000000, 0.0000000000000000000, 1.000000000000000000 ) ) ;
#1263 = EDGE_LOOP ( 'NONE', ( #1283, #2030, #271, #3236 ) ) ;
#1264 = FACE_OUTER_BOUND ( 'NONE', #119, .T. ) ;
#1265 = ORIENTED_EDGE ( 'NONE', *, *, #1506, .T. ) ;
#1266 = FACE_OUTER_BOUND ( 'NONE', #798, .T. ) ;
#1267 = EDGE_CURVE ( 'NONE', #4039, #1365, #197, .T. ) ;
#1268 = CARTESIAN_POINT ( 'NONE',  ( 24.26340000000000074, 37.00000000000000000, 5.000000000000000000 ) ) ;
#1269 = CARTESIAN_POINT ( 'NONE',  ( 0.0000000000000000000, 30.81660000000005439, 86.75000000000009948 ) ) ;
#1270 = AXIS2_PLACEMENT_3D ( 'NONE', #3728, #385, #3064 ) ;
#1271 = DIRECTION ( 'NONE',  ( 0.0000000000000000000, 0.0000000000000000000, 1.000000000000000000 ) ) ;
#1272 = VECTOR ( 'NONE', #199, 1000.000000000000000 ) ;
#1273 = EDGE_LOOP ( 'NONE', ( #3388, #2244 ) ) ;
#1274 = ORIENTED_EDGE ( 'NONE', *, *, #1513, .F. ) ;
#1275 = DIRECTION ( 'NONE',  ( 0.0000000000000000000, 1.000000000000000000, 0.0000000000000000000 ) ) ;
#1276 = EDGE_CURVE ( 'NONE', #687, #3666, #2151, .T. ) ;
#1277 = ORIENTED_EDGE ( 'NONE', *, *, #2469, .F. ) ;
#1278 = ORIENTED_EDGE ( 'NONE', *, *, #3807, .T. ) ;
#1279 = DIRECTION ( 'NONE',  ( 0.0000000000000000000, 0.0000000000000000000, 1.000000000000000000 ) ) ;
#1280 = CARTESIAN_POINT ( 'NONE',  ( 25.00000000000000000, 30.81659999999998689, 6.249999999999993783 ) ) ;
#1281 = AXIS2_PLACEMENT_3D ( 'NONE', #1897, #1913, #2273 ) ;
#1282 = DIRECTION ( 'NONE',  ( 0.0000000000000000000, 0.0000000000000000000, 1.000000000000000000 ) ) ;
#1283 = ORIENTED_EDGE ( 'NONE', *, *, #4254, .F. ) ;
#1284 = LINE ( 'NONE', #1700, #3424 ) ;
#1285 = VECTOR ( 'NONE', #2178, 1000.000000000000000 ) ;
#1286 = ORIENTED_EDGE ( 'NONE', *, *, #3249, .T. ) ;
#1287 = CIRCLE ( 'NONE', #2086, 1.500000000000001332 ) ;
#1288 = ADVANCED_FACE ( 'NONE', ( #4206 ), #3457, .F. ) ;
#1289 = LINE ( 'NONE', #13, #2290 ) ;
#1290 = DIRECTION ( 'NONE',  ( 0.0000000000000000000, 0.0000000000000000000, 1.000000000000000000 ) ) ;
#1291 = CARTESIAN_POINT ( 'NONE',  ( 12.50000000000000000, -10.00000000000000000, 72.75000000000001421 ) ) ;
#1292 = EDGE_CURVE ( 'NONE', #272, #4272, #678, .T. ) ;
#1293 = ORIENTED_EDGE ( 'NONE', *, *, #3830, .F. ) ;
#1294 = DIRECTION ( 'NONE',  ( 1.000000000000000000, 0.0000000000000000000, 0.0000000000000000000 ) ) ;
#1295 = ORIENTED_EDGE ( 'NONE', *, *, #1120, .F. ) ;
#1296 = ORIENTED_EDGE ( 'NONE', *, *, #3551, .F. ) ;
#1297 = EDGE_CURVE ( 'NONE', #3330, #91, #3776, .T. ) ;
#1298 = VERTEX_POINT ( 'NONE', #312 ) ;
#1299 = CARTESIAN_POINT ( 'NONE',  ( 0.0000000000000000000, 30.81659999999999044, 45.00000000000000000 ) ) ;
#1300 = CARTESIAN_POINT ( 'NONE',  ( -2.000000000000000000, 30.81660000000006150, 52.00000000000008527 ) ) ;
#1301 = VERTEX_POINT ( 'NONE', #3640 ) ;
#1302 = EDGE_CURVE ( 'NONE', #2709, #115, #1562, .T. ) ;
#1303 = CARTESIAN_POINT ( 'NONE',  ( 27.00000000000000355, 30.81659999999999044, 45.00000000000000000 ) ) ;
#1304 = AXIS2_PLACEMENT_3D ( 'NONE', #1316, #2632, #1993 ) ;
#1305 = CARTESIAN_POINT ( 'NONE',  ( 27.00000000000000355, 30.81659999999998689, 18.74999999999999645 ) ) ;
#1306 = CALENDAR_DATE ( 2018, 16, 8 ) ;
#1307 = AXIS2_PLACEMENT_3D ( 'NONE', #877, #541, #2898 ) ;
#1308 = FACE_OUTER_BOUND ( 'NONE', #914, .T. ) ;
#1309 = AXIS2_PLACEMENT_3D ( 'NONE', #904, #2239, #1188 ) ;
#1310 = EDGE_CURVE ( 'NONE', #91, #3330, #3086, .T. ) ;
#1311 = DIRECTION ( 'NONE',  ( 0.0000000000000000000, 0.0000000000000000000, -1.000000000000000000 ) ) ;
#1312 = DIRECTION ( 'NONE',  ( 0.0000000000000000000, 0.0000000000000000000, 1.000000000000000000 ) ) ;
#1313 = CYLINDRICAL_SURFACE ( 'NONE', #1601, 1.500000000000001332 ) ;
#1314 = DIRECTION ( 'NONE',  ( -1.000000000000000000, 0.0000000000000000000, 0.0000000000000000000 ) ) ;
#1315 = FACE_BOUND ( 'NONE', #3384, .T. ) ;
#1316 = CARTESIAN_POINT ( 'NONE',  ( 27.00000000000000355, 23.81659999999998689, 10.24999999999999467 ) ) ;
#1317 = VECTOR ( 'NONE', #175, 1000.000000000000000 ) ;
#1318 = EDGE_LOOP ( 'NONE', ( #4316, #1051, #1069, #3310 ) ) ;
#1319 = ORIENTED_EDGE ( 'NONE', *, *, #1267, .T. ) ;
#1320 = ORIENTED_EDGE ( 'NONE', *, *, #805, .T. ) ;
#1321 = VERTEX_POINT ( 'NONE', #3015 ) ;
#1322 = ORIENTED_EDGE ( 'NONE', *, *, #3155, .T. ) ;
#1323 = EDGE_CURVE ( 'NONE', #3314, #2806, #3351, .T. ) ;
#1324 = AXIS2_PLACEMENT_3D ( 'NONE', #3947, #2713, #2032 ) ;
#1325 = CARTESIAN_POINT ( 'NONE',  ( 24.26340000000000074, 0.0000000000000000000, 90.00000000000000000 ) ) ;
#1326 = VECTOR ( 'NONE', #1688, 1000.000000000000000 ) ;
#1327 = CIRCLE ( 'NONE', #2131, 1.500000000000001332 ) ;
#1328 = VECTOR ( 'NONE', #135, 1000.000000000000000 ) ;
#1329 = EDGE_CURVE ( 'NONE', #4359, #1750, #412, .T. ) ;
#1330 = CARTESIAN_POINT ( 'NONE',  ( 0.0000000000000000000, 0.7365999999999994774, 90.00000000000000000 ) ) ;
#1331 = DIRECTION ( 'NONE',  ( 0.0000000000000000000, 0.0000000000000000000, 1.000000000000000000 ) ) ;
#1332 = FACE_OUTER_BOUND ( 'NONE', #2522, .T. ) ;
#1333 = VECTOR ( 'NONE', #3952, 1000.000000000000000 ) ;
#1334 = FACE_BOUND ( 'NONE', #1125, .T. ) ;
#1335 = ORIENTED_EDGE ( 'NONE', *, *, #2547, .T. ) ;
#1336 = DIRECTION ( 'NONE',  ( 0.0000000000000000000, 0.0000000000000000000, 1.000000000000000000 ) ) ;
#1337 = ORIENTED_EDGE ( 'NONE', *, *, #948, .F. ) ;
#1338 = DIRECTION ( 'NONE',  ( -1.000000000000000000, 0.0000000000000000000, 0.0000000000000000000 ) ) ;
#1339 = AXIS2_PLACEMENT_3D ( 'NONE', #703, #2766, #1727 ) ;
#1340 = EDGE_CURVE ( 'NONE', #1901, #3044, #2398, .T. ) ;
#1341 = VERTEX_POINT ( 'NONE', #2714 ) ;
#1342 = CARTESIAN_POINT ( 'NONE',  ( 27.00000000000000355, 37.81659999999998689, 8.749999999999994671 ) ) ;
#1343 = CARTESIAN_POINT ( 'NONE',  ( 0.0000000000000000000, 30.81659999999997979, 72.75000000000008527 ) ) ;
#1344 = VERTEX_POINT ( 'NONE', #2700 ) ;
#1345 = ORIENTED_EDGE ( 'NONE', *, *, #1573, .T. ) ;
#1346 = EDGE_CURVE ( 'NONE', #1812, #4322, #1203, .T. ) ;
#1347 = ORIENTED_EDGE ( 'NONE', *, *, #3930, .F. ) ;
#1348 = VERTEX_POINT ( 'NONE', #2033 ) ;
#1349 = EDGE_CURVE ( 'NONE', #2765, #878, #2509, .T. ) ;
#1350 = FACE_OUTER_BOUND ( 'NONE', #2858, .T. ) ;
#1351 = DIRECTION ( 'NONE',  ( 0.0000000000000000000, 0.0000000000000000000, -1.000000000000000000 ) ) ;
#1352 = EDGE_LOOP ( 'NONE', ( #1676, #3632 ) ) ;
#1353 = DIRECTION ( 'NONE',  ( 0.0000000000000000000, 0.0000000000000000000, 1.000000000000000000 ) ) ;
#1354 = FACE_BOUND ( 'NONE', #1084, .T. ) ;
#1355 = CARTESIAN_POINT ( 'NONE',  ( 27.00000000000000355, 23.81659999999997979, 78.25000000000017053 ) ) ;
#1356 = EDGE_LOOP ( 'NONE', ( #422, #2552, #3473, #2199 ) ) ;
#1357 = LINE ( 'NONE', #867, #1942 ) ;
#1358 = CLOSED_SHELL ( 'NONE', ( #2211, #1151, #170, #532, #1474, #1602, #835, #3129, #242, #514, #1493, #1803, #1449, #2797, #2238, #2817, #3296, #1121, #3479, #1783, #3458, #2551, #3978, #4179, #2835, #3869, #3613, #3843, #1580, #1823, #1237, #4245, #1871, #3193, #1130, #3912, #1555, #1288, #2298, #1916, #2492, #3256, #4216, #2822, #794, #4198, #1773, #2470, #3569, #2121, #3635, #3523, #2280, #2439, #1465, #1846, #3218, #424, #1808, #1194, #1511, #732, #2144, #3956, #470, #2173, #3149, #2486, #403, #2164, #3085, #3278, #140, #1536, #815, #938, #1893, #264, #2192, #2592, #3935, #3888, #4266, #102, #453, #622, #3817, #3793, #3177, #3547, #1257, #2464, #1965, #2611, #2882, #4156, #2927, #1169, #494, #192, #216, #2953, #1143, #577, #1097, #2530, #772, #779, #603, #446, #2505, #118, #2862, #1212, #800, #861, #2076, #3499, #920, #3237, #1936, #4294, #88, #560 ) ) ;
#1359 = LINE ( 'NONE', #3316, #23 ) ;
#1360 = CYLINDRICAL_SURFACE ( 'NONE', #596, 1.500000000000001332 ) ;
#1361 = ORIENTED_EDGE ( 'NONE', *, *, #2783, .T. ) ;
#1362 = DIRECTION ( 'NONE',  ( -0.0000000000000000000, 1.000000000000000000, -0.0000000000000000000 ) ) ;
#1363 = DIRECTION ( 'NONE',  ( 1.000000000000000000, 0.0000000000000000000, 0.0000000000000000000 ) ) ;
#1364 = ORIENTED_EDGE ( 'NONE', *, *, #1028, .T. ) ;
#1365 = VERTEX_POINT ( 'NONE', #1055 ) ;
#1366 = EDGE_LOOP ( 'NONE', ( #2254, #1983 ) ) ;
#1367 = DIRECTION ( 'NONE',  ( -0.0000000000000000000, 1.000000000000000000, -0.0000000000000000000 ) ) ;
#1368 = ORIENTED_EDGE ( 'NONE', *, *, #3352, .F. ) ;
#1369 = EDGE_CURVE ( 'NONE', #1221, #1386, #4155, .T. ) ;
#1370 = FACE_BOUND ( 'NONE', #1175, .T. ) ;
#1371 = DIRECTION ( 'NONE',  ( 0.0000000000000000000, 0.0000000000000000000, 1.000000000000000000 ) ) ;
#1372 = EDGE_LOOP ( 'NONE', ( #4395, #1251 ) ) ;
#1373 = DIRECTION ( 'NONE',  ( 1.000000000000000000, 0.0000000000000000000, 0.0000000000000000000 ) ) ;
#1374 = FACE_BOUND ( 'NONE', #2513, .T. ) ;
#1375 = AXIS2_PLACEMENT_3D ( 'NONE', #1947, #4303, #3976 ) ;
#1376 = CARTESIAN_POINT ( 'NONE',  ( 0.0000000000000000000, 42.00000000000000000, 90.00000000000000000 ) ) ;
#1377 = CIRCLE ( 'NONE', #3470, 1.500000000000001332 ) ;
#1378 = CARTESIAN_POINT ( 'NONE',  ( 25.00000000000000000, 30.81659999999999044, 79.75000000000000000 ) ) ;
#1379 = CARTESIAN_POINT ( 'NONE',  ( 27.00000000000000355, 30.81660000000006150, 52.00000000000008527 ) ) ;
#1380 = DIRECTION ( 'NONE',  ( 1.000000000000000000, 0.0000000000000000000, 0.0000000000000000000 ) ) ;
#1381 = ORIENTED_EDGE ( 'NONE', *, *, #1060, .F. ) ;
#1382 = PERSON_AND_ORGANIZATION_ROLE ( 'classification_officer' ) ;
#1383 = CARTESIAN_POINT ( 'NONE',  ( 25.00000000000000000, 37.00000000000000000, 90.00000000000000000 ) ) ;
#1384 = VERTEX_POINT ( 'NONE', #2420 ) ;
#1385 = CARTESIAN_POINT ( 'NONE',  ( 0.0000000000000000000, 30.81659999999998689, 3.249999999999996003 ) ) ;
#1386 = VERTEX_POINT ( 'NONE', #1388 ) ;
#1387 = DIRECTION ( 'NONE',  ( 0.0000000000000000000, 0.0000000000000000000, 1.000000000000000000 ) ) ;
#1388 = CARTESIAN_POINT ( 'NONE',  ( 0.0000000000000000000, 30.81659999999995847, 39.50000000000008527 ) ) ;
#1389 = CARTESIAN_POINT ( 'NONE',  ( 19.50000000000009948, -2.000000000000000000, 44.99999999999992184 ) ) ;
#1390 = CARTESIAN_POINT ( 'NONE',  ( 0.0000000000000000000, 30.81659999999998689, 6.249999999999993783 ) ) ;
#1391 = DIRECTION ( 'NONE',  ( -1.000000000000000000, -0.0000000000000000000, -0.0000000000000000000 ) ) ;
#1392 = EDGE_CURVE ( 'NONE', #1301, #864, #1615, .T. ) ;
#1393 = AXIS2_PLACEMENT_3D ( 'NONE', #4109, #2743, #15 ) ;
#1394 = CARTESIAN_POINT ( 'NONE',  ( 12.50000000000000000, -10.00000000000000000, 40.99999999999999289 ) ) ;
#1395 = CARTESIAN_POINT ( 'NONE',  ( 0.7366000000000001435, 0.7365999999999999215, 90.00000000000000000 ) ) ;
#1396 = CIRCLE ( 'NONE', #2914, 0.7366000000000004766 ) ;
#1397 = DIRECTION ( 'NONE',  ( -1.000000000000000000, -0.0000000000000000000, -0.0000000000000000000 ) ) ;
#1398 = FACE_OUTER_BOUND ( 'NONE', #1234, .T. ) ;
#1399 = EDGE_CURVE ( 'NONE', #1841, #272, #3245, .T. ) ;
#1400 = AXIS2_PLACEMENT_3D ( 'NONE', #3376, #4091, #31 ) ;
#1401 = ORIENTED_EDGE ( 'NONE', *, *, #1199, .T. ) ;
#1402 = CARTESIAN_POINT ( 'NONE',  ( 27.00000000000000355, 30.81659999999999044, 75.75000000000000000 ) ) ;
#1403 = FACE_BOUND ( 'NONE', #847, .T. ) ;
#1404 = DIRECTION ( 'NONE',  ( 0.0000000000000000000, 0.0000000000000000000, 1.000000000000000000 ) ) ;
#1405 = ORIENTED_EDGE ( 'NONE', *, *, #663, .T. ) ;
#1406 = DIRECTION ( 'NONE',  ( -1.000000000000000000, -0.0000000000000000000, -0.0000000000000000000 ) ) ;
#1407 =( NAMED_UNIT ( * ) SI_UNIT ( $, .STERADIAN. ) SOLID_ANGLE_UNIT ( ) );
#1408 = VECTOR ( 'NONE', #4376, 1000.000000000000000 ) ;
#1409 = CARTESIAN_POINT ( 'NONE',  ( 5.500000000000100364, -10.00000000000000000, 81.25000000000002842 ) ) ;
#1410 = AXIS2_PLACEMENT_3D ( 'NONE', #2672, #685, #673 ) ;
#1411 = CIRCLE ( 'NONE', #3741, 1.500000000000001332 ) ;
#1412 = EDGE_LOOP ( 'NONE', ( #2112, #4246, #3990, #1652 ) ) ;
#1413 = VERTEX_POINT ( 'NONE', #1741 ) ;
#1414 = EDGE_CURVE ( 'NONE', #1467, #3637, #2354, .T. ) ;
#1415 = DIRECTION ( 'NONE',  ( -1.000000000000000000, 0.0000000000000000000, 0.0000000000000000000 ) ) ;
#1416 = CARTESIAN_POINT ( 'NONE',  ( 5.500000000000100364, 0.0000000000000000000, 81.25000000000002842 ) ) ;
#1417 = ORIENTED_EDGE ( 'NONE', *, *, #902, .T. ) ;
#1418 = ORIENTED_EDGE ( 'NONE', *, *, #805, .F. ) ;
#1419 = ORIENTED_EDGE ( 'NONE', *, *, #4356, .F. ) ;
#1420 = FACE_BOUND ( 'NONE', #2734, .T. ) ;
#1421 = FACE_OUTER_BOUND ( 'NONE', #3682, .T. ) ;
#1422 = VECTOR ( 'NONE', #2628, 1000.000000000000000 ) ;
#1423 = EDGE_CURVE ( 'NONE', #4346, #4359, #3891, .T. ) ;
#1424 = DIRECTION ( 'NONE',  ( -1.000000000000000000, -0.0000000000000000000, -0.0000000000000000000 ) ) ;
#1425 = FACE_BOUND ( 'NONE', #576, .T. ) ;
#1426 = CARTESIAN_POINT ( 'NONE',  ( 27.00000000000000355, 23.81659999999998689, 10.24999999999999467 ) ) ;
#1427 = CIRCLE ( 'NONE', #2876, 1.500000000000001332 ) ;
#1428 = LINE ( 'NONE', #2649, #3329 ) ;
#1429 = EDGE_CURVE ( 'NONE', #3687, #763, #721, .T. ) ;
#1430 = DIRECTION ( 'NONE',  ( -1.000000000000000000, 0.0000000000000000000, 0.0000000000000000000 ) ) ;
#1431 = DIRECTION ( 'NONE',  ( 0.0000000000000000000, 0.0000000000000000000, 1.000000000000000000 ) ) ;
#1432 = AXIS2_PLACEMENT_3D ( 'NONE', #2184, #3539, #3876 ) ;
#1433 = ORIENTED_EDGE ( 'NONE', *, *, #2665, .T. ) ;
#1434 = EDGE_LOOP ( 'NONE', ( #3583, #3025 ) ) ;
#1435 = EDGE_LOOP ( 'NONE', ( #2062, #3467 ) ) ;
#1436 = CARTESIAN_POINT ( 'NONE',  ( 27.00000000000000355, 30.81659999999998689, 17.24999999999999289 ) ) ;
#1437 = CARTESIAN_POINT ( 'NONE',  ( 24.26340000000000074, 0.7366000000000000325, 90.00000000000000000 ) ) ;
#1438 = ORIENTED_EDGE ( 'NONE', *, *, #3915, .F. ) ;
#1439 = AXIS2_PLACEMENT_3D ( 'NONE', #2647, #1710, #3069 ) ;
#1440 = DIRECTION ( 'NONE',  ( 0.0000000000000000000, 0.0000000000000000000, 1.000000000000000000 ) ) ;
#1441 = AXIS2_PLACEMENT_3D ( 'NONE', #587, #1631, #2985 ) ;
#1442 = EDGE_CURVE ( 'NONE', #4322, #457, #2878, .T. ) ;
#1443 = CARTESIAN_POINT ( 'NONE',  ( 19.50000000000009948, -10.00000000000000000, 11.74999999999992006 ) ) ;
#1444 = CARTESIAN_POINT ( 'NONE',  ( 12.50000000000000000, 0.0000000000000000000, 4.749999999999995559 ) ) ;
#1445 = VERTEX_POINT ( 'NONE', #4097 ) ;
#1446 = ORIENTED_EDGE ( 'NONE', *, *, #3980, .T. ) ;
#1447 = CARTESIAN_POINT ( 'NONE',  ( 0.7366000000000001435, 0.7365999999999999215, 0.0000000000000000000 ) ) ;
#1448 = CARTESIAN_POINT ( 'NONE',  ( 12.50000000000000000, -10.00000000000000000, 14.24999999999999467 ) ) ;
#1449 = ADVANCED_FACE ( 'NONE', ( #73 ), #3404, .F. ) ;
#1450 = ORIENTED_EDGE ( 'NONE', *, *, #4140, .T. ) ;
#1451 = ORIENTED_EDGE ( 'NONE', *, *, #3474, .T. ) ;
#1452 = CARTESIAN_POINT ( 'NONE',  ( 27.00000000000000355, 30.81660000000006150, 53.50000000000009237 ) ) ;
#1453 = DIRECTION ( 'NONE',  ( -1.000000000000000000, -0.0000000000000000000, -0.0000000000000000000 ) ) ;
#1454 = VECTOR ( 'NONE', #2453, 1000.000000000000000 ) ;
#1455 = CARTESIAN_POINT ( 'NONE',  ( 27.00000000000000355, 37.81659999999999400, 79.75000000000000000 ) ) ;
#1456 = CARTESIAN_POINT ( 'NONE',  ( 5.500000000000100364, -10.00000000000000000, 43.50000000000002132 ) ) ;
#1457 = AXIS2_PLACEMENT_3D ( 'NONE', #845, #1877, #1515 ) ;
#1458 = CIRCLE ( 'NONE', #1457, 4.000000000000003553 ) ;
#1459 = VECTOR ( 'NONE', #826, 1000.000000000000000 ) ;
#1460 = ORIENTED_EDGE ( 'NONE', *, *, #1541, .T. ) ;
#1461 = VECTOR ( 'NONE', #2472, 1000.000000000000000 ) ;
#1462 = CARTESIAN_POINT ( 'NONE',  ( 27.00000000000000355, 30.81659999999999044, 75.75000000000000000 ) ) ;
#1463 = DIRECTION ( 'NONE',  ( -1.000000000000000000, -0.0000000000000000000, -0.0000000000000000000 ) ) ;
#1464 = ORIENTED_EDGE ( 'NONE', *, *, #1701, .F. ) ;
#1465 = ADVANCED_FACE ( 'NONE', ( #1088 ), #712, .T. ) ;
#1466 = CYLINDRICAL_SURFACE ( 'NONE', #4297, 1.500000000000001332 ) ;
#1467 = VERTEX_POINT ( 'NONE', #372 ) ;
#1468 = ORIENTED_EDGE ( 'NONE', *, *, #2027, .T. ) ;
#1469 = CARTESIAN_POINT ( 'NONE',  ( 0.0000000000000000000, 30.81659999999999044, 45.00000000000000000 ) ) ;
#1470 = ORIENTED_EDGE ( 'NONE', *, *, #628, .F. ) ;
#1471 = ORIENTED_EDGE ( 'NONE', *, *, #677, .T. ) ;
#1472 = EDGE_CURVE ( 'NONE', #1000, #4221, #2454, .T. ) ;
#1473 = DIRECTION ( 'NONE',  ( -1.000000000000000000, 0.0000000000000000000, 0.0000000000000000000 ) ) ;
#1474 = ADVANCED_FACE ( 'NONE', ( #780 ), #2307, .F. ) ;
#1475 = VERTEX_POINT ( 'NONE', #1118 ) ;
#1476 = FACE_BOUND ( 'NONE', #3582, .T. ) ;
#1477 = CIRCLE ( 'NONE', #3192, 1.499999999999987566 ) ;
#1478 = EDGE_LOOP ( 'NONE', ( #29, #1914, #157, #4309, #3948, #995 ) ) ;
#1479 = FACE_BOUND ( 'NONE', #3503, .T. ) ;
#1480 = CARTESIAN_POINT ( 'NONE',  ( 0.0000000000000000000, 30.81659999999998689, 10.24999999999999467 ) ) ;
#1481 = CARTESIAN_POINT ( 'NONE',  ( 5.500000000000100364, 0.0000000000000000000, 11.75000000000002487 ) ) ;
#1482 = DIRECTION ( 'NONE',  ( -1.000000000000000000, -0.0000000000000000000, -0.0000000000000000000 ) ) ;
#1483 = VECTOR ( 'NONE', #3144, 1000.000000000000000 ) ;
#1484 = EDGE_CURVE ( 'NONE', #1618, #2073, #1663, .T. ) ;
#1485 = AXIS2_PLACEMENT_3D ( 'NONE', #2582, #1976, #613 ) ;
#1486 = CARTESIAN_POINT ( 'NONE',  ( 5.500000000000100364, -2.000000000000000000, 81.25000000000002842 ) ) ;
#1487 = CARTESIAN_POINT ( 'NONE',  ( 12.50000000000000000, 0.0000000000000000000, 72.75000000000001421 ) ) ;
#1488 = VERTEX_POINT ( 'NONE', #3780 ) ;
#1489 = EDGE_CURVE ( 'NONE', #878, #2765, #631, .T. ) ;
#1490 = DIRECTION ( 'NONE',  ( -1.000000000000000000, 0.0000000000000000000, 0.0000000000000000000 ) ) ;
#1491 = CARTESIAN_POINT ( 'NONE',  ( 27.00000000000000355, 30.81659999999999044, 45.00000000000000000 ) ) ;
#1492 = AXIS2_PLACEMENT_3D ( 'NONE', #1975, #4008, #2340 ) ;
#1493 = ADVANCED_FACE ( 'NONE', ( #2664 ), #1766, .F. ) ;
#1494 = ORIENTED_EDGE ( 'NONE', *, *, #281, .T. ) ;
#1495 = DIRECTION ( 'NONE',  ( 0.0000000000000000000, 0.0000000000000000000, -1.000000000000000000 ) ) ;
#1496 = DIRECTION ( 'NONE',  ( -1.000000000000000000, 0.0000000000000000000, 0.0000000000000000000 ) ) ;
#1497 = CARTESIAN_POINT ( 'NONE',  ( 25.00000000000000000, 37.81659999999999400, 29.74999999999999645 ) ) ;
#1498 = CARTESIAN_POINT ( 'NONE',  ( 27.00000000000000355, 37.81659999999999400, 60.25000000000000000 ) ) ;
#1499 = AXIS2_PLACEMENT_3D ( 'NONE', #3385, #3039, #1041 ) ;
#1500 = EDGE_LOOP ( 'NONE', ( #3833, #1553, #2813, #2849 ) ) ;
#1501 = EDGE_CURVE ( 'NONE', #1938, #4328, #3946, .T. ) ;
#1502 = DIRECTION ( 'NONE',  ( 0.0000000000000000000, 0.0000000000000000000, 1.000000000000000000 ) ) ;
#1503 = DIRECTION ( 'NONE',  ( -0.0000000000000000000, 1.000000000000000000, -0.0000000000000000000 ) ) ;
#1504 = DIRECTION ( 'NONE',  ( -1.000000000000000000, -0.0000000000000000000, -0.0000000000000000000 ) ) ;
#1505 = PERSON_AND_ORGANIZATION ( #634, #3949 ) ;
#1506 = EDGE_CURVE ( 'NONE', #1645, #2526, #1507, .T. ) ;
#1507 = CIRCLE ( 'NONE', #2586, 1.500000000000001332 ) ;
#1508 = DIRECTION ( 'NONE',  ( 0.0000000000000000000, 0.0000000000000000000, 1.000000000000000000 ) ) ;
#1509 = CARTESIAN_POINT ( 'NONE',  ( 24.26340000000000074, 0.7366000000000000325, 90.00000000000000000 ) ) ;
#1510 = ORIENTED_EDGE ( 'NONE', *, *, #3130, .F. ) ;
#1511 = ADVANCED_FACE ( 'NONE', ( #4262 ), #3142, .F. ) ;
#1512 = FACE_BOUND ( 'NONE', #2277, .T. ) ;
#1513 = EDGE_CURVE ( 'NONE', #37, #2541, #574, .T. ) ;
#1514 = CARTESIAN_POINT ( 'NONE',  ( 12.50000000000000000, -2.000000000000000000, 79.75000000000000000 ) ) ;
#1515 = DIRECTION ( 'NONE',  ( 0.0000000000000000000, 0.0000000000000000000, 1.000000000000000000 ) ) ;
#1516 = ORIENTED_EDGE ( 'NONE', *, *, #2690, .T. ) ;
#1517 = AXIS2_PLACEMENT_3D ( 'NONE', #3366, #3382, #3753 ) ;
#1518 = CIRCLE ( 'NONE', #3463, 1.500000000000001332 ) ;
#1519 = CARTESIAN_POINT ( 'NONE',  ( 0.0000000000000000000, 30.81659999999998689, 1.749999999999996003 ) ) ;
#1520 = FACE_OUTER_BOUND ( 'NONE', #2869, .T. ) ;
#1521 = ORIENTED_EDGE ( 'NONE', *, *, #25, .F. ) ;
#1522 = ORIENTED_EDGE ( 'NONE', *, *, #307, .T. ) ;
#1523 = AXIS2_PLACEMENT_3D ( 'NONE', #1076, #405, #2751 ) ;
#1524 = CARTESIAN_POINT ( 'NONE',  ( 25.00000000000000000, 23.81659999999998689, 8.749999999999994671 ) ) ;
#1525 = CARTESIAN_POINT ( 'NONE',  ( 5.500000000000100364, -2.000000000000000000, 43.50000000000002132 ) ) ;
#1526 = AXIS2_PLACEMENT_3D ( 'NONE', #1988, #3615, #3336 ) ;
#1527 = ORIENTED_EDGE ( 'NONE', *, *, #1862, .T. ) ;
#1528 = ORIENTED_EDGE ( 'NONE', *, *, #4089, .T. ) ;
#1529 = EDGE_CURVE ( 'NONE', #1348, #3546, #521, .T. ) ;
#1530 = CARTESIAN_POINT ( 'NONE',  ( 27.00000000000000355, 37.81659999999999400, 46.50000000000000000 ) ) ;
#1531 = FACE_OUTER_BOUND ( 'NONE', #4052, .T. ) ;
#1532 = FACE_OUTER_BOUND ( 'NONE', #3065, .T. ) ;
#1533 = FACE_BOUND ( 'NONE', #1434, .T. ) ;
#1534 = CIRCLE ( 'NONE', #3020, 5.000000000000000000 ) ;
#1535 = FACE_BOUND ( 'NONE', #1613, .T. ) ;
#1536 = ADVANCED_FACE ( 'NONE', ( #3672 ), #883, .T. ) ;
#1537 = EDGE_LOOP ( 'NONE', ( #1368, #3584 ) ) ;
#1538 = ORIENTED_EDGE ( 'NONE', *, *, #843, .T. ) ;
#1539 = CARTESIAN_POINT ( 'NONE',  ( 12.50000000000000000, -10.00000000000000000, 83.75000000000000000 ) ) ;
#1540 = VERTEX_POINT ( 'NONE', #1770 ) ;
#1541 = EDGE_CURVE ( 'NONE', #3135, #2253, #2772, .T. ) ;
#1542 = AXIS2_PLACEMENT_3D ( 'NONE', #3603, #4337, #582 ) ;
#1543 = EDGE_LOOP ( 'NONE', ( #2132, #2100 ) ) ;
#1544 = VERTEX_POINT ( 'NONE', #1149 ) ;
#1545 = DIRECTION ( 'NONE',  ( -1.000000000000000000, 0.0000000000000000000, 0.0000000000000000000 ) ) ;
#1546 = ORIENTED_EDGE ( 'NONE', *, *, #3690, .F. ) ;
#1547 = EDGE_CURVE ( 'NONE', #4280, #3164, #1882, .T. ) ;
#1548 = CARTESIAN_POINT ( 'NONE',  ( -2.000000000000000000, 37.00000000000000711, 90.00000000000000000 ) ) ;
#1549 = EDGE_LOOP ( 'NONE', ( #963, #63, #4015, #2604 ) ) ;
#1550 = ORIENTED_EDGE ( 'NONE', *, *, #2959, .F. ) ;
#1551 = DIRECTION ( 'NONE',  ( 0.0000000000000000000, 0.0000000000000000000, 1.000000000000000000 ) ) ;
#1552 = CARTESIAN_POINT ( 'NONE',  ( 19.50000000000009948, -10.00000000000000000, 8.749999999999918288 ) ) ;
#1553 = ORIENTED_EDGE ( 'NONE', *, *, #158, .T. ) ;
#1554 = DIRECTION ( 'NONE',  ( -1.000000000000000000, 0.0000000000000000000, -0.0000000000000000000 ) ) ;
#1555 = ADVANCED_FACE ( 'NONE', ( #4100 ), #2257, .F. ) ;
#1556 = DIRECTION ( 'NONE',  ( 0.0000000000000000000, 0.0000000000000000000, 1.000000000000000000 ) ) ;
#1557 = AXIS2_PLACEMENT_3D ( 'NONE', #1378, #4095, #2087 ) ;
#1558 = EDGE_CURVE ( 'NONE', #785, #2245, #3198, .T. ) ;
#1559 = CARTESIAN_POINT ( 'NONE',  ( 27.00000000000000355, 30.81659999999995847, 38.00000000000007816 ) ) ;
#1560 = DIRECTION ( 'NONE',  ( -1.000000000000000000, 0.0000000000000000000, 0.0000000000000000000 ) ) ;
#1561 = LOCAL_TIME ( 17, 25, 47.00000000000000000, #3350 ) ;
#1562 = CIRCLE ( 'NONE', #2502, 1.500000000000001332 ) ;
#1563 = DIRECTION ( 'NONE',  ( 1.000000000000000000, -0.0000000000000000000, 0.0000000000000000000 ) ) ;
#1564 = CIRCLE ( 'NONE', #309, 1.500000000000001332 ) ;
#1565 = CIRCLE ( 'NONE', #3522, 4.000000000000003553 ) ;
#1566 = ORIENTED_EDGE ( 'NONE', *, *, #528, .T. ) ;
#1567 = EDGE_CURVE ( 'NONE', #1058, #2527, #4000, .T. ) ;
#1568 = DIRECTION ( 'NONE',  ( -0.0000000000000000000, 1.000000000000000000, -0.0000000000000000000 ) ) ;
#1569 = DIRECTION ( 'NONE',  ( 0.0000000000000000000, 0.0000000000000000000, 1.000000000000000000 ) ) ;
#1570 = FACE_BOUND ( 'NONE', #1785, .T. ) ;
#1571 = DIRECTION ( 'NONE',  ( 0.0000000000000000000, 0.0000000000000000000, -1.000000000000000000 ) ) ;
#1572 = ORIENTED_EDGE ( 'NONE', *, *, #2477, .T. ) ;
#1573 = EDGE_CURVE ( 'NONE', #696, #1950, #984, .T. ) ;
#1574 = CARTESIAN_POINT ( 'NONE',  ( 12.50000000000000000, -10.00000000000000000, 74.25000000000001421 ) ) ;
#1575 = CARTESIAN_POINT ( 'NONE',  ( 0.0000000000000000000, 37.81659999999999400, 45.00000000000000000 ) ) ;
#1576 = AXIS2_PLACEMENT_3D ( 'NONE', #612, #2957, #3628 ) ;
#1577 = VERTEX_POINT ( 'NONE', #2747 ) ;
#1578 = ORIENTED_EDGE ( 'NONE', *, *, #198, .F. ) ;
#1579 = EDGE_LOOP ( 'NONE', ( #2598, #924, #670, #852 ) ) ;
#1580 = ADVANCED_FACE ( 'NONE', ( #1350 ), #987, .F. ) ;
#1581 = ORIENTED_EDGE ( 'NONE', *, *, #3608, .T. ) ;
#1582 = CARTESIAN_POINT ( 'NONE',  ( 24.26340000000000074, 0.0000000000000000000, 0.0000000000000000000 ) ) ;
#1583 = CARTESIAN_POINT ( 'NONE',  ( 19.50000000000009948, -2.000000000000000000, 44.99999999999992184 ) ) ;
#1584 = CARTESIAN_POINT ( 'NONE',  ( 12.50000000000014744, -10.00000000000000000, 18.74999999999999289 ) ) ;
#1585 = AXIS2_PLACEMENT_3D ( 'NONE', #1469, #93, #3136 ) ;
#1586 = ORIENTED_EDGE ( 'NONE', *, *, #623, .T. ) ;
#1587 = CIRCLE ( 'NONE', #727, 4.000000000000003553 ) ;
#1588 = EDGE_CURVE ( 'NONE', #878, #2270, #2775, .T. ) ;
#1589 = LINE ( 'NONE', #3475, #1731 ) ;
#1590 = CYLINDRICAL_SURFACE ( 'NONE', #404, 1.500000000000000444 ) ;
#1591 = CARTESIAN_POINT ( 'NONE',  ( 0.0000000000000000000, 30.81660000000006150, 53.50000000000009237 ) ) ;
#1592 = DIRECTION ( 'NONE',  ( 0.0000000000000000000, 0.0000000000000000000, 1.000000000000000000 ) ) ;
#1593 = DIRECTION ( 'NONE',  ( 0.0000000000000000000, 0.0000000000000000000, 1.000000000000000000 ) ) ;
#1594 = CIRCLE ( 'NONE', #1526, 4.000000000000003553 ) ;
#1595 = ORIENTED_EDGE ( 'NONE', *, *, #1323, .T. ) ;
#1596 = EDGE_LOOP ( 'NONE', ( #2302, #620, #265, #1928 ) ) ;
#1597 = DIRECTION ( 'NONE',  ( 1.000000000000000000, -0.0000000000000000000, 0.0000000000000000000 ) ) ;
#1598 = CARTESIAN_POINT ( 'NONE',  ( -2.000000000000000000, 37.81659999999998689, 10.24999999999999467 ) ) ;
#1599 = EDGE_CURVE ( 'NONE', #4173, #2557, #351, .T. ) ;
#1600 = ORIENTED_EDGE ( 'NONE', *, *, #1748, .T. ) ;
#1601 = AXIS2_PLACEMENT_3D ( 'NONE', #2917, #2902, #4288 ) ;
#1602 = ADVANCED_FACE ( 'NONE', ( #3461 ), #80, .F. ) ;
#1603 = CARTESIAN_POINT ( 'NONE',  ( 12.50000000000000000, 0.0000000000000000000, 10.24999999999999467 ) ) ;
#1604 = EDGE_LOOP ( 'NONE', ( #3334, #1528 ) ) ;
#1605 = DIRECTION ( 'NONE',  ( 1.000000000000000000, 0.0000000000000000000, 0.0000000000000000000 ) ) ;
#1606 = VERTEX_POINT ( 'NONE', #3081 ) ;
#1607 = DIRECTION ( 'NONE',  ( -0.0000000000000000000, 1.000000000000000000, -0.0000000000000000000 ) ) ;
#1608 = ORIENTED_EDGE ( 'NONE', *, *, #1724, .T. ) ;
#1609 = AXIS2_PLACEMENT_3D ( 'NONE', #2210, #757, #2764 ) ;
#1610 = DIRECTION ( 'NONE',  ( -0.0000000000000000000, 1.000000000000000000, -0.0000000000000000000 ) ) ;
#1611 = CARTESIAN_POINT ( 'NONE',  ( 0.7366000000000001435, -2.000000000000000000, 0.0000000000000000000 ) ) ;
#1612 = DIRECTION ( 'NONE',  ( -1.000000000000000000, -0.0000000000000000000, -0.0000000000000000000 ) ) ;
#1613 = EDGE_LOOP ( 'NONE', ( #926, #933 ) ) ;
#1614 = CIRCLE ( 'NONE', #1107, 1.500000000000001332 ) ;
#1615 = CIRCLE ( 'NONE', #3401, 1.499999999999999556 ) ;
#1616 = ORIENTED_EDGE ( 'NONE', *, *, #3807, .F. ) ;
#1617 = CYLINDRICAL_SURFACE ( 'NONE', #2424, 1.500000000000001332 ) ;
#1618 = VERTEX_POINT ( 'NONE', #783 ) ;
#1619 = CYLINDRICAL_SURFACE ( 'NONE', #3841, 1.500000000000001332 ) ;
#1620 = EDGE_CURVE ( 'NONE', #2074, #1544, #3831, .T. ) ;
#1621 = CARTESIAN_POINT ( 'NONE',  ( 12.50000000000014744, -2.000000000000000000, 51.99999999999999289 ) ) ;
#1622 = AXIS2_PLACEMENT_3D ( 'NONE', #4047, #2084, #398 ) ;
#1623 = VECTOR ( 'NONE', #3880, 1000.000000000000000 ) ;
#1624 = ORIENTED_EDGE ( 'NONE', *, *, #393, .T. ) ;
#1625 = ORIENTED_EDGE ( 'NONE', *, *, #1939, .T. ) ;
#1626 = DIRECTION ( 'NONE',  ( 0.0000000000000000000, 1.000000000000000000, 0.0000000000000000000 ) ) ;
#1627 = CARTESIAN_POINT ( 'NONE',  ( 12.50000000000000000, -2.000000000000000000, 36.50000000000000000 ) ) ;
#1628 = EDGE_CURVE ( 'NONE', #1696, #4177, #2036, .T. ) ;
#1629 = ORIENTED_EDGE ( 'NONE', *, *, #4035, .T. ) ;
#1630 = ORIENTED_EDGE ( 'NONE', *, *, #3771, .F. ) ;
#1631 = DIRECTION ( 'NONE',  ( -1.000000000000000000, 0.0000000000000000000, 0.0000000000000000000 ) ) ;
#1632 = DIRECTION ( 'NONE',  ( 0.0000000000000000000, 0.0000000000000000000, 1.000000000000000000 ) ) ;
#1633 = AXIS2_PLACEMENT_3D ( 'NONE', #2659, #3300, #4037 ) ;
#1634 = LINE ( 'NONE', #1456, #2329 ) ;
#1635 = FACE_OUTER_BOUND ( 'NONE', #1080, .T. ) ;
#1636 = ORIENTED_EDGE ( 'NONE', *, *, #2615, .F. ) ;
#1637 = CIRCLE ( 'NONE', #4249, 1.500000000000001332 ) ;
#1638 = VECTOR ( 'NONE', #1667, 1000.000000000000000 ) ;
#1639 = LINE ( 'NONE', #4025, #2539 ) ;
#1640 = FACE_BOUND ( 'NONE', #1372, .T. ) ;
#1641 = CARTESIAN_POINT ( 'NONE',  ( 25.00000000000000000, 30.81659999999995847, 38.00000000000007816 ) ) ;
#1642 = AXIS2_PLACEMENT_3D ( 'NONE', #2355, #1013, #341 ) ;
#1643 = EDGE_CURVE ( 'NONE', #774, #3126, #1886, .T. ) ;
#1644 = VERTEX_POINT ( 'NONE', #3466 ) ;
#1645 = VERTEX_POINT ( 'NONE', #3828 ) ;
#1646 = DIRECTION ( 'NONE',  ( 0.0000000000000000000, 0.0000000000000000000, -1.000000000000000000 ) ) ;
#1647 = VERTEX_POINT ( 'NONE', #3454 ) ;
#1648 = ORIENTED_EDGE ( 'NONE', *, *, #2559, .F. ) ;
#1649 = VERTEX_POINT ( 'NONE', #4114 ) ;
#1650 = ORIENTED_EDGE ( 'NONE', *, *, #190, .F. ) ;
#1651 = EDGE_CURVE ( 'NONE', #1805, #3637, #1253, .T. ) ;
#1652 = ORIENTED_EDGE ( 'NONE', *, *, #1656, .T. ) ;
#1653 = CARTESIAN_POINT ( 'NONE',  ( 12.50000000000000000, -10.00000000000000000, 79.75000000000000000 ) ) ;
#1654 = DIRECTION ( 'NONE',  ( 0.0000000000000000000, 0.0000000000000000000, 1.000000000000000000 ) ) ;
#1655 = VERTEX_POINT ( 'NONE', #58 ) ;
#1656 = EDGE_CURVE ( 'NONE', #320, #1214, #2565, .T. ) ;
#1657 = AXIS2_PLACEMENT_3D ( 'NONE', #1864, #1879, #3887 ) ;
#1658 = VERTEX_POINT ( 'NONE', #1085 ) ;
#1659 = DIRECTION ( 'NONE',  ( 0.0000000000000000000, 0.0000000000000000000, 1.000000000000000000 ) ) ;
#1660 = LOCAL_TIME ( 17, 25, 47.00000000000000000, #4094 ) ;
#1661 = DIRECTION ( 'NONE',  ( 0.0000000000000000000, 0.0000000000000000000, 1.000000000000000000 ) ) ;
#1662 = AXIS2_PLACEMENT_3D ( 'NONE', #297, #3323, #3752 ) ;
#1663 = CIRCLE ( 'NONE', #2148, 4.000000000000003553 ) ;
#1664 = AXIS2_PLACEMENT_3D ( 'NONE', #916, #245, #288 ) ;
#1665 = DIRECTION ( 'NONE',  ( 0.0000000000000000000, 0.0000000000000000000, 1.000000000000000000 ) ) ;
#1666 = DIRECTION ( 'NONE',  ( 0.0000000000000000000, 1.000000000000000000, 0.0000000000000000000 ) ) ;
#1667 = DIRECTION ( 'NONE',  ( -0.0000000000000000000, -0.0000000000000000000, -1.000000000000000000 ) ) ;
#1668 = CIRCLE ( 'NONE', #3322, 1.500000000000001332 ) ;
#1669 = VECTOR ( 'NONE', #2126, 1000.000000000000000 ) ;
#1670 = EDGE_LOOP ( 'NONE', ( #261, #2970, #2625, #3819 ) ) ;
#1671 = DIRECTION ( 'NONE',  ( 0.0000000000000000000, 0.0000000000000000000, 1.000000000000000000 ) ) ;
#1672 = VECTOR ( 'NONE', #3555, 1000.000000000000000 ) ;
#1673 = ORIENTED_EDGE ( 'NONE', *, *, #2022, .F. ) ;
#1674 = DIRECTION ( 'NONE',  ( 0.0000000000000000000, 0.0000000000000000000, 1.000000000000000000 ) ) ;
#1675 = FACE_OUTER_BOUND ( 'NONE', #1742, .T. ) ;
#1676 = ORIENTED_EDGE ( 'NONE', *, *, #888, .T. ) ;
#1677 = EDGE_LOOP ( 'NONE', ( #1074, #2296, #3488, #1720 ) ) ;
#1678 = CARTESIAN_POINT ( 'NONE',  ( 27.00000000000000355, 37.81659999999998689, 8.749999999999994671 ) ) ;
#1679 = DIRECTION ( 'NONE',  ( 0.0000000000000000000, 0.0000000000000000000, -1.000000000000000000 ) ) ;
#1680 = AXIS2_PLACEMENT_3D ( 'NONE', #1575, #1605, #2560 ) ;
#1681 = ORIENTED_EDGE ( 'NONE', *, *, #3213, .T. ) ;
#1682 = LINE ( 'NONE', #3943, #4236 ) ;
#1683 = CARTESIAN_POINT ( 'NONE',  ( 0.0000000000000000000, 30.81660000000006150, 52.00000000000008527 ) ) ;
#1684 = FACE_BOUND ( 'NONE', #2928, .T. ) ;
#1685 = CIRCLE ( 'NONE', #3938, 1.499999999999987566 ) ;
#1686 = FACE_BOUND ( 'NONE', #110, .T. ) ;
#1687 = FACE_OUTER_BOUND ( 'NONE', #1018, .T. ) ;
#1688 = DIRECTION ( 'NONE',  ( -1.000000000000000000, -0.0000000000000000000, -0.0000000000000000000 ) ) ;
#1689 = ORIENTED_EDGE ( 'NONE', *, *, #3318, .F. ) ;
#1690 = DIRECTION ( 'NONE',  ( 1.000000000000000000, 0.0000000000000000000, 0.0000000000000000000 ) ) ;
#1691 = DIRECTION ( 'NONE',  ( -1.000000000000000000, -0.0000000000000000000, -0.0000000000000000000 ) ) ;
#1692 = ORIENTED_EDGE ( 'NONE', *, *, #3227, .T. ) ;
#1693 = EDGE_CURVE ( 'NONE', #1918, #2079, #887, .T. ) ;
#1694 = DIRECTION ( 'NONE',  ( 0.0000000000000000000, 0.0000000000000000000, 1.000000000000000000 ) ) ;
#1695 = CARTESIAN_POINT ( 'NONE',  ( 12.50000000000014744, 0.0000000000000000000, 86.75000000000000000 ) ) ;
#1696 = VERTEX_POINT ( 'NONE', #1117 ) ;
#1697 = ORIENTED_EDGE ( 'NONE', *, *, #2754, .T. ) ;
#1698 = ORIENTED_EDGE ( 'NONE', *, *, #3543, .F. ) ;
#1699 = PERSON_AND_ORGANIZATION_ROLE ( 'creator' ) ;
#1700 = CARTESIAN_POINT ( 'NONE',  ( 27.00000000000000355, 23.81659999999998689, 8.749999999999994671 ) ) ;
#1701 = EDGE_CURVE ( 'NONE', #126, #2621, #1995, .T. ) ;
#1702 = AXIS2_PLACEMENT_3D ( 'NONE', #2203, #2216, #2525 ) ;
#1703 = ORIENTED_EDGE ( 'NONE', *, *, #1098, .T. ) ;
#1704 = CARTESIAN_POINT ( 'NONE',  ( -2.000000000000000000, 30.81659999999997979, 71.25000000000009948 ) ) ;
#1705 = DIRECTION ( 'NONE',  ( 0.0000000000000000000, -1.000000000000000000, 0.0000000000000000000 ) ) ;
#1706 = EDGE_LOOP ( 'NONE', ( #3154, #2609 ) ) ;
#1707 = EDGE_CURVE ( 'NONE', #1348, #416, #1206, .T. ) ;
#1708 = AXIS2_PLACEMENT_3D ( 'NONE', #2118, #3792, #3112 ) ;
#1709 = CARTESIAN_POINT ( 'NONE',  ( 25.00000000000000000, 30.81659999999999044, 40.99999999999999289 ) ) ;
#1710 = DIRECTION ( 'NONE',  ( -1.000000000000000000, -0.0000000000000000000, -0.0000000000000000000 ) ) ;
#1711 = VERTEX_POINT ( 'NONE', #4232 ) ;
#1712 = VECTOR ( 'NONE', #1933, 1000.000000000000000 ) ;
#1713 = ORIENTED_EDGE ( 'NONE', *, *, #3303, .F. ) ;
#1714 = AXIS2_PLACEMENT_3D ( 'NONE', #3777, #2104, #2125 ) ;
#1715 = LINE ( 'NONE', #168, #2313 ) ;
#1716 = EDGE_CURVE ( 'NONE', #2103, #955, #2459, .T. ) ;
#1717 = DIRECTION ( 'NONE',  ( -1.000000000000000000, 0.0000000000000000000, 0.0000000000000000000 ) ) ;
#1718 = FACE_OUTER_BOUND ( 'NONE', #1670, .T. ) ;
#1719 = CIRCLE ( 'NONE', #2311, 1.500000000000001332 ) ;
#1720 = ORIENTED_EDGE ( 'NONE', *, *, #239, .T. ) ;
#1721 = CARTESIAN_POINT ( 'NONE',  ( 27.00000000000000355, 37.81659999999999400, 79.75000000000000000 ) ) ;
#1722 = DIRECTION ( 'NONE',  ( -1.000000000000000000, 0.0000000000000000000, 0.0000000000000000000 ) ) ;
#1723 = ORIENTED_EDGE ( 'NONE', *, *, #569, .T. ) ;
#1724 = EDGE_CURVE ( 'NONE', #598, #2597, #4269, .T. ) ;
#1725 = EDGE_LOOP ( 'NONE', ( #1951, #3362, #1335, #2542 ) ) ;
#1726 = ORIENTED_EDGE ( 'NONE', *, *, #1230, .F. ) ;
#1727 = DIRECTION ( 'NONE',  ( 0.0000000000000000000, 0.0000000000000000000, 1.000000000000000000 ) ) ;
#1728 = CARTESIAN_POINT ( 'NONE',  ( 27.00000000000000355, 30.81659999999998689, 10.24999999999999467 ) ) ;
#1729 = EDGE_CURVE ( 'NONE', #2253, #3729, #1771, .T. ) ;
#1730 = FACE_BOUND ( 'NONE', #4332, .T. ) ;
#1731 = VECTOR ( 'NONE', #455, 1000.000000000000000 ) ;
#1732 = CARTESIAN_POINT ( 'NONE',  ( 25.00000000000000000, 23.81659999999997979, 45.00000000000014921 ) ) ;
#1733 = VERTEX_POINT ( 'NONE', #1524 ) ;
#1734 = CARTESIAN_POINT ( 'NONE',  ( 27.00000000000000355, 37.81659999999998689, 11.74999999999999645 ) ) ;
#1735 = CYLINDRICAL_SURFACE ( 'NONE', #3190, 1.500000000000001332 ) ;
#1736 = AXIS2_PLACEMENT_3D ( 'NONE', #1822, #2809, #4159 ) ;
#1737 = DIRECTION ( 'NONE',  ( 1.000000000000000000, 0.0000000000000000000, 0.0000000000000000000 ) ) ;
#1738 = CYLINDRICAL_SURFACE ( 'NONE', #2755, 1.500000000000001332 ) ;
#1739 = VECTOR ( 'NONE', #4307, 1000.000000000000000 ) ;
#1740 = DIRECTION ( 'NONE',  ( -1.000000000000000000, 0.0000000000000000000, 0.0000000000000000000 ) ) ;
#1741 = CARTESIAN_POINT ( 'NONE',  ( 12.50000000000000000, -2.000000000000000000, 39.50000000000000000 ) ) ;
#1742 = EDGE_LOOP ( 'NONE', ( #2435, #725, #373, #667 ) ) ;
#1743 = EDGE_LOOP ( 'NONE', ( #2702, #1319, #3517, #2167 ) ) ;
#1744 = AXIS2_PLACEMENT_3D ( 'NONE', #884, #3238, #1571 ) ;
#1745 = AXIS2_PLACEMENT_3D ( 'NONE', #1178, #3493, #1158 ) ;
#1746 = DIRECTION ( 'NONE',  ( -0.0000000000000000000, -0.0000000000000000000, -1.000000000000000000 ) ) ;
#1747 = EDGE_LOOP ( 'NONE', ( #2347, #2480, #1345, #57 ) ) ;
#1748 = EDGE_CURVE ( 'NONE', #4173, #2149, #3571, .T. ) ;
#1749 = CARTESIAN_POINT ( 'NONE',  ( 5.500000000000100364, 0.0000000000000000000, 78.25000000000002842 ) ) ;
#1750 = VERTEX_POINT ( 'NONE', #2215 ) ;
#1751 = ORIENTED_EDGE ( 'NONE', *, *, #895, .F. ) ;
#1752 = CARTESIAN_POINT ( 'NONE',  ( 27.00000000000000355, 37.81659999999999400, 45.00000000000000000 ) ) ;
#1753 = ORIENTED_EDGE ( 'NONE', *, *, #2657, .F. ) ;
#1754 = ORIENTED_EDGE ( 'NONE', *, *, #615, .F. ) ;
#1755 = CARTESIAN_POINT ( 'NONE',  ( 25.00000000000000000, 30.81659999999998689, 14.24999999999999645 ) ) ;
#1756 = DIRECTION ( 'NONE',  ( 0.0000000000000000000, 0.0000000000000000000, 1.000000000000000000 ) ) ;
#1757 = ORIENTED_EDGE ( 'NONE', *, *, #143, .F. ) ;
#1758 = DIRECTION ( 'NONE',  ( 0.0000000000000000000, 0.0000000000000000000, 1.000000000000000000 ) ) ;
#1759 = CARTESIAN_POINT ( 'NONE',  ( 27.00000000000000355, 30.81659999999998689, 3.249999999999996003 ) ) ;
#1760 = DIRECTION ( 'NONE',  ( 0.0000000000000000000, 0.0000000000000000000, 1.000000000000000000 ) ) ;
#1761 = EDGE_CURVE ( 'NONE', #2368, #864, #3252, .T. ) ;
#1762 = AXIS2_PLACEMENT_3D ( 'NONE', #597, #1612, #2972 ) ;
#1763 = CARTESIAN_POINT ( 'NONE',  ( 27.00000000000000355, 30.81659999999998689, 10.24999999999999467 ) ) ;
#1764 = CARTESIAN_POINT ( 'NONE',  ( 25.00000000000000000, 30.81659999999998689, 17.24999999999999289 ) ) ;
#1765 = DATE_AND_TIME ( #2305, #1660 ) ;
#1766 = CYLINDRICAL_SURFACE ( 'NONE', #2361, 1.500000000000001332 ) ;
#1767 = EDGE_CURVE ( 'NONE', #485, #1015, #1565, .T. ) ;
#1768 = VECTOR ( 'NONE', #144, 1000.000000000000000 ) ;
#1769 = CARTESIAN_POINT ( 'NONE',  ( 0.0000000000000000000, 23.81659999999997979, 79.75000000000015632 ) ) ;
#1770 = CARTESIAN_POINT ( 'NONE',  ( 25.00000000000000000, 37.81659999999999400, 32.75000000000000000 ) ) ;
#1771 = CIRCLE ( 'NONE', #1129, 2.736599999999998811 ) ;
#1772 = EDGE_LOOP ( 'NONE', ( #2701, #1438 ) ) ;
#1773 = ADVANCED_FACE ( 'NONE', ( #4370 ), #3781, .F. ) ;
#1774 = DIRECTION ( 'NONE',  ( 0.0000000000000000000, 0.0000000000000000000, 1.000000000000000000 ) ) ;
#1775 = LINE ( 'NONE', #4188, #3090 ) ;
#1776 = DIRECTION ( 'NONE',  ( 0.0000000000000000000, 0.0000000000000000000, -1.000000000000000000 ) ) ;
#1777 = CARTESIAN_POINT ( 'NONE',  ( 27.00000000000000355, 23.81659999999997979, 78.25000000000017053 ) ) ;
#1778 = AXIS2_PLACEMENT_3D ( 'NONE', #3769, #61, #2735 ) ;
#1779 = ORIENTED_EDGE ( 'NONE', *, *, #3285, .F. ) ;
#1780 = EDGE_CURVE ( 'NONE', #320, #2788, #202, .T. ) ;
#1781 = DIRECTION ( 'NONE',  ( -1.000000000000000000, -0.0000000000000000000, -0.0000000000000000000 ) ) ;
#1782 = DIRECTION ( 'NONE',  ( 0.0000000000000000000, 1.000000000000000000, 0.0000000000000000000 ) ) ;
#1783 = ADVANCED_FACE ( 'NONE', ( #682 ), #2832, .F. ) ;
#1784 = EDGE_LOOP ( 'NONE', ( #4191, #374, #1185, #2365 ) ) ;
#1785 = EDGE_LOOP ( 'NONE', ( #3442, #2823 ) ) ;
#1786 = EDGE_LOOP ( 'NONE', ( #1648, #150, #184, #3991 ) ) ;
#1787 = DIRECTION ( 'NONE',  ( 1.000000000000000000, 0.0000000000000000000, 0.0000000000000000000 ) ) ;
#1788 = DIRECTION ( 'NONE',  ( 1.000000000000000000, 0.0000000000000000000, 0.0000000000000000000 ) ) ;
#1789 = DIRECTION ( 'NONE',  ( -1.000000000000000000, 0.0000000000000000000, 0.0000000000000000000 ) ) ;
#1790 = ORIENTED_EDGE ( 'NONE', *, *, #4202, .T. ) ;
#1791 = FACE_BOUND ( 'NONE', #364, .T. ) ;
#1792 = CIRCLE ( 'NONE', #2796, 1.500000000000001332 ) ;
#1793 = EDGE_CURVE ( 'NONE', #115, #1103, #306, .T. ) ;
#1794 = DIRECTION ( 'NONE',  ( 0.0000000000000000000, 0.0000000000000000000, 1.000000000000000000 ) ) ;
#1795 = CIRCLE ( 'NONE', #2607, 1.500000000000001332 ) ;
#1796 = CARTESIAN_POINT ( 'NONE',  ( 19.50000000000009948, -10.00000000000000000, 78.24999999999992895 ) ) ;
#1797 = LINE ( 'NONE', #4183, #1285 ) ;
#1798 = LINE ( 'NONE', #1134, #3698 ) ;
#1799 = EDGE_CURVE ( 'NONE', #4210, #3536, #2316, .T. ) ;
#1800 = CARTESIAN_POINT ( 'NONE',  ( 27.00000000000000355, 23.81659999999998689, 11.74999999999999645 ) ) ;
#1801 = DIRECTION ( 'NONE',  ( 0.0000000000000000000, 0.0000000000000000000, 1.000000000000000000 ) ) ;
#1802 = AXIS2_PLACEMENT_3D ( 'NONE', #922, #1926, #205 ) ;
#1803 = ADVANCED_FACE ( 'NONE', ( #2885 ), #2271, .F. ) ;
#1804 = ORIENTED_EDGE ( 'NONE', *, *, #3678, .F. ) ;
#1805 = VERTEX_POINT ( 'NONE', #2829 ) ;
#1806 = DIRECTION ( 'NONE',  ( -1.000000000000000000, 0.0000000000000000000, 0.0000000000000000000 ) ) ;
#1807 = DIRECTION ( 'NONE',  ( -0.0000000000000000000, 1.000000000000000000, -0.0000000000000000000 ) ) ;
#1808 = ADVANCED_FACE ( 'NONE', ( #2218 ), #3846, .T. ) ;
#1809 = DIRECTION ( 'NONE',  ( -1.000000000000000000, -0.0000000000000000000, -0.0000000000000000000 ) ) ;
#1810 = AXIS2_PLACEMENT_3D ( 'NONE', #949, #2326, #3673 ) ;
#1811 = DIRECTION ( 'NONE',  ( 0.0000000000000000000, 0.0000000000000000000, 1.000000000000000000 ) ) ;
#1812 = VERTEX_POINT ( 'NONE', #1836 ) ;
#1813 = DIRECTION ( 'NONE',  ( -1.000000000000000000, -0.0000000000000000000, -0.0000000000000000000 ) ) ;
#1814 = VERTEX_POINT ( 'NONE', #3223 ) ;
#1815 = ORIENTED_EDGE ( 'NONE', *, *, #3771, .T. ) ;
#1816 = PLANE ( 'NONE',  #2881 ) ;
#1817 = DIRECTION ( 'NONE',  ( -0.0000000000000000000, 1.000000000000000000, -0.0000000000000000000 ) ) ;
#1818 = ORIENTED_EDGE ( 'NONE', *, *, #1799, .T. ) ;
#1819 = VERTEX_POINT ( 'NONE', #1481 ) ;
#1820 = CARTESIAN_POINT ( 'NONE',  ( 19.50000000000009948, -2.000000000000000000, 8.749999999999918288 ) ) ;
#1821 = CARTESIAN_POINT ( 'NONE',  ( 5.500000000000100364, 0.0000000000000000000, 79.75000000000002842 ) ) ;
#1822 = CARTESIAN_POINT ( 'NONE',  ( 12.50000000000000000, -10.00000000000000000, 79.75000000000000000 ) ) ;
#1823 = ADVANCED_FACE ( 'NONE', ( #3899 ), #1619, .F. ) ;
#1824 = CARTESIAN_POINT ( 'NONE',  ( 27.00000000000000355, 37.00000000000000000, 0.0000000000000000000 ) ) ;
#1825 = EDGE_LOOP ( 'NONE', ( #56, #1754 ) ) ;
#1826 = EDGE_CURVE ( 'NONE', #1016, #2297, #992, .T. ) ;
#1827 = CARTESIAN_POINT ( 'NONE',  ( 12.50000000000000000, -2.000000000000000000, 38.00000000000000000 ) ) ;
#1828 = AXIS2_PLACEMENT_3D ( 'NONE', #2589, #2930, #1593 ) ;
#1829 = CIRCLE ( 'NONE', #2395, 4.000000000000003553 ) ;
#1830 = CIRCLE ( 'NONE', #3634, 1.499999999999987566 ) ;
#1831 = CARTESIAN_POINT ( 'NONE',  ( 0.0000000000000000000, 0.0000000000000000000, 0.0000000000000000000 ) ) ;
#1832 = ORIENTED_EDGE ( 'NONE', *, *, #2263, .T. ) ;
#1833 = VECTOR ( 'NONE', #1424, 1000.000000000000000 ) ;
#1834 = ORIENTED_EDGE ( 'NONE', *, *, #3518, .F. ) ;
#1835 = DIRECTION ( 'NONE',  ( 0.0000000000000000000, 0.0000000000000000000, 1.000000000000000000 ) ) ;
#1836 = CARTESIAN_POINT ( 'NONE',  ( 12.50000000000014744, -2.000000000000000000, 85.24999999999998579 ) ) ;
#1837 = CARTESIAN_POINT ( 'NONE',  ( 27.00000000000000355, 23.81659999999997979, 81.25000000000014211 ) ) ;
#1838 = FACE_OUTER_BOUND ( 'NONE', #3934, .T. ) ;
#1839 = DIRECTION ( 'NONE',  ( -1.000000000000000000, -0.0000000000000000000, -0.0000000000000000000 ) ) ;
#1840 = CIRCLE ( 'NONE', #3371, 4.000000000000000000 ) ;
#1841 = VERTEX_POINT ( 'NONE', #3260 ) ;
#1842 = ORIENTED_EDGE ( 'NONE', *, *, #1066, .F. ) ;
#1843 = ORIENTED_EDGE ( 'NONE', *, *, #1120, .T. ) ;
#1844 = EDGE_LOOP ( 'NONE', ( #1650, #996, #1723, #3735 ) ) ;
#1845 = DIRECTION ( 'NONE',  ( 1.000000000000000000, -0.0000000000000000000, 0.0000000000000000000 ) ) ;
#1846 = ADVANCED_FACE ( 'NONE', ( #1838 ), #2939, .T. ) ;
#1847 = ORIENTED_EDGE ( 'NONE', *, *, #2929, .F. ) ;
#1848 = LINE ( 'NONE', #3344, #4073 ) ;
#1849 = LINE ( 'NONE', #1394, #3007 ) ;
#1850 = EDGE_LOOP ( 'NONE', ( #2967, #1894 ) ) ;
#1851 = CIRCLE ( 'NONE', #4330, 4.000000000000003553 ) ;
#1852 = CARTESIAN_POINT ( 'NONE',  ( 5.500000000000100364, -10.00000000000000000, 46.50000000000002842 ) ) ;
#1853 = CARTESIAN_POINT ( 'NONE',  ( 27.00000000000000355, 37.81659999999998689, 10.24999999999999467 ) ) ;
#1854 = CYLINDRICAL_SURFACE ( 'NONE', #2384, 1.500000000000001332 ) ;
#1855 = FACE_OUTER_BOUND ( 'NONE', #1356, .T. ) ;
#1856 = EDGE_CURVE ( 'NONE', #742, #1103, #2779, .T. ) ;
#1857 = AXIS2_PLACEMENT_3D ( 'NONE', #1728, #2135, #2407 ) ;
#1858 = DIRECTION ( 'NONE',  ( 0.0000000000000000000, 0.0000000000000000000, 1.000000000000000000 ) ) ;
#1859 = CARTESIAN_POINT ( 'NONE',  ( 27.00000000000000355, 30.81659999999997979, 72.75000000000008527 ) ) ;
#1860 = ORIENTED_EDGE ( 'NONE', *, *, #3760, .F. ) ;
#1861 = EDGE_LOOP ( 'NONE', ( #2165, #1168 ) ) ;
#1862 = EDGE_CURVE ( 'NONE', #112, #598, #1211, .T. ) ;
#1863 = ORIENTED_EDGE ( 'NONE', *, *, #1761, .F. ) ;
#1864 = CARTESIAN_POINT ( 'NONE',  ( 25.00000000000000000, 37.81659999999999400, 79.75000000000000000 ) ) ;
#1865 = AXIS2_PLACEMENT_3D ( 'NONE', #1764, #2150, #1431 ) ;
#1866 = ORIENTED_EDGE ( 'NONE', *, *, #210, .T. ) ;
#1867 = ORIENTED_EDGE ( 'NONE', *, *, #3787, .T. ) ;
#1868 = DIRECTION ( 'NONE',  ( 0.0000000000000000000, 0.0000000000000000000, -1.000000000000000000 ) ) ;
#1869 = CARTESIAN_POINT ( 'NONE',  ( -2.000000000000000000, 30.81659999999998689, 10.24999999999999467 ) ) ;
#1870 = ORIENTED_EDGE ( 'NONE', *, *, #2255, .T. ) ;
#1871 = ADVANCED_FACE ( 'NONE', ( #2990 ), #734, .F. ) ;
#1872 = CARTESIAN_POINT ( 'NONE',  ( 0.0000000000000000000, 23.81659999999997979, 81.25000000000014211 ) ) ;
#1873 = AXIS2_PLACEMENT_3D ( 'NONE', #3381, #3014, #1694 ) ;
#1874 = VERTEX_POINT ( 'NONE', #911 ) ;
#1875 = EDGE_CURVE ( 'NONE', #4328, #1938, #2101, .T. ) ;
#1876 = DIRECTION ( 'NONE',  ( -1.000000000000000000, 0.0000000000000000000, 0.0000000000000000000 ) ) ;
#1877 = DIRECTION ( 'NONE',  ( 0.0000000000000000000, 1.000000000000000000, 0.0000000000000000000 ) ) ;
#1878 = EDGE_LOOP ( 'NONE', ( #809, #2248 ) ) ;
#1879 = DIRECTION ( 'NONE',  ( -1.000000000000000000, 0.0000000000000000000, 0.0000000000000000000 ) ) ;
#1880 = CYLINDRICAL_SURFACE ( 'NONE', #2457, 4.000000000000003553 ) ;
#1881 = EDGE_CURVE ( 'NONE', #695, #2958, #417, .T. ) ;
#1882 = CIRCLE ( 'NONE', #1979, 1.500000000000008216 ) ;
#1883 = DIRECTION ( 'NONE',  ( 0.0000000000000000000, 0.0000000000000000000, 1.000000000000000000 ) ) ;
#1884 = CARTESIAN_POINT ( 'NONE',  ( 27.00000000000000355, 37.81659999999999400, 81.25000000000000000 ) ) ;
#1885 = FACE_BOUND ( 'NONE', #743, .T. ) ;
#1886 = LINE ( 'NONE', #2452, #2669 ) ;
#1887 = EDGE_CURVE ( 'NONE', #3687, #1384, #311, .T. ) ;
#1888 = DIRECTION ( 'NONE',  ( 0.0000000000000000000, 0.0000000000000000000, 1.000000000000000000 ) ) ;
#1889 = DIRECTION ( 'NONE',  ( -0.0000000000000000000, 1.000000000000000000, -0.0000000000000000000 ) ) ;
#1890 = AXIS2_PLACEMENT_3D ( 'NONE', #2623, #3674, #4363 ) ;
#1891 = VERTEX_POINT ( 'NONE', #1611 ) ;
#1892 = CYLINDRICAL_SURFACE ( 'NONE', #1802, 1.500000000000001332 ) ;
#1893 = ADVANCED_FACE ( 'NONE', ( #2888 ), #3413, .F. ) ;
#1894 = ORIENTED_EDGE ( 'NONE', *, *, #3438, .T. ) ;
#1895 = AXIS2_PLACEMENT_3D ( 'NONE', #1966, #1980, #3636 ) ;
#1896 = DIRECTION ( 'NONE',  ( 0.0000000000000000000, 0.0000000000000000000, 1.000000000000000000 ) ) ;
#1897 = CARTESIAN_POINT ( 'NONE',  ( -2.000000000000000000, 30.81659999999999044, 45.00000000000000000 ) ) ;
#1898 = AXIS2_PLACEMENT_3D ( 'NONE', #3307, #4001, #2965 ) ;
#1899 = VERTEX_POINT ( 'NONE', #2606 ) ;
#1900 = ORIENTED_EDGE ( 'NONE', *, *, #3684, .F. ) ;
#1901 = VERTEX_POINT ( 'NONE', #1227 ) ;
#1902 = EDGE_LOOP ( 'NONE', ( #2918, #3909, #1779, #2937 ) ) ;
#1903 = DIRECTION ( 'NONE',  ( 0.0000000000000000000, 1.000000000000000000, 0.0000000000000000000 ) ) ;
#1904 = FACE_BOUND ( 'NONE', #3530, .T. ) ;
#1905 = DIRECTION ( 'NONE',  ( 0.0000000000000000000, 0.0000000000000000000, 1.000000000000000000 ) ) ;
#1906 = LINE ( 'NONE', #1462, #4124 ) ;
#1907 = DIRECTION ( 'NONE',  ( 0.0000000000000000000, 0.0000000000000000000, -1.000000000000000000 ) ) ;
#1908 = FACE_BOUND ( 'NONE', #1352, .T. ) ;
#1909 = CIRCLE ( 'NONE', #2732, 4.000000000000000000 ) ;
#1910 = LINE ( 'NONE', #179, #2124 ) ;
#1911 = ORIENTED_EDGE ( 'NONE', *, *, #1887, .F. ) ;
#1912 = DIRECTION ( 'NONE',  ( 0.0000000000000000000, 0.0000000000000000000, 1.000000000000000000 ) ) ;
#1913 = DIRECTION ( 'NONE',  ( -1.000000000000000000, 0.0000000000000000000, 0.0000000000000000000 ) ) ;
#1914 = ORIENTED_EDGE ( 'NONE', *, *, #3061, .T. ) ;
#1915 = AXIS2_PLACEMENT_3D ( 'NONE', #3835, #831, #2206 ) ;
#1916 = ADVANCED_FACE ( 'NONE', ( #941 ), #1892, .F. ) ;
#1917 = CARTESIAN_POINT ( 'NONE',  ( 25.00000000000000000, 30.81660000000005439, 86.75000000000009948 ) ) ;
#1918 = VERTEX_POINT ( 'NONE', #556 ) ;
#1919 = DIRECTION ( 'NONE',  ( 0.0000000000000000000, 0.0000000000000000000, 1.000000000000000000 ) ) ;
#1920 = CARTESIAN_POINT ( 'NONE',  ( 27.00000000000000355, 41.99999999999999289, 84.99999999999998579 ) ) ;
#1921 = ORIENTED_EDGE ( 'NONE', *, *, #2242, .F. ) ;
#1922 = ORIENTED_EDGE ( 'NONE', *, *, #334, .F. ) ;
#1923 = EDGE_LOOP ( 'NONE', ( #1096, #4085 ) ) ;
#1924 = ORIENTED_EDGE ( 'NONE', *, *, #2450, .T. ) ;
#1925 = DIRECTION ( 'NONE',  ( -1.000000000000000000, 0.0000000000000000000, 0.0000000000000000000 ) ) ;
#1926 = DIRECTION ( 'NONE',  ( -1.000000000000000000, -0.0000000000000000000, -0.0000000000000000000 ) ) ;
#1927 = DIRECTION ( 'NONE',  ( -0.0000000000000000000, 1.000000000000000000, -0.0000000000000000000 ) ) ;
#1928 = ORIENTED_EDGE ( 'NONE', *, *, #1716, .T. ) ;
#1929 = ORIENTED_EDGE ( 'NONE', *, *, #2536, .F. ) ;
#1930 = DIRECTION ( 'NONE',  ( -1.000000000000000000, 0.0000000000000000000, 0.0000000000000000000 ) ) ;
#1931 = EDGE_CURVE ( 'NONE', #824, #4181, #1099, .T. ) ;
#1932 = DIRECTION ( 'NONE',  ( 0.0000000000000000000, 0.0000000000000000000, -1.000000000000000000 ) ) ;
#1933 = DIRECTION ( 'NONE',  ( -1.000000000000000000, -0.0000000000000000000, -0.0000000000000000000 ) ) ;
#1934 = CARTESIAN_POINT ( 'NONE',  ( 19.50000000000009948, 0.0000000000000000000, 43.49999999999992184 ) ) ;
#1935 = ORIENTED_EDGE ( 'NONE', *, *, #3352, .T. ) ;
#1936 = ADVANCED_FACE ( 'NONE', ( #3959 ), #3040, .F. ) ;
#1937 = FACE_OUTER_BOUND ( 'NONE', #2176, .T. ) ;
#1938 = VERTEX_POINT ( 'NONE', #3663 ) ;
#1939 = EDGE_CURVE ( 'NONE', #1645, #785, #146, .T. ) ;
#1940 = DIRECTION ( 'NONE',  ( 0.0000000000000000000, 0.0000000000000000000, 1.000000000000000000 ) ) ;
#1941 = AXIS2_PLACEMENT_3D ( 'NONE', #1961, #3304, #953 ) ;
#1942 = VECTOR ( 'NONE', #1179, 1000.000000000000000 ) ;
#1943 = ORIENTED_EDGE ( 'NONE', *, *, #1048, .T. ) ;
#1944 = EDGE_CURVE ( 'NONE', #2648, #1298, #3680, .T. ) ;
#1945 = PLANE ( 'NONE',  #1228 ) ;
#1946 = LINE ( 'NONE', #626, #839 ) ;
#1947 = CARTESIAN_POINT ( 'NONE',  ( -2.000000000000000000, 37.81659999999999400, 58.75000000000000000 ) ) ;
#1948 = AXIS2_PLACEMENT_3D ( 'NONE', #2448, #1817, #131 ) ;
#1949 = CARTESIAN_POINT ( 'NONE',  ( 0.0000000000000000000, 23.81659999999998689, 8.749999999999994671 ) ) ;
#1950 = VERTEX_POINT ( 'NONE', #236 ) ;
#1951 = ORIENTED_EDGE ( 'NONE', *, *, #1799, .F. ) ;
#1952 = EDGE_LOOP ( 'NONE', ( #507, #2889 ) ) ;
#1953 = ORIENTED_EDGE ( 'NONE', *, *, #1302, .F. ) ;
#1954 = ORIENTED_EDGE ( 'NONE', *, *, #2643, .F. ) ;
#1955 = DIRECTION ( 'NONE',  ( 0.0000000000000000000, 0.0000000000000000000, 1.000000000000000000 ) ) ;
#1956 = DIRECTION ( 'NONE',  ( -1.000000000000000000, 0.0000000000000000000, -0.0000000000000000000 ) ) ;
#1957 = CARTESIAN_POINT ( 'NONE',  ( 27.00000000000000355, 30.81659999999997979, 72.75000000000008527 ) ) ;
#1958 = EDGE_LOOP ( 'NONE', ( #145, #1818, #3679, #4360 ) ) ;
#1959 = LINE ( 'NONE', #1376, #4018 ) ;
#1960 = EDGE_CURVE ( 'NONE', #808, #320, #2622, .T. ) ;
#1961 = CARTESIAN_POINT ( 'NONE',  ( 27.00000000000000355, 37.00000000000000000, 84.99999999999998579 ) ) ;
#1962 = VECTOR ( 'NONE', #2412, 1000.000000000000000 ) ;
#1963 = ORIENTED_EDGE ( 'NONE', *, *, #3147, .T. ) ;
#1964 = VECTOR ( 'NONE', #4180, 1000.000000000000000 ) ;
#1965 = ADVANCED_FACE ( 'NONE', ( #3156 ), #266, .F. ) ;
#1966 = CARTESIAN_POINT ( 'NONE',  ( 27.00000000000000355, 30.81659999999999044, 79.75000000000000000 ) ) ;
#1967 = DIRECTION ( 'NONE',  ( 0.0000000000000000000, 1.000000000000000000, 0.0000000000000000000 ) ) ;
#1968 = CIRCLE ( 'NONE', #2834, 1.500000000000001332 ) ;
#1969 = VECTOR ( 'NONE', #395, 1000.000000000000000 ) ;
#1970 = ORIENTED_EDGE ( 'NONE', *, *, #3450, .F. ) ;
#1971 = EDGE_LOOP ( 'NONE', ( #1220, #1550 ) ) ;
#1972 = EDGE_CURVE ( 'NONE', #3710, #4394, #1946, .T. ) ;
#1973 = ORIENTED_EDGE ( 'NONE', *, *, #1707, .T. ) ;
#1974 = DIRECTION ( 'NONE',  ( -1.000000000000000000, 0.0000000000000000000, -0.0000000000000000000 ) ) ;
#1975 = CARTESIAN_POINT ( 'NONE',  ( 0.0000000000000000000, 30.81660000000005439, 86.75000000000009948 ) ) ;
#1976 = DIRECTION ( 'NONE',  ( -0.0000000000000000000, 1.000000000000000000, -0.0000000000000000000 ) ) ;
#1977 = EDGE_CURVE ( 'NONE', #598, #112, #1997, .T. ) ;
#1978 = EDGE_LOOP ( 'NONE', ( #269, #4243, #2196, #951 ) ) ;
#1979 = AXIS2_PLACEMENT_3D ( 'NONE', #3815, #1789, #466 ) ;
#1980 = DIRECTION ( 'NONE',  ( -1.000000000000000000, -0.0000000000000000000, -0.0000000000000000000 ) ) ;
#1981 = CARTESIAN_POINT ( 'NONE',  ( 19.50000000000009948, -2.000000000000000000, 10.24999999999991829 ) ) ;
#1982 = VERTEX_POINT ( 'NONE', #4046 ) ;
#1983 = ORIENTED_EDGE ( 'NONE', *, *, #2396, .T. ) ;
#1984 = AXIS2_PLACEMENT_3D ( 'NONE', #520, #810, #3497 ) ;
#1985 = AXIS2_PLACEMENT_3D ( 'NONE', #486, #77, #2500 ) ;
#1986 = VERTEX_POINT ( 'NONE', #640 ) ;
#1987 = EDGE_CURVE ( 'NONE', #4045, #2034, #3849, .T. ) ;
#1988 = CARTESIAN_POINT ( 'NONE',  ( 12.50000000000000000, -2.000000000000000000, 79.75000000000000000 ) ) ;
#1989 = CARTESIAN_POINT ( 'NONE',  ( 27.00000000000000355, 0.7366000000000000325, 0.0000000000000000000 ) ) ;
#1990 = CIRCLE ( 'NONE', #1557, 4.000000000000003553 ) ;
#1991 = CYLINDRICAL_SURFACE ( 'NONE', #3809, 1.500000000000001332 ) ;
#1992 = DIRECTION ( 'NONE',  ( -0.0000000000000000000, 1.000000000000000000, -0.0000000000000000000 ) ) ;
#1993 = DIRECTION ( 'NONE',  ( 0.0000000000000000000, 0.0000000000000000000, 1.000000000000000000 ) ) ;
#1994 = CYLINDRICAL_SURFACE ( 'NONE', #925, 1.500000000000001332 ) ;
#1995 = CIRCLE ( 'NONE', #3379, 1.500000000000001332 ) ;
#1996 = ORIENTED_EDGE ( 'NONE', *, *, #1261, .F. ) ;
#1997 = CIRCLE ( 'NONE', #1492, 1.500000000000001332 ) ;
#1998 = EDGE_CURVE ( 'NONE', #82, #1711, #4215, .T. ) ;
#1999 = CARTESIAN_POINT ( 'NONE',  ( -2.000000000000000000, 37.00000000000000711, 0.0000000000000000000 ) ) ;
#2000 = AXIS2_PLACEMENT_3D ( 'NONE', #557, #1197, #4252 ) ;
#2001 = CARTESIAN_POINT ( 'NONE',  ( 12.50000000000000000, -2.000000000000000000, 49.00000000000000000 ) ) ;
#2002 = ORIENTED_EDGE ( 'NONE', *, *, #2404, .T. ) ;
#2003 = EDGE_CURVE ( 'NONE', #1214, #4347, #2947, .T. ) ;
#2004 = ORIENTED_EDGE ( 'NONE', *, *, #3564, .T. ) ;
#2005 = ORIENTED_EDGE ( 'NONE', *, *, #4231, .T. ) ;
#2006 = ORIENTED_EDGE ( 'NONE', *, *, #2080, .T. ) ;
#2007 = FACE_OUTER_BOUND ( 'NONE', #2370, .T. ) ;
#2008 = VECTOR ( 'NONE', #2134, 1000.000000000000000 ) ;
#2009 = CIRCLE ( 'NONE', #1075, 4.000000000000003553 ) ;
#2010 = FACE_OUTER_BOUND ( 'NONE', #2782, .T. ) ;
#2011 = VECTOR ( 'NONE', #503, 1000.000000000000000 ) ;
#2012 = CARTESIAN_POINT ( 'NONE',  ( 0.7366000000000001435, 0.7365999999999999215, 0.0000000000000000000 ) ) ;
#2013 = FACE_BOUND ( 'NONE', #3657, .T. ) ;
#2014 = APPROVAL ( #46, '未指定' ) ;
#2015 = EDGE_CURVE ( 'NONE', #2860, #2385, #1359, .T. ) ;
#2016 = ORIENTED_EDGE ( 'NONE', *, *, #152, .F. ) ;
#2017 = CARTESIAN_POINT ( 'NONE',  ( 27.00000000000000355, 23.81659999999997979, 46.50000000000014921 ) ) ;
#2018 = VERTEX_POINT ( 'NONE', #2327 ) ;
#2019 = ORIENTED_EDGE ( 'NONE', *, *, #4065, .T. ) ;
#2020 = ORIENTED_EDGE ( 'NONE', *, *, #1048, .F. ) ;
#2021 = DIRECTION ( 'NONE',  ( -1.000000000000000000, 0.0000000000000000000, 0.0000000000000000000 ) ) ;
#2022 = EDGE_CURVE ( 'NONE', #2288, #4172, #3786, .T. ) ;
#2023 = ORIENTED_EDGE ( 'NONE', *, *, #301, .T. ) ;
#2024 = CARTESIAN_POINT ( 'NONE',  ( -2.000000000000000000, 37.81659999999999400, 79.75000000000000000 ) ) ;
#2025 = DIRECTION ( 'NONE',  ( 0.0000000000000000000, 0.0000000000000000000, 1.000000000000000000 ) ) ;
#2026 = ORIENTED_EDGE ( 'NONE', *, *, #2342, .F. ) ;
#2027 = EDGE_CURVE ( 'NONE', #3126, #3476, #1518, .T. ) ;
#2028 = AXIS2_PLACEMENT_3D ( 'NONE', #3779, #2808, #1404 ) ;
#2029 = DESIGN_CONTEXT ( 'detailed design', #2093, 'design' ) ;
#2030 = ORIENTED_EDGE ( 'NONE', *, *, #143, .T. ) ;
#2031 = DIRECTION ( 'NONE',  ( -1.000000000000000000, -0.0000000000000000000, -0.0000000000000000000 ) ) ;
#2032 = DIRECTION ( 'NONE',  ( 0.0000000000000000000, 0.0000000000000000000, 1.000000000000000000 ) ) ;
#2033 = CARTESIAN_POINT ( 'NONE',  ( 27.00000000000000355, 37.81659999999999400, 29.74999999999999645 ) ) ;
#2034 = VERTEX_POINT ( 'NONE', #2300 ) ;
#2035 = DIRECTION ( 'NONE',  ( 0.0000000000000000000, 0.0000000000000000000, 1.000000000000000000 ) ) ;
#2036 = CIRCLE ( 'NONE', #2814, 1.500000000000001332 ) ;
#2037 = AXIS2_PLACEMENT_3D ( 'NONE', #2375, #1717, #3360 ) ;
#2038 = EDGE_LOOP ( 'NONE', ( #308, #2653, #2954, #585 ) ) ;
#2039 = EDGE_CURVE ( 'NONE', #1655, #2541, #207, .T. ) ;
#2040 = DIRECTION ( 'NONE',  ( 1.000000000000000000, 0.0000000000000000000, 0.0000000000000000000 ) ) ;
#2041 = CYLINDRICAL_SURFACE ( 'NONE', #3851, 1.500000000000001332 ) ;
#2042 = DIRECTION ( 'NONE',  ( -1.000000000000000000, -0.0000000000000000000, -0.0000000000000000000 ) ) ;
#2043 = CIRCLE ( 'NONE', #1375, 1.500000000000001332 ) ;
#2044 = ORIENTED_EDGE ( 'NONE', *, *, #4152, .F. ) ;
#2045 = DIRECTION ( 'NONE',  ( 1.000000000000000000, 0.0000000000000000000, 0.0000000000000000000 ) ) ;
#2046 = VECTOR ( 'NONE', #1406, 1000.000000000000000 ) ;
#2047 = CARTESIAN_POINT ( 'NONE',  ( 27.00000000000000355, 30.81659999999999044, 79.75000000000000000 ) ) ;
#2048 = CARTESIAN_POINT ( 'NONE',  ( 27.00000000000000355, 30.81659999999998689, 6.249999999999993783 ) ) ;
#2049 = VERTEX_POINT ( 'NONE', #2991 ) ;
#2050 = DIRECTION ( 'NONE',  ( 0.0000000000000000000, 0.0000000000000000000, 1.000000000000000000 ) ) ;
#2051 = LINE ( 'NONE', #2397, #1042 ) ;
#2052 = DIRECTION ( 'NONE',  ( 0.0000000000000000000, 0.0000000000000000000, 1.000000000000000000 ) ) ;
#2053 = FACE_OUTER_BOUND ( 'NONE', #2517, .T. ) ;
#2054 = ORIENTED_EDGE ( 'NONE', *, *, #3564, .F. ) ;
#2055 = ORIENTED_EDGE ( 'NONE', *, *, #1191, .T. ) ;
#2056 = EDGE_CURVE ( 'NONE', #3904, #447, #2163, .T. ) ;
#2057 = CARTESIAN_POINT ( 'NONE',  ( -2.000000000000000000, 0.0000000000000000000, 90.00000000000000000 ) ) ;
#2058 = AXIS2_PLACEMENT_3D ( 'NONE', #2650, #975, #3325 ) ;
#2059 = CARTESIAN_POINT ( 'NONE',  ( -2.000000000000000000, 30.81660000000005439, 86.75000000000009948 ) ) ;
#2060 = ORIENTED_EDGE ( 'NONE', *, *, #3312, .T. ) ;
#2061 = ORIENTED_EDGE ( 'NONE', *, *, #4035, .F. ) ;
#2062 = ORIENTED_EDGE ( 'NONE', *, *, #1208, .T. ) ;
#2063 = CARTESIAN_POINT ( 'NONE',  ( 12.50000000000014744, -10.00000000000000000, 17.24999999999998934 ) ) ;
#2064 = FACE_BOUND ( 'NONE', #3660, .T. ) ;
#2065 = LINE ( 'NONE', #2739, #3591 ) ;
#2066 = EDGE_LOOP ( 'NONE', ( #2718, #644 ) ) ;
#2067 = VECTOR ( 'NONE', #664, 1000.000000000000000 ) ;
#2068 = AXIS2_PLACEMENT_3D ( 'NONE', #1152, #3500, #3894 ) ;
#2069 = VECTOR ( 'NONE', #2925, 1000.000000000000000 ) ;
#2070 = LINE ( 'NONE', #3259, #3327 ) ;
#2071 = CARTESIAN_POINT ( 'NONE',  ( 27.00000000000000355, 30.81659999999997979, 71.25000000000009948 ) ) ;
#2072 = CARTESIAN_POINT ( 'NONE',  ( 0.0000000000000000000, 23.81659999999998689, 10.24999999999999467 ) ) ;
#2073 = VERTEX_POINT ( 'NONE', #2641 ) ;
#2074 = VERTEX_POINT ( 'NONE', #396 ) ;
#2075 = ORIENTED_EDGE ( 'NONE', *, *, #2671, .T. ) ;
#2076 = ADVANCED_FACE ( 'NONE', ( #1266 ), #3308, .F. ) ;
#2077 = CARTESIAN_POINT ( 'NONE',  ( 12.50000000000014744, -2.000000000000000000, 17.24999999999998934 ) ) ;
#2078 = CARTESIAN_POINT ( 'NONE',  ( 27.00000000000000355, 30.81659999999998689, 10.24999999999999467 ) ) ;
#2079 = VERTEX_POINT ( 'NONE', #1049 ) ;
#2080 = EDGE_CURVE ( 'NONE', #579, #4138, #366, .T. ) ;
#2081 = AXIS2_PLACEMENT_3D ( 'NONE', #1004, #3357, #676 ) ;
#2082 = ORIENTED_EDGE ( 'NONE', *, *, #3930, .T. ) ;
#2083 = PLANE ( 'NONE',  #1400 ) ;
#2084 = DIRECTION ( 'NONE',  ( 0.0000000000000000000, 1.000000000000000000, 0.0000000000000000000 ) ) ;
#2085 = EDGE_CURVE ( 'NONE', #1750, #451, #2051, .T. ) ;
#2086 = AXIS2_PLACEMENT_3D ( 'NONE', #1917, #256, #3577 ) ;
#2087 = DIRECTION ( 'NONE',  ( 0.0000000000000000000, 0.0000000000000000000, 1.000000000000000000 ) ) ;
#2088 = DIRECTION ( 'NONE',  ( 0.0000000000000000000, 0.0000000000000000000, -1.000000000000000000 ) ) ;
#2089 = CARTESIAN_POINT ( 'NONE',  ( -2.000000000000000000, 0.7365999999999990333, 90.00000000000000000 ) ) ;
#2090 = CYLINDRICAL_SURFACE ( 'NONE', #3995, 1.500000000000001332 ) ;
#2091 = VECTOR ( 'NONE', #3423, 1000.000000000000000 ) ;
#2092 = DIRECTION ( 'NONE',  ( -0.0000000000000000000, -0.0000000000000000000, -1.000000000000000000 ) ) ;
#2093 = APPLICATION_CONTEXT ( 'configuration controlled 3d designs of mechanical parts and assemblies' ) ;
#2094 = CARTESIAN_POINT ( 'NONE',  ( 12.50000000000000000, -10.00000000000000000, 6.249999999999996447 ) ) ;
#2095 = AXIS2_PLACEMENT_3D ( 'NONE', #2946, #1314, #3267 ) ;
#2096 = CIRCLE ( 'NONE', #4186, 2.736599999999998811 ) ;
#2097 = EDGE_CURVE ( 'NONE', #1239, #369, #1157, .T. ) ;
#2098 = CARTESIAN_POINT ( 'NONE',  ( 27.00000000000000355, 30.81659999999997979, 72.75000000000008527 ) ) ;
#2099 = CARTESIAN_POINT ( 'NONE',  ( 12.50000000000000000, 0.0000000000000000000, 1.749999999999994671 ) ) ;
#2100 = ORIENTED_EDGE ( 'NONE', *, *, #595, .T. ) ;
#2101 = CIRCLE ( 'NONE', #1192, 1.500000000000008216 ) ;
#2102 = CYLINDRICAL_SURFACE ( 'NONE', #1091, 1.500000000000001332 ) ;
#2103 = VERTEX_POINT ( 'NONE', #1416 ) ;
#2104 = DIRECTION ( 'NONE',  ( -1.000000000000000000, 0.0000000000000000000, 0.0000000000000000000 ) ) ;
#2105 = DIRECTION ( 'NONE',  ( -1.000000000000000000, -0.0000000000000000000, -0.0000000000000000000 ) ) ;
#2106 = ORIENTED_EDGE ( 'NONE', *, *, #1780, .T. ) ;
#2107 = AXIS2_PLACEMENT_3D ( 'NONE', #892, #1250, #3920 ) ;
#2108 = CARTESIAN_POINT ( 'NONE',  ( 0.0000000000000000000, -2.000000000000000000, 90.00000000000000000 ) ) ;
#2109 = CIRCLE ( 'NONE', #2777, 1.500000000000001332 ) ;
#2110 = ORIENTED_EDGE ( 'NONE', *, *, #1090, .T. ) ;
#2111 = APPLICATION_PROTOCOL_DEFINITION ( 'international standard', 'config_control_design', 1994, #2093 ) ;
#2112 = ORIENTED_EDGE ( 'NONE', *, *, #2003, .T. ) ;
#2113 = CARTESIAN_POINT ( 'NONE',  ( 27.00000000000000355, 30.81659999999997979, 74.25000000000008527 ) ) ;
#2114 = EDGE_CURVE ( 'NONE', #2859, #848, #3626, .T. ) ;
#2115 = CYLINDRICAL_SURFACE ( 'NONE', #3433, 1.500000000000001332 ) ;
#2116 = LINE ( 'NONE', #1574, #2336 ) ;
#2117 = DIRECTION ( 'NONE',  ( -1.000000000000000000, -0.0000000000000000000, -0.0000000000000000000 ) ) ;
#2118 = CARTESIAN_POINT ( 'NONE',  ( 25.00000000000000000, 30.81659999999998689, 17.24999999999999289 ) ) ;
#2119 = VECTOR ( 'NONE', #508, 1000.000000000000000 ) ;
#2120 = AXIS2_PLACEMENT_3D ( 'NONE', #3188, #3521, #2198 ) ;
#2121 = ADVANCED_FACE ( 'NONE', ( #1718 ), #2741, .T. ) ;
#2122 = FACE_OUTER_BOUND ( 'NONE', #1725, .T. ) ;
#2123 = LINE ( 'NONE', #3520, #851 ) ;
#2124 = VECTOR ( 'NONE', #2811, 1000.000000000000000 ) ;
#2125 = DIRECTION ( 'NONE',  ( 0.0000000000000000000, 0.0000000000000000000, 1.000000000000000000 ) ) ;
#2126 = DIRECTION ( 'NONE',  ( -0.0000000000000000000, 1.000000000000000000, -0.0000000000000000000 ) ) ;
#2127 = DIRECTION ( 'NONE',  ( 0.0000000000000000000, 0.0000000000000000000, 1.000000000000000000 ) ) ;
#2128 = EDGE_LOOP ( 'NONE', ( #1636, #491, #3239, #3163 ) ) ;
#2129 = AXIS2_PLACEMENT_3D ( 'NONE', #1209, #1925, #871 ) ;
#2130 = DIRECTION ( 'NONE',  ( -1.000000000000000000, -0.0000000000000000000, -0.0000000000000000000 ) ) ;
#2131 = AXIS2_PLACEMENT_3D ( 'NONE', #3621, #1967, #3292 ) ;
#2132 = ORIENTED_EDGE ( 'NONE', *, *, #458, .T. ) ;
#2133 = EDGE_CURVE ( 'NONE', #4346, #451, #482, .T. ) ;
#2134 = DIRECTION ( 'NONE',  ( -0.0000000000000000000, 1.000000000000000000, -0.0000000000000000000 ) ) ;
#2135 = DIRECTION ( 'NONE',  ( -1.000000000000000000, 0.0000000000000000000, 0.0000000000000000000 ) ) ;
#2136 = EDGE_LOOP ( 'NONE', ( #1963, #3656, #3964, #43 ) ) ;
#2137 = ORIENTED_EDGE ( 'NONE', *, *, #3450, .T. ) ;
#2138 = DIRECTION ( 'NONE',  ( -1.000000000000000000, -0.0000000000000000000, -0.0000000000000000000 ) ) ;
#2139 = DIRECTION ( 'NONE',  ( -0.0000000000000000000, -0.0000000000000000000, -1.000000000000000000 ) ) ;
#2140 = ORIENTED_EDGE ( 'NONE', *, *, #4390, .T. ) ;
#2141 = ORIENTED_EDGE ( 'NONE', *, *, #4320, .F. ) ;
#2142 = DIRECTION ( 'NONE',  ( 0.0000000000000000000, 0.0000000000000000000, -1.000000000000000000 ) ) ;
#2143 = DIRECTION ( 'NONE',  ( -1.000000000000000000, -0.0000000000000000000, -0.0000000000000000000 ) ) ;
#2144 = ADVANCED_FACE ( 'NONE', ( #3730 ), #3519, .F. ) ;
#2145 = ORIENTED_EDGE ( 'NONE', *, *, #2039, .F. ) ;
#2146 = CARTESIAN_POINT ( 'NONE',  ( 5.500000000000100364, 0.0000000000000000000, 43.50000000000002132 ) ) ;
#2147 = DIRECTION ( 'NONE',  ( -0.0000000000000000000, 1.000000000000000000, -0.0000000000000000000 ) ) ;
#2148 = AXIS2_PLACEMENT_3D ( 'NONE', #2156, #4193, #3455 ) ;
#2149 = VERTEX_POINT ( 'NONE', #1734 ) ;
#2150 = DIRECTION ( 'NONE',  ( -1.000000000000000000, 0.0000000000000000000, 0.0000000000000000000 ) ) ;
#2151 = CIRCLE ( 'NONE', #4092, 1.500000000000001332 ) ;
#2152 = ORIENTED_EDGE ( 'NONE', *, *, #198, .T. ) ;
#2153 = CARTESIAN_POINT ( 'NONE',  ( 0.0000000000000000000, 37.00000000000000711, 5.000000000000000000 ) ) ;
#2154 = FACE_OUTER_BOUND ( 'NONE', #3686, .T. ) ;
#2155 = DIRECTION ( 'NONE',  ( -1.000000000000000000, 0.0000000000000000000, 0.0000000000000000000 ) ) ;
#2156 = CARTESIAN_POINT ( 'NONE',  ( -2.000000000000000000, 30.81659999999999044, 79.75000000000000000 ) ) ;
#2157 = ORIENTED_EDGE ( 'NONE', *, *, #1960, .T. ) ;
#2158 = CIRCLE ( 'NONE', #3989, 1.500000000000001332 ) ;
#2159 = CARTESIAN_POINT ( 'NONE',  ( 0.0000000000000000000, 37.81659999999999400, 43.50000000000000000 ) ) ;
#2160 = CARTESIAN_POINT ( 'NONE',  ( 27.00000000000000355, 23.81659999999998689, 10.24999999999999467 ) ) ;
#2161 = EDGE_LOOP ( 'NONE', ( #3764, #1921, #2506, #891 ) ) ;
#2162 = EDGE_CURVE ( 'NONE', #3017, #2359, #638, .T. ) ;
#2163 = CIRCLE ( 'NONE', #735, 1.500000000000001332 ) ;
#2164 = ADVANCED_FACE ( 'NONE', ( #2406 ), #2083, .F. ) ;
#2165 = ORIENTED_EDGE ( 'NONE', *, *, #2856, .F. ) ;
#2166 = EDGE_LOOP ( 'NONE', ( #4031, #919, #4381, #3161 ) ) ;
#2167 = ORIENTED_EDGE ( 'NONE', *, *, #1310, .T. ) ;
#2168 = CARTESIAN_POINT ( 'NONE',  ( 27.00000000000000355, 30.81659999999998689, 1.749999999999996003 ) ) ;
#2169 = DIRECTION ( 'NONE',  ( 0.0000000000000000000, 1.000000000000000000, 0.0000000000000000000 ) ) ;
#2170 = EDGE_LOOP ( 'NONE', ( #1236, #4084, #172, #3398 ) ) ;
#2171 = ORIENTED_EDGE ( 'NONE', *, *, #2460, .T. ) ;
#2172 = EDGE_CURVE ( 'NONE', #4039, #3330, #3205, .T. ) ;
#2173 = ADVANCED_FACE ( 'NONE', ( #3096, #4326, #4110, #4007, #1315, #936, #1153, #19, #263, #3359, #4054, #1512, #1403, #2673, #728, #4105, #4374, #4004 ), #2413, .F. ) ;
#2174 = AXIS2_PLACEMENT_3D ( 'NONE', #3717, #4377, #2025 ) ;
#2175 = CARTESIAN_POINT ( 'NONE',  ( 27.00000000000000355, 0.7366000000000000325, 90.00000000000000000 ) ) ;
#2176 = EDGE_LOOP ( 'NONE', ( #3737, #3396, #1790, #797 ) ) ;
#2177 = VECTOR ( 'NONE', #32, 1000.000000000000000 ) ;
#2178 = DIRECTION ( 'NONE',  ( -1.000000000000000000, -0.0000000000000000000, -0.0000000000000000000 ) ) ;
#2179 = CIRCLE ( 'NONE', #75, 1.500000000000001332 ) ;
#2180 = ORIENTED_EDGE ( 'NONE', *, *, #334, .T. ) ;
#2181 = LINE ( 'NONE', #4283, #3864 ) ;
#2182 = EDGE_CURVE ( 'NONE', #553, #3311, #4164, .T. ) ;
#2183 = CARTESIAN_POINT ( 'NONE',  ( 12.50000000000014744, 0.0000000000000000000, 50.49999999999998579 ) ) ;
#2184 = CARTESIAN_POINT ( 'NONE',  ( 0.0000000000000000000, 23.81659999999997979, 45.00000000000014921 ) ) ;
#2185 = AXIS2_PLACEMENT_3D ( 'NONE', #1491, #1095, #1801 ) ;
#2186 = CIRCLE ( 'NONE', #3333, 1.500000000000000000 ) ;
#2187 = ORIENTED_EDGE ( 'NONE', *, *, #2444, .F. ) ;
#2188 = CARTESIAN_POINT ( 'NONE',  ( 25.00000000000000000, 37.81659999999998689, 10.24999999999999467 ) ) ;
#2189 = DIRECTION ( 'NONE',  ( 0.0000000000000000000, 1.000000000000000000, 0.0000000000000000000 ) ) ;
#2190 = DIRECTION ( 'NONE',  ( 0.0000000000000000000, 0.0000000000000000000, 1.000000000000000000 ) ) ;
#2191 = ORIENTED_EDGE ( 'NONE', *, *, #569, .F. ) ;
#2192 = ADVANCED_FACE ( 'NONE', ( #3037 ), #479, .F. ) ;
#2193 = CARTESIAN_POINT ( 'NONE',  ( 0.0000000000000000000, 30.81659999999998689, 18.74999999999999645 ) ) ;
#2194 = EDGE_CURVE ( 'NONE', #1488, #687, #1775, .T. ) ;
#2195 = CARTESIAN_POINT ( 'NONE',  ( 25.00000000000000000, 30.81659999999997979, 72.75000000000008527 ) ) ;
#2196 = ORIENTED_EDGE ( 'NONE', *, *, #2637, .F. ) ;
#2197 = DIRECTION ( 'NONE',  ( 0.0000000000000000000, -0.0000000000000000000, 1.000000000000000000 ) ) ;
#2198 = DIRECTION ( 'NONE',  ( 0.0000000000000000000, 0.0000000000000000000, 1.000000000000000000 ) ) ;
#2199 = ORIENTED_EDGE ( 'NONE', *, *, #2553, .F. ) ;
#2200 = ORIENTED_EDGE ( 'NONE', *, *, #4086, .F. ) ;
#2201 = AXIS2_PLACEMENT_3D ( 'NONE', #489, #3623, #4289 ) ;
#2202 = DIRECTION ( 'NONE',  ( 0.0000000000000000000, 0.0000000000000000000, 1.000000000000000000 ) ) ;
#2203 = CARTESIAN_POINT ( 'NONE',  ( 0.0000000000000000000, 30.81660000000006150, 52.00000000000008527 ) ) ;
#2204 = EDGE_CURVE ( 'NONE', #1658, #1819, #2158, .T. ) ;
#2205 = CARTESIAN_POINT ( 'NONE',  ( 27.00000000000000355, 30.81659999999999044, 79.75000000000000000 ) ) ;
#2206 = DIRECTION ( 'NONE',  ( 0.0000000000000000000, 0.0000000000000000000, 1.000000000000000000 ) ) ;
#2207 = AXIS2_PLACEMENT_3D ( 'NONE', #85, #812, #450 ) ;
#2208 = LOCAL_TIME ( 17, 25, 47.00000000000000000, #2306 ) ;
#2209 = VECTOR ( 'NONE', #1453, 1000.000000000000000 ) ;
#2210 = CARTESIAN_POINT ( 'NONE',  ( 12.50000000000000000, -2.000000000000000000, 38.00000000000000000 ) ) ;
#2211 = ADVANCED_FACE ( 'NONE', ( #1264 ), #3514, .F. ) ;
#2212 = VECTOR ( 'NONE', #3414, 1000.000000000000000 ) ;
#2213 = ORIENTED_EDGE ( 'NONE', *, *, #605, .T. ) ;
#2214 = AXIS2_PLACEMENT_3D ( 'NONE', #2484, #3191, #106 ) ;
#2215 = CARTESIAN_POINT ( 'NONE',  ( 0.7366000000000001435, 0.0000000000000000000, 90.00000000000000000 ) ) ;
#2216 = DIRECTION ( 'NONE',  ( 1.000000000000000000, 0.0000000000000000000, 0.0000000000000000000 ) ) ;
#2217 = AXIS2_PLACEMENT_3D ( 'NONE', #1217, #1876, #4270 ) ;
#2218 = FACE_OUTER_BOUND ( 'NONE', #1412, .T. ) ;
#2219 = EDGE_CURVE ( 'NONE', #3311, #553, #2465, .T. ) ;
#2220 = DIRECTION ( 'NONE',  ( -1.000000000000000000, -0.0000000000000000000, -0.0000000000000000000 ) ) ;
#2221 = LINE ( 'NONE', #3927, #1623 ) ;
#2222 = VERTEX_POINT ( 'NONE', #3840 ) ;
#2223 = ORIENTED_EDGE ( 'NONE', *, *, #2477, .F. ) ;
#2224 = DIRECTION ( 'NONE',  ( -1.000000000000000000, -0.0000000000000000000, -0.0000000000000000000 ) ) ;
#2225 = DIRECTION ( 'NONE',  ( -1.000000000000000000, -0.0000000000000000000, -0.0000000000000000000 ) ) ;
#2226 = CARTESIAN_POINT ( 'NONE',  ( 27.00000000000000355, 37.81659999999999400, 78.25000000000000000 ) ) ;
#2227 = ORIENTED_EDGE ( 'NONE', *, *, #4231, .F. ) ;
#2228 = ORIENTED_EDGE ( 'NONE', *, *, #536, .T. ) ;
#2229 = ORIENTED_EDGE ( 'NONE', *, *, #1875, .F. ) ;
#2230 = FACE_OUTER_BOUND ( 'NONE', #3965, .T. ) ;
#2231 = CYLINDRICAL_SURFACE ( 'NONE', #1664, 1.500000000000001332 ) ;
#2232 = VECTOR ( 'NONE', #2807, 1000.000000000000000 ) ;
#2233 = DIRECTION ( 'NONE',  ( 0.0000000000000000000, 0.0000000000000000000, 1.000000000000000000 ) ) ;
#2234 = FACE_OUTER_BOUND ( 'NONE', #1596, .T. ) ;
#2235 = CIRCLE ( 'NONE', #72, 1.499999999999987566 ) ;
#2236 = EDGE_CURVE ( 'NONE', #4248, #3044, #3465, .T. ) ;
#2237 = FACE_BOUND ( 'NONE', #3963, .T. ) ;
#2238 = ADVANCED_FACE ( 'NONE', ( #3725 ), #142, .F. ) ;
#2239 = DIRECTION ( 'NONE',  ( -1.000000000000000000, 0.0000000000000000000, 0.0000000000000000000 ) ) ;
#2240 = PLANE ( 'NONE',  #67 ) ;
#2241 = ORIENTED_EDGE ( 'NONE', *, *, #1126, .T. ) ;
#2242 = EDGE_CURVE ( 'NONE', #451, #1891, #2571, .T. ) ;
#2243 = CARTESIAN_POINT ( 'NONE',  ( -2.000000000000000000, 30.81659999999997979, 74.25000000000008527 ) ) ;
#2244 = ORIENTED_EDGE ( 'NONE', *, *, #1297, .F. ) ;
#2245 = VERTEX_POINT ( 'NONE', #3824 ) ;
#2246 = DIRECTION ( 'NONE',  ( 0.0000000000000000000, 0.0000000000000000000, -1.000000000000000000 ) ) ;
#2247 = CARTESIAN_POINT ( 'NONE',  ( 27.00000000000000355, 37.81659999999999400, 79.75000000000000000 ) ) ;
#2248 = ORIENTED_EDGE ( 'NONE', *, *, #1323, .F. ) ;
#2249 = CC_DESIGN_PERSON_AND_ORGANIZATION_ASSIGNMENT ( #411, #3058, ( #2767 ) ) ;
#2250 = EDGE_LOOP ( 'NONE', ( #34, #964, #3768, #1516 ) ) ;
#2251 = EDGE_CURVE ( 'NONE', #1647, #2436, #4319, .T. ) ;
#2252 = CARTESIAN_POINT ( 'NONE',  ( -2.000000000000000000, 37.81659999999999400, 78.25000000000000000 ) ) ;
#2253 = VERTEX_POINT ( 'NONE', #461 ) ;
#2254 = ORIENTED_EDGE ( 'NONE', *, *, #1060, .T. ) ;
#2255 = EDGE_CURVE ( 'NONE', #1161, #2805, #893, .T. ) ;
#2256 = DIRECTION ( 'NONE',  ( 0.0000000000000000000, 1.000000000000000000, 0.0000000000000000000 ) ) ;
#2257 = CYLINDRICAL_SURFACE ( 'NONE', #2207, 1.499999999999999556 ) ;
#2258 = CARTESIAN_POINT ( 'NONE',  ( 27.00000000000000355, 30.81659999999998689, 10.24999999999999467 ) ) ;
#2259 = EDGE_LOOP ( 'NONE', ( #2020, #121 ) ) ;
#2260 = DIRECTION ( 'NONE',  ( -0.0000000000000000000, 1.000000000000000000, -0.0000000000000000000 ) ) ;
#2261 = LINE ( 'NONE', #1078, #2663 ) ;
#2262 = FACE_BOUND ( 'NONE', #3789, .T. ) ;
#2263 = EDGE_CURVE ( 'NONE', #369, #754, #635, .T. ) ;
#2264 = DIRECTION ( 'NONE',  ( -0.0000000000000000000, 1.000000000000000000, -0.0000000000000000000 ) ) ;
#2265 = DIRECTION ( 'NONE',  ( 0.0000000000000000000, 1.000000000000000000, 0.0000000000000000000 ) ) ;
#2266 = AXIS2_PLACEMENT_3D ( 'NONE', #3337, #680, #1654 ) ;
#2267 = ORIENTED_EDGE ( 'NONE', *, *, #227, .T. ) ;
#2268 = DIRECTION ( 'NONE',  ( 0.0000000000000000000, 0.0000000000000000000, 1.000000000000000000 ) ) ;
#2269 = CIRCLE ( 'NONE', #1609, 1.500000000000001332 ) ;
#2270 = VERTEX_POINT ( 'NONE', #2099 ) ;
#2271 = CYLINDRICAL_SURFACE ( 'NONE', #3609, 1.500000000000001332 ) ;
#2272 = DIRECTION ( 'NONE',  ( -0.0000000000000000000, -0.0000000000000000000, -1.000000000000000000 ) ) ;
#2273 = DIRECTION ( 'NONE',  ( 0.0000000000000000000, 0.0000000000000000000, 1.000000000000000000 ) ) ;
#2274 = CARTESIAN_POINT ( 'NONE',  ( -2.000000000000000000, 37.81659999999999400, 81.25000000000000000 ) ) ;
#2275 = AXIS2_PLACEMENT_3D ( 'NONE', #715, #1020, #993 ) ;
#2276 = CIRCLE ( 'NONE', #2666, 1.500000000000001332 ) ;
#2277 = EDGE_LOOP ( 'NONE', ( #2145, #3298 ) ) ;
#2278 = ORIENTED_EDGE ( 'NONE', *, *, #2696, .T. ) ;
#2279 = EDGE_CURVE ( 'NONE', #2049, #3089, #2828, .T. ) ;
#2280 = ADVANCED_FACE ( 'NONE', ( #360 ), #2770, .T. ) ;
#2281 = CARTESIAN_POINT ( 'NONE',  ( 0.0000000000000000000, -2.000000000000000000, 0.0000000000000000000 ) ) ;
#2282 = VERTEX_POINT ( 'NONE', #2431 ) ;
#2283 = ORIENTED_EDGE ( 'NONE', *, *, #3363, .F. ) ;
#2284 = CARTESIAN_POINT ( 'NONE',  ( 27.00000000000000355, 37.81659999999999400, 45.00000000000000000 ) ) ;
#2285 = ORIENTED_EDGE ( 'NONE', *, *, #4302, .F. ) ;
#2286 = VECTOR ( 'NONE', #2689, 1000.000000000000000 ) ;
#2287 = CIRCLE ( 'NONE', #4102, 1.500000000000001332 ) ;
#2288 = VERTEX_POINT ( 'NONE', #100 ) ;
#2289 = FACE_OUTER_BOUND ( 'NONE', #2600, .T. ) ;
#2290 = VECTOR ( 'NONE', #2386, 1000.000000000000000 ) ;
#2291 = DIRECTION ( 'NONE',  ( -1.000000000000000000, -0.0000000000000000000, -0.0000000000000000000 ) ) ;
#2292 = CARTESIAN_POINT ( 'NONE',  ( 27.00000000000000355, 30.81659999999995847, 38.00000000000007816 ) ) ;
#2293 = EDGE_CURVE ( 'NONE', #1024, #4359, #3200, .T. ) ;
#2294 = AXIS2_PLACEMENT_3D ( 'NONE', #1343, #289, #1646 ) ;
#2295 = CARTESIAN_POINT ( 'NONE',  ( 12.50000000000014744, 0.0000000000000000000, 51.99999999999999289 ) ) ;
#2296 = ORIENTED_EDGE ( 'NONE', *, *, #95, .F. ) ;
#2297 = VERTEX_POINT ( 'NONE', #148 ) ;
#2298 = ADVANCED_FACE ( 'NONE', ( #787 ), #4211, .F. ) ;
#2299 = AXIS2_PLACEMENT_3D ( 'NONE', #3985, #4324, #2711 ) ;
#2300 = CARTESIAN_POINT ( 'NONE',  ( 0.0000000000000000000, 30.81659999999999044, 49.00000000000000000 ) ) ;
#2301 = DIRECTION ( 'NONE',  ( -1.000000000000000000, -0.0000000000000000000, -0.0000000000000000000 ) ) ;
#2302 = ORIENTED_EDGE ( 'NONE', *, *, #2984, .F. ) ;
#2303 = CARTESIAN_POINT ( 'NONE',  ( 12.50000000000000000, -10.00000000000000000, 38.00000000000000000 ) ) ;
#2304 = DIRECTION ( 'NONE',  ( 0.0000000000000000000, 0.0000000000000000000, 1.000000000000000000 ) ) ;
#2305 = CALENDAR_DATE ( 2018, 16, 8 ) ;
#2306 = COORDINATED_UNIVERSAL_TIME_OFFSET ( 8, 0, .AHEAD. ) ;
#2307 = CYLINDRICAL_SURFACE ( 'NONE', #1736, 4.000000000000003553 ) ;
#2308 = ORIENTED_EDGE ( 'NONE', *, *, #881, .F. ) ;
#2309 = EDGE_CURVE ( 'NONE', #3536, #1053, #3624, .T. ) ;
#2310 = CARTESIAN_POINT ( 'NONE',  ( -2.000000000000000000, 23.81659999999997979, 79.75000000000015632 ) ) ;
#2311 = AXIS2_PLACEMENT_3D ( 'NONE', #3653, #1626, #3997 ) ;
#2312 = CARTESIAN_POINT ( 'NONE',  ( 27.00000000000000355, 37.81659999999999400, 79.75000000000000000 ) ) ;
#2313 = VECTOR ( 'NONE', #2092, 1000.000000000000000 ) ;
#2314 = ORIENTED_EDGE ( 'NONE', *, *, #2080, .F. ) ;
#2315 = EDGE_CURVE ( 'NONE', #1000, #399, #2942, .T. ) ;
#2316 = LINE ( 'NONE', #3906, #2518 ) ;
#2317 = DIRECTION ( 'NONE',  ( 0.0000000000000000000, 0.0000000000000000000, 1.000000000000000000 ) ) ;
#2318 = AXIS2_PLACEMENT_3D ( 'NONE', #2188, #3866, #1835 ) ;
#2319 = CIRCLE ( 'NONE', #2924, 4.000000000000001776 ) ;
#2320 = ORIENTED_EDGE ( 'NONE', *, *, #1429, .F. ) ;
#2321 = EDGE_LOOP ( 'NONE', ( #233, #648, #841, #2974 ) ) ;
#2322 = VECTOR ( 'NONE', #1554, 1000.000000000000000 ) ;
#2323 = ORIENTED_EDGE ( 'NONE', *, *, #3625, .T. ) ;
#2324 = EDGE_LOOP ( 'NONE', ( #2789, #3877, #2228, #2005 ) ) ;
#2325 = CARTESIAN_POINT ( 'NONE',  ( 27.00000000000000355, 30.81660000000005439, 86.75000000000009948 ) ) ;
#2326 = DIRECTION ( 'NONE',  ( 0.0000000000000000000, 1.000000000000000000, 0.0000000000000000000 ) ) ;
#2327 = CARTESIAN_POINT ( 'NONE',  ( 0.0000000000000000000, 30.81659999999998689, 14.24999999999999645 ) ) ;
#2328 = AXIS2_PLACEMENT_3D ( 'NONE', #3757, #4103, #1758 ) ;
#2329 = VECTOR ( 'NONE', #418, 1000.000000000000000 ) ;
#2330 = EDGE_CURVE ( 'NONE', #754, #2651, #3844, .T. ) ;
#2331 = FACE_BOUND ( 'NONE', #3716, .T. ) ;
#2332 = CIRCLE ( 'NONE', #2214, 1.500000000000001332 ) ;
#2333 = DIRECTION ( 'NONE',  ( -1.000000000000000000, -0.0000000000000000000, -0.0000000000000000000 ) ) ;
#2334 = CIRCLE ( 'NONE', #3148, 1.500000000000001332 ) ;
#2335 = LINE ( 'NONE', #4362, #3977 ) ;
#2336 = VECTOR ( 'NONE', #2264, 1000.000000000000000 ) ;
#2337 = ORIENTED_EDGE ( 'NONE', *, *, #1643, .F. ) ;
#2338 = AXIS2_PLACEMENT_3D ( 'NONE', #231, #2574, #4260 ) ;
#2339 = ORIENTED_EDGE ( 'NONE', *, *, #4310, .T. ) ;
#2340 = DIRECTION ( 'NONE',  ( 0.0000000000000000000, 0.0000000000000000000, -1.000000000000000000 ) ) ;
#2341 = ORIENTED_EDGE ( 'NONE', *, *, #1489, .T. ) ;
#2342 = EDGE_CURVE ( 'NONE', #1950, #3120, #2401, .T. ) ;
#2343 = ORIENTED_EDGE ( 'NONE', *, *, #1567, .T. ) ;
#2344 = AXIS2_PLACEMENT_3D ( 'NONE', #1598, #3287, #1254 ) ;
#2345 = DIRECTION ( 'NONE',  ( 0.0000000000000000000, 1.000000000000000000, 0.0000000000000000000 ) ) ;
#2346 = ORIENTED_EDGE ( 'NONE', *, *, #3865, .F. ) ;
#2347 = ORIENTED_EDGE ( 'NONE', *, *, #50, .F. ) ;
#2348 = DIRECTION ( 'NONE',  ( -1.000000000000000000, 0.0000000000000000000, 0.0000000000000000000 ) ) ;
#2349 = AXIS2_PLACEMENT_3D ( 'NONE', #1379, #20, #2975 ) ;
#2350 = AXIS2_PLACEMENT_3D ( 'NONE', #3270, #3639, #1592 ) ;
#2351 = EDGE_LOOP ( 'NONE', ( #713, #2989 ) ) ;
#2352 = DIRECTION ( 'NONE',  ( -0.0000000000000000000, -1.000000000000000000, 0.0000000000000000000 ) ) ;
#2353 = CARTESIAN_POINT ( 'NONE',  ( 27.00000000000000355, 37.81659999999999400, 79.75000000000000000 ) ) ;
#2354 = CIRCLE ( 'NONE', #1068, 1.500000000000001332 ) ;
#2355 = CARTESIAN_POINT ( 'NONE',  ( 27.00000000000000355, 37.81659999999998689, 10.24999999999999467 ) ) ;
#2356 = FACE_BOUND ( 'NONE', #2697, .T. ) ;
#2357 = CYLINDRICAL_SURFACE ( 'NONE', #2538, 4.000000000000001776 ) ;
#2358 = DIRECTION ( 'NONE',  ( 0.0000000000000000000, 1.000000000000000000, 0.0000000000000000000 ) ) ;
#2359 = VERTEX_POINT ( 'NONE', #1519 ) ;
#2360 = CIRCLE ( 'NONE', #2968, 1.500000000000001332 ) ;
#2361 = AXIS2_PLACEMENT_3D ( 'NONE', #1086, #108, #3119 ) ;
#2362 = CARTESIAN_POINT ( 'NONE',  ( 12.50000000000000000, 0.0000000000000000000, 6.249999999999996447 ) ) ;
#2363 = ORIENTED_EDGE ( 'NONE', *, *, #1599, .F. ) ;
#2364 = CYLINDRICAL_SURFACE ( 'NONE', #1029, 5.000000000000000000 ) ;
#2365 = ORIENTED_EDGE ( 'NONE', *, *, #4081, .F. ) ;
#2366 = CARTESIAN_POINT ( 'NONE',  ( 19.50000000000009948, -10.00000000000000000, 79.74999999999992895 ) ) ;
#2367 = DIRECTION ( 'NONE',  ( 1.000000000000000000, 2.168404344971008868E-16, 0.0000000000000000000 ) ) ;
#2368 = VERTEX_POINT ( 'NONE', #2874 ) ;
#2369 = ORIENTED_EDGE ( 'NONE', *, *, #1230, .T. ) ;
#2370 = EDGE_LOOP ( 'NONE', ( #3936, #3339, #714, #3449 ) ) ;
#2371 = CARTESIAN_POINT ( 'NONE',  ( 27.00000000000000355, 23.81659999999997979, 79.75000000000015632 ) ) ;
#2372 = ORIENTED_EDGE ( 'NONE', *, *, #1931, .F. ) ;
#2373 = FACE_BOUND ( 'NONE', #2491, .T. ) ;
#2374 = CYLINDRICAL_SURFACE ( 'NONE', #2855, 1.500000000000001332 ) ;
#2375 = CARTESIAN_POINT ( 'NONE',  ( -2.000000000000000000, 37.81659999999999400, 45.00000000000000000 ) ) ;
#2376 = FACE_OUTER_BOUND ( 'NONE', #1132, .T. ) ;
#2377 = DIRECTION ( 'NONE',  ( 0.0000000000000000000, 0.0000000000000000000, -1.000000000000000000 ) ) ;
#2378 = CYLINDRICAL_SURFACE ( 'NONE', #913, 5.000000000000000000 ) ;
#2379 = CARTESIAN_POINT ( 'NONE',  ( 27.00000000000000355, 37.81659999999999400, 29.74999999999999645 ) ) ;
#2380 = CARTESIAN_POINT ( 'NONE',  ( 27.00000000000000355, 37.81659999999999400, 43.50000000000000000 ) ) ;
#2381 = ORIENTED_EDGE ( 'NONE', *, *, #1972, .F. ) ;
#2382 = APPLICATION_PROTOCOL_DEFINITION ( 'international standard', 'config_control_design', 1994, #3785 ) ;
#2383 = EDGE_CURVE ( 'NONE', #3932, #4118, #3954, .T. ) ;
#2384 = AXIS2_PLACEMENT_3D ( 'NONE', #1291, #935, #3983 ) ;
#2385 = VERTEX_POINT ( 'NONE', #2520 ) ;
#2386 = DIRECTION ( 'NONE',  ( -0.0000000000000000000, -0.0000000000000000000, -1.000000000000000000 ) ) ;
#2387 = CARTESIAN_POINT ( 'NONE',  ( 25.00000000000000000, 30.81660000000006150, 50.50000000000008527 ) ) ;
#2388 = EDGE_CURVE ( 'NONE', #579, #1899, #1357, .T. ) ;
#2389 = AXIS2_PLACEMENT_3D ( 'NONE', #509, #872, #2496 ) ;
#2390 = ORIENTED_EDGE ( 'NONE', *, *, #762, .F. ) ;
#2391 = DIRECTION ( 'NONE',  ( 0.0000000000000000000, 0.0000000000000000000, 1.000000000000000000 ) ) ;
#2392 = DIRECTION ( 'NONE',  ( 0.0000000000000000000, 0.0000000000000000000, 1.000000000000000000 ) ) ;
#2393 = DIRECTION ( 'NONE',  ( 0.0000000000000000000, 0.0000000000000000000, -1.000000000000000000 ) ) ;
#2394 = CARTESIAN_POINT ( 'NONE',  ( 24.26340000000000074, 0.7366000000000000325, 0.0000000000000000000 ) ) ;
#2395 = AXIS2_PLACEMENT_3D ( 'NONE', #4053, #4357, #1671 ) ;
#2396 = EDGE_CURVE ( 'NONE', #2910, #1413, #2269, .T. ) ;
#2397 = CARTESIAN_POINT ( 'NONE',  ( 0.7366000000000001435, 0.0000000000000000000, 90.00000000000000000 ) ) ;
#2398 = LINE ( 'NONE', #2976, #832 ) ;
#2399 = VERTEX_POINT ( 'NONE', #3216 ) ;
#2400 = DIRECTION ( 'NONE',  ( -1.000000000000000000, -0.0000000000000000000, -0.0000000000000000000 ) ) ;
#2401 = CIRCLE ( 'NONE', #1657, 1.500000000000001332 ) ;
#2402 = DIRECTION ( 'NONE',  ( 1.000000000000000000, 0.0000000000000000000, 0.0000000000000000000 ) ) ;
#2403 = EDGE_LOOP ( 'NONE', ( #1832, #2449, #426, #4034 ) ) ;
#2404 = EDGE_CURVE ( 'NONE', #4177, #1644, #3302, .T. ) ;
#2405 = DATE_TIME_ROLE ( 'creation_date' ) ;
#2406 = FACE_OUTER_BOUND ( 'NONE', #2630, .T. ) ;
#2407 = DIRECTION ( 'NONE',  ( 0.0000000000000000000, 0.0000000000000000000, 1.000000000000000000 ) ) ;
#2408 = VECTOR ( 'NONE', #1166, 1000.000000000000000 ) ;
#2409 = ORIENTED_EDGE ( 'NONE', *, *, #1186, .F. ) ;
#2410 = EDGE_LOOP ( 'NONE', ( #2488, #3903 ) ) ;
#2411 = EDGE_CURVE ( 'NONE', #1750, #1606, #1715, .T. ) ;
#2412 = DIRECTION ( 'NONE',  ( -1.000000000000000000, -0.0000000000000000000, -0.0000000000000000000 ) ) ;
#2413 = PLANE ( 'NONE',  #517 ) ;
#2414 = AXIS2_PLACEMENT_3D ( 'NONE', #1769, #1788, #2088 ) ;
#2415 = DIRECTION ( 'NONE',  ( -1.000000000000000000, 0.0000000000000000000, -0.0000000000000000000 ) ) ;
#2416 = ORIENTED_EDGE ( 'NONE', *, *, #3022, .F. ) ;
#2417 = ORIENTED_EDGE ( 'NONE', *, *, #2943, .F. ) ;
#2418 = DIRECTION ( 'NONE',  ( -1.000000000000000000, -0.0000000000000000000, -0.0000000000000000000 ) ) ;
#2419 = CARTESIAN_POINT ( 'NONE',  ( 25.00000000000000000, 41.99999999999999289, 84.99999999999998579 ) ) ;
#2420 = CARTESIAN_POINT ( 'NONE',  ( 27.00000000000000355, 37.81659999999999400, 46.50000000000000000 ) ) ;
#2421 = FACE_OUTER_BOUND ( 'NONE', #1156, .T. ) ;
#2422 = CIRCLE ( 'NONE', #885, 1.500000000000001332 ) ;
#2423 = CYLINDRICAL_SURFACE ( 'NONE', #1163, 1.500000000000001332 ) ;
#2424 = AXIS2_PLACEMENT_3D ( 'NONE', #1455, #3121, #1794 ) ;
#2425 = AXIS2_PLACEMENT_3D ( 'NONE', #1653, #1610, #2980 ) ;
#2426 = APPROVAL_ROLE ( '' ) ;
#2427 = CYLINDRICAL_SURFACE ( 'NONE', #1762, 1.500000000000001332 ) ;
#2428 = LINE ( 'NONE', #980, #1739 ) ;
#2429 = DIRECTION ( 'NONE',  ( -0.0000000000000000000, 1.000000000000000000, -0.0000000000000000000 ) ) ;
#2430 = VECTOR ( 'NONE', #2031, 1000.000000000000000 ) ;
#2431 = CARTESIAN_POINT ( 'NONE',  ( 27.00000000000000355, 30.81659999999998689, 14.24999999999999645 ) ) ;
#2432 = EDGE_LOOP ( 'NONE', ( #741, #1953 ) ) ;
#2433 = ORIENTED_EDGE ( 'NONE', *, *, #1261, .T. ) ;
#2434 = ORIENTED_EDGE ( 'NONE', *, *, #3871, .T. ) ;
#2435 = ORIENTED_EDGE ( 'NONE', *, *, #2864, .F. ) ;
#2436 = VERTEX_POINT ( 'NONE', #4149 ) ;
#2437 = CARTESIAN_POINT ( 'NONE',  ( 24.26340000000000074, 0.0000000000000000000, 0.0000000000000000000 ) ) ;
#2438 = ORIENTED_EDGE ( 'NONE', *, *, #813, .T. ) ;
#2439 = ADVANCED_FACE ( 'NONE', ( #686 ), #3818, .T. ) ;
#2440 = DIRECTION ( 'NONE',  ( 0.0000000000000000000, 0.0000000000000000000, 1.000000000000000000 ) ) ;
#2441 = CARTESIAN_POINT ( 'NONE',  ( 27.00000000000000355, 41.99999999999999289, 5.000000000000031974 ) ) ;
#2442 = DIRECTION ( 'NONE',  ( -1.000000000000000000, -0.0000000000000000000, -0.0000000000000000000 ) ) ;
#2443 = ORIENTED_EDGE ( 'NONE', *, *, #1276, .F. ) ;
#2444 = EDGE_CURVE ( 'NONE', #2788, #754, #3255, .T. ) ;
#2445 = AXIS2_PLACEMENT_3D ( 'NONE', #3019, #3700, #4033 ) ;
#2446 = EDGE_LOOP ( 'NONE', ( #594, #3343, #2706, #1207 ) ) ;
#2447 = DIRECTION ( 'NONE',  ( 0.0000000000000000000, 0.0000000000000000000, 1.000000000000000000 ) ) ;
#2448 = CARTESIAN_POINT ( 'NONE',  ( 12.50000000000000000, -10.00000000000000000, 10.24999999999999467 ) ) ;
#2450 = EDGE_CURVE ( 'NONE', #1649, #1015, #836, .T. ) ;
#2449 = ORIENTED_EDGE ( 'NONE', *, *, #2330, .T. ) ;
#2451 = CARTESIAN_POINT ( 'NONE',  ( 19.50000000000009948, -10.00000000000000000, 79.74999999999992895 ) ) ;
#2452 = CARTESIAN_POINT ( 'NONE',  ( 27.00000000000000355, 30.81659999999998689, 15.74999999999999289 ) ) ;
#2453 = DIRECTION ( 'NONE',  ( 0.0000000000000000000, -1.000000000000000000, 0.0000000000000000000 ) ) ;
#2454 = LINE ( 'NONE', #2792, #3297 ) ;
#2455 = CARTESIAN_POINT ( 'NONE',  ( 25.00000000000000000, 37.00000000000000000, 5.000000000000000000 ) ) ;
#2456 = DIRECTION ( 'NONE',  ( 0.0000000000000000000, 0.0000000000000000000, 1.000000000000000000 ) ) ;
#2457 = AXIS2_PLACEMENT_3D ( 'NONE', #3707, #4368, #3353 ) ;
#2458 = VECTOR ( 'NONE', #1813, 1000.000000000000000 ) ;
#2459 = CIRCLE ( 'NONE', #2561, 1.500000000000001332 ) ;
#2460 = EDGE_CURVE ( 'NONE', #2859, #1986, #2515, .T. ) ;
#2461 = CARTESIAN_POINT ( 'NONE',  ( 27.00000000000000355, 30.81659999999999044, 40.99999999999999289 ) ) ;
#2462 = CARTESIAN_POINT ( 'NONE',  ( 5.500000000000100364, 0.0000000000000000000, 10.25000000000002309 ) ) ;
#2463 = EDGE_LOOP ( 'NONE', ( #4385, #1521 ) ) ;
#2464 = ADVANCED_FACE ( 'NONE', ( #2719 ), #1617, .F. ) ;
#2465 = CIRCLE ( 'NONE', #1865, 1.500000000000001332 ) ;
#2466 = CARTESIAN_POINT ( 'NONE',  ( 27.00000000000000355, 37.81659999999998689, 8.749999999999994671 ) ) ;
#2467 = DIRECTION ( 'NONE',  ( -0.0000000000000000000, -0.0000000000000000000, -1.000000000000000000 ) ) ;
#2468 = ORIENTED_EDGE ( 'NONE', *, *, #1707, .F. ) ;
#2469 = EDGE_CURVE ( 'NONE', #965, #3932, #1038, .T. ) ;
#2470 = ADVANCED_FACE ( 'NONE', ( #1308 ), #2357, .F. ) ;
#2471 = AXIS2_PLACEMENT_3D ( 'NONE', #1256, #616, #1243 ) ;
#2472 = DIRECTION ( 'NONE',  ( -1.000000000000000000, -0.0000000000000000000, -0.0000000000000000000 ) ) ;
#2473 = VECTOR ( 'NONE', #4383, 1000.000000000000000 ) ;
#2474 = EDGE_LOOP ( 'NONE', ( #2893, #2895, #2023, #1935 ) ) ;
#2475 = VERTEX_POINT ( 'NONE', #786 ) ;
#2476 = CARTESIAN_POINT ( 'NONE',  ( 0.0000000000000000000, 37.81659999999998689, 10.24999999999999467 ) ) ;
#2477 = EDGE_CURVE ( 'NONE', #2297, #1016, #2360, .T. ) ;
#2478 = ORIENTED_EDGE ( 'NONE', *, *, #2251, .T. ) ;
#2479 = AXIS2_PLACEMENT_3D ( 'NONE', #2555, #3246, #4277 ) ;
#2480 = ORIENTED_EDGE ( 'NONE', *, *, #458, .F. ) ;
#2481 = FACE_OUTER_BOUND ( 'NONE', #3557, .T. ) ;
#2482 = VECTOR ( 'NONE', #2352, 1000.000000000000000 ) ;
#2483 = LINE ( 'NONE', #4217, #4076 ) ;
#2484 = CARTESIAN_POINT ( 'NONE',  ( 0.0000000000000000000, 37.81659999999999400, 58.75000000000000000 ) ) ;
#2485 = FACE_OUTER_BOUND ( 'NONE', #2161, .T. ) ;
#2486 = ADVANCED_FACE ( 'NONE', ( #1570, #302, #583, #1370, #590, #2906, #3644, #2585, #804, #1374, #853, #2013, #3057, #1686, #1479, #3592 ), #3101, .F. ) ;
#2487 = AXIS2_PLACEMENT_3D ( 'NONE', #3111, #65, #3823 ) ;
#2488 = ORIENTED_EDGE ( 'NONE', *, *, #4285, .F. ) ;
#2489 = EDGE_CURVE ( 'NONE', #2626, #1733, #278, .T. ) ;
#2490 = CARTESIAN_POINT ( 'NONE',  ( -2.000000000000000000, 30.81659999999995847, 38.00000000000007816 ) ) ;
#2491 = EDGE_LOOP ( 'NONE', ( #2762, #391 ) ) ;
#2492 = ADVANCED_FACE ( 'NONE', ( #4293 ), #2850, .F. ) ;
#2493 = ORIENTED_EDGE ( 'NONE', *, *, #843, .F. ) ;
#2494 = ORIENTED_EDGE ( 'NONE', *, *, #1716, .F. ) ;
#2495 = CARTESIAN_POINT ( 'NONE',  ( 27.00000000000000355, 37.00000000000000000, 90.00000000000000000 ) ) ;
#2496 = DIRECTION ( 'NONE',  ( 0.0000000000000000000, 0.0000000000000000000, 1.000000000000000000 ) ) ;
#2497 = CARTESIAN_POINT ( 'NONE',  ( 27.00000000000000355, 30.81659999999997979, 74.25000000000008527 ) ) ;
#2498 = ORIENTED_EDGE ( 'NONE', *, *, #2194, .F. ) ;
#2499 = EDGE_CURVE ( 'NONE', #4272, #272, #226, .T. ) ;
#2500 = DIRECTION ( 'NONE',  ( 0.0000000000000000000, 0.0000000000000000000, 1.000000000000000000 ) ) ;
#2501 = DIRECTION ( 'NONE',  ( 0.0000000000000000000, 0.0000000000000000000, 1.000000000000000000 ) ) ;
#2502 = AXIS2_PLACEMENT_3D ( 'NONE', #3354, #1294, #4384 ) ;
#2503 = VERTEX_POINT ( 'NONE', #3428 ) ;
#2504 = DATE_AND_TIME ( #11, #1142 ) ;
#2505 = ADVANCED_FACE ( 'NONE', ( #44 ), #2636, .F. ) ;
#2506 = ORIENTED_EDGE ( 'NONE', *, *, #2133, .F. ) ;
#2507 = CIRCLE ( 'NONE', #1044, 1.500000000000001332 ) ;
#2508 = AXIS2_PLACEMENT_3D ( 'NONE', #2295, #4267, #2545 ) ;
#2509 = CIRCLE ( 'NONE', #548, 1.500000000000000444 ) ;
#2510 = DIRECTION ( 'NONE',  ( 0.0000000000000000000, 1.000000000000000000, 0.0000000000000000000 ) ) ;
#2511 = DIRECTION ( 'NONE',  ( 0.0000000000000000000, 1.000000000000000000, 0.0000000000000000000 ) ) ;
#2512 = AXIS2_PLACEMENT_3D ( 'NONE', #1621, #2640, #1371 ) ;
#2513 = EDGE_LOOP ( 'NONE', ( #2006, #3701 ) ) ;
#2514 = CARTESIAN_POINT ( 'NONE',  ( 27.00000000000000355, 30.81659999999999044, 79.75000000000000000 ) ) ;
#2515 = LINE ( 'NONE', #3469, #2046 ) ;
#2516 = CARTESIAN_POINT ( 'NONE',  ( 12.50000000000000000, -10.00000000000000000, 4.749999999999995559 ) ) ;
#2517 = EDGE_LOOP ( 'NONE', ( #566, #3550, #478, #3342 ) ) ;
#2518 = VECTOR ( 'NONE', #3162, 1000.000000000000000 ) ;
#2519 = CARTESIAN_POINT ( 'NONE',  ( 25.00000000000000000, 30.81660000000006150, 53.50000000000009237 ) ) ;
#2520 = CARTESIAN_POINT ( 'NONE',  ( 19.50000000000009948, 0.0000000000000000000, 81.24999999999992895 ) ) ;
#2521 = FACE_BOUND ( 'NONE', #189, .T. ) ;
#2522 = EDGE_LOOP ( 'NONE', ( #1167, #2343, #86, #3857 ) ) ;
#2523 = ORIENTED_EDGE ( 'NONE', *, *, #4089, .F. ) ;
#2524 = CARTESIAN_POINT ( 'NONE',  ( 25.00000000000000000, 37.81659999999999400, 78.25000000000000000 ) ) ;
#2525 = DIRECTION ( 'NONE',  ( 0.0000000000000000000, 0.0000000000000000000, -1.000000000000000000 ) ) ;
#2526 = VERTEX_POINT ( 'NONE', #2854 ) ;
#2527 = VERTEX_POINT ( 'NONE', #1872 ) ;
#2528 = EDGE_CURVE ( 'NONE', #2527, #2288, #602, .T. ) ;
#2529 = AXIS2_PLACEMENT_3D ( 'NONE', #537, #3509, #873 ) ;
#2530 = ADVANCED_FACE ( 'NONE', ( #3173 ), #3482, .F. ) ;
#2531 = CIRCLE ( 'NONE', #1857, 4.000000000000001776 ) ;
#2532 = CARTESIAN_POINT ( 'NONE',  ( 25.00000000000000000, 23.81659999999997979, 78.25000000000017053 ) ) ;
#2533 = VECTOR ( 'NONE', #194, 1000.000000000000000 ) ;
#2534 = CARTESIAN_POINT ( 'NONE',  ( 5.500000000000100364, 0.0000000000000000000, 45.00000000000002842 ) ) ;
#2535 = CIRCLE ( 'NONE', #1307, 1.500000000000001332 ) ;
#2536 = EDGE_CURVE ( 'NONE', #4010, #3031, #384, .T. ) ;
#2537 = LINE ( 'NONE', #1325, #1638 ) ;
#2538 = AXIS2_PLACEMENT_3D ( 'NONE', #1061, #2130, #3411 ) ;
#2539 = VECTOR ( 'NONE', #321, 1000.000000000000000 ) ;
#2540 = FACE_BOUND ( 'NONE', #3510, .T. ) ;
#2541 = VERTEX_POINT ( 'NONE', #3182 ) ;
#2542 = ORIENTED_EDGE ( 'NONE', *, *, #2856, .T. ) ;
#2543 = CARTESIAN_POINT ( 'NONE',  ( 25.00000000000000000, 41.99999999999999289, 90.00000000000000000 ) ) ;
#2544 = ORIENTED_EDGE ( 'NONE', *, *, #3206, .T. ) ;
#2545 = DIRECTION ( 'NONE',  ( 0.0000000000000000000, 0.0000000000000000000, 1.000000000000000000 ) ) ;
#2546 = ORIENTED_EDGE ( 'NONE', *, *, #1628, .F. ) ;
#2547 = EDGE_CURVE ( 'NONE', #1122, #1053, #4185, .T. ) ;
#2548 = CARTESIAN_POINT ( 'NONE',  ( 27.00000000000000355, 37.81659999999998689, 10.24999999999999467 ) ) ;
#2549 = ORIENTED_EDGE ( 'NONE', *, *, #2915, .F. ) ;
#2550 = ORIENTED_EDGE ( 'NONE', *, *, #3661, .F. ) ;
#2551 = ADVANCED_FACE ( 'NONE', ( #2289 ), #1735, .F. ) ;
#2552 = ORIENTED_EDGE ( 'NONE', *, *, #1599, .T. ) ;
#2553 = EDGE_CURVE ( 'NONE', #2149, #155, #2742, .T. ) ;
#2554 = CARTESIAN_POINT ( 'NONE',  ( -2.000000000000000000, 30.81659999999998689, 15.74999999999999289 ) ) ;
#2555 = CARTESIAN_POINT ( 'NONE',  ( 12.50000000000000000, -10.00000000000000000, 72.75000000000001421 ) ) ;
#2556 = CARTESIAN_POINT ( 'NONE',  ( 24.26340000000000074, -2.000000000000000000, 90.00000000000000000 ) ) ;
#2557 = VERTEX_POINT ( 'NONE', #4204 ) ;
#2558 = CARTESIAN_POINT ( 'NONE',  ( -2.000000000000000000, 30.81659999999998689, 14.24999999999999645 ) ) ;
#2559 = EDGE_CURVE ( 'NONE', #4328, #3164, #2483, .T. ) ;
#2560 = DIRECTION ( 'NONE',  ( 0.0000000000000000000, 0.0000000000000000000, -1.000000000000000000 ) ) ;
#2561 = AXIS2_PLACEMENT_3D ( 'NONE', #1821, #2189, #522 ) ;
#2562 = VECTOR ( 'NONE', #2367, 1000.000000000000000 ) ;
#2563 = CARTESIAN_POINT ( 'NONE',  ( 19.50000000000009948, -2.000000000000000000, 79.74999999999992895 ) ) ;
#2564 = LINE ( 'NONE', #1201, #2614 ) ;
#2565 = LINE ( 'NONE', #2419, #2932 ) ;
#2566 = VERTEX_POINT ( 'NONE', #2193 ) ;
#2567 = AXIS2_PLACEMENT_3D ( 'NONE', #3306, #973, #646 ) ;
#2568 = CARTESIAN_POINT ( 'NONE',  ( 27.00000000000000355, 37.81659999999999400, 45.00000000000000000 ) ) ;
#2569 = DIRECTION ( 'NONE',  ( 0.0000000000000000000, 1.000000000000000000, 0.0000000000000000000 ) ) ;
#2570 = AXIS2_PLACEMENT_3D ( 'NONE', #2601, #2631, #1919 ) ;
#2571 = LINE ( 'NONE', #3505, #3407 ) ;
#2572 = EDGE_LOOP ( 'NONE', ( #3420, #292 ) ) ;
#2573 = DIRECTION ( 'NONE',  ( -1.000000000000000000, 0.0000000000000000000, 0.0000000000000000000 ) ) ;
#2574 = DIRECTION ( 'NONE',  ( -1.000000000000000000, 0.0000000000000000000, 0.0000000000000000000 ) ) ;
#2575 = CYLINDRICAL_SURFACE ( 'NONE', #191, 1.500000000000001332 ) ;
#2576 = ORIENTED_EDGE ( 'NONE', *, *, #3399, .T. ) ;
#2577 = ORIENTED_EDGE ( 'NONE', *, *, #1109, .F. ) ;
#2578 = EDGE_LOOP ( 'NONE', ( #921, #1847 ) ) ;
#2579 = CIRCLE ( 'NONE', #1410, 4.000000000000001776 ) ;
#2580 = DIRECTION ( 'NONE',  ( -1.000000000000000000, 0.0000000000000000000, 0.0000000000000000000 ) ) ;
#2581 = DIRECTION ( 'NONE',  ( 0.0000000000000000000, 0.0000000000000000000, 1.000000000000000000 ) ) ;
#2582 = CARTESIAN_POINT ( 'NONE',  ( 12.50000000000000000, -10.00000000000000000, 45.00000000000000000 ) ) ;
#2583 = FACE_OUTER_BOUND ( 'NONE', #1081, .T. ) ;
#2584 = VECTOR ( 'NONE', #1138, 1000.000000000000000 ) ;
#2585 = FACE_BOUND ( 'NONE', #3874, .T. ) ;
#2586 = AXIS2_PLACEMENT_3D ( 'NONE', #3099, #3445, #2127 ) ;
#2587 = DIRECTION ( 'NONE',  ( 0.0000000000000000000, 0.0000000000000000000, 1.000000000000000000 ) ) ;
#2588 = DIRECTION ( 'NONE',  ( 1.000000000000000000, 0.0000000000000000000, 0.0000000000000000000 ) ) ;
#2589 = CARTESIAN_POINT ( 'NONE',  ( 27.00000000000000355, 37.81659999999999400, 31.25000000000000000 ) ) ;
#2590 = LINE ( 'NONE', #1539, #386 ) ;
#2591 = EDGE_LOOP ( 'NONE', ( #241, #3736 ) ) ;
#2592 = ADVANCED_FACE ( 'NONE', ( #3808 ), #3427, .F. ) ;
#2593 = ORIENTED_EDGE ( 'NONE', *, *, #2003, .F. ) ;
#2594 = CARTESIAN_POINT ( 'NONE',  ( 25.00000000000000000, 30.81659999999995847, 36.50000000000006395 ) ) ;
#2595 = DIRECTION ( 'NONE',  ( 1.000000000000000000, 0.0000000000000000000, 0.0000000000000000000 ) ) ;
#2596 = DIRECTION ( 'NONE',  ( 0.0000000000000000000, 0.0000000000000000000, 1.000000000000000000 ) ) ;
#2597 = VERTEX_POINT ( 'NONE', #3883 ) ;
#2598 = ORIENTED_EDGE ( 'NONE', *, *, #4152, .T. ) ;
#2599 = CARTESIAN_POINT ( 'NONE',  ( 25.00000000000000000, 30.81659999999999044, 45.00000000000000000 ) ) ;
#2600 = EDGE_LOOP ( 'NONE', ( #2839, #2323, #2819, #2863 ) ) ;
#2601 = CARTESIAN_POINT ( 'NONE',  ( 27.00000000000000355, 23.81659999999998689, 10.24999999999999467 ) ) ;
#2602 = EDGE_LOOP ( 'NONE', ( #662, #3419, #3858, #3049 ) ) ;
#2603 = DIRECTION ( 'NONE',  ( 0.0000000000000000000, 0.0000000000000000000, 1.000000000000000000 ) ) ;
#2604 = ORIENTED_EDGE ( 'NONE', *, *, #4264, .F. ) ;
#2605 = EDGE_CURVE ( 'NONE', #1384, #1344, #702, .T. ) ;
#2606 = CARTESIAN_POINT ( 'NONE',  ( 12.50000000000000000, 0.0000000000000000000, 49.00000000000000000 ) ) ;
#2607 = AXIS2_PLACEMENT_3D ( 'NONE', #2312, #1338, #3033 ) ;
#2608 = DIRECTION ( 'NONE',  ( -1.000000000000000000, 0.0000000000000000000, 0.0000000000000000000 ) ) ;
#2609 = ORIENTED_EDGE ( 'NONE', *, *, #655, .F. ) ;
#2610 = DIRECTION ( 'NONE',  ( 0.0000000000000000000, 0.0000000000000000000, 1.000000000000000000 ) ) ;
#2611 = ADVANCED_FACE ( 'NONE', ( #909 ), #1059, .F. ) ;
#2612 = DIRECTION ( 'NONE',  ( 0.0000000000000000000, 0.0000000000000000000, 1.000000000000000000 ) ) ;
#2613 = CIRCLE ( 'NONE', #3139, 4.000000000000003553 ) ;
#2614 = VECTOR ( 'NONE', #3552, 1000.000000000000000 ) ;
#2615 = EDGE_CURVE ( 'NONE', #3264, #59, #956, .T. ) ;
#2616 = CARTESIAN_POINT ( 'NONE',  ( 0.0000000000000000000, 0.0000000000000000000, 90.00000000000000000 ) ) ;
#2617 = DIRECTION ( 'NONE',  ( 0.0000000000000000000, 0.0000000000000000000, 1.000000000000000000 ) ) ;
#2618 = AXIS2_PLACEMENT_3D ( 'NONE', #3391, #1083, #3157 ) ;
#2619 = ORIENTED_EDGE ( 'NONE', *, *, #3107, .F. ) ;
#2620 = VECTOR ( 'NONE', #722, 1000.000000000000000 ) ;
#2621 = VERTEX_POINT ( 'NONE', #3548 ) ;
#2622 = CIRCLE ( 'NONE', #1890, 5.000000000000004441 ) ;
#2623 = CARTESIAN_POINT ( 'NONE',  ( 25.00000000000000000, 37.00000000000000000, 84.99999999999998579 ) ) ;
#2624 = CIRCLE ( 'NONE', #1702, 1.500000000000001332 ) ;
#2625 = ORIENTED_EDGE ( 'NONE', *, *, #1423, .F. ) ;
#2626 = VERTEX_POINT ( 'NONE', #3850 ) ;
#2627 = EDGE_CURVE ( 'NONE', #2475, #457, #1910, .T. ) ;
#2628 = DIRECTION ( 'NONE',  ( -1.000000000000000000, -0.0000000000000000000, -0.0000000000000000000 ) ) ;
#2629 = ORIENTED_EDGE ( 'NONE', *, *, #1628, .T. ) ;
#2630 = EDGE_LOOP ( 'NONE', ( #4312, #3328, #2137, #979 ) ) ;
#2631 = DIRECTION ( 'NONE',  ( -1.000000000000000000, 0.0000000000000000000, 0.0000000000000000000 ) ) ;
#2632 = DIRECTION ( 'NONE',  ( -1.000000000000000000, -0.0000000000000000000, -0.0000000000000000000 ) ) ;
#2633 = FACE_BOUND ( 'NONE', #1923, .T. ) ;
#2634 = CIRCLE ( 'NONE', #2656, 0.7366000000000000325 ) ;
#2635 = EDGE_LOOP ( 'NONE', ( #3372, #4299, #1136, #120 ) ) ;
#2636 = CYLINDRICAL_SURFACE ( 'NONE', #554, 1.500000000000000444 ) ;
#2637 = EDGE_CURVE ( 'NONE', #4355, #1024, #3645, .T. ) ;
#2638 = FACE_OUTER_BOUND ( 'NONE', #1786, .T. ) ;
#2639 = LINE ( 'NONE', #3967, #1969 ) ;
#2640 = DIRECTION ( 'NONE',  ( 0.0000000000000000000, 1.000000000000000000, 0.0000000000000000000 ) ) ;
#2641 = CARTESIAN_POINT ( 'NONE',  ( -2.000000000000000000, 30.81659999999999044, 83.75000000000000000 ) ) ;
#2642 = CARTESIAN_POINT ( 'NONE',  ( 27.00000000000000355, 23.81659999999997979, 46.50000000000014921 ) ) ;
#2643 = EDGE_CURVE ( 'NONE', #3546, #1540, #1798, .T. ) ;
#2644 = DIRECTION ( 'NONE',  ( -1.000000000000000000, -0.0000000000000000000, -0.0000000000000000000 ) ) ;
#2645 = AXIS2_PLACEMENT_3D ( 'NONE', #3118, #3765, #4175 ) ;
#2646 = ORIENTED_EDGE ( 'NONE', *, *, #2833, .F. ) ;
#2647 = CARTESIAN_POINT ( 'NONE',  ( 27.00000000000000355, 37.81659999999999400, 58.75000000000000000 ) ) ;
#2648 = VERTEX_POINT ( 'NONE', #1486 ) ;
#2649 = CARTESIAN_POINT ( 'NONE',  ( 27.00000000000000355, 30.81659999999998689, 4.749999999999995559 ) ) ;
#2650 = CARTESIAN_POINT ( 'NONE',  ( 27.00000000000000355, 30.81659999999999044, 45.00000000000000000 ) ) ;
#2651 = VERTEX_POINT ( 'NONE', #1824 ) ;
#2652 = ORIENTED_EDGE ( 'NONE', *, *, #3091, .T. ) ;
#2653 = ORIENTED_EDGE ( 'NONE', *, *, #1761, .T. ) ;
#2654 = ORIENTED_EDGE ( 'NONE', *, *, #4334, .T. ) ;
#2655 = AXIS2_PLACEMENT_3D ( 'NONE', #604, #1930, #4300 ) ;
#2656 = AXIS2_PLACEMENT_3D ( 'NONE', #1447, #492, #4208 ) ;
#2657 = EDGE_CURVE ( 'NONE', #593, #2436, #330, .T. ) ;
#2658 = ORIENTED_EDGE ( 'NONE', *, *, #2015, .F. ) ;
#2659 = CARTESIAN_POINT ( 'NONE',  ( 19.50000000000009948, 0.0000000000000000000, 44.99999999999992184 ) ) ;
#2660 = CARTESIAN_POINT ( 'NONE',  ( 0.0000000000000000000, 37.81659999999999400, 57.24999999999999289 ) ) ;
#2661 = VERTEX_POINT ( 'NONE', #2497 ) ;
#2662 = ORIENTED_EDGE ( 'NONE', *, *, #1724, .F. ) ;
#2663 = VECTOR ( 'NONE', #1746, 1000.000000000000000 ) ;
#2664 = FACE_OUTER_BOUND ( 'NONE', #534, .T. ) ;
#2665 = EDGE_CURVE ( 'NONE', #2073, #1618, #164, .T. ) ;
#2666 = AXIS2_PLACEMENT_3D ( 'NONE', #4282, #2944, #2610 ) ;
#2667 = DIRECTION ( 'NONE',  ( -1.000000000000000000, 0.0000000000000000000, 0.0000000000000000000 ) ) ;
#2668 = CYLINDRICAL_SURFACE ( 'NONE', #3554, 4.000000000000001776 ) ;
#2669 = VECTOR ( 'NONE', #1463, 1000.000000000000000 ) ;
#2670 = ORIENTED_EDGE ( 'NONE', *, *, #1292, .F. ) ;
#2671 = EDGE_CURVE ( 'NONE', #1108, #3654, #1232, .T. ) ;
#2672 = CARTESIAN_POINT ( 'NONE',  ( 27.00000000000000355, 30.81659999999998689, 10.24999999999999467 ) ) ;
#2673 = FACE_BOUND ( 'NONE', #2977, .T. ) ;
#2674 = ORIENTED_EDGE ( 'NONE', *, *, #3740, .T. ) ;
#2675 = ORIENTED_EDGE ( 'NONE', *, *, #3084, .F. ) ;
#2676 = ORIENTED_EDGE ( 'NONE', *, *, #655, .T. ) ;
#2677 = ORIENTED_EDGE ( 'NONE', *, *, #3169, .F. ) ;
#2678 = DIRECTION ( 'NONE',  ( 0.0000000000000000000, 1.000000000000000000, 0.0000000000000000000 ) ) ;
#2679 = AXIS2_PLACEMENT_3D ( 'NONE', #1721, #2790, #781 ) ;
#2680 = EDGE_LOOP ( 'NONE', ( #672, #4075 ) ) ;
#2681 = EDGE_CURVE ( 'NONE', #3848, #1986, #1287, .T. ) ;
#2682 = FACE_OUTER_BOUND ( 'NONE', #2038, .T. ) ;
#2683 = CYLINDRICAL_SURFACE ( 'NONE', #2349, 1.500000000000001332 ) ;
#2684 = CARTESIAN_POINT ( 'NONE',  ( 27.00000000000000355, 37.81659999999999400, 57.24999999999999289 ) ) ;
#2685 = DIRECTION ( 'NONE',  ( 0.0000000000000000000, 0.0000000000000000000, 1.000000000000000000 ) ) ;
#2686 = CIRCLE ( 'NONE', #3832, 1.500000000000001332 ) ;
#2687 = CIRCLE ( 'NONE', #2969, 1.499999999999999556 ) ;
#2688 = VECTOR ( 'NONE', #1809, 1000.000000000000000 ) ;
#2689 = DIRECTION ( 'NONE',  ( 1.000000000000000000, -0.0000000000000000000, 0.0000000000000000000 ) ) ;
#2690 = EDGE_CURVE ( 'NONE', #1103, #742, #2535, .T. ) ;
#2691 = AXIS2_PLACEMENT_3D ( 'NONE', #575, #2919, #906 ) ;
#2692 = ORIENTED_EDGE ( 'NONE', *, *, #1489, .F. ) ;
#2693 = DIRECTION ( 'NONE',  ( -1.000000000000000000, 0.0000000000000000000, 0.0000000000000000000 ) ) ;
#2694 = CARTESIAN_POINT ( 'NONE',  ( 25.00000000000000000, 30.81659999999998689, 15.74999999999999289 ) ) ;
#2695 = ORIENTED_EDGE ( 'NONE', *, *, #3996, .T. ) ;
#2696 = EDGE_CURVE ( 'NONE', #1986, #3848, #2908, .T. ) ;
#2697 = EDGE_LOOP ( 'NONE', ( #2026, #1014 ) ) ;
#2698 = AXIS2_PLACEMENT_3D ( 'NONE', #1385, #1690, #3435 ) ;
#2699 = CARTESIAN_POINT ( 'NONE',  ( 27.00000000000000355, 23.81659999999997979, 45.00000000000014921 ) ) ;
#2700 = CARTESIAN_POINT ( 'NONE',  ( 25.00000000000000000, 37.81659999999999400, 46.50000000000000000 ) ) ;
#2701 = ORIENTED_EDGE ( 'NONE', *, *, #3155, .F. ) ;
#2702 = ORIENTED_EDGE ( 'NONE', *, *, #2172, .F. ) ;
#2703 = ORIENTED_EDGE ( 'NONE', *, *, #3986, .F. ) ;
#2704 = CARTESIAN_POINT ( 'NONE',  ( 12.50000000000000000, -2.000000000000000000, 10.24999999999999467 ) ) ;
#2705 = AXIS2_PLACEMENT_3D ( 'NONE', #2098, #116, #3092 ) ;
#2706 = ORIENTED_EDGE ( 'NONE', *, *, #4222, .T. ) ;
#2707 = DIRECTION ( 'NONE',  ( 0.0000000000000000000, 0.0000000000000000000, 1.000000000000000000 ) ) ;
#2708 = CARTESIAN_POINT ( 'NONE',  ( 25.00000000000000000, 0.7366000000000000325, 90.00000000000000000 ) ) ;
#2709 = VERTEX_POINT ( 'NONE', #561 ) ;
#2710 = CARTESIAN_POINT ( 'NONE',  ( 25.00000000000000000, 37.00000000000000000, 0.0000000000000000000 ) ) ;
#2711 = DIRECTION ( 'NONE',  ( 0.0000000000000000000, 0.0000000000000000000, -1.000000000000000000 ) ) ;
#2712 = VERTEX_POINT ( 'NONE', #2883 ) ;
#2713 = DIRECTION ( 'NONE',  ( 0.0000000000000000000, 1.000000000000000000, 0.0000000000000000000 ) ) ;
#2714 = CARTESIAN_POINT ( 'NONE',  ( -2.000000000000000000, 30.81660000000006150, 50.50000000000008527 ) ) ;
#2715 = LINE ( 'NONE', #370, #3619 ) ;
#2716 = CIRCLE ( 'NONE', #790, 1.500000000000001332 ) ;
#2717 = MECHANICAL_CONTEXT ( 'NONE', #3785, 'mechanical' ) ;
#2718 = ORIENTED_EDGE ( 'NONE', *, *, #2696, .F. ) ;
#2719 = FACE_OUTER_BOUND ( 'NONE', #2474, .T. ) ;
#2720 = EDGE_CURVE ( 'NONE', #1891, #2253, #3275, .T. ) ;
#2721 = DIRECTION ( 'NONE',  ( -1.000000000000000000, 0.0000000000000000000, 0.0000000000000000000 ) ) ;
#2722 = AXIS2_PLACEMENT_3D ( 'NONE', #1683, #1363, #2393 ) ;
#2723 = CARTESIAN_POINT ( 'NONE',  ( 27.00000000000000355, 30.81660000000006150, 53.50000000000009237 ) ) ;
#2724 = VECTOR ( 'NONE', #362, 1000.000000000000000 ) ;
#2725 = LINE ( 'NONE', #1884, #2408 ) ;
#2726 = ORIENTED_EDGE ( 'NONE', *, *, #3702, .T. ) ;
#2727 = CARTESIAN_POINT ( 'NONE',  ( 19.50000000000009948, -2.000000000000000000, 81.24999999999992895 ) ) ;
#2728 = DIRECTION ( 'NONE',  ( 0.0000000000000000000, 0.0000000000000000000, 1.000000000000000000 ) ) ;
#2729 = ORIENTED_EDGE ( 'NONE', *, *, #3551, .T. ) ;
#2730 = AXIS2_PLACEMENT_3D ( 'NONE', #251, #221, #3559 ) ;
#2731 = DIRECTION ( 'NONE',  ( 0.0000000000000000000, -0.0000000000000000000, 1.000000000000000000 ) ) ;
#2732 = AXIS2_PLACEMENT_3D ( 'NONE', #4166, #438, #3170 ) ;
#2733 = ORIENTED_EDGE ( 'NONE', *, *, #4302, .T. ) ;
#2734 = EDGE_LOOP ( 'NONE', ( #515, #2372 ) ) ;
#2735 = DIRECTION ( 'NONE',  ( 1.000000000000000000, 0.0000000000000000000, 0.0000000000000000000 ) ) ;
#2736 = ORIENTED_EDGE ( 'NONE', *, *, #3399, .F. ) ;
#2737 = FACE_OUTER_BOUND ( 'NONE', #247, .T. ) ;
#2738 = FACE_OUTER_BOUND ( 'NONE', #2446, .T. ) ;
#2739 = CARTESIAN_POINT ( 'NONE',  ( 27.00000000000000355, 30.81659999999999044, 83.75000000000000000 ) ) ;
#2740 = ORIENTED_EDGE ( 'NONE', *, *, #1399, .T. ) ;
#2741 = PLANE ( 'NONE',  #4154 ) ;
#2742 = LINE ( 'NONE', #3870, #4341 ) ;
#2743 = DIRECTION ( 'NONE',  ( 0.0000000000000000000, 1.000000000000000000, 0.0000000000000000000 ) ) ;
#2744 = LINE ( 'NONE', #2992, #3429 ) ;
#2745 = CIRCLE ( 'NONE', #4148, 1.499999999999987566 ) ;
#2746 = CARTESIAN_POINT ( 'NONE',  ( 12.50000000000014744, 0.0000000000000000000, 85.24999999999998579 ) ) ;
#2747 = CARTESIAN_POINT ( 'NONE',  ( -2.000000000000000000, 37.81659999999999400, 29.74999999999999645 ) ) ;
#2748 = DIRECTION ( 'NONE',  ( -1.000000000000000000, -0.0000000000000000000, -0.0000000000000000000 ) ) ;
#2749 = EDGE_LOOP ( 'NONE', ( #2152, #3973 ) ) ;
#2750 = EDGE_LOOP ( 'NONE', ( #2320, #3496, #4306, #3541 ) ) ;
#2751 = DIRECTION ( 'NONE',  ( 0.0000000000000000000, 0.0000000000000000000, 1.000000000000000000 ) ) ;
#2752 = VERTEX_POINT ( 'NONE', #2175 ) ;
#2753 = DIRECTION ( 'NONE',  ( 1.000000000000000000, 0.0000000000000000000, 0.0000000000000000000 ) ) ;
#2754 = EDGE_CURVE ( 'NONE', #37, #3417, #2803, .T. ) ;
#2755 = AXIS2_PLACEMENT_3D ( 'NONE', #3675, #348, #3665 ) ;
#2756 = ORIENTED_EDGE ( 'NONE', *, *, #2315, .T. ) ;
#2757 = VERTEX_POINT ( 'NONE', #3929 ) ;
#2758 = DIRECTION ( 'NONE',  ( -1.000000000000000000, -0.0000000000000000000, -0.0000000000000000000 ) ) ;
#2759 = EDGE_CURVE ( 'NONE', #3044, #4248, #1851, .T. ) ;
#2760 = AXIS2_PLACEMENT_3D ( 'NONE', #825, #1495, #153 ) ;
#2761 = VERTEX_POINT ( 'NONE', #2558 ) ;
#2762 = ORIENTED_EDGE ( 'NONE', *, *, #1767, .F. ) ;
#2763 = CARTESIAN_POINT ( 'NONE',  ( 27.00000000000000355, 30.81659999999995847, 38.00000000000007816 ) ) ;
#2764 = DIRECTION ( 'NONE',  ( 0.0000000000000000000, 0.0000000000000000000, 1.000000000000000000 ) ) ;
#2765 = VERTEX_POINT ( 'NONE', #3565 ) ;
#2766 = DIRECTION ( 'NONE',  ( 0.0000000000000000000, 1.000000000000000000, 0.0000000000000000000 ) ) ;
#2767 = PRODUCT_DEFINITION ( '未知', '', #526, #2029 ) ;
#2768 = EDGE_CURVE ( 'NONE', #1874, #3268, #1009, .T. ) ;
#2769 = DIRECTION ( 'NONE',  ( -0.0000000000000000000, 1.000000000000000000, -0.0000000000000000000 ) ) ;
#2770 = PLANE ( 'NONE',  #766 ) ;
#2771 = FACE_OUTER_BOUND ( 'NONE', #1019, .T. ) ;
#2772 = LINE ( 'NONE', #2437, #1454 ) ;
#2773 = FACE_OUTER_BOUND ( 'NONE', #3269, .T. ) ;
#2774 = DIRECTION ( 'NONE',  ( 0.0000000000000000000, 0.0000000000000000000, 1.000000000000000000 ) ) ;
#2775 = LINE ( 'NONE', #1073, #1669 ) ;
#2776 = ORIENTED_EDGE ( 'NONE', *, *, #881, .T. ) ;
#2777 = AXIS2_PLACEMENT_3D ( 'NONE', #2563, #248, #2887 ) ;
#2778 = CARTESIAN_POINT ( 'NONE',  ( 25.00000000000000000, 30.81659999999998689, 10.24999999999999467 ) ) ;
#2779 = CIRCLE ( 'NONE', #2344, 1.500000000000001332 ) ;
#2780 = DIRECTION ( 'NONE',  ( -1.000000000000000000, -0.0000000000000000000, -0.0000000000000000000 ) ) ;
#2781 = DIRECTION ( 'NONE',  ( -0.0000000000000000000, 1.000000000000000000, -0.0000000000000000000 ) ) ;
#2782 = EDGE_LOOP ( 'NONE', ( #4305, #1630, #2478, #1624 ) ) ;
#2783 = EDGE_CURVE ( 'NONE', #3600, #2626, #2181, .T. ) ;
#2784 = CARTESIAN_POINT ( 'NONE',  ( 25.00000000000000000, 37.81659999999999400, 45.00000000000000000 ) ) ;
#2785 = CARTESIAN_POINT ( 'NONE',  ( -2.000000000000000000, 30.81659999999998689, 18.74999999999999645 ) ) ;
#2786 = AXIS2_PLACEMENT_3D ( 'NONE', #2353, #3651, #3993 ) ;
#2787 = CYLINDRICAL_SURFACE ( 'NONE', #3234, 1.500000000000001332 ) ;
#2788 = VERTEX_POINT ( 'NONE', #3942 ) ;
#2789 = ORIENTED_EDGE ( 'NONE', *, *, #1939, .F. ) ;
#2790 = DIRECTION ( 'NONE',  ( -1.000000000000000000, -0.0000000000000000000, -0.0000000000000000000 ) ) ;
#2791 = CARTESIAN_POINT ( 'NONE',  ( 12.50000000000000000, -10.00000000000000000, 71.25000000000001421 ) ) ;
#2792 = CARTESIAN_POINT ( 'NONE',  ( 27.00000000000000355, 23.81659999999997979, 43.50000000000014921 ) ) ;
#2793 = ORIENTED_EDGE ( 'NONE', *, *, #2251, .F. ) ;
#2794 = CYLINDRICAL_SURFACE ( 'NONE', #3102, 1.500000000000008216 ) ;
#2795 = FACE_OUTER_BOUND ( 'NONE', #2324, .T. ) ;
#2796 = AXIS2_PLACEMENT_3D ( 'NONE', #3180, #1806, #122 ) ;
#2797 = ADVANCED_FACE ( 'NONE', ( #2376 ), #1590, .F. ) ;
#2798 = DIRECTION ( 'NONE',  ( -1.000000000000000000, 0.0000000000000000000, 0.0000000000000000000 ) ) ;
#2799 = AXIS2_PLACEMENT_3D ( 'NONE', #3726, #2678, #679 ) ;
#2800 = FACE_BOUND ( 'NONE', #1543, .T. ) ;
#2801 = DIRECTION ( 'NONE',  ( 0.0000000000000000000, 1.000000000000000000, 0.0000000000000000000 ) ) ;
#2802 = CIRCLE ( 'NONE', #3387, 1.500000000000008216 ) ;
#2803 = CIRCLE ( 'NONE', #3646, 1.500000000000001332 ) ;
#2804 = ORIENTED_EDGE ( 'NONE', *, *, #287, .T. ) ;
#2805 = VERTEX_POINT ( 'NONE', #1258 ) ;
#2806 = VERTEX_POINT ( 'NONE', #1591 ) ;
#2807 = DIRECTION ( 'NONE',  ( 1.000000000000000000, 0.0000000000000000000, 0.0000000000000000000 ) ) ;
#2808 = DIRECTION ( 'NONE',  ( -0.0000000000000000000, 1.000000000000000000, -0.0000000000000000000 ) ) ;
#2809 = DIRECTION ( 'NONE',  ( -0.0000000000000000000, 1.000000000000000000, -0.0000000000000000000 ) ) ;
#2810 = ORIENTED_EDGE ( 'NONE', *, *, #129, .F. ) ;
#2811 = DIRECTION ( 'NONE',  ( -0.0000000000000000000, 1.000000000000000000, -0.0000000000000000000 ) ) ;
#2812 = ORIENTED_EDGE ( 'NONE', *, *, #1558, .F. ) ;
#2813 = ORIENTED_EDGE ( 'NONE', *, *, #1998, .T. ) ;
#2814 = AXIS2_PLACEMENT_3D ( 'NONE', #1133, #2155, #3422 ) ;
#2815 = EDGE_LOOP ( 'NONE', ( #1071, #1973, #568, #1954 ) ) ;
#2816 = CARTESIAN_POINT ( 'NONE',  ( 27.00000000000000355, 30.81659999999997979, 72.75000000000008527 ) ) ;
#2817 = ADVANCED_FACE ( 'NONE', ( #105 ), #1115, .F. ) ;
#2818 = EDGE_LOOP ( 'NONE', ( #3984, #915 ) ) ;
#2819 = ORIENTED_EDGE ( 'NONE', *, *, #2681, .T. ) ;
#2820 = CARTESIAN_POINT ( 'NONE',  ( 5.500000000000100364, -10.00000000000000000, 78.25000000000002842 ) ) ;
#2821 = DIRECTION ( 'NONE',  ( 0.0000000000000000000, 0.0000000000000000000, 1.000000000000000000 ) ) ;
#2822 = ADVANCED_FACE ( 'NONE', ( #2963 ), #3746, .F. ) ;
#2823 = ORIENTED_EDGE ( 'NONE', *, *, #114, .T. ) ;
#2824 = CARTESIAN_POINT ( 'NONE',  ( 24.26340000000000074, -2.000000000000000000, 90.00000000000000000 ) ) ;
#2825 = DIRECTION ( 'NONE',  ( -1.000000000000000000, -0.0000000000000000000, -0.0000000000000000000 ) ) ;
#2826 = FACE_OUTER_BOUND ( 'NONE', #357, .T. ) ;
#2827 = ORIENTED_EDGE ( 'NONE', *, *, #408, .F. ) ;
#2828 = CIRCLE ( 'NONE', #961, 1.500000000000008216 ) ;
#2829 = CARTESIAN_POINT ( 'NONE',  ( 12.50000000000000000, -2.000000000000000000, 71.25000000000001421 ) ) ;
#2830 = DIRECTION ( 'NONE',  ( -1.000000000000000000, 0.0000000000000000000, 0.0000000000000000000 ) ) ;
#2831 = EDGE_LOOP ( 'NONE', ( #2283, #214 ) ) ;
#2832 = CYLINDRICAL_SURFACE ( 'NONE', #2389, 1.499999999999987566 ) ;
#2833 = EDGE_CURVE ( 'NONE', #774, #2566, #3377, .T. ) ;
#2834 = AXIS2_PLACEMENT_3D ( 'NONE', #1300, #3953, #2596 ) ;
#2835 = ADVANCED_FACE ( 'NONE', ( #4392 ), #2423, .F. ) ;
#2836 = DIRECTION ( 'NONE',  ( -1.000000000000000000, -0.0000000000000000000, -0.0000000000000000000 ) ) ;
#2837 = FACE_OUTER_BOUND ( 'NONE', #3446, .T. ) ;
#2838 = ORIENTED_EDGE ( 'NONE', *, *, #4119, .T. ) ;
#2839 = ORIENTED_EDGE ( 'NONE', *, *, #287, .F. ) ;
#2840 = DIRECTION ( 'NONE',  ( -1.000000000000000000, 0.0000000000000000000, 0.0000000000000000000 ) ) ;
#2841 = EDGE_CURVE ( 'NONE', #12, #1190, #101, .T. ) ;
#2842 = ORIENTED_EDGE ( 'NONE', *, *, #3183, .T. ) ;
#2843 = ORIENTED_EDGE ( 'NONE', *, *, #220, .T. ) ;
#2844 = DIRECTION ( 'NONE',  ( 1.000000000000000000, 0.0000000000000000000, 0.0000000000000000000 ) ) ;
#2845 = AXIS2_PLACEMENT_3D ( 'NONE', #444, #4153, #1128 ) ;
#2846 = ORIENTED_EDGE ( 'NONE', *, *, #452, .F. ) ;
#2847 = CIRCLE ( 'NONE', #950, 4.000000000000000000 ) ;
#2848 = VECTOR ( 'NONE', #788, 1000.000000000000000 ) ;
#2849 = ORIENTED_EDGE ( 'NONE', *, *, #1028, .F. ) ;
#2850 = CYLINDRICAL_SURFACE ( 'NONE', #1523, 1.500000000000001332 ) ;
#2851 = CARTESIAN_POINT ( 'NONE',  ( 12.50000000000000000, 0.0000000000000000000, 79.75000000000000000 ) ) ;
#2852 = VECTOR ( 'NONE', #338, 1000.000000000000000 ) ;
#2853 = FACE_OUTER_BOUND ( 'NONE', #524, .T. ) ;
#2854 = CARTESIAN_POINT ( 'NONE',  ( 12.50000000000014744, -2.000000000000000000, 18.74999999999999289 ) ) ;
#2855 = AXIS2_PLACEMENT_3D ( 'NONE', #2699, #4016, #1025 ) ;
#2856 = EDGE_CURVE ( 'NONE', #1053, #3536, #3693, .T. ) ;
#2857 = DIRECTION ( 'NONE',  ( -1.000000000000000000, 0.0000000000000000000, 0.0000000000000000000 ) ) ;
#2858 = EDGE_LOOP ( 'NONE', ( #2267, #4275, #2695, #1470 ) ) ;
#2859 = VERTEX_POINT ( 'NONE', #618 ) ;
#2860 = VERTEX_POINT ( 'NONE', #2727 ) ;
#2861 = DIRECTION ( 'NONE',  ( -1.000000000000000000, -0.0000000000000000000, -0.0000000000000000000 ) ) ;
#2862 = ADVANCED_FACE ( 'NONE', ( #2795 ), #3801, .F. ) ;
#2863 = ORIENTED_EDGE ( 'NONE', *, *, #2460, .F. ) ;
#2864 = EDGE_CURVE ( 'NONE', #3825, #1577, #3321, .T. ) ;
#2865 = DIRECTION ( 'NONE',  ( -1.000000000000000000, -0.0000000000000000000, -0.0000000000000000000 ) ) ;
#2866 = DIRECTION ( 'NONE',  ( -0.0000000000000000000, 1.000000000000000000, -0.0000000000000000000 ) ) ;
#2867 = ORIENTED_EDGE ( 'NONE', *, *, #2330, .F. ) ;
#2868 = DIRECTION ( 'NONE',  ( -1.000000000000000000, -0.0000000000000000000, -0.0000000000000000000 ) ) ;
#2869 = EDGE_LOOP ( 'NONE', ( #2978, #2339, #163, #2827 ) ) ;
#2870 = EDGE_CURVE ( 'NONE', #1193, #2385, #1003, .T. ) ;
#2871 = CARTESIAN_POINT ( 'NONE',  ( 12.50000000000000000, 0.0000000000000000000, 75.75000000000000000 ) ) ;
#2872 = AXIS2_PLACEMENT_3D ( 'NONE', #2284, #573, #3229 ) ;
#2873 = EDGE_LOOP ( 'NONE', ( #3122, #2016, #3393, #333 ) ) ;
#2874 = CARTESIAN_POINT ( 'NONE',  ( 27.00000000000000355, 30.81659999999998689, 1.749999999999996003 ) ) ;
#2875 = LINE ( 'NONE', #738, #71 ) ;
#2876 = AXIS2_PLACEMENT_3D ( 'NONE', #3814, #1116, #3483 ) ;
#2877 = DIRECTION ( 'NONE',  ( 1.000000000000000000, 0.0000000000000000000, 0.0000000000000000000 ) ) ;
#2878 = CIRCLE ( 'NONE', #3873, 1.500000000000001332 ) ;
#2879 = DIRECTION ( 'NONE',  ( -1.000000000000000000, -0.0000000000000000000, -0.0000000000000000000 ) ) ;
#2880 = DIRECTION ( 'NONE',  ( 0.0000000000000000000, 0.0000000000000000000, 1.000000000000000000 ) ) ;
#2881 = AXIS2_PLACEMENT_3D ( 'NONE', #4187, #2197, #4197 ) ;
#2882 = ADVANCED_FACE ( 'NONE', ( #1224 ), #2683, .F. ) ;
#2883 = CARTESIAN_POINT ( 'NONE',  ( 25.00000000000000000, 23.81659999999997979, 43.50000000000014921 ) ) ;
#2884 = LINE ( 'NONE', #2113, #2212 ) ;
#2885 = FACE_OUTER_BOUND ( 'NONE', #869, .T. ) ;
#2886 = CARTESIAN_POINT ( 'NONE',  ( 27.00000000000000355, 37.81659999999999400, 60.25000000000000000 ) ) ;
#2887 = DIRECTION ( 'NONE',  ( 0.0000000000000000000, 0.0000000000000000000, 1.000000000000000000 ) ) ;
#2888 = FACE_OUTER_BOUND ( 'NONE', #3104, .T. ) ;
#2889 = ORIENTED_EDGE ( 'NONE', *, *, #281, .F. ) ;
#2890 = ORIENTED_EDGE ( 'NONE', *, *, #3633, .T. ) ;
#2891 = CARTESIAN_POINT ( 'NONE',  ( 0.0000000000000000000, 23.81659999999997979, 79.75000000000015632 ) ) ;
#2892 = CARTESIAN_POINT ( 'NONE',  ( 25.00000000000000000, 30.81659999999997979, 74.25000000000008527 ) ) ;
#2893 = ORIENTED_EDGE ( 'NONE', *, *, #64, .F. ) ;
#2894 = ORIENTED_EDGE ( 'NONE', *, *, #3107, .T. ) ;
#2895 = ORIENTED_EDGE ( 'NONE', *, *, #4349, .T. ) ;
#2896 = EDGE_CURVE ( 'NONE', #1488, #3754, #1637, .T. ) ;
#2897 = AXIS2_PLACEMENT_3D ( 'NONE', #3369, #344, #1661 ) ;
#2898 = DIRECTION ( 'NONE',  ( 0.0000000000000000000, 0.0000000000000000000, 1.000000000000000000 ) ) ;
#2899 = FACE_BOUND ( 'NONE', #1247, .T. ) ;
#2900 = CARTESIAN_POINT ( 'NONE',  ( 0.0000000000000000000, 37.81659999999999400, 29.74999999999999645 ) ) ;
#2901 = LINE ( 'NONE', #310, #2067 ) ;
#2902 = DIRECTION ( 'NONE',  ( -1.000000000000000000, -0.0000000000000000000, -0.0000000000000000000 ) ) ;
#2903 = CIRCLE ( 'NONE', #349, 1.500000000000004885 ) ;
#2904 = EDGE_CURVE ( 'NONE', #3120, #1950, #749, .T. ) ;
#2905 = DIRECTION ( 'NONE',  ( 0.0000000000000000000, 0.0000000000000000000, 1.000000000000000000 ) ) ;
#2906 = FACE_BOUND ( 'NONE', #2749, .T. ) ;
#2907 = FACE_OUTER_BOUND ( 'NONE', #2170, .T. ) ;
#2908 = CIRCLE ( 'NONE', #2655, 1.500000000000001332 ) ;
#2909 = ORIENTED_EDGE ( 'NONE', *, *, #1643, .T. ) ;
#2910 = VERTEX_POINT ( 'NONE', #1627 ) ;
#2911 = DIRECTION ( 'NONE',  ( 0.0000000000000000000, 0.0000000000000000000, 1.000000000000000000 ) ) ;
#2912 = DIRECTION ( 'NONE',  ( 1.000000000000000000, 0.0000000000000000000, 0.0000000000000000000 ) ) ;
#2913 = ORIENTED_EDGE ( 'NONE', *, *, #4202, .F. ) ;
#2914 = AXIS2_PLACEMENT_3D ( 'NONE', #2394, #436, #3073 ) ;
#2915 = EDGE_CURVE ( 'NONE', #1036, #1445, #2009, .T. ) ;
#2916 = DIRECTION ( 'NONE',  ( 0.0000000000000000000, 0.0000000000000000000, 1.000000000000000000 ) ) ;
#2917 = CARTESIAN_POINT ( 'NONE',  ( 27.00000000000000355, 30.81660000000005439, 86.75000000000009948 ) ) ;
#2918 = ORIENTED_EDGE ( 'NONE', *, *, #2720, .T. ) ;
#2919 = DIRECTION ( 'NONE',  ( 0.0000000000000000000, 1.000000000000000000, 0.0000000000000000000 ) ) ;
#2920 = EDGE_LOOP ( 'NONE', ( #183, #945, #1703, #1616 ) ) ;
#2921 = ORIENTED_EDGE ( 'NONE', *, *, #982, .F. ) ;
#2922 = EDGE_CURVE ( 'NONE', #2359, #3211, #652, .T. ) ;
#2923 = DIRECTION ( 'NONE',  ( 0.0000000000000000000, 0.0000000000000000000, 1.000000000000000000 ) ) ;
#2924 = AXIS2_PLACEMENT_3D ( 'NONE', #1869, #206, #2190 ) ;
#2925 = DIRECTION ( 'NONE',  ( 1.000000000000000000, 0.0000000000000000000, 0.0000000000000000000 ) ) ;
#2926 = ORIENTED_EDGE ( 'NONE', *, *, #3543, .T. ) ;
#2928 = EDGE_LOOP ( 'NONE', ( #339, #898 ) ) ;
#2927 = ADVANCED_FACE ( 'NONE', ( #1532 ), #435, .F. ) ;
#2929 = EDGE_CURVE ( 'NONE', #691, #3607, #1792, .T. ) ;
#2930 = DIRECTION ( 'NONE',  ( -1.000000000000000000, 0.0000000000000000000, 0.0000000000000000000 ) ) ;
#2931 = AXIS2_PLACEMENT_3D ( 'NONE', #4083, #3, #3400 ) ;
#2932 = VECTOR ( 'NONE', #415, 1000.000000000000000 ) ;
#2933 = DIRECTION ( 'NONE',  ( 0.0000000000000000000, 0.0000000000000000000, 1.000000000000000000 ) ) ;
#2934 = ORIENTED_EDGE ( 'NONE', *, *, #978, .F. ) ;
#2935 = CYLINDRICAL_SURFACE ( 'NONE', #1642, 1.500000000000001332 ) ;
#2936 = FACE_BOUND ( 'NONE', #4333, .T. ) ;
#2937 = ORIENTED_EDGE ( 'NONE', *, *, #2242, .T. ) ;
#2938 = CARTESIAN_POINT ( 'NONE',  ( 0.0000000000000000000, 0.7365999999999994774, 0.0000000000000000000 ) ) ;
#2939 = PLANE ( 'NONE',  #3294 ) ;
#2940 = DIRECTION ( 'NONE',  ( 0.0000000000000000000, 1.000000000000000000, 0.0000000000000000000 ) ) ;
#2941 = AXIS2_PLACEMENT_3D ( 'NONE', #2476, #1173, #1776 ) ;
#2942 = CIRCLE ( 'NONE', #1432, 1.500000000000001332 ) ;
#2943 = EDGE_CURVE ( 'NONE', #1445, #2399, #1906, .T. ) ;
#2944 = DIRECTION ( 'NONE',  ( -1.000000000000000000, 0.0000000000000000000, 0.0000000000000000000 ) ) ;
#2945 = EDGE_LOOP ( 'NONE', ( #3210, #2369 ) ) ;
#2946 = CARTESIAN_POINT ( 'NONE',  ( 25.00000000000000000, 23.81659999999997979, 45.00000000000014921 ) ) ;
#2947 = LINE ( 'NONE', #322, #3573 ) ;
#2948 = DIRECTION ( 'NONE',  ( -1.000000000000000000, -0.0000000000000000000, -0.0000000000000000000 ) ) ;
#2949 = CARTESIAN_POINT ( 'NONE',  ( 25.00000000000000000, 37.81659999999999400, 45.00000000000000000 ) ) ;
#2950 = CIRCLE ( 'NONE', #2338, 1.499999999999999556 ) ;
#2951 = ORIENTED_EDGE ( 'NONE', *, *, #1137, .T. ) ;
#2952 = ORIENTED_EDGE ( 'NONE', *, *, #2665, .F. ) ;
#2953 = ADVANCED_FACE ( 'NONE', ( #3221 ), #3113, .F. ) ;
#2954 = ORIENTED_EDGE ( 'NONE', *, *, #25, .T. ) ;
#2955 = ORIENTED_EDGE ( 'NONE', *, *, #1856, .F. ) ;
#2956 = DIRECTION ( 'NONE',  ( -1.000000000000000000, 0.0000000000000000000, 0.0000000000000000000 ) ) ;
#2957 = DIRECTION ( 'NONE',  ( -1.000000000000000000, 0.0000000000000000000, 0.0000000000000000000 ) ) ;
#2958 = VERTEX_POINT ( 'NONE', #4200 ) ;
#2959 = EDGE_CURVE ( 'NONE', #617, #2503, #2332, .T. ) ;
#2960 = FACE_BOUND ( 'NONE', #1706, .T. ) ;
#2961 = FACE_OUTER_BOUND ( 'NONE', #2602, .T. ) ;
#2962 = VERTEX_POINT ( 'NONE', #2495 ) ;
#2963 = FACE_OUTER_BOUND ( 'NONE', #1001, .T. ) ;
#2964 = AXIS2_PLACEMENT_3D ( 'NONE', #21, #4072, #3734 ) ;
#2965 = DIRECTION ( 'NONE',  ( 0.0000000000000000000, 0.0000000000000000000, 1.000000000000000000 ) ) ;
#2966 = CYLINDRICAL_SURFACE ( 'NONE', #3217, 1.500000000000001332 ) ;
#2967 = ORIENTED_EDGE ( 'NONE', *, *, #3678, .T. ) ;
#2968 = AXIS2_PLACEMENT_3D ( 'NONE', #1389, #3783, #1756 ) ;
#2969 = AXIS2_PLACEMENT_3D ( 'NONE', #1759, #127, #3804 ) ;
#2970 = ORIENTED_EDGE ( 'NONE', *, *, #1329, .F. ) ;
#2971 = DIRECTION ( 'NONE',  ( 0.0000000000000000000, 0.0000000000000000000, 1.000000000000000000 ) ) ;
#2972 = DIRECTION ( 'NONE',  ( 0.0000000000000000000, 0.0000000000000000000, 1.000000000000000000 ) ) ;
#2973 = DIRECTION ( 'NONE',  ( -0.0000000000000000000, 1.000000000000000000, -0.0000000000000000000 ) ) ;
#2974 = ORIENTED_EDGE ( 'NONE', *, *, #971, .F. ) ;
#2975 = DIRECTION ( 'NONE',  ( 0.0000000000000000000, 0.0000000000000000000, 1.000000000000000000 ) ) ;
#2976 = CARTESIAN_POINT ( 'NONE',  ( 27.00000000000000355, 30.81659999999999044, 49.00000000000000000 ) ) ;
#2977 = EDGE_LOOP ( 'NONE', ( #4143, #2955 ) ) ;
#2978 = ORIENTED_EDGE ( 'NONE', *, *, #2396, .F. ) ;
#2979 = EDGE_CURVE ( 'NONE', #1606, #3135, #4020, .T. ) ;
#2980 = DIRECTION ( 'NONE',  ( 0.0000000000000000000, 0.0000000000000000000, 1.000000000000000000 ) ) ;
#2981 = AXIS2_PLACEMENT_3D ( 'NONE', #111, #3447, #3088 ) ;
#2982 = CIRCLE ( 'NONE', #49, 1.500000000000001332 ) ;
#2983 = VECTOR ( 'NONE', #3409, 1000.000000000000000 ) ;
#2984 = EDGE_CURVE ( 'NONE', #1298, #955, #3587, .T. ) ;
#2985 = DIRECTION ( 'NONE',  ( 0.0000000000000000000, 0.0000000000000000000, 1.000000000000000000 ) ) ;
#2986 = DIRECTION ( 'NONE',  ( 0.0000000000000000000, 0.0000000000000000000, 1.000000000000000000 ) ) ;
#2987 = AXIS2_PLACEMENT_3D ( 'NONE', #204, #2256, #1912 ) ;
#2988 = FACE_OUTER_BOUND ( 'NONE', #3811, .T. ) ;
#2989 = ORIENTED_EDGE ( 'NONE', *, *, #60, .F. ) ;
#2990 = FACE_OUTER_BOUND ( 'NONE', #1579, .T. ) ;
#2991 = CARTESIAN_POINT ( 'NONE',  ( -2.000000000000000000, 30.81659999999995847, 36.50000000000006395 ) ) ;
#2992 = CARTESIAN_POINT ( 'NONE',  ( 27.00000000000000355, 30.81659999999998689, 18.74999999999999645 ) ) ;
#2993 = SECURITY_CLASSIFICATION ( '', '', #3087 ) ;
#2994 = FACE_OUTER_BOUND ( 'NONE', #232, .T. ) ;
#2995 = ORIENTED_EDGE ( 'NONE', *, *, #1442, .F. ) ;
#2996 = ORIENTED_EDGE ( 'NONE', *, *, #3865, .T. ) ;
#2997 = EDGE_CURVE ( 'NONE', #2018, #4340, #1112, .T. ) ;
#2998 = ORIENTED_EDGE ( 'NONE', *, *, #1392, .T. ) ;
#2999 = ORIENTED_EDGE ( 'NONE', *, *, #2759, .T. ) ;
#3000 = CARTESIAN_POINT ( 'NONE',  ( 0.0000000000000000000, 37.81659999999999400, 79.75000000000000000 ) ) ;
#3001 = ORIENTED_EDGE ( 'NONE', *, *, #2499, .T. ) ;
#3002 = CIRCLE ( 'NONE', #4120, 4.000000000000003553 ) ;
#3003 = CIRCLE ( 'NONE', #2570, 1.500000000000001332 ) ;
#3004 = LINE ( 'NONE', #1146, #2119 ) ;
#3005 = AXIS2_PLACEMENT_3D ( 'NONE', #3612, #1235, #2933 ) ;
#3006 = FACE_OUTER_BOUND ( 'NONE', #151, .T. ) ;
#3007 = VECTOR ( 'NONE', #2769, 1000.000000000000000 ) ;
#3008 = CARTESIAN_POINT ( 'NONE',  ( 27.00000000000000355, 30.81659999999998689, 4.749999999999995559 ) ) ;
#3009 = DIRECTION ( 'NONE',  ( -1.000000000000000000, 0.0000000000000000000, 0.0000000000000000000 ) ) ;
#3010 = FACE_BOUND ( 'NONE', #3761, .T. ) ;
#3011 = EDGE_CURVE ( 'NONE', #1918, #1658, #3004, .T. ) ;
#3012 = AXIS2_PLACEMENT_3D ( 'NONE', #174, #1165, #3508 ) ;
#3013 = ORIENTED_EDGE ( 'NONE', *, *, #4296, .T. ) ;
#3014 = DIRECTION ( 'NONE',  ( 0.0000000000000000000, 1.000000000000000000, 0.0000000000000000000 ) ) ;
#3015 = CARTESIAN_POINT ( 'NONE',  ( 27.00000000000000355, 30.81659999999999044, 40.99999999999999289 ) ) ;
#3016 = ORIENTED_EDGE ( 'NONE', *, *, #2896, .T. ) ;
#3017 = VERTEX_POINT ( 'NONE', #4213 ) ;
#3018 = ORIENTED_EDGE ( 'NONE', *, *, #1558, .T. ) ;
#3019 = CARTESIAN_POINT ( 'NONE',  ( 27.00000000000000355, 30.81659999999999044, 79.75000000000000000 ) ) ;
#3020 = AXIS2_PLACEMENT_3D ( 'NONE', #2153, #1787, #4157 ) ;
#3021 = AXIS2_PLACEMENT_3D ( 'NONE', #2012, #3713, #3745 ) ;
#3022 = EDGE_CURVE ( 'NONE', #2752, #3729, #326, .T. ) ;
#3023 = ORIENTED_EDGE ( 'NONE', *, *, #1429, .T. ) ;
#3024 = ORIENTED_EDGE ( 'NONE', *, *, #756, .T. ) ;
#3025 = ORIENTED_EDGE ( 'NONE', *, *, #4254, .T. ) ;
#3026 = CARTESIAN_POINT ( 'NONE',  ( 12.50000000000000000, 0.0000000000000000000, 72.75000000000001421 ) ) ;
#3027 = ORIENTED_EDGE ( 'NONE', *, *, #1292, .T. ) ;
#3028 = PERSON_AND_ORGANIZATION ( #634, #3949 ) ;
#3029 = CARTESIAN_POINT ( 'NONE',  ( 12.50000000000000000, 0.0000000000000000000, 36.50000000000000000 ) ) ;
#3030 = CIRCLE ( 'NONE', #2058, 4.000000000000003553 ) ;
#3031 = VERTEX_POINT ( 'NONE', #1452 ) ;
#3032 = FACE_OUTER_BOUND ( 'NONE', #796, .T. ) ;
#3033 = DIRECTION ( 'NONE',  ( 0.0000000000000000000, 0.0000000000000000000, 1.000000000000000000 ) ) ;
#3034 = CYLINDRICAL_SURFACE ( 'NONE', #2872, 1.500000000000001332 ) ;
#3035 = VERTEX_POINT ( 'NONE', #1820 ) ;
#3036 = CARTESIAN_POINT ( 'NONE',  ( 25.00000000000000000, 23.81659999999997979, 81.25000000000014211 ) ) ;
#3037 = FACE_OUTER_BOUND ( 'NONE', #293, .T. ) ;
#3038 = ORIENTED_EDGE ( 'NONE', *, *, #829, .T. ) ;
#3039 = DIRECTION ( 'NONE',  ( 1.000000000000000000, 0.0000000000000000000, 0.0000000000000000000 ) ) ;
#3040 = CYLINDRICAL_SURFACE ( 'NONE', #2479, 1.500000000000001332 ) ;
#3041 = CARTESIAN_POINT ( 'NONE',  ( 12.50000000000014744, 0.0000000000000000000, 15.74999999999998934 ) ) ;
#3042 = ORIENTED_EDGE ( 'NONE', *, *, #95, .T. ) ;
#3043 = ORIENTED_EDGE ( 'NONE', *, *, #2929, .T. ) ;
#3044 = VERTEX_POINT ( 'NONE', #3879 ) ;
#3045 = DIRECTION ( 'NONE',  ( -1.000000000000000000, -0.0000000000000000000, -0.0000000000000000000 ) ) ;
#3046 = DIRECTION ( 'NONE',  ( -1.000000000000000000, -0.0000000000000000000, -0.0000000000000000000 ) ) ;
#3047 = DIRECTION ( 'NONE',  ( 1.000000000000000000, 0.0000000000000000000, -0.0000000000000000000 ) ) ;
#3048 = CARTESIAN_POINT ( 'NONE',  ( 12.50000000000000000, -2.000000000000000000, 74.25000000000001421 ) ) ;
#3049 = ORIENTED_EDGE ( 'NONE', *, *, #3898, .T. ) ;
#3050 = ORIENTED_EDGE ( 'NONE', *, *, #4334, .F. ) ;
#3051 = EDGE_LOOP ( 'NONE', ( #1277, #3742, #2838, #2544 ) ) ;
#3052 = DIRECTION ( 'NONE',  ( 1.000000000000000000, 0.0000000000000000000, 0.0000000000000000000 ) ) ;
#3053 = DIRECTION ( 'NONE',  ( 0.0000000000000000000, -0.0000000000000000000, 1.000000000000000000 ) ) ;
#3054 = FACE_BOUND ( 'NONE', #490, .T. ) ;
#3055 = FACE_OUTER_BOUND ( 'NONE', #2128, .T. ) ;
#3056 = ORIENTED_EDGE ( 'NONE', *, *, #1329, .T. ) ;
#3057 = FACE_BOUND ( 'NONE', #2945, .T. ) ;
#3058 = PERSON_AND_ORGANIZATION_ROLE ( 'creator' ) ;
#3059 = FACE_OUTER_BOUND ( 'NONE', #2815, .T. ) ;
#3060 = DIRECTION ( 'NONE',  ( 0.0000000000000000000, 0.0000000000000000000, 1.000000000000000000 ) ) ;
#3061 = EDGE_CURVE ( 'NONE', #823, #3230, #1534, .T. ) ;
#3062 = AXIS2_PLACEMENT_3D ( 'NONE', #2325, #3181, #1210 ) ;
#3063 = DIRECTION ( 'NONE',  ( 0.0000000000000000000, 0.0000000000000000000, 1.000000000000000000 ) ) ;
#3064 = DIRECTION ( 'NONE',  ( 0.0000000000000000000, 0.0000000000000000000, 1.000000000000000000 ) ) ;
#3065 = EDGE_LOOP ( 'NONE', ( #4112, #1510, #2002, #3143 ) ) ;
#3066 = EDGE_CURVE ( 'NONE', #2805, #1161, #1427, .T. ) ;
#3067 = AXIS2_PLACEMENT_3D ( 'NONE', #2258, #3981, #2233 ) ;
#3068 = CARTESIAN_POINT ( 'NONE',  ( 12.50000000000014744, -2.000000000000000000, 86.75000000000000000 ) ) ;
#3069 = DIRECTION ( 'NONE',  ( 0.0000000000000000000, 0.0000000000000000000, 1.000000000000000000 ) ) ;
#3070 = DIRECTION ( 'NONE',  ( 0.0000000000000000000, 1.000000000000000000, 0.0000000000000000000 ) ) ;
#3071 = EDGE_LOOP ( 'NONE', ( #286, #2619, #4348, #353 ) ) ;
#3072 = DIRECTION ( 'NONE',  ( 0.0000000000000000000, -0.0000000000000000000, 1.000000000000000000 ) ) ;
#3073 = DIRECTION ( 'NONE',  ( -1.000000000000000000, 0.0000000000000000000, 0.0000000000000000000 ) ) ;
#3074 = CARTESIAN_POINT ( 'NONE',  ( 5.500000000000100364, -10.00000000000000000, 45.00000000000002842 ) ) ;
#3075 = EDGE_LOOP ( 'NONE', ( #3172, #3585, #3263, #1446 ) ) ;
#3076 = PRODUCT_RELATED_PRODUCT_CATEGORY ( 'detail', '', ( #3610 ) ) ;
#3077 = ORIENTED_EDGE ( 'NONE', *, *, #295, .F. ) ;
#3078 = EDGE_CURVE ( 'NONE', #155, #2557, #4128, .T. ) ;
#3079 = DIRECTION ( 'NONE',  ( -1.000000000000000000, -0.0000000000000000000, -0.0000000000000000000 ) ) ;
#3080 = DIRECTION ( 'NONE',  ( -0.0000000000000000000, 1.000000000000000000, -0.0000000000000000000 ) ) ;
#3081 = CARTESIAN_POINT ( 'NONE',  ( 0.7366000000000001435, 0.0000000000000000000, 0.0000000000000000000 ) ) ;
#3082 = DIRECTION ( 'NONE',  ( 0.0000000000000000000, 0.0000000000000000000, 1.000000000000000000 ) ) ;
#3083 = CIRCLE ( 'NONE', #1499, 1.500000000000001332 ) ;
#3084 = EDGE_CURVE ( 'NONE', #3160, #1195, #962, .T. ) ;
#3085 = ADVANCED_FACE ( 'NONE', ( #3486 ), #4174, .T. ) ;
#3086 = CIRCLE ( 'NONE', #96, 1.499999999999987566 ) ;
#3087 = SECURITY_CLASSIFICATION_LEVEL ( 'unclassified' ) ;
#3088 = DIRECTION ( 'NONE',  ( 0.0000000000000000000, 0.0000000000000000000, 1.000000000000000000 ) ) ;
#3089 = VERTEX_POINT ( 'NONE', #3527 ) ;
#3090 = VECTOR ( 'NONE', #793, 1000.000000000000000 ) ;
#3091 = EDGE_CURVE ( 'NONE', #1805, #767, #4024, .T. ) ;
#3092 = DIRECTION ( 'NONE',  ( 0.0000000000000000000, 0.0000000000000000000, 1.000000000000000000 ) ) ;
#3093 = DIRECTION ( 'NONE',  ( -1.000000000000000000, 0.0000000000000000000, 0.0000000000000000000 ) ) ;
#3094 = VERTEX_POINT ( 'NONE', #186 ) ;
#3095 = AXIS2_PLACEMENT_3D ( 'NONE', #1233, #1248, #1905 ) ;
#3096 = FACE_BOUND ( 'NONE', #4032, .T. ) ;
#3097 = CYLINDRICAL_SURFACE ( 'NONE', #3288, 2.736599999999998811 ) ;
#3098 = ORIENTED_EDGE ( 'NONE', *, *, #129, .T. ) ;
#3099 = CARTESIAN_POINT ( 'NONE',  ( 12.50000000000014744, -2.000000000000000000, 17.24999999999998934 ) ) ;
#3100 = ORIENTED_EDGE ( 'NONE', *, *, #3462, .T. ) ;
#3101 = PLANE ( 'NONE',  #3901 ) ;
#3102 = AXIS2_PLACEMENT_3D ( 'NONE', #1559, #3931, #181 ) ;
#3103 = ORIENTED_EDGE ( 'NONE', *, *, #516, .F. ) ;
#3104 = EDGE_LOOP ( 'NONE', ( #3951, #4290, #3272, #3001 ) ) ;
#3105 =( NAMED_UNIT ( * ) PLANE_ANGLE_UNIT ( ) SI_UNIT ( $, .RADIAN. ) );
#3106 = ORIENTED_EDGE ( 'NONE', *, *, #1346, .T. ) ;
#3107 = EDGE_CURVE ( 'NONE', #767, #1805, #3380, .T. ) ;
#3108 = CARTESIAN_POINT ( 'NONE',  ( 12.50000000000000000, -10.00000000000000000, 38.00000000000000000 ) ) ;
#3109 = CYLINDRICAL_SURFACE ( 'NONE', #2081, 1.499999999999987566 ) ;
#3110 = CYLINDRICAL_SURFACE ( 'NONE', #4253, 1.499999999999999556 ) ;
#3111 = CARTESIAN_POINT ( 'NONE',  ( 12.50000000000014744, -10.00000000000000000, 51.99999999999999289 ) ) ;
#3112 = DIRECTION ( 'NONE',  ( 0.0000000000000000000, 0.0000000000000000000, 1.000000000000000000 ) ) ;
#3113 = CYLINDRICAL_SURFACE ( 'NONE', #1984, 1.500000000000001332 ) ;
#3114 = LINE ( 'NONE', #1584, #960 ) ;
#3115 = LINE ( 'NONE', #855, #1333 ) ;
#3116 = FACE_BOUND ( 'NONE', #3340, .T. ) ;
#3117 = DIRECTION ( 'NONE',  ( -1.000000000000000000, 0.0000000000000000000, 0.0000000000000000000 ) ) ;
#3118 = CARTESIAN_POINT ( 'NONE',  ( 0.0000000000000000000, 30.81659999999999044, 79.75000000000000000 ) ) ;
#3119 = DIRECTION ( 'NONE',  ( 0.0000000000000000000, 0.0000000000000000000, 1.000000000000000000 ) ) ;
#3120 = VERTEX_POINT ( 'NONE', #2524 ) ;
#3121 = DIRECTION ( 'NONE',  ( -1.000000000000000000, -0.0000000000000000000, -0.0000000000000000000 ) ) ;
#3122 = ORIENTED_EDGE ( 'NONE', *, *, #389, .F. ) ;
#3123 = DIRECTION ( 'NONE',  ( 0.0000000000000000000, 0.0000000000000000000, -1.000000000000000000 ) ) ;
#3124 = DIRECTION ( 'NONE',  ( 0.0000000000000000000, 0.0000000000000000000, 1.000000000000000000 ) ) ;
#3125 = EDGE_CURVE ( 'NONE', #2527, #1058, #2235, .T. ) ;
#3126 = VERTEX_POINT ( 'NONE', #2554 ) ;
#3127 = CARTESIAN_POINT ( 'NONE',  ( 0.0000000000000000000, 30.81659999999998689, 10.24999999999999467 ) ) ;
#3128 = CARTESIAN_POINT ( 'NONE',  ( 0.0000000000000000000, 0.0000000000000000000, 90.00000000000000000 ) ) ;
#3129 = ADVANCED_FACE ( 'NONE', ( #551 ), #2966, .F. ) ;
#3130 = EDGE_CURVE ( 'NONE', #4177, #1696, #3225, .T. ) ;
#3131 = ORIENTED_EDGE ( 'NONE', *, *, #683, .T. ) ;
#3132 = ORIENTED_EDGE ( 'NONE', *, *, #2870, .F. ) ;
#3133 = DIRECTION ( 'NONE',  ( -0.0000000000000000000, -0.0000000000000000000, -1.000000000000000000 ) ) ;
#3134 = DIRECTION ( 'NONE',  ( 0.0000000000000000000, 0.0000000000000000000, 1.000000000000000000 ) ) ;
#3135 = VERTEX_POINT ( 'NONE', #1582 ) ;
#3136 = DIRECTION ( 'NONE',  ( 0.0000000000000000000, 0.0000000000000000000, -1.000000000000000000 ) ) ;
#3137 = DIRECTION ( 'NONE',  ( 0.0000000000000000000, 0.0000000000000000000, -1.000000000000000000 ) ) ;
#3138 = ORIENTED_EDGE ( 'NONE', *, *, #3011, .T. ) ;
#3139 = AXIS2_PLACEMENT_3D ( 'NONE', #3421, #448, #2391 ) ;
#3140 = EDGE_CURVE ( 'NONE', #1024, #12, #2070, .T. ) ;
#3141 = DIRECTION ( 'NONE',  ( 0.0000000000000000000, 0.0000000000000000000, -1.000000000000000000 ) ) ;
#3142 = CYLINDRICAL_SURFACE ( 'NONE', #3491, 0.7366000000000004766 ) ;
#3143 = ORIENTED_EDGE ( 'NONE', *, *, #4320, .T. ) ;
#3144 = DIRECTION ( 'NONE',  ( -0.0000000000000000000, 1.000000000000000000, -0.0000000000000000000 ) ) ;
#3145 = FACE_BOUND ( 'NONE', #3506, .T. ) ;
#3146 = VERTEX_POINT ( 'NONE', #3890 ) ;
#3147 = EDGE_CURVE ( 'NONE', #2503, #617, #1180, .T. ) ;
#3148 = AXIS2_PLACEMENT_3D ( 'NONE', #3969, #3589, #3994 ) ;
#3149 = ADVANCED_FACE ( 'NONE', ( #2485 ), #860, .T. ) ;
#3150 = DIRECTION ( 'NONE',  ( -1.000000000000000000, -2.168404344971008868E-16, 0.0000000000000000000 ) ) ;
#3151 = VECTOR ( 'NONE', #4170, 1000.000000000000000 ) ;
#3152 = CARTESIAN_POINT ( 'NONE',  ( 0.0000000000000000000, 42.00000000000000000, 84.99999999999998579 ) ) ;
#3153 = CARTESIAN_POINT ( 'NONE',  ( 27.00000000000000355, 23.81659999999997979, 79.75000000000015632 ) ) ;
#3154 = ORIENTED_EDGE ( 'NONE', *, *, #4373, .F. ) ;
#3155 = EDGE_CURVE ( 'NONE', #375, #3492, #4345, .T. ) ;
#3156 = FACE_OUTER_BOUND ( 'NONE', #1747, .T. ) ;
#3157 = DIRECTION ( 'NONE',  ( 0.0000000000000000000, 0.0000000000000000000, 1.000000000000000000 ) ) ;
#3158 = AXIS2_PLACEMENT_3D ( 'NONE', #1853, #1496, #1183 ) ;
#3159 = LINE ( 'NONE', #2226, #1272 ) ;
#3160 = VERTEX_POINT ( 'NONE', #555 ) ;
#3161 = ORIENTED_EDGE ( 'NONE', *, *, #4057, .F. ) ;
#3162 = DIRECTION ( 'NONE',  ( -1.000000000000000000, -0.0000000000000000000, -0.0000000000000000000 ) ) ;
#3163 = ORIENTED_EDGE ( 'NONE', *, *, #3335, .F. ) ;
#3164 = VERTEX_POINT ( 'NONE', #2594 ) ;
#3165 = CARTESIAN_POINT ( 'NONE',  ( 27.00000000000000355, 30.81660000000006150, 52.00000000000008527 ) ) ;
#3166 = AXIS2_PLACEMENT_3D ( 'NONE', #1763, #2117, #81 ) ;
#3167 = ORIENTED_EDGE ( 'NONE', *, *, #1414, .F. ) ;
#3168 = FACE_OUTER_BOUND ( 'NONE', #894, .T. ) ;
#3169 = EDGE_CURVE ( 'NONE', #3146, #1577, #439, .T. ) ;
#3170 = DIRECTION ( 'NONE',  ( 0.0000000000000000000, 0.0000000000000000000, 1.000000000000000000 ) ) ;
#3171 = VECTOR ( 'NONE', #2758, 1000.000000000000000 ) ;
#3172 = ORIENTED_EDGE ( 'NONE', *, *, #1346, .F. ) ;
#3173 = FACE_OUTER_BOUND ( 'NONE', #1743, .T. ) ;
#3174 = CARTESIAN_POINT ( 'NONE',  ( 24.26340000000000074, 0.7366000000000000325, 90.00000000000000000 ) ) ;
#3175 = DIRECTION ( 'NONE',  ( 0.0000000000000000000, 0.0000000000000000000, 1.000000000000000000 ) ) ;
#3176 = CIRCLE ( 'NONE', #2799, 1.500000000000001332 ) ;
#3177 = ADVANCED_FACE ( 'NONE', ( #3922 ), #3750, .F. ) ;
#3178 = ORIENTED_EDGE ( 'NONE', *, *, #3980, .F. ) ;
#3179 = EDGE_CURVE ( 'NONE', #4329, #3492, #3115, .T. ) ;
#3180 = CARTESIAN_POINT ( 'NONE',  ( 25.00000000000000000, 30.81660000000006150, 52.00000000000008527 ) ) ;
#3181 = DIRECTION ( 'NONE',  ( -1.000000000000000000, 0.0000000000000000000, 0.0000000000000000000 ) ) ;
#3182 = CARTESIAN_POINT ( 'NONE',  ( -2.000000000000000000, 23.81659999999998689, 8.749999999999994671 ) ) ;
#3183 = EDGE_CURVE ( 'NONE', #3365, #485, #2590, .T. ) ;
#3184 = CARTESIAN_POINT ( 'NONE',  ( 12.50000000000014744, 0.0000000000000000000, 53.49999999999999289 ) ) ;
#3185 = ORIENTED_EDGE ( 'NONE', *, *, #33, .F. ) ;
#3186 = AXIS2_PLACEMENT_3D ( 'NONE', #3720, #1380, #4115 ) ;
#3187 = CARTESIAN_POINT ( 'NONE',  ( 0.0000000000000000000, 37.81659999999999400, 81.25000000000000000 ) ) ;
#3188 = CARTESIAN_POINT ( 'NONE',  ( 25.00000000000000000, 23.81659999999997979, 79.75000000000015632 ) ) ;
#3189 = EDGE_LOOP ( 'NONE', ( #3232, #1127, #2890, #1 ) ) ;
#3190 = AXIS2_PLACEMENT_3D ( 'NONE', #1198, #2836, #827 ) ;
#3191 = DIRECTION ( 'NONE',  ( 1.000000000000000000, 0.0000000000000000000, 0.0000000000000000000 ) ) ;
#3192 = AXIS2_PLACEMENT_3D ( 'NONE', #3859, #2844, #505 ) ;
#3193 = ADVANCED_FACE ( 'NONE', ( #1687 ), #502, .F. ) ;
#3194 = DIRECTION ( 'NONE',  ( -1.000000000000000000, -0.0000000000000000000, -0.0000000000000000000 ) ) ;
#3195 = CARTESIAN_POINT ( 'NONE',  ( 27.00000000000000355, 30.81659999999998689, 3.249999999999996003 ) ) ;
#3196 = CARTESIAN_POINT ( 'NONE',  ( 19.50000000000009948, -10.00000000000000000, 46.49999999999992184 ) ) ;
#3197 = CALENDAR_DATE ( 2018, 16, 8 ) ;
#3198 = CIRCLE ( 'NONE', #629, 1.500000000000001332 ) ;
#3199 = ORIENTED_EDGE ( 'NONE', *, *, #3747, .T. ) ;
#3200 = LINE ( 'NONE', #3128, #1672 ) ;
#3201 = ORIENTED_EDGE ( 'NONE', *, *, #358, .T. ) ;
#3202 = DIRECTION ( 'NONE',  ( -1.000000000000000000, -0.0000000000000000000, -0.0000000000000000000 ) ) ;
#3203 = DIRECTION ( 'NONE',  ( -1.000000000000000000, -0.0000000000000000000, -0.0000000000000000000 ) ) ;
#3204 = DIRECTION ( 'NONE',  ( -1.000000000000000000, 0.0000000000000000000, 0.0000000000000000000 ) ) ;
#3205 = LINE ( 'NONE', #2071, #530 ) ;
#3206 = EDGE_CURVE ( 'NONE', #4118, #3932, #2745, .T. ) ;
#3207 = AXIS2_PLACEMENT_3D ( 'NONE', #912, #284, #1271 ) ;
#3208 = DIRECTION ( 'NONE',  ( -1.000000000000000000, 0.0000000000000000000, 0.0000000000000000000 ) ) ;
#3209 = CYLINDRICAL_SURFACE ( 'NONE', #2471, 1.500000000000001332 ) ;
#3210 = ORIENTED_EDGE ( 'NONE', *, *, #152, .T. ) ;
#3211 = VERTEX_POINT ( 'NONE', #3992 ) ;
#3212 = CARTESIAN_POINT ( 'NONE',  ( 0.0000000000000000000, 30.81659999999998689, 17.24999999999999289 ) ) ;
#3213 = EDGE_CURVE ( 'NONE', #4017, #3654, #1639, .T. ) ;
#3214 = LINE ( 'NONE', #138, #2322 ) ;
#3215 = ORIENTED_EDGE ( 'NONE', *, *, #837, .T. ) ;
#3216 = CARTESIAN_POINT ( 'NONE',  ( 25.00000000000000000, 30.81659999999999044, 75.75000000000000000 ) ) ;
#3217 = AXIS2_PLACEMENT_3D ( 'NONE', #910, #1226, #1196 ) ;
#3218 = ADVANCED_FACE ( 'NONE', ( #280 ), #4350, .T. ) ;
#3219 = LINE ( 'NONE', #731, #2177 ) ;
#3220 = VECTOR ( 'NONE', #2224, 1000.000000000000000 ) ;
#3221 = FACE_OUTER_BOUND ( 'NONE', #4133, .T. ) ;
#3222 = DIRECTION ( 'NONE',  ( 1.000000000000000000, 0.0000000000000000000, 0.0000000000000000000 ) ) ;
#3223 = CARTESIAN_POINT ( 'NONE',  ( -2.000000000000000000, 23.81659999999997979, 46.50000000000014921 ) ) ;
#3224 = FACE_BOUND ( 'NONE', #1604, .T. ) ;
#3225 = CIRCLE ( 'NONE', #990, 1.500000000000001332 ) ;
#3226 = FACE_OUTER_BOUND ( 'NONE', #2250, .T. ) ;
#3227 = EDGE_CURVE ( 'NONE', #3617, #2860, #3868, .T. ) ;
#3228 = DIRECTION ( 'NONE',  ( 1.000000000000000000, 0.0000000000000000000, 0.0000000000000000000 ) ) ;
#3229 = DIRECTION ( 'NONE',  ( 0.0000000000000000000, 0.0000000000000000000, 1.000000000000000000 ) ) ;
#3230 = VERTEX_POINT ( 'NONE', #4335 ) ;
#3231 = ORIENTED_EDGE ( 'NONE', *, *, #4310, .F. ) ;
#3232 = ORIENTED_EDGE ( 'NONE', *, *, #4366, .F. ) ;
#3233 = EDGE_LOOP ( 'NONE', ( #1450, #2733 ) ) ;
#3234 = AXIS2_PLACEMENT_3D ( 'NONE', #549, #1607, #2268 ) ;
#3235 = DIRECTION ( 'NONE',  ( -1.000000000000000000, -0.0000000000000000000, -0.0000000000000000000 ) ) ;
#3236 = ORIENTED_EDGE ( 'NONE', *, *, #605, .F. ) ;
#3237 = ADVANCED_FACE ( 'NONE', ( #2853 ), #4295, .F. ) ;
#3238 = DIRECTION ( 'NONE',  ( -1.000000000000000000, 0.0000000000000000000, 0.0000000000000000000 ) ) ;
#3239 = ORIENTED_EDGE ( 'NONE', *, *, #733, .F. ) ;
#3240 = EDGE_CURVE ( 'NONE', #2752, #2962, #2335, .T. ) ;
#3241 = CARTESIAN_POINT ( 'NONE',  ( 25.00000000000000000, 0.0000000000000000000, 90.00000000000000000 ) ) ;
#3242 = AXIS2_PLACEMENT_3D ( 'NONE', #1583, #2569, #2581 ) ;
#3243 = EDGE_LOOP ( 'NONE', ( #2227, #2812 ) ) ;
#3244 = CARTESIAN_POINT ( 'NONE',  ( -2.000000000000000000, 37.81659999999999400, 57.24999999999999289 ) ) ;
#3245 = LINE ( 'NONE', #2048, #4315 ) ;
#3246 = DIRECTION ( 'NONE',  ( -0.0000000000000000000, 1.000000000000000000, -0.0000000000000000000 ) ) ;
#3247 = DIRECTION ( 'NONE',  ( -1.000000000000000000, -0.0000000000000000000, -0.0000000000000000000 ) ) ;
#3248 = AXIS2_PLACEMENT_3D ( 'NONE', #934, #3627, #966 ) ;
#3249 = EDGE_CURVE ( 'NONE', #1649, #3365, #1594, .T. ) ;
#3250 = DIRECTION ( 'NONE',  ( 0.0000000000000000000, 0.0000000000000000000, 1.000000000000000000 ) ) ;
#3251 = FACE_BOUND ( 'NONE', #4301, .T. ) ;
#3252 = LINE ( 'NONE', #2168, #3356 ) ;
#3253 = CARTESIAN_POINT ( 'NONE',  ( -2.000000000000000000, 30.81659999999998689, 17.24999999999999289 ) ) ;
#3254 = EDGE_LOOP ( 'NONE', ( #2546, #217, #1451, #592 ) ) ;
#3255 = CIRCLE ( 'NONE', #316, 5.000000000000000000 ) ;
#3256 = ADVANCED_FACE ( 'NONE', ( #1855 ), #704, .F. ) ;
#3257 = ORIENTED_EDGE ( 'NONE', *, *, #3766, .T. ) ;
#3258 = ADVANCED_BREP_SHAPE_REPRESENTATION ( 'U型梁', ( #467, #1778 ), #584 ) ;
#3259 = CARTESIAN_POINT ( 'NONE',  ( -2.000000000000000000, 37.00000000000000711, 90.00000000000000000 ) ) ;
#3260 = CARTESIAN_POINT ( 'NONE',  ( 27.00000000000000355, 30.81659999999998689, 6.249999999999993783 ) ) ;
#3261 = CARTESIAN_POINT ( 'NONE',  ( 12.50000000000000000, 0.0000000000000000000, 83.75000000000000000 ) ) ;
#3262 = VECTOR ( 'NONE', #3265, 1000.000000000000000 ) ;
#3263 = ORIENTED_EDGE ( 'NONE', *, *, #2627, .T. ) ;
#3264 = VERTEX_POINT ( 'NONE', #2938 ) ;
#3265 = DIRECTION ( 'NONE',  ( -1.000000000000000000, -0.0000000000000000000, -0.0000000000000000000 ) ) ;
#3266 = AXIS2_PLACEMENT_3D ( 'NONE', #2160, #2857, #3535 ) ;
#3267 = DIRECTION ( 'NONE',  ( 0.0000000000000000000, 0.0000000000000000000, 1.000000000000000000 ) ) ;
#3268 = VERTEX_POINT ( 'NONE', #1999 ) ;
#3269 = EDGE_LOOP ( 'NONE', ( #3077, #870, #3100, #3599 ) ) ;
#3270 = CARTESIAN_POINT ( 'NONE',  ( 27.00000000000000355, 30.81659999999999044, 45.00000000000000000 ) ) ;
#3271 = CARTESIAN_POINT ( 'NONE',  ( -2.000000000000000000, 42.00000000000000000, 84.99999999999998579 ) ) ;
#3272 = ORIENTED_EDGE ( 'NONE', *, *, #3580, .T. ) ;
#3273 = FACE_OUTER_BOUND ( 'NONE', #1978, .T. ) ;
#3274 = VECTOR ( 'NONE', #2780, 1000.000000000000000 ) ;
#3275 = LINE ( 'NONE', #2281, #3974 ) ;
#3276 = FACE_OUTER_BOUND ( 'NONE', #947, .T. ) ;
#3277 = DIRECTION ( 'NONE',  ( -1.000000000000000000, 0.0000000000000000000, 0.0000000000000000000 ) ) ;
#3278 = ADVANCED_FACE ( 'NONE', ( #3276 ), #2378, .T. ) ;
#3279 = CARTESIAN_POINT ( 'NONE',  ( 0.0000000000000000000, 23.81659999999998689, 10.24999999999999467 ) ) ;
#3280 = ORIENTED_EDGE ( 'NONE', *, *, #3690, .T. ) ;
#3281 = DIRECTION ( 'NONE',  ( 0.0000000000000000000, 1.000000000000000000, 0.0000000000000000000 ) ) ;
#3282 = CARTESIAN_POINT ( 'NONE',  ( 19.50000000000009948, 0.0000000000000000000, 78.24999999999992895 ) ) ;
#3283 = CARTESIAN_POINT ( 'NONE',  ( 19.50000000000009948, -10.00000000000000000, 10.24999999999991829 ) ) ;
#3284 = EDGE_LOOP ( 'NONE', ( #2363, #899, #511, #4116 ) ) ;
#3285 = EDGE_CURVE ( 'NONE', #451, #3710, #2428, .T. ) ;
#3286 = CARTESIAN_POINT ( 'NONE',  ( 25.00000000000000000, 23.81659999999997979, 79.75000000000015632 ) ) ;
#3287 = DIRECTION ( 'NONE',  ( -1.000000000000000000, 0.0000000000000000000, 0.0000000000000000000 ) ) ;
#3288 = AXIS2_PLACEMENT_3D ( 'NONE', #1509, #188, #2830 ) ;
#3289 = CARTESIAN_POINT ( 'NONE',  ( 0.0000000000000000000, 0.0000000000000000000, 90.00000000000000000 ) ) ;
#3290 = EDGE_LOOP ( 'NONE', ( #1546, #1595, #3131, #1022 ) ) ;
#3291 = EDGE_CURVE ( 'NONE', #1577, #3146, #807, .T. ) ;
#3292 = DIRECTION ( 'NONE',  ( 0.0000000000000000000, 0.0000000000000000000, 1.000000000000000000 ) ) ;
#3293 = DIRECTION ( 'NONE',  ( -1.000000000000000000, 0.0000000000000000000, 0.0000000000000000000 ) ) ;
#3294 = AXIS2_PLACEMENT_3D ( 'NONE', #252, #3937, #1956 ) ;
#3295 = PERSON_AND_ORGANIZATION ( #634, #3949 ) ;
#3296 = ADVANCED_FACE ( 'NONE', ( #609 ), #3430, .F. ) ;
#3297 = VECTOR ( 'NONE', #1482, 1000.000000000000000 ) ;
#3298 = ORIENTED_EDGE ( 'NONE', *, *, #1098, .F. ) ;
#3299 = DIRECTION ( 'NONE',  ( -1.000000000000000000, 0.0000000000000000000, 0.0000000000000000000 ) ) ;
#3300 = DIRECTION ( 'NONE',  ( 0.0000000000000000000, 1.000000000000000000, 0.0000000000000000000 ) ) ;
#3301 = AXIS2_PLACEMENT_3D ( 'NONE', #3000, #985, #1351 ) ;
#3302 = LINE ( 'NONE', #4227, #1833 ) ;
#3303 = EDGE_CURVE ( 'NONE', #2222, #4017, #4189, .T. ) ;
#3304 = DIRECTION ( 'NONE',  ( 1.000000000000000000, 0.0000000000000000000, -0.0000000000000000000 ) ) ;
#3305 = ORIENTED_EDGE ( 'NONE', *, *, #3830, .T. ) ;
#3306 = CARTESIAN_POINT ( 'NONE',  ( 19.50000000000009948, 0.0000000000000000000, 79.74999999999992895 ) ) ;
#3307 = CARTESIAN_POINT ( 'NONE',  ( -2.000000000000000000, 23.81659999999997979, 45.00000000000014921 ) ) ;
#3308 = CYLINDRICAL_SURFACE ( 'NONE', #3933, 1.500000000000001332 ) ;
#3309 = LINE ( 'NONE', #3561, #1213 ) ;
#3310 = ORIENTED_EDGE ( 'NONE', *, *, #4119, .F. ) ;
#3311 = VERTEX_POINT ( 'NONE', #282 ) ;
#3312 = EDGE_CURVE ( 'NONE', #1239, #2752, #2639, .T. ) ;
#3313 = ORIENTED_EDGE ( 'NONE', *, *, #2039, .T. ) ;
#3314 = VERTEX_POINT ( 'NONE', #3315 ) ;
#3315 = CARTESIAN_POINT ( 'NONE',  ( 0.0000000000000000000, 30.81660000000006150, 50.50000000000008527 ) ) ;
#3316 = CARTESIAN_POINT ( 'NONE',  ( 19.50000000000009948, -10.00000000000000000, 81.24999999999992895 ) ) ;
#3317 = DIRECTION ( 'NONE',  ( -1.000000000000000000, 0.0000000000000000000, 0.0000000000000000000 ) ) ;
#3318 = EDGE_CURVE ( 'NONE', #4346, #59, #1289, .T. ) ;
#3319 = FACE_BOUND ( 'NONE', #866, .T. ) ;
#3320 = LINE ( 'NONE', #4286, #2430 ) ;
#3321 = LINE ( 'NONE', #2379, #1422 ) ;
#3322 = AXIS2_PLACEMENT_3D ( 'NONE', #3886, #3516, #162 ) ;
#3323 = DIRECTION ( 'NONE',  ( -1.000000000000000000, 0.0000000000000000000, 0.0000000000000000000 ) ) ;
#3324 = DIRECTION ( 'NONE',  ( -0.0000000000000000000, -0.0000000000000000000, -1.000000000000000000 ) ) ;
#3325 = DIRECTION ( 'NONE',  ( 0.0000000000000000000, 0.0000000000000000000, 1.000000000000000000 ) ) ;
#3326 = CIRCLE ( 'NONE', #1622, 1.500000000000000444 ) ;
#3327 = VECTOR ( 'NONE', #3235, 1000.000000000000000 ) ;
#3328 = ORIENTED_EDGE ( 'NONE', *, *, #3140, .T. ) ;
#3329 = VECTOR ( 'NONE', #649, 1000.000000000000000 ) ;
#3330 = VERTEX_POINT ( 'NONE', #1704 ) ;
#3331 = ORIENTED_EDGE ( 'NONE', *, *, #1656, .F. ) ;
#3332 = AXIS2_PLACEMENT_3D ( 'NONE', #1603, #1275, #3606 ) ;
#3333 = AXIS2_PLACEMENT_3D ( 'NONE', #4062, #2040, #4082 ) ;
#3334 = ORIENTED_EDGE ( 'NONE', *, *, #875, .T. ) ;
#3335 = EDGE_CURVE ( 'NONE', #59, #1891, #4078, .T. ) ;
#3336 = DIRECTION ( 'NONE',  ( 0.0000000000000000000, 0.0000000000000000000, 1.000000000000000000 ) ) ;
#3337 = CARTESIAN_POINT ( 'NONE',  ( 5.500000000000100364, -2.000000000000000000, 79.75000000000002842 ) ) ;
#3338 = DIRECTION ( 'NONE',  ( -1.000000000000000000, -0.0000000000000000000, -0.0000000000000000000 ) ) ;
#3339 = ORIENTED_EDGE ( 'NONE', *, *, #2411, .F. ) ;
#3340 = EDGE_LOOP ( 'NONE', ( #4066, #3526 ) ) ;
#3341 = DIRECTION ( 'NONE',  ( -1.000000000000000000, 0.0000000000000000000, 0.0000000000000000000 ) ) ;
#3342 = ORIENTED_EDGE ( 'NONE', *, *, #829, .F. ) ;
#3343 = ORIENTED_EDGE ( 'NONE', *, *, #789, .T. ) ;
#3344 = CARTESIAN_POINT ( 'NONE',  ( 24.26340000000000074, 37.00000000000000000, 90.00000000000000000 ) ) ;
#3345 = VERTEX_POINT ( 'NONE', #382 ) ;
#3346 = EDGE_CURVE ( 'NONE', #345, #3160, #3176, .T. ) ;
#3347 = DIRECTION ( 'NONE',  ( -1.000000000000000000, 0.0000000000000000000, 0.0000000000000000000 ) ) ;
#3348 = AXIS2_PLACEMENT_3D ( 'NONE', #2784, #459, #1140 ) ;
#3349 = CARTESIAN_POINT ( 'NONE',  ( 0.0000000000000000000, 37.81659999999999400, 78.25000000000000000 ) ) ;
#3350 = COORDINATED_UNIVERSAL_TIME_OFFSET ( 8, 0, .AHEAD. ) ;
#3351 = CIRCLE ( 'NONE', #2722, 1.500000000000001332 ) ;
#3352 = EDGE_CURVE ( 'NONE', #447, #3904, #1377, .T. ) ;
#3353 = DIRECTION ( 'NONE',  ( 0.0000000000000000000, 0.0000000000000000000, 1.000000000000000000 ) ) ;
#3354 = CARTESIAN_POINT ( 'NONE',  ( 0.0000000000000000000, 37.81659999999998689, 10.24999999999999467 ) ) ;
#3355 = CIRCLE ( 'NONE', #708, 5.000000000000000000 ) ;
#3356 = VECTOR ( 'NONE', #4251, 1000.000000000000000 ) ;
#3357 = DIRECTION ( 'NONE',  ( -1.000000000000000000, -0.0000000000000000000, -0.0000000000000000000 ) ) ;
#3358 = ORIENTED_EDGE ( 'NONE', *, *, #1856, .T. ) ;
#3359 = FACE_BOUND ( 'NONE', #92, .T. ) ;
#3360 = DIRECTION ( 'NONE',  ( 0.0000000000000000000, 0.0000000000000000000, 1.000000000000000000 ) ) ;
#3361 = DIRECTION ( 'NONE',  ( -1.000000000000000000, -0.0000000000000000000, -0.0000000000000000000 ) ) ;
#3362 = ORIENTED_EDGE ( 'NONE', *, *, #542, .F. ) ;
#3363 = EDGE_CURVE ( 'NONE', #1819, #1658, #169, .T. ) ;
#3364 = CIRCLE ( 'NONE', #3005, 1.500000000000001332 ) ;
#3365 = VERTEX_POINT ( 'NONE', #3375 ) ;
#3366 = CARTESIAN_POINT ( 'NONE',  ( 19.50000000000009948, -10.00000000000000000, 10.24999999999991829 ) ) ;
#3367 = ORIENTED_EDGE ( 'NONE', *, *, #4366, .T. ) ;
#3368 = ORIENTED_EDGE ( 'NONE', *, *, #4023, .F. ) ;
#3369 = CARTESIAN_POINT ( 'NONE',  ( 12.50000000000000000, -10.00000000000000000, 45.00000000000000000 ) ) ;
#3370 = EDGE_CURVE ( 'NONE', #2359, #3017, #2186, .T. ) ;
#3371 = AXIS2_PLACEMENT_3D ( 'NONE', #501, #2511, #1184 ) ;
#3372 = ORIENTED_EDGE ( 'NONE', *, *, #3684, .T. ) ;
#3373 = FACE_OUTER_BOUND ( 'NONE', #22, .T. ) ;
#3374 = LINE ( 'NONE', #833, #42 ) ;
#3375 = CARTESIAN_POINT ( 'NONE',  ( 12.50000000000000000, -2.000000000000000000, 83.75000000000000000 ) ) ;
#3376 = CARTESIAN_POINT ( 'NONE',  ( 24.26340000000000074, 0.7366000000000000325, 90.00000000000000000 ) ) ;
#3377 = CIRCLE ( 'NONE', #2299, 1.500000000000001332 ) ;
#3378 = EDGE_CURVE ( 'NONE', #2557, #155, #3649, .T. ) ;
#3379 = AXIS2_PLACEMENT_3D ( 'NONE', #3444, #769, #1883 ) ;
#3380 = CIRCLE ( 'NONE', #3558, 1.500000000000001332 ) ;
#3381 = CARTESIAN_POINT ( 'NONE',  ( 12.50000000000014744, -2.000000000000000000, 86.75000000000000000 ) ) ;
#3382 = DIRECTION ( 'NONE',  ( -0.0000000000000000000, 1.000000000000000000, -0.0000000000000000000 ) ) ;
#3383 = VERTEX_POINT ( 'NONE', #3008 ) ;
#3384 = EDGE_LOOP ( 'NONE', ( #2677, #668 ) ) ;
#3385 = CARTESIAN_POINT ( 'NONE',  ( 0.0000000000000000000, 37.81659999999999400, 79.75000000000000000 ) ) ;
#3386 = CARTESIAN_POINT ( 'NONE',  ( -2.000000000000000000, 30.81659999999999044, 45.00000000000000000 ) ) ;
#3387 = AXIS2_PLACEMENT_3D ( 'NONE', #1105, #3834, #3123 ) ;
#3388 = ORIENTED_EDGE ( 'NONE', *, *, #1310, .F. ) ;
#3389 = EDGE_LOOP ( 'NONE', ( #4088, #2776, #820, #2675 ) ) ;
#3390 = DIRECTION ( 'NONE',  ( 0.0000000000000000000, 0.0000000000000000000, 1.000000000000000000 ) ) ;
#3391 = CARTESIAN_POINT ( 'NONE',  ( 5.500000000000100364, -10.00000000000000000, 79.75000000000002842 ) ) ;
#3392 = ORIENTED_EDGE ( 'NONE', *, *, #2768, .T. ) ;
#3393 = ORIENTED_EDGE ( 'NONE', *, *, #3822, .T. ) ;
#3394 = CARTESIAN_POINT ( 'NONE',  ( 27.00000000000000355, 23.81659999999997979, 45.00000000000014921 ) ) ;
#3395 = CARTESIAN_POINT ( 'NONE',  ( 25.00000000000000000, 30.81659999999998689, 3.249999999999996003 ) ) ;
#3396 = ORIENTED_EDGE ( 'NONE', *, *, #1137, .F. ) ;
#3397 = EDGE_CURVE ( 'NONE', #2709, #742, #1064, .T. ) ;
#3398 = ORIENTED_EDGE ( 'NONE', *, *, #1972, .T. ) ;
#3399 = EDGE_CURVE ( 'NONE', #3666, #687, #751, .T. ) ;
#3400 = DIRECTION ( 'NONE',  ( 0.0000000000000000000, 0.0000000000000000000, 1.000000000000000000 ) ) ;
#3401 = AXIS2_PLACEMENT_3D ( 'NONE', #3395, #4393, #2685 ) ;
#3402 = FACE_OUTER_BOUND ( 'NONE', #4011, .T. ) ;
#3403 = DIRECTION ( 'NONE',  ( -1.000000000000000000, 0.0000000000000000000, 0.0000000000000000000 ) ) ;
#3404 = CYLINDRICAL_SURFACE ( 'NONE', #1517, 1.500000000000001332 ) ;
#3405 = EDGE_LOOP ( 'NONE', ( #3758, #2416, #1337, #1522 ) ) ;
#3406 = DIRECTION ( 'NONE',  ( -1.000000000000000000, 0.0000000000000000000, 0.0000000000000000000 ) ) ;
#3407 = VECTOR ( 'NONE', #2139, 1000.000000000000000 ) ;
#3408 = CARTESIAN_POINT ( 'NONE',  ( -2.000000000000000000, 37.00000000000000711, 84.99999999999998579 ) ) ;
#3409 = DIRECTION ( 'NONE',  ( -1.000000000000000000, -0.0000000000000000000, -0.0000000000000000000 ) ) ;
#3410 = ORIENTED_EDGE ( 'NONE', *, *, #1987, .F. ) ;
#3411 = DIRECTION ( 'NONE',  ( 0.0000000000000000000, 0.0000000000000000000, 1.000000000000000000 ) ) ;
#3412 = AXIS2_PLACEMENT_3D ( 'NONE', #830, #2442, #3489 ) ;
#3413 = CYLINDRICAL_SURFACE ( 'NONE', #3067, 4.000000000000001776 ) ;
#3414 = DIRECTION ( 'NONE',  ( -1.000000000000000000, -0.0000000000000000000, -0.0000000000000000000 ) ) ;
#3415 = CIRCLE ( 'NONE', #3062, 1.500000000000001332 ) ;
#3416 = ORIENTED_EDGE ( 'NONE', *, *, #3370, .F. ) ;
#3417 = VERTEX_POINT ( 'NONE', #3688 ) ;
#3418 = CARTESIAN_POINT ( 'NONE',  ( -2.000000000000000000, 42.00000000000000000, 5.000000000000004441 ) ) ;
#3419 = ORIENTED_EDGE ( 'NONE', *, *, #3370, .T. ) ;
#3420 = ORIENTED_EDGE ( 'NONE', *, *, #512, .T. ) ;
#3421 = CARTESIAN_POINT ( 'NONE',  ( 25.00000000000000000, 30.81659999999999044, 79.75000000000000000 ) ) ;
#3422 = DIRECTION ( 'NONE',  ( 0.0000000000000000000, 0.0000000000000000000, 1.000000000000000000 ) ) ;
#3423 = DIRECTION ( 'NONE',  ( -0.0000000000000000000, 1.000000000000000000, -0.0000000000000000000 ) ) ;
#3424 = VECTOR ( 'NONE', #724, 1000.000000000000000 ) ;
#3425 = LINE ( 'NONE', #3810, #497 ) ;
#3426 = ORIENTED_EDGE ( 'NONE', *, *, #3240, .T. ) ;
#3427 = CYLINDRICAL_SURFACE ( 'NONE', #200, 4.000000000000003553 ) ;
#3428 = CARTESIAN_POINT ( 'NONE',  ( 0.0000000000000000000, 37.81659999999999400, 60.25000000000000000 ) ) ;
#3429 = VECTOR ( 'NONE', #660, 1000.000000000000000 ) ;
#3430 = CYLINDRICAL_SURFACE ( 'NONE', #3248, 1.500000000000001332 ) ;
#3431 = EDGE_CURVE ( 'NONE', #4017, #2222, #654, .T. ) ;
#3432 = CIRCLE ( 'NONE', #2217, 1.499999999999999556 ) ;
#3433 = AXIS2_PLACEMENT_3D ( 'NONE', #1017, #1367, #24 ) ;
#3434 = CARTESIAN_POINT ( 'NONE',  ( 27.00000000000000355, 30.81659999999998689, 17.24999999999999289 ) ) ;
#3435 = DIRECTION ( 'NONE',  ( 0.0000000000000000000, 0.0000000000000000000, -1.000000000000000000 ) ) ;
#3436 = ORIENTED_EDGE ( 'NONE', *, *, #2236, .F. ) ;
#3437 = EDGE_LOOP ( 'NONE', ( #4060, #456 ) ) ;
#3438 = EDGE_CURVE ( 'NONE', #2368, #3383, #4235, .T. ) ;
#3439 = ORIENTED_EDGE ( 'NONE', *, *, #3532, .F. ) ;
#3440 = AXIS2_PLACEMENT_3D ( 'NONE', #1240, #2877, #1868 ) ;
#3441 = ORIENTED_EDGE ( 'NONE', *, *, #4012, .F. ) ;
#3442 = ORIENTED_EDGE ( 'NONE', *, *, #1944, .T. ) ;
#3443 = DIRECTION ( 'NONE',  ( -0.0000000000000000000, 1.000000000000000000, -0.0000000000000000000 ) ) ;
#3444 = CARTESIAN_POINT ( 'NONE',  ( -2.000000000000000000, 37.81659999999999400, 58.75000000000000000 ) ) ;
#3445 = DIRECTION ( 'NONE',  ( 0.0000000000000000000, 1.000000000000000000, 0.0000000000000000000 ) ) ;
#3446 = EDGE_LOOP ( 'NONE', ( #538, #2674, #428, #2658 ) ) ;
#3447 = DIRECTION ( 'NONE',  ( -1.000000000000000000, 0.0000000000000000000, 0.0000000000000000000 ) ) ;
#3448 = ORIENTED_EDGE ( 'NONE', *, *, #2194, .T. ) ;
#3449 = ORIENTED_EDGE ( 'NONE', *, *, #671, .T. ) ;
#3450 = EDGE_CURVE ( 'NONE', #12, #4346, #1057, .T. ) ;
#3451 = CARTESIAN_POINT ( 'NONE',  ( 27.00000000000000355, 30.81659999999995847, 39.50000000000008527 ) ) ;
#3452 = ORIENTED_EDGE ( 'NONE', *, *, #1977, .T. ) ;
#3453 = DIRECTION ( 'NONE',  ( 0.0000000000000000000, 0.0000000000000000000, 1.000000000000000000 ) ) ;
#3454 = CARTESIAN_POINT ( 'NONE',  ( 12.50000000000000000, -2.000000000000000000, 14.24999999999999467 ) ) ;
#3455 = DIRECTION ( 'NONE',  ( 0.0000000000000000000, 0.0000000000000000000, 1.000000000000000000 ) ) ;
#3456 = AXIS2_PLACEMENT_3D ( 'NONE', #2568, #4276, #2971 ) ;
#3457 = CYLINDRICAL_SURFACE ( 'NONE', #1304, 1.500000000000001332 ) ;
#3458 = ADVANCED_FACE ( 'NONE', ( #2738 ), #701, .F. ) ;
#3459 = DIRECTION ( 'NONE',  ( -1.000000000000000000, 0.0000000000000000000, 0.0000000000000000000 ) ) ;
#3460 = CIRCLE ( 'NONE', #3266, 1.500000000000001332 ) ;
#3461 = FACE_OUTER_BOUND ( 'NONE', #3389, .T. ) ;
#3462 = EDGE_CURVE ( 'NONE', #1386, #3089, #802, .T. ) ;
#3463 = AXIS2_PLACEMENT_3D ( 'NONE', #981, #3009, #3704 ) ;
#3464 = ORIENTED_EDGE ( 'NONE', *, *, #2219, .F. ) ;
#3465 = CIRCLE ( 'NONE', #2845, 4.000000000000003553 ) ;
#3466 = CARTESIAN_POINT ( 'NONE',  ( 25.00000000000000000, 23.81659999999997979, 46.50000000000014921 ) ) ;
#3467 = ORIENTED_EDGE ( 'NONE', *, *, #1529, .T. ) ;
#3468 = CARTESIAN_POINT ( 'NONE',  ( 25.00000000000000000, 37.81659999999998689, 11.74999999999999645 ) ) ;
#3469 = CARTESIAN_POINT ( 'NONE',  ( 27.00000000000000355, 30.81660000000005439, 88.25000000000009948 ) ) ;
#3470 = AXIS2_PLACEMENT_3D ( 'NONE', #1008, #335, #4036 ) ;
#3471 = VECTOR ( 'NONE', #3598, 1000.000000000000000 ) ;
#3472 = ORIENTED_EDGE ( 'NONE', *, *, #1987, .T. ) ;
#3473 = ORIENTED_EDGE ( 'NONE', *, *, #3378, .T. ) ;
#3474 = EDGE_CURVE ( 'NONE', #2712, #1644, #2179, .T. ) ;
#3475 = CARTESIAN_POINT ( 'NONE',  ( 27.00000000000000355, 30.81659999999999044, 83.75000000000000000 ) ) ;
#3476 = VERTEX_POINT ( 'NONE', #2785 ) ;
#3477 = CIRCLE ( 'NONE', #1898, 1.500000000000001332 ) ;
#3478 = DIRECTION ( 'NONE',  ( 0.0000000000000000000, 1.000000000000000000, 0.0000000000000000000 ) ) ;
#3479 = ADVANCED_FACE ( 'NONE', ( #4391 ), #1174, .F. ) ;
#3480 = CYLINDRICAL_SURFACE ( 'NONE', #1485, 4.000000000000003553 ) ;
#3481 = CYLINDRICAL_SURFACE ( 'NONE', #472, 1.500000000000001332 ) ;
#3482 = CYLINDRICAL_SURFACE ( 'NONE', #771, 1.499999999999987566 ) ;
#3483 = DIRECTION ( 'NONE',  ( 0.0000000000000000000, 0.0000000000000000000, 1.000000000000000000 ) ) ;
#3484 = DIRECTION ( 'NONE',  ( -1.000000000000000000, -0.0000000000000000000, -0.0000000000000000000 ) ) ;
#3485 = CARTESIAN_POINT ( 'NONE',  ( 12.50000000000000000, -2.000000000000000000, 3.249999999999995115 ) ) ;
#3486 = FACE_OUTER_BOUND ( 'NONE', #2403, .T. ) ;
#3487 = DIRECTION ( 'NONE',  ( 0.0000000000000000000, 0.0000000000000000000, 1.000000000000000000 ) ) ;
#3488 = ORIENTED_EDGE ( 'NONE', *, *, #2015, .T. ) ;
#3489 = DIRECTION ( 'NONE',  ( 0.0000000000000000000, 0.0000000000000000000, 1.000000000000000000 ) ) ;
#3490 = DIRECTION ( 'NONE',  ( -1.000000000000000000, -0.0000000000000000000, -0.0000000000000000000 ) ) ;
#3491 = AXIS2_PLACEMENT_3D ( 'NONE', #1437, #2467, #4132 ) ;
#3492 = VERTEX_POINT ( 'NONE', #764 ) ;
#3493 = DIRECTION ( 'NONE',  ( -1.000000000000000000, -0.0000000000000000000, -0.0000000000000000000 ) ) ;
#3494 = ORIENTED_EDGE ( 'NONE', *, *, #419, .F. ) ;
#3495 = ORIENTED_EDGE ( 'NONE', *, *, #586, .T. ) ;
#3496 = ORIENTED_EDGE ( 'NONE', *, *, #888, .F. ) ;
#3497 = DIRECTION ( 'NONE',  ( 0.0000000000000000000, 0.0000000000000000000, 1.000000000000000000 ) ) ;
#3498 = CARTESIAN_POINT ( 'NONE',  ( 27.00000000000000355, 37.81659999999998689, 11.74999999999999645 ) ) ;
#3499 = ADVANCED_FACE ( 'NONE', ( #161 ), #4339, .F. ) ;
#3500 = DIRECTION ( 'NONE',  ( 1.000000000000000000, 0.0000000000000000000, 0.0000000000000000000 ) ) ;
#3501 = ORIENTED_EDGE ( 'NONE', *, *, #1693, .F. ) ;
#3502 = DIRECTION ( 'NONE',  ( -0.0000000000000000000, 1.000000000000000000, 0.0000000000000000000 ) ) ;
#3503 = EDGE_LOOP ( 'NONE', ( #1815, #3709 ) ) ;
#3504 = CARTESIAN_POINT ( 'NONE',  ( 19.50000000000009948, -2.000000000000000000, 78.24999999999992895 ) ) ;
#3505 = CARTESIAN_POINT ( 'NONE',  ( 0.7366000000000001435, -2.000000000000000000, 90.00000000000000000 ) ) ;
#3506 = EDGE_LOOP ( 'NONE', ( #1162, #3494 ) ) ;
#3507 = LINE ( 'NONE', #4205, #3837 ) ;
#3508 = DIRECTION ( 'NONE',  ( 0.0000000000000000000, -0.0000000000000000000, 1.000000000000000000 ) ) ;
#3509 = DIRECTION ( 'NONE',  ( -1.000000000000000000, -0.0000000000000000000, 0.0000000000000000000 ) ) ;
#3510 = EDGE_LOOP ( 'NONE', ( #2044, #254 ) ) ;
#3511 = EDGE_CURVE ( 'NONE', #4138, #3345, #1849, .T. ) ;
#3512 = AXIS2_PLACEMENT_3D ( 'NONE', #1011, #2042, #304 ) ;
#3513 = CARTESIAN_POINT ( 'NONE',  ( 27.00000000000000355, 23.81659999999997979, 81.25000000000014211 ) ) ;
#3514 = CYLINDRICAL_SURFACE ( 'NONE', #2618, 1.500000000000001332 ) ;
#3515 = DIRECTION ( 'NONE',  ( 0.0000000000000000000, 0.0000000000000000000, 1.000000000000000000 ) ) ;
#3516 = DIRECTION ( 'NONE',  ( -1.000000000000000000, 0.0000000000000000000, 0.0000000000000000000 ) ) ;
#3517 = ORIENTED_EDGE ( 'NONE', *, *, #4264, .T. ) ;
#3518 = EDGE_CURVE ( 'NONE', #4045, #2958, #4184, .T. ) ;
#3519 = CYLINDRICAL_SURFACE ( 'NONE', #1035, 0.7366000000000000325 ) ;
#3520 = CARTESIAN_POINT ( 'NONE',  ( 27.00000000000000355, 30.81660000000005439, 85.25000000000009948 ) ) ;
#3521 = DIRECTION ( 'NONE',  ( -1.000000000000000000, 0.0000000000000000000, 0.0000000000000000000 ) ) ;
#3522 = AXIS2_PLACEMENT_3D ( 'NONE', #2851, #2510, #3560 ) ;
#3523 = ADVANCED_FACE ( 'NONE', ( #3055 ), #1111, .T. ) ;
#3524 = VECTOR ( 'NONE', #510, 1000.000000000000000 ) ;
#3525 = VERTEX_POINT ( 'NONE', #1094 ) ;
#3526 = ORIENTED_EDGE ( 'NONE', *, *, #1567, .F. ) ;
#3527 = CARTESIAN_POINT ( 'NONE',  ( -2.000000000000000000, 30.81659999999995847, 39.50000000000008527 ) ) ;
#3528 = DIRECTION ( 'NONE',  ( -1.000000000000000000, -0.0000000000000000000, -0.0000000000000000000 ) ) ;
#3529 = ORIENTED_EDGE ( 'NONE', *, *, #3669, .T. ) ;
#3530 = EDGE_LOOP ( 'NONE', ( #97, #473 ) ) ;
#3531 = LINE ( 'NONE', #4087, #2286 ) ;
#3532 = EDGE_CURVE ( 'NONE', #3979, #1052, #2287, .T. ) ;
#3533 = DIRECTION ( 'NONE',  ( 0.0000000000000000000, 0.0000000000000000000, 1.000000000000000000 ) ) ;
#3534 = CIRCLE ( 'NONE', #238, 4.000000000000001776 ) ;
#3535 = DIRECTION ( 'NONE',  ( 0.0000000000000000000, 0.0000000000000000000, 1.000000000000000000 ) ) ;
#3536 = VERTEX_POINT ( 'NONE', #3791 ) ;
#3537 = VECTOR ( 'NONE', #2868, 1000.000000000000000 ) ;
#3538 = VECTOR ( 'NONE', #1691, 1000.000000000000000 ) ;
#3539 = DIRECTION ( 'NONE',  ( 1.000000000000000000, 0.0000000000000000000, 0.0000000000000000000 ) ) ;
#3540 = VECTOR ( 'NONE', #3703, 1000.000000000000000 ) ;
#3541 = ORIENTED_EDGE ( 'NONE', *, *, #124, .T. ) ;
#3542 = ORIENTED_EDGE ( 'NONE', *, *, #623, .F. ) ;
#3543 = EDGE_CURVE ( 'NONE', #1544, #2073, #2065, .T. ) ;
#3544 = CARTESIAN_POINT ( 'NONE',  ( 12.50000000000000000, -2.000000000000000000, 72.75000000000001421 ) ) ;
#3545 = DIRECTION ( 'NONE',  ( 0.0000000000000000000, 0.0000000000000000000, 1.000000000000000000 ) ) ;
#3546 = VERTEX_POINT ( 'NONE', #4106 ) ;
#3547 = ADVANCED_FACE ( 'NONE', ( #3643 ), #3481, .F. ) ;
#3548 = CARTESIAN_POINT ( 'NONE',  ( -2.000000000000000000, 37.81659999999999400, 60.25000000000000000 ) ) ;
#3549 = EDGE_LOOP ( 'NONE', ( #3013, #1600 ) ) ;
#3550 = ORIENTED_EDGE ( 'NONE', *, *, #677, .F. ) ;
#3551 = EDGE_CURVE ( 'NONE', #4340, #2018, #3534, .T. ) ;
#3552 = DIRECTION ( 'NONE',  ( -0.0000000000000000000, 1.000000000000000000, -0.0000000000000000000 ) ) ;
#3553 = ORIENTED_EDGE ( 'NONE', *, *, #615, .T. ) ;
#3554 = AXIS2_PLACEMENT_3D ( 'NONE', #2078, #1391, #2456 ) ;
#3555 = DIRECTION ( 'NONE',  ( -0.0000000000000000000, -1.000000000000000000, -0.0000000000000000000 ) ) ;
#3556 = ORIENTED_EDGE ( 'NONE', *, *, #4012, .T. ) ;
#3557 = EDGE_LOOP ( 'NONE', ( #3024, #1471, #1419, #1867 ) ) ;
#3558 = AXIS2_PLACEMENT_3D ( 'NONE', #3544, #235, #4250 ) ;
#3559 = DIRECTION ( 'NONE',  ( 0.0000000000000000000, 0.0000000000000000000, 1.000000000000000000 ) ) ;
#3560 = DIRECTION ( 'NONE',  ( 0.0000000000000000000, 0.0000000000000000000, 1.000000000000000000 ) ) ;
#3561 = CARTESIAN_POINT ( 'NONE',  ( 12.50000000000000000, -10.00000000000000000, 39.50000000000000000 ) ) ;
#3562 = AXIS2_PLACEMENT_3D ( 'NONE', #2548, #211, #1888 ) ;
#3563 = ORIENTED_EDGE ( 'NONE', *, *, #2114, .T. ) ;
#3564 = EDGE_CURVE ( 'NONE', #1321, #4248, #3805, .T. ) ;
#3565 = CARTESIAN_POINT ( 'NONE',  ( 12.50000000000000000, -2.000000000000000000, 4.749999999999995559 ) ) ;
#3566 = CIRCLE ( 'NONE', #4365, 1.500000000000001332 ) ;
#3567 = CYLINDRICAL_SURFACE ( 'NONE', #1010, 1.500000000000001332 ) ;
#3568 = CARTESIAN_POINT ( 'NONE',  ( -2.000000000000000000, 0.7365999999999990333, 0.0000000000000000000 ) ) ;
#3569 = ADVANCED_FACE ( 'NONE', ( #104 ), #329, .F. ) ;
#3570 = CIRCLE ( 'NONE', #1680, 1.500000000000001332 ) ;
#3571 = CIRCLE ( 'NONE', #3158, 1.500000000000001332 ) ;
#3572 = ORIENTED_EDGE ( 'NONE', *, *, #1826, .T. ) ;
#3573 = VECTOR ( 'NONE', #4317, 1000.000000000000000 ) ;
#3574 = CARTESIAN_POINT ( 'NONE',  ( 27.00000000000000355, 30.81660000000006150, 50.50000000000008527 ) ) ;
#3575 = EDGE_CURVE ( 'NONE', #3264, #1606, #2634, .T. ) ;
#3576 = AXIS2_PLACEMENT_3D ( 'NONE', #4079, #332, #988 ) ;
#3577 = DIRECTION ( 'NONE',  ( 0.0000000000000000000, 0.0000000000000000000, 1.000000000000000000 ) ) ;
#3578 = ORIENTED_EDGE ( 'NONE', *, *, #3179, .F. ) ;
#3579 = PRODUCT_DEFINITION_SHAPE ( 'NONE', 'NONE',  #2767 ) ;
#3580 = EDGE_CURVE ( 'NONE', #2282, #4272, #3425, .T. ) ;
#3581 = CARTESIAN_POINT ( 'NONE',  ( 0.7366000000000001435, 37.00000000000000711, 5.000000000000000000 ) ) ;
#3582 = EDGE_LOOP ( 'NONE', ( #2061, #177 ) ) ;
#3583 = ORIENTED_EDGE ( 'NONE', *, *, #3532, .T. ) ;
#3584 = ORIENTED_EDGE ( 'NONE', *, *, #2056, .F. ) ;
#3585 = ORIENTED_EDGE ( 'NONE', *, *, #4140, .F. ) ;
#3586 = FACE_BOUND ( 'NONE', #3631, .T. ) ;
#3587 = LINE ( 'NONE', #2820, #1328 ) ;
#3588 = DIRECTION ( 'NONE',  ( -1.000000000000000000, 0.0000000000000000000, 0.0000000000000000000 ) ) ;
#3589 = DIRECTION ( 'NONE',  ( -1.000000000000000000, 0.0000000000000000000, 0.0000000000000000000 ) ) ;
#3590 = VECTOR ( 'NONE', #3629, 1000.000000000000000 ) ;
#3591 = VECTOR ( 'NONE', #443, 1000.000000000000000 ) ;
#3592 = FACE_OUTER_BOUND ( 'NONE', #1902, .T. ) ;
#3593 = DIRECTION ( 'NONE',  ( -1.000000000000000000, -0.0000000000000000000, -0.0000000000000000000 ) ) ;
#3594 = CC_DESIGN_PERSON_AND_ORGANIZATION_ASSIGNMENT ( #518, #1699, ( #526 ) ) ;
#3595 = EDGE_CURVE ( 'NONE', #1365, #4039, #1477, .T. ) ;
#3596 = DIRECTION ( 'NONE',  ( 0.0000000000000000000, 1.000000000000000000, 0.0000000000000000000 ) ) ;
#3597 = CARTESIAN_POINT ( 'NONE',  ( 12.50000000000014744, -10.00000000000000000, 86.75000000000000000 ) ) ;
#3598 = DIRECTION ( 'NONE',  ( -1.000000000000000000, -0.0000000000000000000, -0.0000000000000000000 ) ) ;
#3599 = ORIENTED_EDGE ( 'NONE', *, *, #982, .T. ) ;
#3600 = VERTEX_POINT ( 'NONE', #1800 ) ;
#3601 = ORIENTED_EDGE ( 'NONE', *, *, #3511, .T. ) ;
#3602 = EDGE_CURVE ( 'NONE', #2034, #695, #3374, .T. ) ;
#3603 = CARTESIAN_POINT ( 'NONE',  ( 5.500000000000100364, 0.0000000000000000000, 79.75000000000002842 ) ) ;
#3604 = EDGE_LOOP ( 'NONE', ( #3199, #4247, #4003, #319 ) ) ;
#3605 = ORIENTED_EDGE ( 'NONE', *, *, #4373, .T. ) ;
#3606 = DIRECTION ( 'NONE',  ( 0.0000000000000000000, 0.0000000000000000000, 1.000000000000000000 ) ) ;
#3607 = VERTEX_POINT ( 'NONE', #2519 ) ;
#3608 = EDGE_CURVE ( 'NONE', #4329, #2661, #1685, .T. ) ;
#3609 = AXIS2_PLACEMENT_3D ( 'NONE', #1148, #838, #2202 ) ;
#3610 = PRODUCT ( 'U型梁', 'U型梁', '', ( #2717 ) ) ;
#3611 = VERTEX_POINT ( 'NONE', #3187 ) ;
#3612 = CARTESIAN_POINT ( 'NONE',  ( 5.500000000000100364, -2.000000000000000000, 79.75000000000002842 ) ) ;
#3614 = EDGE_LOOP ( 'NONE', ( #185, #1566, #2180, #9 ) ) ;
#3613 = ADVANCED_FACE ( 'NONE', ( #3697 ), #3862, .F. ) ;
#3615 = DIRECTION ( 'NONE',  ( 0.0000000000000000000, 1.000000000000000000, 0.0000000000000000000 ) ) ;
#3616 = AXIS2_PLACEMENT_3D ( 'NONE', #4090, #706, #1665 ) ;
#3617 = VERTEX_POINT ( 'NONE', #3504 ) ;
#3618 = DIRECTION ( 'NONE',  ( 0.0000000000000000000, 0.0000000000000000000, 1.000000000000000000 ) ) ;
#3619 = VECTOR ( 'NONE', #1992, 1000.000000000000000 ) ;
#3620 = FACE_BOUND ( 'NONE', #2463, .T. ) ;
#3621 = CARTESIAN_POINT ( 'NONE',  ( 12.50000000000000000, 0.0000000000000000000, 38.00000000000000000 ) ) ;
#3622 = EDGE_LOOP ( 'NONE', ( #1418, #3038, #3529, #4259 ) ) ;
#3623 = DIRECTION ( 'NONE',  ( -1.000000000000000000, 0.0000000000000000000, 0.0000000000000000000 ) ) ;
#3624 = CIRCLE ( 'NONE', #983, 1.500000000000001332 ) ;
#3625 = EDGE_CURVE ( 'NONE', #848, #3848, #2123, .T. ) ;
#3626 = CIRCLE ( 'NONE', #291, 1.500000000000001332 ) ;
#3627 = DIRECTION ( 'NONE',  ( -1.000000000000000000, -0.0000000000000000000, -0.0000000000000000000 ) ) ;
#3628 = DIRECTION ( 'NONE',  ( 0.0000000000000000000, 0.0000000000000000000, 1.000000000000000000 ) ) ;
#3629 = DIRECTION ( 'NONE',  ( -1.000000000000000000, -0.0000000000000000000, -0.0000000000000000000 ) ) ;
#3630 = FACE_BOUND ( 'NONE', #3826, .T. ) ;
#3631 = EDGE_LOOP ( 'NONE', ( #1104, #2646 ) ) ;
#3632 = ORIENTED_EDGE ( 'NONE', *, *, #1887, .T. ) ;
#3633 = EDGE_CURVE ( 'NONE', #4394, #1239, #954, .T. ) ;
#3634 = AXIS2_PLACEMENT_3D ( 'NONE', #3944, #1560, #588 ) ;
#3635 = ADVANCED_FACE ( 'NONE', ( #2907 ), #1816, .T. ) ;
#3636 = DIRECTION ( 'NONE',  ( 0.0000000000000000000, 0.0000000000000000000, 1.000000000000000000 ) ) ;
#3637 = VERTEX_POINT ( 'NONE', #130 ) ;
#3638 = EDGE_LOOP ( 'NONE', ( #1863, #1804, #4161, #2998 ) ) ;
#3639 = DIRECTION ( 'NONE',  ( -1.000000000000000000, 0.0000000000000000000, 0.0000000000000000000 ) ) ;
#3640 = CARTESIAN_POINT ( 'NONE',  ( 25.00000000000000000, 30.81659999999998689, 4.749999999999995559 ) ) ;
#3641 = ORIENTED_EDGE ( 'NONE', *, *, #3661, .T. ) ;
#3642 = FACE_BOUND ( 'NONE', #2259, .T. ) ;
#3643 = FACE_OUTER_BOUND ( 'NONE', #4061, .T. ) ;
#3644 = FACE_BOUND ( 'NONE', #2818, .T. ) ;
#3645 = CIRCLE ( 'NONE', #2068, 5.000000000000004441 ) ;
#3646 = AXIS2_PLACEMENT_3D ( 'NONE', #3279, #2912, #901 ) ;
#3647 = AXIS2_PLACEMENT_3D ( 'NONE', #889, #1903, #1502 ) ;
#3648 = CIRCLE ( 'NONE', #1542, 1.500000000000001332 ) ;
#3649 = CIRCLE ( 'NONE', #4388, 1.500000000000001332 ) ;
#3650 = DIRECTION ( 'NONE',  ( -0.0000000000000000000, 1.000000000000000000, 0.0000000000000000000 ) ) ;
#3651 = DIRECTION ( 'NONE',  ( -1.000000000000000000, -0.0000000000000000000, -0.0000000000000000000 ) ) ;
#3652 = PLANE ( 'NONE',  #420 ) ;
#3653 = CARTESIAN_POINT ( 'NONE',  ( 19.50000000000009948, 0.0000000000000000000, 79.74999999999992895 ) ) ;
#3654 = VERTEX_POINT ( 'NONE', #2183 ) ;
#3655 = DIRECTION ( 'NONE',  ( -0.0000000000000000000, 1.000000000000000000, -0.0000000000000000000 ) ) ;
#3656 = ORIENTED_EDGE ( 'NONE', *, *, #1216, .T. ) ;
#3657 = EDGE_LOOP ( 'NONE', ( #2140, #1265 ) ) ;
#3658 = ORIENTED_EDGE ( 'NONE', *, *, #516, .T. ) ;
#3659 = ORIENTED_EDGE ( 'NONE', *, *, #683, .F. ) ;
#3660 = EDGE_LOOP ( 'NONE', ( #3167, #2550 ) ) ;
#3661 = EDGE_CURVE ( 'NONE', #3637, #1467, #600, .T. ) ;
#3662 = CARTESIAN_POINT ( 'NONE',  ( 27.00000000000000355, 0.7366000000000000325, 0.0000000000000000000 ) ) ;
#3663 = CARTESIAN_POINT ( 'NONE',  ( 27.00000000000000355, 30.81659999999995847, 39.50000000000008527 ) ) ;
#3664 = AXIS2_PLACEMENT_3D ( 'NONE', #3108, #2429, #4167 ) ;
#3665 = DIRECTION ( 'NONE',  ( 0.0000000000000000000, 0.0000000000000000000, 1.000000000000000000 ) ) ;
#3666 = VERTEX_POINT ( 'NONE', #147 ) ;
#3667 = CARTESIAN_POINT ( 'NONE',  ( 27.00000000000000355, 30.81659999999998689, 1.749999999999996003 ) ) ;
#3669 = EDGE_CURVE ( 'NONE', #823, #3264, #3744, .T. ) ;
#3668 = EDGE_LOOP ( 'NONE', ( #3563, #2804 ) ) ;
#3670 = CARTESIAN_POINT ( 'NONE',  ( -2.000000000000000000, 23.81659999999997979, 43.50000000000014921 ) ) ;
#3671 = CIRCLE ( 'NONE', #1339, 1.500000000000000444 ) ;
#3672 = FACE_OUTER_BOUND ( 'NONE', #559, .T. ) ;
#3673 = DIRECTION ( 'NONE',  ( 0.0000000000000000000, 0.0000000000000000000, 1.000000000000000000 ) ) ;
#3674 = DIRECTION ( 'NONE',  ( -1.000000000000000000, 0.0000000000000000000, 0.0000000000000000000 ) ) ;
#3675 = CARTESIAN_POINT ( 'NONE',  ( 27.00000000000000355, 37.81659999999999400, 58.75000000000000000 ) ) ;
#3676 = FACE_OUTER_BOUND ( 'NONE', #3051, .T. ) ;
#3677 = VECTOR ( 'NONE', #811, 1000.000000000000000 ) ;
#3678 = EDGE_CURVE ( 'NONE', #3383, #2368, #2687, .T. ) ;
#3679 = ORIENTED_EDGE ( 'NONE', *, *, #2309, .T. ) ;
#3680 = CIRCLE ( 'NONE', #2266, 1.500000000000001332 ) ;
#3681 = CARTESIAN_POINT ( 'NONE',  ( -2.000000000000000000, 37.81659999999999400, 45.00000000000000000 ) ) ;
#3682 = EDGE_LOOP ( 'NONE', ( #1527, #1608, #1405, #684 ) ) ;
#3683 = DIRECTION ( 'NONE',  ( -1.000000000000000000, -0.0000000000000000000, -0.0000000000000000000 ) ) ;
#3684 = EDGE_CURVE ( 'NONE', #2034, #4045, #276, .T. ) ;
#3685 = CIRCLE ( 'NONE', #2691, 1.500000000000001332 ) ;
#3686 = EDGE_LOOP ( 'NONE', ( #28, #697, #2171, #2278 ) ) ;
#3687 = VERTEX_POINT ( 'NONE', #1123 ) ;
#3688 = CARTESIAN_POINT ( 'NONE',  ( 0.0000000000000000000, 23.81659999999998689, 11.74999999999999645 ) ) ;
#3689 = DIRECTION ( 'NONE',  ( 0.0000000000000000000, 0.0000000000000000000, 1.000000000000000000 ) ) ;
#3690 = EDGE_CURVE ( 'NONE', #3314, #1341, #1797, .T. ) ;
#3691 = ORIENTED_EDGE ( 'NONE', *, *, #2671, .F. ) ;
#3692 = CYLINDRICAL_SURFACE ( 'NONE', #176, 1.500000000000001332 ) ;
#3693 = CIRCLE ( 'NONE', #854, 1.500000000000001332 ) ;
#3694 = AXIS2_PLACEMENT_3D ( 'NONE', #4351, #3347, #4063 ) ;
#3695 = DIRECTION ( 'NONE',  ( -1.000000000000000000, 0.0000000000000000000, 0.0000000000000000000 ) ) ;
#3696 = VECTOR ( 'NONE', #3338, 1000.000000000000000 ) ;
#3697 = FACE_OUTER_BOUND ( 'NONE', #3604, .T. ) ;
#3698 = VECTOR ( 'NONE', #4194, 1000.000000000000000 ) ;
#3699 = ORIENTED_EDGE ( 'NONE', *, *, #775, .F. ) ;
#3700 = DIRECTION ( 'NONE',  ( -1.000000000000000000, -0.0000000000000000000, -0.0000000000000000000 ) ) ;
#3701 = ORIENTED_EDGE ( 'NONE', *, *, #1023, .T. ) ;
#3702 = EDGE_CURVE ( 'NONE', #1036, #4067, #1589, .T. ) ;
#3703 = DIRECTION ( 'NONE',  ( -1.000000000000000000, -0.0000000000000000000, -0.0000000000000000000 ) ) ;
#3704 = DIRECTION ( 'NONE',  ( 0.0000000000000000000, 0.0000000000000000000, 1.000000000000000000 ) ) ;
#3705 = ORIENTED_EDGE ( 'NONE', *, *, #536, .F. ) ;
#3706 = ORIENTED_EDGE ( 'NONE', *, *, #3312, .F. ) ;
#3707 = CARTESIAN_POINT ( 'NONE',  ( 27.00000000000000355, 30.81659999999999044, 45.00000000000000000 ) ) ;
#3708 = ORIENTED_EDGE ( 'NONE', *, *, #1472, .F. ) ;
#3709 = ORIENTED_EDGE ( 'NONE', *, *, #775, .T. ) ;
#3710 = VERTEX_POINT ( 'NONE', #2824 ) ;
#3711 = CARTESIAN_POINT ( 'NONE',  ( 27.00000000000000355, 37.81659999999999400, 58.75000000000000000 ) ) ;
#3712 = ORIENTED_EDGE ( 'NONE', *, *, #2315, .F. ) ;
#3713 = DIRECTION ( 'NONE',  ( 0.0000000000000000000, 0.0000000000000000000, 1.000000000000000000 ) ) ;
#3714 = CARTESIAN_POINT ( 'NONE',  ( 0.7366000000000001435, 0.0000000000000000000, 90.00000000000000000 ) ) ;
#3715 = AXIS2_PLACEMENT_3D ( 'NONE', #770, #70, #2821 ) ;
#3716 = EDGE_LOOP ( 'NONE', ( #342, #944 ) ) ;
#3717 = CARTESIAN_POINT ( 'NONE',  ( 5.500000000000100364, -10.00000000000000000, 79.75000000000002842 ) ) ;
#3718 = CARTESIAN_POINT ( 'NONE',  ( -2.000000000000000000, 23.81659999999997979, 78.25000000000017053 ) ) ;
#3719 = ORIENTED_EDGE ( 'NONE', *, *, #389, .T. ) ;
#3720 = CARTESIAN_POINT ( 'NONE',  ( 0.0000000000000000000, 30.81659999999995847, 38.00000000000007816 ) ) ;
#3721 = CIRCLE ( 'NONE', #113, 1.500000000000001332 ) ;
#3722 = FACE_BOUND ( 'NONE', #610, .T. ) ;
#3723 = APPROVAL_ROLE ( '' ) ;
#3724 = ORIENTED_EDGE ( 'NONE', *, *, #4222, .F. ) ;
#3725 = FACE_OUTER_BOUND ( 'NONE', #3860, .T. ) ;
#3726 = CARTESIAN_POINT ( 'NONE',  ( 5.500000000000100364, -2.000000000000000000, 45.00000000000002842 ) ) ;
#3727 = DIRECTION ( 'NONE',  ( 0.0000000000000000000, 0.0000000000000000000, 1.000000000000000000 ) ) ;
#3728 = CARTESIAN_POINT ( 'NONE',  ( -2.000000000000000000, 23.81659999999997979, 45.00000000000014921 ) ) ;
#3729 = VERTEX_POINT ( 'NONE', #4135 ) ;
#3730 = FACE_OUTER_BOUND ( 'NONE', #3821, .T. ) ;
#3731 = CIRCLE ( 'NONE', #876, 1.500000000000001332 ) ;
#3732 = ORIENTED_EDGE ( 'NONE', *, *, #595, .F. ) ;
#3733 = CARTESIAN_POINT ( 'NONE',  ( 27.00000000000000355, 37.81659999999999400, 31.25000000000000000 ) ) ;
#3734 = DIRECTION ( 'NONE',  ( -1.000000000000000000, -8.831405151931884809E-16, 0.0000000000000000000 ) ) ;
#3735 = ORIENTED_EDGE ( 'NONE', *, *, #4379, .T. ) ;
#3736 = ORIENTED_EDGE ( 'NONE', *, *, #1620, .F. ) ;
#3737 = ORIENTED_EDGE ( 'NONE', *, *, #3011, .F. ) ;
#3738 = DATE_TIME_ROLE ( 'classification_date' ) ;
#3739 = DIRECTION ( 'NONE',  ( -0.0000000000000000000, -1.000000000000000000, 0.0000000000000000000 ) ) ;
#3740 = EDGE_CURVE ( 'NONE', #3617, #1193, #1231, .T. ) ;
#3741 = AXIS2_PLACEMENT_3D ( 'NONE', #857, #3204, #2880 ) ;
#3742 = ORIENTED_EDGE ( 'NONE', *, *, #1199, .F. ) ;
#3743 = VECTOR ( 'NONE', #1397, 1000.000000000000000 ) ;
#3744 = LINE ( 'NONE', #1831, #2848 ) ;
#3745 = DIRECTION ( 'NONE',  ( 1.000000000000000000, 0.0000000000000000000, 0.0000000000000000000 ) ) ;
#3746 = CYLINDRICAL_SURFACE ( 'NONE', #1895, 4.000000000000003553 ) ;
#3747 = EDGE_CURVE ( 'NONE', #1386, #1221, #2802, .T. ) ;
#3748 = VECTOR ( 'NONE', #2301, 1000.000000000000000 ) ;
#3749 = AXIS2_PLACEMENT_3D ( 'NONE', #1269, #2595, #3968 ) ;
#3750 = CYLINDRICAL_SURFACE ( 'NONE', #4127, 1.499999999999999556 ) ;
#3751 = DIRECTION ( 'NONE',  ( 0.0000000000000000000, 0.0000000000000000000, 1.000000000000000000 ) ) ;
#3752 = DIRECTION ( 'NONE',  ( 0.0000000000000000000, 0.0000000000000000000, 1.000000000000000000 ) ) ;
#3753 = DIRECTION ( 'NONE',  ( 0.0000000000000000000, 0.0000000000000000000, 1.000000000000000000 ) ) ;
#3754 = VERTEX_POINT ( 'NONE', #2159 ) ;
#3755 = ORIENTED_EDGE ( 'NONE', *, *, #3838, .T. ) ;
#3756 = CARTESIAN_POINT ( 'NONE',  ( 25.00000000000000000, 23.81659999999998689, 10.24999999999999467 ) ) ;
#3757 = CARTESIAN_POINT ( 'NONE',  ( 25.00000000000000000, 30.81660000000006150, 52.00000000000008527 ) ) ;
#3758 = ORIENTED_EDGE ( 'NONE', *, *, #1729, .T. ) ;
#3759 = CC_DESIGN_APPROVAL ( #2014, ( #2767 ) ) ;
#3760 = EDGE_CURVE ( 'NONE', #1982, #2597, #1114, .T. ) ;
#3761 = EDGE_LOOP ( 'NONE', ( #1900, #3410 ) ) ;
#3762 = CARTESIAN_POINT ( 'NONE',  ( -2.000000000000000000, 30.81659999999999044, 49.00000000000000000 ) ) ;
#3763 = VERTEX_POINT ( 'NONE', #2146 ) ;
#3764 = ORIENTED_EDGE ( 'NONE', *, *, #3335, .T. ) ;
#3765 = DIRECTION ( 'NONE',  ( 1.000000000000000000, 0.0000000000000000000, 0.0000000000000000000 ) ) ;
#3766 = EDGE_CURVE ( 'NONE', #115, #2709, #1006, .T. ) ;
#3767 = DIRECTION ( 'NONE',  ( -0.0000000000000000000, 1.000000000000000000, -0.0000000000000000000 ) ) ;
#3768 = ORIENTED_EDGE ( 'NONE', *, *, #1793, .T. ) ;
#3769 = CARTESIAN_POINT ( 'NONE',  ( 0.0000000000000000000, 0.0000000000000000000, 0.0000000000000000000 ) ) ;
#3770 = DIRECTION ( 'NONE',  ( 0.0000000000000000000, 1.000000000000000000, 0.0000000000000000000 ) ) ;
#3771 = EDGE_CURVE ( 'NONE', #1647, #2757, #1909, .T. ) ;
#3772 = DIRECTION ( 'NONE',  ( -1.000000000000000000, 0.0000000000000000000, -0.0000000000000000000 ) ) ;
#3773 = DIRECTION ( 'NONE',  ( 0.0000000000000000000, 0.0000000000000000000, 1.000000000000000000 ) ) ;
#3774 = AXIS2_PLACEMENT_3D ( 'NONE', #3074, #2147, #3788 ) ;
#3775 = FACE_OUTER_BOUND ( 'NONE', #1677, .T. ) ;
#3776 = CIRCLE ( 'NONE', #4013, 1.499999999999987566 ) ;
#3777 = CARTESIAN_POINT ( 'NONE',  ( 25.00000000000000000, 37.81659999999999400, 31.25000000000000000 ) ) ;
#3778 = FACE_OUTER_BOUND ( 'NONE', #2321, .T. ) ;
#3779 = CARTESIAN_POINT ( 'NONE',  ( 5.500000000000100364, -10.00000000000000000, 45.00000000000002842 ) ) ;
#3780 = CARTESIAN_POINT ( 'NONE',  ( 0.0000000000000000000, 37.81659999999999400, 46.50000000000000000 ) ) ;
#3781 = CYLINDRICAL_SURFACE ( 'NONE', #462, 4.000000000000003553 ) ;
#3782 = AXIS2_PLACEMENT_3D ( 'NONE', #2778, #3459, #1440 ) ;
#3783 = DIRECTION ( 'NONE',  ( 0.0000000000000000000, 1.000000000000000000, 0.0000000000000000000 ) ) ;
#3784 = AXIS2_PLACEMENT_3D ( 'NONE', #1514, #3885, #1858 ) ;
#3785 = APPLICATION_CONTEXT ( 'configuration controlled 3d designs of mechanical parts and assemblies' ) ;
#3786 = CIRCLE ( 'NONE', #367, 1.499999999999987566 ) ;
#3787 = EDGE_CURVE ( 'NONE', #1190, #4355, #908, .T. ) ;
#3788 = DIRECTION ( 'NONE',  ( 0.0000000000000000000, 0.0000000000000000000, 1.000000000000000000 ) ) ;
#3789 = EDGE_LOOP ( 'NONE', ( #3464, #828 ) ) ;
#3790 = EDGE_LOOP ( 'NONE', ( #347, #1460, #529, #4069 ) ) ;
#3791 = CARTESIAN_POINT ( 'NONE',  ( 25.00000000000000000, 37.81659999999999400, 57.24999999999999289 ) ) ;
#3792 = DIRECTION ( 'NONE',  ( -1.000000000000000000, 0.0000000000000000000, 0.0000000000000000000 ) ) ;
#3793 = ADVANCED_FACE ( 'NONE', ( #2961 ), #4074, .F. ) ;
#3794 = CIRCLE ( 'NONE', #2201, 1.499999999999999556 ) ;
#3795 = ORIENTED_EDGE ( 'NONE', *, *, #2783, .F. ) ;
#3796 = ORIENTED_EDGE ( 'NONE', *, *, #2411, .T. ) ;
#3797 = DIRECTION ( 'NONE',  ( 0.0000000000000000000, 0.0000000000000000000, 1.000000000000000000 ) ) ;
#3798 = CARTESIAN_POINT ( 'NONE',  ( 25.00000000000000000, 37.00000000000000000, 84.99999999999998579 ) ) ;
#3799 = FACE_BOUND ( 'NONE', #2831, .T. ) ;
#3800 = FACE_BOUND ( 'NONE', #2591, .T. ) ;
#3801 = CYLINDRICAL_SURFACE ( 'NONE', #1225, 1.500000000000001332 ) ;
#3802 = CARTESIAN_POINT ( 'NONE',  ( 12.50000000000000000, -10.00000000000000000, 3.249999999999995115 ) ) ;
#3803 = LINE ( 'NONE', #2642, #3696 ) ;
#3804 = DIRECTION ( 'NONE',  ( 0.0000000000000000000, 0.0000000000000000000, 1.000000000000000000 ) ) ;
#3805 = LINE ( 'NONE', #1082, #381 ) ;
#3806 = CARTESIAN_POINT ( 'NONE',  ( 0.0000000000000000000, 23.81659999999997979, 43.50000000000014921 ) ) ;
#3807 = EDGE_CURVE ( 'NONE', #3417, #1655, #4292, .T. ) ;
#3808 = FACE_OUTER_BOUND ( 'NONE', #249, .T. ) ;
#3809 = AXIS2_PLACEMENT_3D ( 'NONE', #327, #942, #299 ) ;
#3810 = CARTESIAN_POINT ( 'NONE',  ( 27.00000000000000355, 30.81659999999998689, 14.24999999999999645 ) ) ;
#3811 = EDGE_LOOP ( 'NONE', ( #2285, #3106, #394, #3854 ) ) ;
#3812 = ORIENTED_EDGE ( 'NONE', *, *, #1126, .F. ) ;
#3813 = ORIENTED_EDGE ( 'NONE', *, *, #1960, .F. ) ;
#3814 = CARTESIAN_POINT ( 'NONE',  ( 19.50000000000009948, 0.0000000000000000000, 10.24999999999991829 ) ) ;
#3815 = CARTESIAN_POINT ( 'NONE',  ( 25.00000000000000000, 30.81659999999995847, 38.00000000000007816 ) ) ;
#3816 = EDGE_LOOP ( 'NONE', ( #154, #1581 ) ) ;
#3817 = ADVANCED_FACE ( 'NONE', ( #225 ), #3692, .F. ) ;
#3818 = PLANE ( 'NONE',  #429 ) ;
#3819 = ORIENTED_EDGE ( 'NONE', *, *, #2133, .T. ) ;
#3820 = CC_DESIGN_APPROVAL ( #969, ( #526 ) ) ;
#3821 = EDGE_LOOP ( 'NONE', ( #481, #1150, #3056, #3796 ) ) ;
#3822 = EDGE_CURVE ( 'NONE', #897, #2805, #3972, .T. ) ;
#3823 = DIRECTION ( 'NONE',  ( 0.0000000000000000000, 0.0000000000000000000, 1.000000000000000000 ) ) ;
#3824 = CARTESIAN_POINT ( 'NONE',  ( 12.50000000000014744, 0.0000000000000000000, 18.74999999999999289 ) ) ;
#3825 = VERTEX_POINT ( 'NONE', #2900 ) ;
#3826 = EDGE_LOOP ( 'NONE', ( #1215, #2629 ) ) ;
#3827 = CARTESIAN_POINT ( 'NONE',  ( 0.0000000000000000000, 0.0000000000000000000, 0.0000000000000000000 ) ) ;
#3828 = CARTESIAN_POINT ( 'NONE',  ( 12.50000000000014744, -2.000000000000000000, 15.74999999999998934 ) ) ;
#3829 = APPROVAL_PERSON_ORGANIZATION ( #624, #969, #3723 ) ;
#3830 = EDGE_CURVE ( 'NONE', #3754, #3666, #1002, .T. ) ;
#3831 = CIRCLE ( 'NONE', #2645, 4.000000000000003553 ) ;
#3832 = AXIS2_PLACEMENT_3D ( 'NONE', #923, #2608, #627 ) ;
#3833 = ORIENTED_EDGE ( 'NONE', *, *, #1826, .F. ) ;
#3834 = DIRECTION ( 'NONE',  ( 1.000000000000000000, 0.0000000000000000000, 0.0000000000000000000 ) ) ;
#3835 = CARTESIAN_POINT ( 'NONE',  ( 12.50000000000000000, -2.000000000000000000, 45.00000000000000000 ) ) ;
#3836 = CYLINDRICAL_SURFACE ( 'NONE', #2679, 1.500000000000001332 ) ;
#3837 = VECTOR ( 'NONE', #2825, 1000.000000000000000 ) ;
#3838 = EDGE_CURVE ( 'NONE', #1015, #485, #4019, .T. ) ;
#3839 = DIRECTION ( 'NONE',  ( -0.0000000000000000000, -0.0000000000000000000, 1.000000000000000000 ) ) ;
#3840 = CARTESIAN_POINT ( 'NONE',  ( 12.50000000000014744, -2.000000000000000000, 53.49999999999999289 ) ) ;
#3841 = AXIS2_PLACEMENT_3D ( 'NONE', #856, #3203, #3867 ) ;
#3842 = EDGE_LOOP ( 'NONE', ( #3178, #2995 ) ) ;
#3843 = ADVANCED_FACE ( 'NONE', ( #325 ), #799, .F. ) ;
#3844 = LINE ( 'NONE', #3900, #4274 ) ;
#3845 = DIRECTION ( 'NONE',  ( 1.000000000000000000, 0.0000000000000000000, 0.0000000000000000000 ) ) ;
#3846 = PLANE ( 'NONE',  #3012 ) ;
#3847 = DIRECTION ( 'NONE',  ( 0.0000000000000000000, 0.0000000000000000000, 1.000000000000000000 ) ) ;
#3848 = VERTEX_POINT ( 'NONE', #572 ) ;
#3849 = CIRCLE ( 'NONE', #132, 4.000000000000003553 ) ;
#3850 = CARTESIAN_POINT ( 'NONE',  ( 25.00000000000000000, 23.81659999999998689, 11.74999999999999645 ) ) ;
#3851 = AXIS2_PLACEMENT_3D ( 'NONE', #4145, #1037, #18 ) ;
#3852 = ORIENTED_EDGE ( 'NONE', *, *, #1506, .F. ) ;
#3853 = ORIENTED_EDGE ( 'NONE', *, *, #3022, .T. ) ;
#3854 = ORIENTED_EDGE ( 'NONE', *, *, #2627, .F. ) ;
#3855 = DIRECTION ( 'NONE',  ( 0.0000000000000000000, 0.0000000000000000000, 1.000000000000000000 ) ) ;
#3856 = DIRECTION ( 'NONE',  ( 0.0000000000000000000, 1.000000000000000000, 0.0000000000000000000 ) ) ;
#3857 = ORIENTED_EDGE ( 'NONE', *, *, #2022, .T. ) ;
#3858 = ORIENTED_EDGE ( 'NONE', *, *, #4057, .T. ) ;
#3859 = CARTESIAN_POINT ( 'NONE',  ( 0.0000000000000000000, 30.81659999999997979, 72.75000000000008527 ) ) ;
#3860 = EDGE_LOOP ( 'NONE', ( #3699, #874, #133, #2793 ) ) ;
#3861 = FACE_OUTER_BOUND ( 'NONE', #710, .T. ) ;
#3862 = CYLINDRICAL_SURFACE ( 'NONE', #1745, 1.500000000000008216 ) ;
#3863 = ORIENTED_EDGE ( 'NONE', *, *, #2204, .T. ) ;
#3864 = VECTOR ( 'NONE', #3593, 1000.000000000000000 ) ;
#3865 = EDGE_CURVE ( 'NONE', #2761, #3525, #3923, .T. ) ;
#3866 = DIRECTION ( 'NONE',  ( -1.000000000000000000, 0.0000000000000000000, 0.0000000000000000000 ) ) ;
#3867 = DIRECTION ( 'NONE',  ( 0.0000000000000000000, 0.0000000000000000000, 1.000000000000000000 ) ) ;
#3868 = CIRCLE ( 'NONE', #1810, 1.500000000000001332 ) ;
#3869 = ADVANCED_FACE ( 'NONE', ( #1635 ), #2794, .F. ) ;
#3870 = CARTESIAN_POINT ( 'NONE',  ( 27.00000000000000355, 37.81659999999998689, 11.74999999999999645 ) ) ;
#3871 = EDGE_CURVE ( 'NONE', #2765, #946, #905, .T. ) ;
#3872 = CARTESIAN_POINT ( 'NONE',  ( 0.0000000000000000000, 23.81659999999997979, 78.25000000000017053 ) ) ;
#3873 = AXIS2_PLACEMENT_3D ( 'NONE', #1695, #3070, #3082 ) ;
#3874 = EDGE_LOOP ( 'NONE', ( #1572, #3572 ) ) ;
#3875 = ORIENTED_EDGE ( 'NONE', *, *, #1501, .T. ) ;
#3876 = DIRECTION ( 'NONE',  ( 0.0000000000000000000, 0.0000000000000000000, -1.000000000000000000 ) ) ;
#3877 = ORIENTED_EDGE ( 'NONE', *, *, #4390, .F. ) ;
#3878 = AXIS2_PLACEMENT_3D ( 'NONE', #3756, #4101, #45 ) ;
#3879 = CARTESIAN_POINT ( 'NONE',  ( 25.00000000000000000, 30.81659999999999044, 49.00000000000000000 ) ) ;
#3880 = DIRECTION ( 'NONE',  ( -1.000000000000000000, -0.0000000000000000000, -0.0000000000000000000 ) ) ;
#3881 = AXIS2_PLACEMENT_3D ( 'NONE', #3212, #3228, #562 ) ;
#3882 = ORIENTED_EDGE ( 'NONE', *, *, #239, .F. ) ;
#3883 = CARTESIAN_POINT ( 'NONE',  ( -2.000000000000000000, 30.81660000000005439, 85.25000000000009948 ) ) ;
#3884 = VERTEX_POINT ( 'NONE', #544 ) ;
#3885 = DIRECTION ( 'NONE',  ( 0.0000000000000000000, 1.000000000000000000, 0.0000000000000000000 ) ) ;
#3886 = CARTESIAN_POINT ( 'NONE',  ( -2.000000000000000000, 23.81659999999998689, 10.24999999999999467 ) ) ;
#3887 = DIRECTION ( 'NONE',  ( 0.0000000000000000000, 0.0000000000000000000, 1.000000000000000000 ) ) ;
#3888 = ADVANCED_FACE ( 'NONE', ( #3226 ), #98, .F. ) ;
#3889 = DATE_AND_TIME ( #1306, #2208 ) ;
#3890 = CARTESIAN_POINT ( 'NONE',  ( -2.000000000000000000, 37.81659999999999400, 32.75000000000000000 ) ) ;
#3891 = LINE ( 'NONE', #2089, #2562 ) ;
#3892 = EDGE_CURVE ( 'NONE', #2566, #774, #4387, .T. ) ;
#3893 = AXIS2_PLACEMENT_3D ( 'NONE', #645, #285, #4321 ) ;
#3894 = DIRECTION ( 'NONE',  ( 0.0000000000000000000, 0.0000000000000000000, -1.000000000000000000 ) ) ;
#3895 = CIRCLE ( 'NONE', #1828, 1.500000000000001332 ) ;
#3896 = CARTESIAN_POINT ( 'NONE',  ( 27.00000000000000355, 37.81659999999999400, 43.50000000000000000 ) ) ;
#3897 = ORIENTED_EDGE ( 'NONE', *, *, #4065, .F. ) ;
#3898 = EDGE_CURVE ( 'NONE', #3884, #3211, #3432, .T. ) ;
#3899 = FACE_OUTER_BOUND ( 'NONE', #3908, .T. ) ;
#3900 = CARTESIAN_POINT ( 'NONE',  ( 24.26340000000000074, 37.00000000000000000, 0.0000000000000000000 ) ) ;
#3901 = AXIS2_PLACEMENT_3D ( 'NONE', #2108, #74, #3072 ) ;
#3902 = FACE_BOUND ( 'NONE', #294, .T. ) ;
#3903 = ORIENTED_EDGE ( 'NONE', *, *, #4238, .F. ) ;
#3904 = VERTEX_POINT ( 'NONE', #2252 ) ;
#3905 = DIRECTION ( 'NONE',  ( -1.000000000000000000, 0.0000000000000000000, 0.0000000000000000000 ) ) ;
#3906 = CARTESIAN_POINT ( 'NONE',  ( 27.00000000000000355, 37.81659999999999400, 57.24999999999999289 ) ) ;
#3907 = CARTESIAN_POINT ( 'NONE',  ( 27.00000000000000355, 30.81659999999995847, 36.50000000000006395 ) ) ;
#3908 = EDGE_LOOP ( 'NONE', ( #1929, #290, #3043, #2191 ) ) ;
#3909 = ORIENTED_EDGE ( 'NONE', *, *, #307, .F. ) ;
#3910 = EDGE_LOOP ( 'NONE', ( #842, #2909, #1468, #3542 ) ) ;
#3911 = CARTESIAN_POINT ( 'NONE',  ( 27.00000000000000355, 37.81659999999999400, 31.25000000000000000 ) ) ;
#3912 = ADVANCED_FACE ( 'NONE', ( #2682 ), #3110, .F. ) ;
#3913 = DIRECTION ( 'NONE',  ( 1.000000000000000000, 0.0000000000000000000, 0.0000000000000000000 ) ) ;
#3914 = LINE ( 'NONE', #2723, #3743 ) ;
#3915 = EDGE_CURVE ( 'NONE', #3492, #375, #752, .T. ) ;
#3916 = DIRECTION ( 'NONE',  ( -1.000000000000000000, -0.0000000000000000000, -0.0000000000000000000 ) ) ;
#3917 = CIRCLE ( 'NONE', #2350, 4.000000000000003553 ) ;
#3918 = DIRECTION ( 'NONE',  ( 0.0000000000000000000, 0.0000000000000000000, 1.000000000000000000 ) ) ;
#3919 = VECTOR ( 'NONE', #3324, 1000.000000000000000 ) ;
#3920 = DIRECTION ( 'NONE',  ( 0.0000000000000000000, 0.0000000000000000000, 1.000000000000000000 ) ) ;
#3921 = LINE ( 'NONE', #968, #1113 ) ;
#3922 = FACE_OUTER_BOUND ( 'NONE', #3638, .T. ) ;
#3923 = CIRCLE ( 'NONE', #1309, 4.000000000000001776 ) ;
#3924 = EDGE_LOOP ( 'NONE', ( #2468, #918, #495, #54 ) ) ;
#3925 = AXIS2_PLACEMENT_3D ( 'NONE', #212, #564, #882 ) ;
#3926 = CARTESIAN_POINT ( 'NONE',  ( 27.00000000000000355, 23.81659999999997979, 45.00000000000014921 ) ) ;
#3927 = CARTESIAN_POINT ( 'NONE',  ( 27.00000000000000355, 30.81659999999998689, 4.749999999999995559 ) ) ;
#3928 = ORIENTED_EDGE ( 'NONE', *, *, #3602, .T. ) ;
#3929 = CARTESIAN_POINT ( 'NONE',  ( 12.50000000000000000, -2.000000000000000000, 6.249999999999996447 ) ) ;
#3930 = EDGE_CURVE ( 'NONE', #3365, #1649, #748, .T. ) ;
#3931 = DIRECTION ( 'NONE',  ( -1.000000000000000000, -0.0000000000000000000, -0.0000000000000000000 ) ) ;
#3932 = VERTEX_POINT ( 'NONE', #2532 ) ;
#3933 = AXIS2_PLACEMENT_3D ( 'NONE', #4336, #994, #3773 ) ;
#3934 = EDGE_LOOP ( 'NONE', ( #4386, #3367, #1119, #463 ) ) ;
#3935 = ADVANCED_FACE ( 'NONE', ( #4122 ), #1110, .F. ) ;
#3936 = ORIENTED_EDGE ( 'NONE', *, *, #2979, .F. ) ;
#3937 = DIRECTION ( 'NONE',  ( 0.0000000000000000000, 0.0000000000000000000, -1.000000000000000000 ) ) ;
#3938 = AXIS2_PLACEMENT_3D ( 'NONE', #2816, #1473, #1141 ) ;
#3939 = ORIENTED_EDGE ( 'NONE', *, *, #4285, .T. ) ;
#3940 = DIRECTION ( 'NONE',  ( -1.000000000000000000, -0.0000000000000000000, -0.0000000000000000000 ) ) ;
#3941 = ORIENTED_EDGE ( 'NONE', *, *, #3431, .F. ) ;
#3942 = CARTESIAN_POINT ( 'NONE',  ( 25.00000000000000000, 41.99999999999999289, 5.000000000000031974 ) ) ;
#3943 = CARTESIAN_POINT ( 'NONE',  ( 27.00000000000000355, 23.81659999999997979, 43.50000000000014921 ) ) ;
#3944 = CARTESIAN_POINT ( 'NONE',  ( 27.00000000000000355, 23.81659999999997979, 79.75000000000015632 ) ) ;
#3945 = APPROVAL_DATE_TIME ( #1765, #969 ) ;
#3946 = CIRCLE ( 'NONE', #4265, 1.500000000000008216 ) ;
#3947 = CARTESIAN_POINT ( 'NONE',  ( 19.50000000000009948, -2.000000000000000000, 10.24999999999991829 ) ) ;
#3948 = ORIENTED_EDGE ( 'NONE', *, *, #2293, .T. ) ;
#3949 = ORGANIZATION ( '未指定', '未指定', '' ) ;
#3950 = LINE ( 'NONE', #2094, #1768 ) ;
#3951 = ORIENTED_EDGE ( 'NONE', *, *, #1399, .F. ) ;
#3952 = DIRECTION ( 'NONE',  ( -1.000000000000000000, -0.0000000000000000000, -0.0000000000000000000 ) ) ;
#3953 = DIRECTION ( 'NONE',  ( -1.000000000000000000, 0.0000000000000000000, 0.0000000000000000000 ) ) ;
#3954 = CIRCLE ( 'NONE', #2120, 1.499999999999987566 ) ;
#3955 = AXIS2_PLACEMENT_3D ( 'NONE', #107, #2143, #4146 ) ;
#3956 = ADVANCED_FACE ( 'NONE', ( #218, #1904, #3116, #2237, #1640, #1535, #4287, #4229, #2540, #4129, #1334, #2331, #3586, #440, #3800, #3010, #1791, #1223 ), #1945, .T. ) ;
#3957 = DIRECTION ( 'NONE',  ( -1.000000000000000000, 0.0000000000000000000, 0.0000000000000000000 ) ) ;
#3958 = ORIENTED_EDGE ( 'NONE', *, *, #178, .F. ) ;
#3959 = FACE_OUTER_BOUND ( 'NONE', #3071, .T. ) ;
#3960 = CARTESIAN_POINT ( 'NONE',  ( 27.00000000000000355, 37.81659999999999400, 57.24999999999999289 ) ) ;
#3961 = DIRECTION ( 'NONE',  ( -0.0000000000000000000, 1.000000000000000000, -0.0000000000000000000 ) ) ;
#3962 = CIRCLE ( 'NONE', #1941, 5.000000000000004441 ) ;
#3963 = EDGE_LOOP ( 'NONE', ( #647, #128 ) ) ;
#3964 = ORIENTED_EDGE ( 'NONE', *, *, #1701, .T. ) ;
#3965 = EDGE_LOOP ( 'NONE', ( #3231, #1381, #1139, #4150 ) ) ;
#3966 = ORIENTED_EDGE ( 'NONE', *, *, #747, .F. ) ;
#3967 = CARTESIAN_POINT ( 'NONE',  ( 25.00000000000000000, 0.7366000000000000325, 90.00000000000000000 ) ) ;
#3968 = DIRECTION ( 'NONE',  ( 0.0000000000000000000, 0.0000000000000000000, -1.000000000000000000 ) ) ;
#3969 = CARTESIAN_POINT ( 'NONE',  ( 27.00000000000000355, 37.81659999999999400, 79.75000000000000000 ) ) ;
#3970 = ORIENTED_EDGE ( 'NONE', *, *, #419, .T. ) ;
#3971 = CYLINDRICAL_SURFACE ( 'NONE', #659, 1.500000000000001332 ) ;
#3972 = LINE ( 'NONE', #1443, #2008 ) ;
#3973 = ORIENTED_EDGE ( 'NONE', *, *, #3346, .T. ) ;
#3974 = VECTOR ( 'NONE', #3913, 1000.000000000000000 ) ;
#3975 = CARTESIAN_POINT ( 'NONE',  ( -2.000000000000000000, 30.81659999999999044, 79.75000000000000000 ) ) ;
#3976 = DIRECTION ( 'NONE',  ( 0.0000000000000000000, 0.0000000000000000000, 1.000000000000000000 ) ) ;
#3977 = VECTOR ( 'NONE', #3650, 1000.000000000000000 ) ;
#3978 = ADVANCED_FACE ( 'NONE', ( #1421 ), #2231, .F. ) ;
#3979 = VERTEX_POINT ( 'NONE', #1305 ) ;
#3980 = EDGE_CURVE ( 'NONE', #457, #4322, #651, .T. ) ;
#3981 = DIRECTION ( 'NONE',  ( -1.000000000000000000, -0.0000000000000000000, -0.0000000000000000000 ) ) ;
#3982 = AXIS2_PLACEMENT_3D ( 'NONE', #2059, #3403, #53 ) ;
#3983 = DIRECTION ( 'NONE',  ( 0.0000000000000000000, 0.0000000000000000000, 1.000000000000000000 ) ) ;
#3984 = ORIENTED_EDGE ( 'NONE', *, *, #3303, .T. ) ;
#3985 = CARTESIAN_POINT ( 'NONE',  ( 0.0000000000000000000, 30.81659999999998689, 17.24999999999999289 ) ) ;
#3986 = EDGE_CURVE ( 'NONE', #1540, #416, #545, .T. ) ;
#3987 = CARTESIAN_POINT ( 'NONE',  ( 0.0000000000000000000, 30.81659999999999044, 40.99999999999999289 ) ) ;
#3988 = CARTESIAN_POINT ( 'NONE',  ( -2.000000000000000000, 30.81659999999997979, 72.75000000000008527 ) ) ;
#3989 = AXIS2_PLACEMENT_3D ( 'NONE', #2462, #1782, #3175 ) ;
#3990 = ORIENTED_EDGE ( 'NONE', *, *, #1780, .F. ) ;
#3991 = ORIENTED_EDGE ( 'NONE', *, *, #1547, .T. ) ;
#3992 = CARTESIAN_POINT ( 'NONE',  ( -2.000000000000000000, 30.81659999999998689, 1.749999999999996003 ) ) ;
#3993 = DIRECTION ( 'NONE',  ( 0.0000000000000000000, 0.0000000000000000000, 1.000000000000000000 ) ) ;
#3994 = DIRECTION ( 'NONE',  ( 0.0000000000000000000, 0.0000000000000000000, 1.000000000000000000 ) ) ;
#3995 = AXIS2_PLACEMENT_3D ( 'NONE', #4041, #4030, #698 ) ;
#3996 = EDGE_CURVE ( 'NONE', #4221, #1814, #3477, .T. ) ;
#3997 = DIRECTION ( 'NONE',  ( 0.0000000000000000000, 0.0000000000000000000, 1.000000000000000000 ) ) ;
#3998 = DIRECTION ( 'NONE',  ( -1.000000000000000000, 0.0000000000000000000, 0.0000000000000000000 ) ) ;
#3999 = COORDINATED_UNIVERSAL_TIME_OFFSET ( 8, 0, .AHEAD. ) ;
#4000 = CIRCLE ( 'NONE', #2414, 1.499999999999987566 ) ;
#4001 = DIRECTION ( 'NONE',  ( -1.000000000000000000, 0.0000000000000000000, 0.0000000000000000000 ) ) ;
#4002 = DIRECTION ( 'NONE',  ( -1.000000000000000000, 0.0000000000000000000, 0.0000000000000000000 ) ) ;
#4003 = ORIENTED_EDGE ( 'NONE', *, *, #2279, .T. ) ;
#4004 = FACE_OUTER_BOUND ( 'NONE', #343, .T. ) ;
#4005 = ORIENTED_EDGE ( 'NONE', *, *, #2959, .T. ) ;
#4006 = EDGE_CURVE ( 'NONE', #4181, #824, #1327, .T. ) ;
#4007 = FACE_BOUND ( 'NONE', #17, .T. ) ;
#4008 = DIRECTION ( 'NONE',  ( 1.000000000000000000, 0.0000000000000000000, 0.0000000000000000000 ) ) ;
#4009 = CIRCLE ( 'NONE', #2000, 1.500000000000004885 ) ;
#4010 = VERTEX_POINT ( 'NONE', #259 ) ;
#4011 = EDGE_LOOP ( 'NONE', ( #3257, #270, #3358, #5 ) ) ;
#4012 = EDGE_CURVE ( 'NONE', #1321, #1901, #3917, .T. ) ;
#4013 = AXIS2_PLACEMENT_3D ( 'NONE', #3988, #4002, #1331 ) ;
#4014 = EDGE_LOOP ( 'NONE', ( #3706, #215, #2381, #4144 ) ) ;
#4015 = ORIENTED_EDGE ( 'NONE', *, *, #1297, .T. ) ;
#4016 = DIRECTION ( 'NONE',  ( -1.000000000000000000, -0.0000000000000000000, -0.0000000000000000000 ) ) ;
#4017 = VERTEX_POINT ( 'NONE', #606 ) ;
#4018 = VECTOR ( 'NONE', #4093, 1000.000000000000000 ) ;
#4019 = CIRCLE ( 'NONE', #3647, 4.000000000000003553 ) ;
#4020 = LINE ( 'NONE', #3827, #2232 ) ;
#4021 = AXIS2_PLACEMENT_3D ( 'NONE', #3394, #2865, #2440 ) ;
#4022 = LINE ( 'NONE', #3289, #2069 ) ;
#4023 = EDGE_CURVE ( 'NONE', #3600, #868, #3003, .T. ) ;
#4024 = CIRCLE ( 'NONE', #2987, 1.500000000000001332 ) ;
#4025 = CARTESIAN_POINT ( 'NONE',  ( 12.50000000000014744, -10.00000000000000000, 50.49999999999998579 ) ) ;
#4026 = DIRECTION ( 'NONE',  ( 0.0000000000000000000, 0.0000000000000000000, 1.000000000000000000 ) ) ;
#4027 = VECTOR ( 'NONE', #3596, 1000.000000000000000 ) ;
#4028 = DIRECTION ( 'NONE',  ( -1.000000000000000000, -0.0000000000000000000, -0.0000000000000000000 ) ) ;
#4029 = ORIENTED_EDGE ( 'NONE', *, *, #1484, .F. ) ;
#4030 = DIRECTION ( 'NONE',  ( -1.000000000000000000, -0.0000000000000000000, -0.0000000000000000000 ) ) ;
#4031 = ORIENTED_EDGE ( 'NONE', *, *, #2162, .T. ) ;
#4032 = EDGE_LOOP ( 'NONE', ( #3812, #1464 ) ) ;
#4033 = DIRECTION ( 'NONE',  ( 0.0000000000000000000, 0.0000000000000000000, 1.000000000000000000 ) ) ;
#4034 = ORIENTED_EDGE ( 'NONE', *, *, #639, .T. ) ;
#4035 = EDGE_CURVE ( 'NONE', #1711, #82, #2422, .T. ) ;
#4036 = DIRECTION ( 'NONE',  ( 0.0000000000000000000, 0.0000000000000000000, 1.000000000000000000 ) ) ;
#4037 = DIRECTION ( 'NONE',  ( 0.0000000000000000000, 0.0000000000000000000, 1.000000000000000000 ) ) ;
#4038 = CARTESIAN_POINT ( 'NONE',  ( 27.00000000000000355, 23.81659999999998689, 10.24999999999999467 ) ) ;
#4039 = VERTEX_POINT ( 'NONE', #940 ) ;
#4040 = ORIENTED_EDGE ( 'NONE', *, *, #1079, .T. ) ;
#4041 = CARTESIAN_POINT ( 'NONE',  ( 27.00000000000000355, 37.81659999999999400, 31.25000000000000000 ) ) ;
#4042 = CARTESIAN_POINT ( 'NONE',  ( 25.00000000000000000, 30.81659999999998689, 10.24999999999999467 ) ) ;
#4043 = EDGE_LOOP ( 'NONE', ( #4168, #2390 ) ) ;
#4044 = VECTOR ( 'NONE', #449, 1000.000000000000000 ) ;
#4045 = VERTEX_POINT ( 'NONE', #3987 ) ;
#4046 = CARTESIAN_POINT ( 'NONE',  ( -2.000000000000000000, 30.81660000000005439, 88.25000000000009948 ) ) ;
#4047 = CARTESIAN_POINT ( 'NONE',  ( 12.50000000000000000, 0.0000000000000000000, 3.249999999999995115 ) ) ;
#4048 = APPROVAL ( #390, '未指定' ) ;
#4049 = FACE_BOUND ( 'NONE', #1952, .T. ) ;
#4050 = EDGE_CURVE ( 'NONE', #1696, #2712, #1682, .T. ) ;
#4051 = UNCERTAINTY_MEASURE_WITH_UNIT (LENGTH_MEASURE( 1.000000000000000082E-05 ), #376, 'distance_accuracy_value', 'NONE');
#4052 = EDGE_LOOP ( 'NONE', ( #427, #2314, #498, #1943 ) ) ;
#4053 = CARTESIAN_POINT ( 'NONE',  ( 12.50000000000000000, 0.0000000000000000000, 45.00000000000000000 ) ) ;
#4054 = FACE_BOUND ( 'NONE', #2351, .T. ) ;
#4055 = EDGE_LOOP ( 'NONE', ( #3016, #3305, #2576, #2498 ) ) ;
#4056 = CARTESIAN_POINT ( 'NONE',  ( -2.000000000000000000, 37.00000000000000711, 84.99999999999998579 ) ) ;
#4057 = EDGE_CURVE ( 'NONE', #3017, #3884, #1428, .T. ) ;
#4058 = AXIS2_PLACEMENT_3D ( 'NONE', #2072, #1737, #2377 ) ;
#4059 = CIRCLE ( 'NONE', #359, 1.500000000000001332 ) ;
#4060 = ORIENTED_EDGE ( 'NONE', *, *, #442, .F. ) ;
#4061 = EDGE_LOOP ( 'NONE', ( #1293, #2055, #3448, #643 ) ) ;
#4062 = CARTESIAN_POINT ( 'NONE',  ( 0.0000000000000000000, 30.81659999999998689, 3.249999999999996003 ) ) ;
#4063 = DIRECTION ( 'NONE',  ( 0.0000000000000000000, 0.0000000000000000000, 1.000000000000000000 ) ) ;
#4064 = CARTESIAN_POINT ( 'NONE',  ( 27.00000000000000355, 30.81660000000006150, 53.50000000000009237 ) ) ;
#4065 = EDGE_CURVE ( 'NONE', #1239, #808, #434, .T. ) ;
#4066 = ORIENTED_EDGE ( 'NONE', *, *, #3125, .F. ) ;
#4067 = VERTEX_POINT ( 'NONE', #927 ) ;
#4068 = AXIS2_PLACEMENT_3D ( 'NONE', #2247, #2291, #1551 ) ;
#4069 = ORIENTED_EDGE ( 'NONE', *, *, #733, .T. ) ;
#4070 = DIRECTION ( 'NONE',  ( -1.000000000000000000, -0.0000000000000000000, -0.0000000000000000000 ) ) ;
#4071 = CARTESIAN_POINT ( 'NONE',  ( 19.50000000000009948, -10.00000000000000000, 43.49999999999992184 ) ) ;
#4072 = DIRECTION ( 'NONE',  ( -0.0000000000000000000, -0.0000000000000000000, 1.000000000000000000 ) ) ;
#4073 = VECTOR ( 'NONE', #3683, 1000.000000000000000 ) ;
#4074 = CYLINDRICAL_SURFACE ( 'NONE', #3412, 1.499999999999999556 ) ;
#4075 = ORIENTED_EDGE ( 'NONE', *, *, #1191, .F. ) ;
#4076 = VECTOR ( 'NONE', #1839, 1000.000000000000000 ) ;
#4077 = PERSON_AND_ORGANIZATION_ROLE ( 'design_supplier' ) ;
#4078 = CIRCLE ( 'NONE', #3021, 2.736600000000000144 ) ;
#4079 = CARTESIAN_POINT ( 'NONE',  ( -2.000000000000000000, 30.81660000000006150, 52.00000000000008527 ) ) ;
#4080 = CC_DESIGN_PERSON_AND_ORGANIZATION_ASSIGNMENT ( #630, #1089, ( #3610 ) ) ;
#4081 = EDGE_CURVE ( 'NONE', #1475, #3146, #3320, .T. ) ;
#4082 = DIRECTION ( 'NONE',  ( 0.0000000000000000000, 0.0000000000000000000, -1.000000000000000000 ) ) ;
#4083 = CARTESIAN_POINT ( 'NONE',  ( 12.50000000000000000, -2.000000000000000000, 45.00000000000000000 ) ) ;
#4084 = ORIENTED_EDGE ( 'NONE', *, *, #2085, .T. ) ;
#4085 = ORIENTED_EDGE ( 'NONE', *, *, #1034, .F. ) ;
#4086 = EDGE_CURVE ( 'NONE', #767, #1467, #2116, .T. ) ;
#4087 = CARTESIAN_POINT ( 'NONE',  ( 0.7366000000000001435, 37.00000000000000711, 0.0000000000000000000 ) ) ;
#4088 = ORIENTED_EDGE ( 'NONE', *, *, #3346, .F. ) ;
#4089 = EDGE_CURVE ( 'NONE', #1841, #2282, #2579, .T. ) ;
#4090 = CARTESIAN_POINT ( 'NONE',  ( 27.00000000000000355, 30.81659999999998689, 3.249999999999996003 ) ) ;
#4091 = DIRECTION ( 'NONE',  ( 0.0000000000000000000, 0.0000000000000000000, -1.000000000000000000 ) ) ;
#4092 = AXIS2_PLACEMENT_3D ( 'NONE', #3681, #3341, #2986 ) ;
#4093 = DIRECTION ( 'NONE',  ( -0.0000000000000000000, -0.0000000000000000000, -1.000000000000000000 ) ) ;
#4094 = COORDINATED_UNIVERSAL_TIME_OFFSET ( 8, 0, .AHEAD. ) ;
#4095 = DIRECTION ( 'NONE',  ( -1.000000000000000000, 0.0000000000000000000, 0.0000000000000000000 ) ) ;
#4096 = DIRECTION ( 'NONE',  ( 0.0000000000000000000, 0.0000000000000000000, -1.000000000000000000 ) ) ;
#4097 = CARTESIAN_POINT ( 'NONE',  ( 27.00000000000000355, 30.81659999999999044, 75.75000000000000000 ) ) ;
#4098 = LOCAL_TIME ( 17, 25, 47.00000000000000000, #3999 ) ;
#4099 = AXIS2_PLACEMENT_3D ( 'NONE', #3975, #3957, #3618 ) ;
#4100 = FACE_OUTER_BOUND ( 'NONE', #2166, .T. ) ;
#4101 = DIRECTION ( 'NONE',  ( -1.000000000000000000, 0.0000000000000000000, 0.0000000000000000000 ) ) ;
#4102 = AXIS2_PLACEMENT_3D ( 'NONE', #3434, #1430, #460 ) ;
#4103 = DIRECTION ( 'NONE',  ( -1.000000000000000000, 0.0000000000000000000, 0.0000000000000000000 ) ) ;
#4104 = ORIENTED_EDGE ( 'NONE', *, *, #1349, .F. ) ;
#4105 = FACE_BOUND ( 'NONE', #4043, .T. ) ;
#4106 = CARTESIAN_POINT ( 'NONE',  ( 27.00000000000000355, 37.81659999999999400, 32.75000000000000000 ) ) ;
#4107 = CARTESIAN_POINT ( 'NONE',  ( 27.00000000000000355, 30.81660000000005439, 86.75000000000009948 ) ) ;
#4108 = EDGE_LOOP ( 'NONE', ( #388, #1713, #1843, #2075 ) ) ;
#4109 = CARTESIAN_POINT ( 'NONE',  ( 0.0000000000000000000, 0.0000000000000000000, 90.00000000000000000 ) ) ;
#4110 = FACE_BOUND ( 'NONE', #665, .T. ) ;
#4111 = VECTOR ( 'NONE', #4263, 1000.000000000000000 ) ;
#4112 = ORIENTED_EDGE ( 'NONE', *, *, #4050, .F. ) ;
#4113 = CARTESIAN_POINT ( 'NONE',  ( 27.00000000000000355, 30.81659999999997979, 74.25000000000008527 ) ) ;
#4114 = CARTESIAN_POINT ( 'NONE',  ( 12.50000000000000000, -2.000000000000000000, 75.75000000000000000 ) ) ;
#4115 = DIRECTION ( 'NONE',  ( 0.0000000000000000000, 0.0000000000000000000, -1.000000000000000000 ) ) ;
#4116 = ORIENTED_EDGE ( 'NONE', *, *, #3078, .T. ) ;
#4117 = CYLINDRICAL_SURFACE ( 'NONE', #3925, 1.500000000000001332 ) ;
#4118 = VERTEX_POINT ( 'NONE', #3036 ) ;
#4119 = EDGE_CURVE ( 'NONE', #315, #4118, #2901, .T. ) ;
#4120 = AXIS2_PLACEMENT_3D ( 'NONE', #409, #2753, #3137 ) ;
#4121 = CYLINDRICAL_SURFACE ( 'NONE', #2897, 4.000000000000003553 ) ;
#4122 = FACE_OUTER_BOUND ( 'NONE', #4311, .T. ) ;
#4123 = DIRECTION ( 'NONE',  ( -1.000000000000000000, -0.0000000000000000000, -0.0000000000000000000 ) ) ;
#4124 = VECTOR ( 'NONE', #1164, 1000.000000000000000 ) ;
#4125 = EDGE_CURVE ( 'NONE', #4359, #3264, #547, .T. ) ;
#4126 = FACE_BOUND ( 'NONE', #4380, .T. ) ;
#4127 = AXIS2_PLACEMENT_3D ( 'NONE', #4261, #3202, #2923 ) ;
#4128 = CIRCLE ( 'NONE', #2318, 1.500000000000001332 ) ;
#4129 = FACE_BOUND ( 'NONE', #2680, .T. ) ;
#4130 = CARTESIAN_POINT ( 'NONE',  ( 27.00000000000000355, 37.81659999999998689, 10.24999999999999467 ) ) ;
#4131 = DIRECTION ( 'NONE',  ( 0.0000000000000000000, 1.000000000000000000, 0.0000000000000000000 ) ) ;
#4132 = DIRECTION ( 'NONE',  ( -1.000000000000000000, 0.0000000000000000000, 0.0000000000000000000 ) ) ;
#4133 = EDGE_LOOP ( 'NONE', ( #2662, #3452, #3495, #669 ) ) ;
#4134 = ORIENTED_EDGE ( 'NONE', *, *, #3871, .F. ) ;
#4135 = CARTESIAN_POINT ( 'NONE',  ( 27.00000000000000355, 0.7366000000000000325, 0.0000000000000000000 ) ) ;
#4136 = DIRECTION ( 'NONE',  ( 0.0000000000000000000, 0.0000000000000000000, 1.000000000000000000 ) ) ;
#4137 = AXIS2_PLACEMENT_3D ( 'NONE', #1100, #1740, #3453 ) ;
#4138 = VERTEX_POINT ( 'NONE', #352 ) ;
#4139 = EDGE_LOOP ( 'NONE', ( #2141, #4354 ) ) ;
#4140 = EDGE_CURVE ( 'NONE', #2475, #1812, #658, .T. ) ;
#4141 = ORIENTED_EDGE ( 'NONE', *, *, #158, .F. ) ;
#4142 = DIRECTION ( 'NONE',  ( -1.000000000000000000, 0.0000000000000000000, -0.0000000000000000000 ) ) ;
#4143 = ORIENTED_EDGE ( 'NONE', *, *, #2690, .F. ) ;
#4144 = ORIENTED_EDGE ( 'NONE', *, *, #948, .T. ) ;
#4145 = CARTESIAN_POINT ( 'NONE',  ( 27.00000000000000355, 37.81659999999998689, 10.24999999999999467 ) ) ;
#4146 = DIRECTION ( 'NONE',  ( 0.0000000000000000000, 0.0000000000000000000, 1.000000000000000000 ) ) ;
#4147 = CARTESIAN_POINT ( 'NONE',  ( 12.50000000000014744, 0.0000000000000000000, 17.24999999999998934 ) ) ;
#4148 = AXIS2_PLACEMENT_3D ( 'NONE', #3286, #3299, #656 ) ;
#4149 = CARTESIAN_POINT ( 'NONE',  ( 12.50000000000000000, 0.0000000000000000000, 14.24999999999999467 ) ) ;
#4150 = ORIENTED_EDGE ( 'NONE', *, *, #4006, .T. ) ;
#4151 = CARTESIAN_POINT ( 'NONE',  ( 27.00000000000000355, 23.81659999999998689, 11.74999999999999645 ) ) ;
#4152 = EDGE_CURVE ( 'NONE', #3611, #591, #1176, .T. ) ;
#4153 = DIRECTION ( 'NONE',  ( -1.000000000000000000, 0.0000000000000000000, 0.0000000000000000000 ) ) ;
#4154 = AXIS2_PLACEMENT_3D ( 'NONE', #3714, #383, #729 ) ;
#4155 = CIRCLE ( 'NONE', #3186, 1.500000000000008216 ) ;
#4156 = ADVANCED_FACE ( 'NONE', ( #552 ), #2374, .F. ) ;
#4157 = DIRECTION ( 'NONE',  ( 0.0000000000000000000, 0.0000000000000000000, -1.000000000000000000 ) ) ;
#4158 = CYLINDRICAL_SURFACE ( 'NONE', #570, 1.500000000000008216 ) ;
#4159 = DIRECTION ( 'NONE',  ( 0.0000000000000000000, 0.0000000000000000000, 1.000000000000000000 ) ) ;
#4160 = VECTOR ( 'NONE', #1807, 1000.000000000000000 ) ;
#4161 = ORIENTED_EDGE ( 'NONE', *, *, #350, .T. ) ;
#4162 = CARTESIAN_POINT ( 'NONE',  ( 12.50000000000000000, -10.00000000000000000, 75.75000000000000000 ) ) ;
#4163 = AXIS2_PLACEMENT_3D ( 'NONE', #3662, #1311, #1974 ) ;
#4164 = CIRCLE ( 'NONE', #1708, 1.500000000000001332 ) ;
#4165 = EDGE_CURVE ( 'NONE', #1475, #3825, #2903, .T. ) ;
#4166 = CARTESIAN_POINT ( 'NONE',  ( 12.50000000000000000, -2.000000000000000000, 10.24999999999999467 ) ) ;
#4167 = DIRECTION ( 'NONE',  ( 0.0000000000000000000, 0.0000000000000000000, 1.000000000000000000 ) ) ;
#4168 = ORIENTED_EDGE ( 'NONE', *, *, #1881, .F. ) ;
#4169 = DIRECTION ( 'NONE',  ( 0.0000000000000000000, 0.0000000000000000000, -1.000000000000000000 ) ) ;
#4170 = DIRECTION ( 'NONE',  ( 0.0000000000000000000, 1.000000000000000000, 0.0000000000000000000 ) ) ;
#4171 = LINE ( 'NONE', #3574, #3262 ) ;
#4172 = VERTEX_POINT ( 'NONE', #3718 ) ;
#4173 = VERTEX_POINT ( 'NONE', #1342 ) ;
#4174 = PLANE ( 'NONE',  #2760 ) ;
#4175 = DIRECTION ( 'NONE',  ( 0.0000000000000000000, 0.0000000000000000000, -1.000000000000000000 ) ) ;
#4176 = DIRECTION ( 'NONE',  ( -1.000000000000000000, 0.0000000000000000000, 0.0000000000000000000 ) ) ;
#4177 = VERTEX_POINT ( 'NONE', #2017 ) ;
#4178 = ORIENTED_EDGE ( 'NONE', *, *, #1573, .F. ) ;
#4179 = ADVANCED_FACE ( 'NONE', ( #3059 ), #2090, .F. ) ;
#4180 = DIRECTION ( 'NONE',  ( -1.000000000000000000, -0.0000000000000000000, -0.0000000000000000000 ) ) ;
#4181 = VERTEX_POINT ( 'NONE', #998 ) ;
#4182 = CIRCLE ( 'NONE', #1187, 1.499999999999987566 ) ;
#4183 = CARTESIAN_POINT ( 'NONE',  ( 27.00000000000000355, 30.81660000000006150, 50.50000000000008527 ) ) ;
#4184 = LINE ( 'NONE', #2461, #1962 ) ;
#4185 = LINE ( 'NONE', #1498, #1964 ) ;
#4186 = AXIS2_PLACEMENT_3D ( 'NONE', #475, #4136, #78 ) ;
#4187 = CARTESIAN_POINT ( 'NONE',  ( -2.000000000000000000, 0.7365999999999990333, 90.00000000000000000 ) ) ;
#4188 = CARTESIAN_POINT ( 'NONE',  ( 27.00000000000000355, 37.81659999999999400, 46.50000000000000000 ) ) ;
#4189 = CIRCLE ( 'NONE', #2512, 1.500000000000001332 ) ;
#4190 = ORIENTED_EDGE ( 'NONE', *, *, #114, .F. ) ;
#4191 = ORIENTED_EDGE ( 'NONE', *, *, #4165, .T. ) ;
#4192 = CARTESIAN_POINT ( 'NONE',  ( 27.00000000000000355, 30.81659999999999044, 45.00000000000000000 ) ) ;
#4193 = DIRECTION ( 'NONE',  ( -1.000000000000000000, 0.0000000000000000000, 0.0000000000000000000 ) ) ;
#4194 = DIRECTION ( 'NONE',  ( -1.000000000000000000, -0.0000000000000000000, -0.0000000000000000000 ) ) ;
#4195 = DIRECTION ( 'NONE',  ( 0.0000000000000000000, 0.0000000000000000000, 1.000000000000000000 ) ) ;
#4196 = ORIENTED_EDGE ( 'NONE', *, *, #2759, .F. ) ;
#4197 = DIRECTION ( 'NONE',  ( 1.000000000000000000, 0.0000000000000000000, 0.0000000000000000000 ) ) ;
#4198 = ADVANCED_FACE ( 'NONE', ( #2771 ), #1880, .F. ) ;
#4199 = ORIENTED_EDGE ( 'NONE', *, *, #2450, .F. ) ;
#4200 = CARTESIAN_POINT ( 'NONE',  ( -2.000000000000000000, 30.81659999999999044, 40.99999999999999289 ) ) ;
#4201 = CARTESIAN_POINT ( 'NONE',  ( 0.0000000000000000000, 23.81659999999997979, 46.50000000000014921 ) ) ;
#4202 = EDGE_CURVE ( 'NONE', #2079, #1819, #2715, .T. ) ;
#4203 = AXIS2_PLACEMENT_3D ( 'NONE', #1641, #3317, #1312 ) ;
#4204 = CARTESIAN_POINT ( 'NONE',  ( 25.00000000000000000, 37.81659999999998689, 8.749999999999994671 ) ) ;
#4205 = CARTESIAN_POINT ( 'NONE',  ( 27.00000000000000355, 37.81659999999999400, 60.25000000000000000 ) ) ;
#4206 = FACE_OUTER_BOUND ( 'NONE', #423, .T. ) ;
#4207 = EDGE_CURVE ( 'NONE', #3345, #1899, #1829, .T. ) ;
#4208 = DIRECTION ( 'NONE',  ( -1.000000000000000000, -8.831405151931884809E-16, 0.0000000000000000000 ) ) ;
#4209 = AXIS2_PLACEMENT_3D ( 'NONE', #117, #3478, #66 ) ;
#4210 = VERTEX_POINT ( 'NONE', #2684 ) ;
#4211 = CYLINDRICAL_SURFACE ( 'NONE', #1218, 1.500000000000001332 ) ;
#4212 = ORIENTED_EDGE ( 'NONE', *, *, #1216, .F. ) ;
#4213 = CARTESIAN_POINT ( 'NONE',  ( 0.0000000000000000000, 30.81659999999998689, 4.749999999999995559 ) ) ;
#4214 = PLANE ( 'NONE',  #2529 ) ;
#4215 = CIRCLE ( 'NONE', #1633, 1.500000000000001332 ) ;
#4216 = ADVANCED_FACE ( 'NONE', ( #3402 ), #2935, .F. ) ;
#4217 = CARTESIAN_POINT ( 'NONE',  ( 27.00000000000000355, 30.81659999999995847, 36.50000000000006395 ) ) ;
#4218 = CC_DESIGN_PERSON_AND_ORGANIZATION_ASSIGNMENT ( #3295, #1382, ( #2993 ) ) ;
#4219 = FACE_BOUND ( 'NONE', #3668, .T. ) ;
#4220 = EDGE_LOOP ( 'NONE', ( #2308, #1578, #601, #768 ) ) ;
#4221 = VERTEX_POINT ( 'NONE', #3670 ) ;
#4222 = EDGE_CURVE ( 'NONE', #4172, #2288, #1202, .T. ) ;
#4223 = DIRECTION ( 'NONE',  ( 0.0000000000000000000, 0.0000000000000000000, 1.000000000000000000 ) ) ;
#4224 = CARTESIAN_POINT ( 'NONE',  ( 27.00000000000000355, 37.81659999999999400, 78.25000000000000000 ) ) ;
#4225 = ORIENTED_EDGE ( 'NONE', *, *, #3996, .F. ) ;
#4226 = ORIENTED_EDGE ( 'NONE', *, *, #2605, .F. ) ;
#4227 = CARTESIAN_POINT ( 'NONE',  ( 27.00000000000000355, 23.81659999999997979, 46.50000000000014921 ) ) ;
#4228 = FACE_BOUND ( 'NONE', #3842, .T. ) ;
#4229 = FACE_BOUND ( 'NONE', #1878, .T. ) ;
#4230 = VECTOR ( 'NONE', #4070, 1000.000000000000000 ) ;
#4231 = EDGE_CURVE ( 'NONE', #2245, #785, #1614, .T. ) ;
#4232 = CARTESIAN_POINT ( 'NONE',  ( 19.50000000000009948, 0.0000000000000000000, 46.49999999999992184 ) ) ;
#4233 = CARTESIAN_POINT ( 'NONE',  ( 25.00000000000000000, 0.7366000000000000325, 0.0000000000000000000 ) ) ;
#4234 = VECTOR ( 'NONE', #4353, 1000.000000000000000 ) ;
#4235 = CIRCLE ( 'NONE', #3616, 1.499999999999999556 ) ;
#4236 = VECTOR ( 'NONE', #4325, 1000.000000000000000 ) ;
#4237 = DIRECTION ( 'NONE',  ( 0.0000000000000000000, 0.0000000000000000000, 1.000000000000000000 ) ) ;
#4238 = EDGE_CURVE ( 'NONE', #2399, #4067, #1990, .T. ) ;
#4239 = CARTESIAN_POINT ( 'NONE',  ( 27.00000000000000355, 30.81659999999998689, 15.74999999999999289 ) ) ;
#4240 = AXIS2_PLACEMENT_3D ( 'NONE', #3153, #2225, #2501 ) ;
#4241 = ORIENTED_EDGE ( 'NONE', *, *, #528, .F. ) ;
#4242 = ORIENTED_EDGE ( 'NONE', *, *, #971, .T. ) ;
#4243 = ORIENTED_EDGE ( 'NONE', *, *, #3140, .F. ) ;
#4244 = CARTESIAN_POINT ( 'NONE',  ( 25.00000000000000000, 37.81659999999999400, 58.75000000000000000 ) ) ;
#4245 = ADVANCED_FACE ( 'NONE', ( #3032 ), #3836, .F. ) ;
#4246 = ORIENTED_EDGE ( 'NONE', *, *, #178, .T. ) ;
#4247 = ORIENTED_EDGE ( 'NONE', *, *, #295, .T. ) ;
#4248 = VERTEX_POINT ( 'NONE', #1709 ) ;
#4249 = AXIS2_PLACEMENT_3D ( 'NONE', #8, #3052, #1039 ) ;
#4250 = DIRECTION ( 'NONE',  ( 0.0000000000000000000, 0.0000000000000000000, 1.000000000000000000 ) ) ;
#4251 = DIRECTION ( 'NONE',  ( -1.000000000000000000, -0.0000000000000000000, -0.0000000000000000000 ) ) ;
#4252 = DIRECTION ( 'NONE',  ( 0.0000000000000000000, 0.0000000000000000000, -1.000000000000000000 ) ) ;
#4253 = AXIS2_PLACEMENT_3D ( 'NONE', #3195, #228, #3533 ) ;
#4254 = EDGE_CURVE ( 'NONE', #1052, #3979, #2507, .T. ) ;
#4255 = ORIENTED_EDGE ( 'NONE', *, *, #1620, .T. ) ;
#4256 = EDGE_LOOP ( 'NONE', ( #817, #230, #3641, #2200 ) ) ;
#4257 = DIRECTION ( 'NONE',  ( 0.0000000000000000000, 0.0000000000000000000, 1.000000000000000000 ) ) ;
#4258 = CARTESIAN_POINT ( 'NONE',  ( 5.500000000000100364, 0.0000000000000000000, 46.50000000000002842 ) ) ;
#4259 = ORIENTED_EDGE ( 'NONE', *, *, #2615, .T. ) ;
#4260 = DIRECTION ( 'NONE',  ( 0.0000000000000000000, 0.0000000000000000000, 1.000000000000000000 ) ) ;
#4261 = CARTESIAN_POINT ( 'NONE',  ( 27.00000000000000355, 30.81659999999998689, 3.249999999999996003 ) ) ;
#4262 = FACE_OUTER_BOUND ( 'NONE', #3189, .T. ) ;
#4263 = DIRECTION ( 'NONE',  ( -0.0000000000000000000, 1.000000000000000000, -0.0000000000000000000 ) ) ;
#4264 = EDGE_CURVE ( 'NONE', #1365, #91, #930, .T. ) ;
#4265 = AXIS2_PLACEMENT_3D ( 'NONE', #2763, #4176, #3847 ) ;
#4266 = ADVANCED_FACE ( 'NONE', ( #720 ), #2041, .F. ) ;
#4267 = DIRECTION ( 'NONE',  ( 0.0000000000000000000, 1.000000000000000000, 0.0000000000000000000 ) ) ;
#4268 = FACE_BOUND ( 'NONE', #2066, .T. ) ;
#4269 = LINE ( 'NONE', #137, #1459 ) ;
#4270 = DIRECTION ( 'NONE',  ( 0.0000000000000000000, 0.0000000000000000000, 1.000000000000000000 ) ) ;
#4271 = DIRECTION ( 'NONE',  ( 0.0000000000000000000, 0.0000000000000000000, 1.000000000000000000 ) ) ;
#4272 = VERTEX_POINT ( 'NONE', #1755 ) ;
#4273 = CARTESIAN_POINT ( 'NONE',  ( 0.0000000000000000000, 30.81660000000005439, 88.25000000000009948 ) ) ;
#4274 = VECTOR ( 'NONE', #1845, 1000.000000000000000 ) ;
#4275 = ORIENTED_EDGE ( 'NONE', *, *, #1472, .T. ) ;
#4276 = DIRECTION ( 'NONE',  ( -1.000000000000000000, -0.0000000000000000000, -0.0000000000000000000 ) ) ;
#4277 = DIRECTION ( 'NONE',  ( 0.0000000000000000000, 0.0000000000000000000, 1.000000000000000000 ) ) ;
#4278 = DIRECTION ( 'NONE',  ( 0.0000000000000000000, 0.0000000000000000000, 1.000000000000000000 ) ) ;
#4279 = LINE ( 'NONE', #4071, #2473 ) ;
#4280 = VERTEX_POINT ( 'NONE', #38 ) ;
#4281 = ORIENTED_EDGE ( 'NONE', *, *, #821, .T. ) ;
#4282 = CARTESIAN_POINT ( 'NONE',  ( 27.00000000000000355, 37.81659999999999400, 58.75000000000000000 ) ) ;
#4283 = CARTESIAN_POINT ( 'NONE',  ( 27.00000000000000355, 23.81659999999998689, 11.74999999999999645 ) ) ;
#4284 = VERTEX_POINT ( 'NONE', #430 ) ;
#4285 = EDGE_CURVE ( 'NONE', #4067, #2399, #2613, .T. ) ;
#4286 = CARTESIAN_POINT ( 'NONE',  ( 27.00000000000000355, 37.81659999999999400, 32.75000000000000000 ) ) ;
#4287 = FACE_BOUND ( 'NONE', #977, .T. ) ;
#4288 = DIRECTION ( 'NONE',  ( 0.0000000000000000000, 0.0000000000000000000, 1.000000000000000000 ) ) ;
#4289 = DIRECTION ( 'NONE',  ( 0.0000000000000000000, 0.0000000000000000000, 1.000000000000000000 ) ) ;
#4290 = ORIENTED_EDGE ( 'NONE', *, *, #875, .F. ) ;
#4291 = FACE_OUTER_BOUND ( 'NONE', #4256, .T. ) ;
#4292 = LINE ( 'NONE', #4151, #3274 ) ;
#4293 = FACE_OUTER_BOUND ( 'NONE', #3910, .T. ) ;
#4294 = ADVANCED_FACE ( 'NONE', ( #3775 ), #14, .F. ) ;
#4295 = CYLINDRICAL_SURFACE ( 'NONE', #2425, 4.000000000000003553 ) ;
#4296 = EDGE_CURVE ( 'NONE', #2149, #4173, #3566, .T. ) ;
#4297 = AXIS2_PLACEMENT_3D ( 'NONE', #2366, #1362, #87 ) ;
#4298 = CARTESIAN_POINT ( 'NONE',  ( -2.000000000000000000, 42.00000000000000000, 90.00000000000000000 ) ) ;
#4299 = ORIENTED_EDGE ( 'NONE', *, *, #3518, .T. ) ;
#4300 = DIRECTION ( 'NONE',  ( 0.0000000000000000000, 0.0000000000000000000, 1.000000000000000000 ) ) ;
#4301 = EDGE_LOOP ( 'NONE', ( #2703, #318 ) ) ;
#4302 = EDGE_CURVE ( 'NONE', #1812, #2475, #3721, .T. ) ;
#4303 = DIRECTION ( 'NONE',  ( -1.000000000000000000, 0.0000000000000000000, 0.0000000000000000000 ) ) ;
#4304 = AXIS2_PLACEMENT_3D ( 'NONE', #222, #1241, #1569 ) ;
#4305 = ORIENTED_EDGE ( 'NONE', *, *, #1007, .F. ) ;
#4306 = ORIENTED_EDGE ( 'NONE', *, *, #2605, .T. ) ;
#4307 = DIRECTION ( 'NONE',  ( 1.000000000000000000, 0.0000000000000000000, 0.0000000000000000000 ) ) ;
#4308 = CC_DESIGN_PERSON_AND_ORGANIZATION_ASSIGNMENT ( #1505, #4077, ( #526 ) ) ;
#4309 = ORIENTED_EDGE ( 'NONE', *, *, #2637, .T. ) ;
#4310 = EDGE_CURVE ( 'NONE', #2910, #824, #2875, .T. ) ;
#4311 = EDGE_LOOP ( 'NONE', ( #2417, #2549, #2726, #3939 ) ) ;
#4312 = ORIENTED_EDGE ( 'NONE', *, *, #2293, .F. ) ;
#4313 = APPROVAL_PERSON_ORGANIZATION ( #1259, #2014, #2426 ) ;
#4314 = EDGE_CURVE ( 'NONE', #416, #1540, #1087, .T. ) ;
#4315 = VECTOR ( 'NONE', #740, 1000.000000000000000 ) ;
#4316 = ORIENTED_EDGE ( 'NONE', *, *, #813, .F. ) ;
#4317 = DIRECTION ( 'NONE',  ( -0.0000000000000000000, -0.0000000000000000000, -1.000000000000000000 ) ) ;
#4318 = DIRECTION ( 'NONE',  ( 0.0000000000000000000, -0.0000000000000000000, 1.000000000000000000 ) ) ;
#4319 = LINE ( 'NONE', #1448, #527 ) ;
#4320 = EDGE_CURVE ( 'NONE', #1644, #2712, #196, .T. ) ;
#4321 = DIRECTION ( 'NONE',  ( 0.0000000000000000000, 0.0000000000000000000, -1.000000000000000000 ) ) ;
#4322 = VERTEX_POINT ( 'NONE', #2746 ) ;
#4323 = AXIS2_PLACEMENT_3D ( 'NONE', #40, #3053, #2402 ) ;
#4324 = DIRECTION ( 'NONE',  ( 1.000000000000000000, 0.0000000000000000000, 0.0000000000000000000 ) ) ;
#4325 = DIRECTION ( 'NONE',  ( -1.000000000000000000, -0.0000000000000000000, -0.0000000000000000000 ) ) ;
#4326 = FACE_BOUND ( 'NONE', #1273, .T. ) ;
#4327 = FACE_BOUND ( 'NONE', #3816, .T. ) ;
#4328 = VERTEX_POINT ( 'NONE', #160 ) ;
#4329 = VERTEX_POINT ( 'NONE', #879 ) ;
#4330 = AXIS2_PLACEMENT_3D ( 'NONE', #2599, #243, #1556 ) ;
#4331 = AXIS2_PLACEMENT_3D ( 'NONE', #99, #4169, #3772 ) ;
#4332 = EDGE_LOOP ( 'NONE', ( #705, #1244 ) ) ;
#4333 = EDGE_LOOP ( 'NONE', ( #4196, #3436 ) ) ;
#4334 = EDGE_CURVE ( 'NONE', #2074, #1618, #300, .T. ) ;
#4335 = CARTESIAN_POINT ( 'NONE',  ( 0.0000000000000000000, 42.00000000000000000, 5.000000000000031974 ) ) ;
#4336 = CARTESIAN_POINT ( 'NONE',  ( 19.50000000000009948, -10.00000000000000000, 44.99999999999992184 ) ) ;
#4337 = DIRECTION ( 'NONE',  ( 0.0000000000000000000, 1.000000000000000000, 0.0000000000000000000 ) ) ;
#4338 = LINE ( 'NONE', #1409, #433 ) ;
#4339 = CYLINDRICAL_SURFACE ( 'NONE', #2487, 1.500000000000001332 ) ;
#4340 = VERTEX_POINT ( 'NONE', #1390 ) ;
#4341 = VECTOR ( 'NONE', #525, 1000.000000000000000 ) ;
#4342 = DIRECTION ( 'NONE',  ( 0.0000000000000000000, 1.000000000000000000, 0.0000000000000000000 ) ) ;
#4343 = CARTESIAN_POINT ( 'NONE',  ( 27.00000000000000355, 30.81660000000006150, 52.00000000000008527 ) ) ;
#4344 = LINE ( 'NONE', #1989, #4234 ) ;
#4345 = CIRCLE ( 'NONE', #2730, 1.499999999999987566 ) ;
#4346 = VERTEX_POINT ( 'NONE', #758 ) ;
#4347 = VERTEX_POINT ( 'NONE', #2441 ) ;
#4348 = ORIENTED_EDGE ( 'NONE', *, *, #4086, .T. ) ;
#4349 = EDGE_CURVE ( 'NONE', #591, #3611, #3083, .T. ) ;
#4350 = PLANE ( 'NONE',  #4163 ) ;
#4351 = CARTESIAN_POINT ( 'NONE',  ( -2.000000000000000000, 23.81659999999998689, 10.24999999999999467 ) ) ;
#4352 = AXIS2_PLACEMENT_3D ( 'NONE', #4056, #2348, #1674 ) ;
#4353 = DIRECTION ( 'NONE',  ( -1.000000000000000000, 0.0000000000000000000, 0.0000000000000000000 ) ) ;
#4354 = ORIENTED_EDGE ( 'NONE', *, *, #3474, .F. ) ;
#4355 = VERTEX_POINT ( 'NONE', #1062 ) ;
#4356 = EDGE_CURVE ( 'NONE', #1190, #1874, #2261, .T. ) ;
#4357 = DIRECTION ( 'NONE',  ( 0.0000000000000000000, 1.000000000000000000, 0.0000000000000000000 ) ) ;
#4358 = AXIS2_PLACEMENT_3D ( 'NONE', #3165, #3208, #3487 ) ;
#4359 = VERTEX_POINT ( 'NONE', #76 ) ;
#4360 = ORIENTED_EDGE ( 'NONE', *, *, #2547, .F. ) ;
#4361 = ORIENTED_EDGE ( 'NONE', *, *, #3822, .F. ) ;
#4362 = CARTESIAN_POINT ( 'NONE',  ( 27.00000000000000355, 0.0000000000000000000, 90.00000000000000000 ) ) ;
#4363 = DIRECTION ( 'NONE',  ( 0.0000000000000000000, 0.0000000000000000000, 1.000000000000000000 ) ) ;
#4364 = CARTESIAN_POINT ( 'NONE',  ( 27.00000000000000355, 37.81659999999999400, 58.75000000000000000 ) ) ;
#4365 = AXIS2_PLACEMENT_3D ( 'NONE', #4130, #3406, #3751 ) ;
#4366 = EDGE_CURVE ( 'NONE', #3135, #369, #1396, .T. ) ;
#4367 = CYLINDRICAL_SURFACE ( 'NONE', #3095, 1.500000000000001332 ) ;
#4368 = DIRECTION ( 'NONE',  ( -1.000000000000000000, -0.0000000000000000000, -0.0000000000000000000 ) ) ;
#4369 = VECTOR ( 'NONE', #1503, 1000.000000000000000 ) ;
#4370 = FACE_OUTER_BOUND ( 'NONE', #2635, .T. ) ;
#4371 = CARTESIAN_POINT ( 'NONE',  ( -2.000000000000000000, 0.0000000000000000000, 0.0000000000000000000 ) ) ;
#4372 = ORIENTED_EDGE ( 'NONE', *, *, #2388, .F. ) ;
#4373 = EDGE_CURVE ( 'NONE', #946, #2270, #3671, .T. ) ;
#4374 = FACE_BOUND ( 'NONE', #1040, .T. ) ;
#4375 = CARTESIAN_POINT ( 'NONE',  ( 12.50000000000014744, -2.000000000000000000, 51.99999999999999289 ) ) ;
#4376 = DIRECTION ( 'NONE',  ( -0.0000000000000000000, 1.000000000000000000, -0.0000000000000000000 ) ) ;
#4377 = DIRECTION ( 'NONE',  ( -0.0000000000000000000, 1.000000000000000000, -0.0000000000000000000 ) ) ;
#4378 = ORIENTED_EDGE ( 'NONE', *, *, #2833, .T. ) ;
#4379 = EDGE_CURVE ( 'NONE', #3607, #691, #519, .T. ) ;
#4380 = EDGE_LOOP ( 'NONE', ( #2433, #3556 ) ) ;
#4381 = ORIENTED_EDGE ( 'NONE', *, *, #60, .T. ) ;
#4382 = CARTESIAN_POINT ( 'NONE',  ( 0.0000000000000000000, 37.81659999999999400, 31.25000000000000000 ) ) ;
#4383 = DIRECTION ( 'NONE',  ( -0.0000000000000000000, 1.000000000000000000, -0.0000000000000000000 ) ) ;
#4384 = DIRECTION ( 'NONE',  ( 0.0000000000000000000, 0.0000000000000000000, -1.000000000000000000 ) ) ;
#4385 = ORIENTED_EDGE ( 'NONE', *, *, #1392, .F. ) ;
#4386 = ORIENTED_EDGE ( 'NONE', *, *, #1541, .F. ) ;
#4387 = CIRCLE ( 'NONE', #3881, 1.500000000000001332 ) ;
#4388 = AXIS2_PLACEMENT_3D ( 'NONE', #346, #30, #3063 ) ;
#4389 = FACE_OUTER_BOUND ( 'NONE', #563, .T. ) ;
#4390 = EDGE_CURVE ( 'NONE', #2526, #1645, #2982, .T. ) ;
#4391 = FACE_OUTER_BOUND ( 'NONE', #1549, .T. ) ;
#4392 = FACE_OUTER_BOUND ( 'NONE', #1784, .T. ) ;
#4393 = DIRECTION ( 'NONE',  ( -1.000000000000000000, 0.0000000000000000000, 0.0000000000000000000 ) ) ;
#4394 = VERTEX_POINT ( 'NONE', #10 ) ;
#4395 = ORIENTED_EDGE ( 'NONE', *, *, #4165, .F. ) ;
ENDSEC;
END-ISO-10303-21;
