ISO-10303-21;
HEADER;
FILE_DESCRIPTION (( 'STEP AP214' ),
    '1' );
FILE_NAME ('一字型支架.STEP',
    '2017-10-14T09:36:16',
    ( '' ),
    ( '' ),
    'SwSTEP 2.0',
    'SolidWorks 2014',
    '' );
FILE_SCHEMA (( 'AUTOMOTIVE_DESIGN' ));
ENDSEC;

DATA;
#1 = FILL_AREA_STYLE_COLOUR ( '', #957 ) ;
#2 = CARTESIAN_POINT ( 'NONE',  ( 32.50000000000000000, 1.836970198721030700E-016, 2.000000000000000000 ) ) ;
#3 = PRESENTATION_STYLE_ASSIGNMENT (( #305 ) ) ;
#4 = ADVANCED_FACE ( 'NONE', ( #518 ), #288, .F. ) ;
#5 = DIRECTION ( 'NONE',  ( 1.000000000000000000, 9.130123557772669600E-017, 0.0000000000000000000 ) ) ;
#6 = SURFACE_STYLE_FILL_AREA ( #321 ) ;
#7 = DIRECTION ( 'NONE',  ( -1.000000000000000000, 0.0000000000000000000, 0.0000000000000000000 ) ) ;
#8 =( GEOMETRIC_REPRESENTATION_CONTEXT ( 3 ) GLOBAL_UNCERTAINTY_ASSIGNED_CONTEXT ( ( #930 ) ) GLOBAL_UNIT_ASSIGNED_CONTEXT ( ( #72, #805, #920 ) ) REPRESENTATION_CONTEXT ( 'NONE', 'WORKASPACE' ) );
#9 = DIRECTION ( 'NONE',  ( -0.0000000000000000000, -0.0000000000000000000, -1.000000000000000000 ) ) ;
#10 = VERTEX_POINT ( 'NONE', #941 ) ;
#11 = AXIS2_PLACEMENT_3D ( 'NONE', #1277, #1268, #318 ) ;
#12 = DIRECTION ( 'NONE',  ( -0.0000000000000000000, -0.0000000000000000000, -1.000000000000000000 ) ) ;
#13 = ORIENTED_EDGE ( 'NONE', *, *, #864, .T. ) ;
#14 = FILL_AREA_STYLE_COLOUR ( '', #846 ) ;
#15 = VERTEX_POINT ( 'NONE', #112 ) ;
#16 = FILL_AREA_STYLE ('',( #737 ) ) ;
#17 = ORIENTED_EDGE ( 'NONE', *, *, #640, .F. ) ;
#18 =( NAMED_UNIT ( * ) PLANE_ANGLE_UNIT ( ) SI_UNIT ( $, .RADIAN. ) );
#19 = FILL_AREA_STYLE_COLOUR ( '', #738 ) ;
#20 = PRESENTATION_STYLE_ASSIGNMENT (( #171 ) ) ;
#21 = AXIS2_PLACEMENT_3D ( 'NONE', #31, #768, #368 ) ;
#22 = CIRCLE ( 'NONE', #919, 12.49999999999999800 ) ;
#23 = CARTESIAN_POINT ( 'NONE',  ( 38.00000000000000000, -7.000000000000000000, 2.000000000000000000 ) ) ;
#24 = SURFACE_SIDE_STYLE ('',( #1145 ) ) ;
#25 = ORIENTED_EDGE ( 'NONE', *, *, #671, .T. ) ;
#26 = PRESENTATION_LAYER_ASSIGNMENT (  '', '', ( #1269 ) ) ;
#27 = ORIENTED_EDGE ( 'NONE', *, *, #369, .T. ) ;
#28 = CARTESIAN_POINT ( 'NONE',  ( 31.00000000000000000, 0.0000000000000000000, 0.0000000000000000000 ) ) ;
#29 = DIRECTION ( 'NONE',  ( 1.000000000000000000, 0.0000000000000000000, 0.0000000000000000000 ) ) ;
#30 = ORIENTED_EDGE ( 'NONE', *, *, #904, .T. ) ;
#31 = CARTESIAN_POINT ( 'NONE',  ( 31.00000000000000000, 0.0000000000000000000, 2.000000000000000000 ) ) ;
#32 = ADVANCED_FACE ( 'NONE', ( #1081 ), #539, .F. ) ;
#33 = STYLED_ITEM ( 'NONE', ( #1077 ), #439 ) ;
#34 = SURFACE_SIDE_STYLE ('',( #94 ) ) ;
#35 = CARTESIAN_POINT ( 'NONE',  ( -12.49999999999999800, 0.0000000000000000000, 2.000000000000000000 ) ) ;
#36 = FACE_OUTER_BOUND ( 'NONE', #1376, .T. ) ;
#37 = PRESENTATION_STYLE_ASSIGNMENT (( #899 ) ) ;
#38 = LINE ( 'NONE', #2, #74 ) ;
#39 = CARTESIAN_POINT ( 'NONE',  ( 45.00000000000000000, 0.0000000000000000000, 2.000000000000000000 ) ) ;
#40 = CARTESIAN_POINT ( 'NONE',  ( 43.50000000000000000, 0.0000000000000000000, 0.0000000000000000000 ) ) ;
#41 = MECHANICAL_DESIGN_GEOMETRIC_PRESENTATION_REPRESENTATION (  '', ( #351 ), #88 ) ;
#42 = FACE_OUTER_BOUND ( 'NONE', #1229, .T. ) ;
#43 = CARTESIAN_POINT ( 'NONE',  ( 0.0000000000000000000, -12.49999999999999800, 0.0000000000000000000 ) ) ;
#44 = DIRECTION ( 'NONE',  ( 1.000000000000000000, 0.0000000000000000000, 0.0000000000000000000 ) ) ;
#45 = ORIENTED_EDGE ( 'NONE', *, *, #1156, .F. ) ;
#46 = CARTESIAN_POINT ( 'NONE',  ( 34.00000000000000000, 0.0000000000000000000, 2.000000000000000000 ) ) ;
#47 = VERTEX_POINT ( 'NONE', #502 ) ;
#48 = EDGE_CURVE ( 'NONE', #644, #1102, #988, .T. ) ;
#49 = ORIENTED_EDGE ( 'NONE', *, *, #1233, .T. ) ;
#50 = SURFACE_SIDE_STYLE ('',( #1237 ) ) ;
#51 = EDGE_CURVE ( 'NONE', #274, #461, #713, .T. ) ;
#52 = CARTESIAN_POINT ( 'NONE',  ( 0.0000000000000000000, 0.0000000000000000000, 0.0000000000000000000 ) ) ;
#53 = CARTESIAN_POINT ( 'NONE',  ( 38.00000000000000000, -12.50000000000000200, 0.0000000000000000000 ) ) ;
#54 = CARTESIAN_POINT ( 'NONE',  ( 38.00000000000000000, -7.000000000000000000, 2.000000000000000000 ) ) ;
#55 =( LENGTH_UNIT ( ) NAMED_UNIT ( * ) SI_UNIT ( .MILLI., .METRE. ) );
#56 = DIRECTION ( 'NONE',  ( -0.0000000000000000000, -0.0000000000000000000, -1.000000000000000000 ) ) ;
#57 = CYLINDRICAL_SURFACE ( 'NONE', #993, 3.999999999999996400 ) ;
#58 = MECHANICAL_DESIGN_GEOMETRIC_PRESENTATION_REPRESENTATION (  '', ( #1269 ), #723 ) ;
#59 = DIRECTION ( 'NONE',  ( -1.000000000000000000, 0.0000000000000000000, 0.0000000000000000000 ) ) ;
#60 = VECTOR ( 'NONE', #285, 1000.000000000000000 ) ;
#61 = STYLED_ITEM ( 'NONE', ( #592 ), #231 ) ;
#62 =( NAMED_UNIT ( * ) PLANE_ANGLE_UNIT ( ) SI_UNIT ( $, .RADIAN. ) );
#63 = VERTEX_POINT ( 'NONE', #612 ) ;
#64 = DIRECTION ( 'NONE',  ( -1.000000000000000000, 0.0000000000000000000, 0.0000000000000000000 ) ) ;
#65 = UNCERTAINTY_MEASURE_WITH_UNIT (LENGTH_MEASURE( 1.000000000000000100E-005 ), #1165, 'distance_accuracy_value', 'NONE');
#66 = VERTEX_POINT ( 'NONE', #852 ) ;
#67 = ORIENTED_EDGE ( 'NONE', *, *, #640, .T. ) ;
#68 = EDGE_CURVE ( 'NONE', #544, #1024, #460, .T. ) ;
#69 = DIRECTION ( 'NONE',  ( -1.000000000000000000, 0.0000000000000000000, 0.0000000000000000000 ) ) ;
#70 = AXIS2_PLACEMENT_3D ( 'NONE', #1039, #429, #1382 ) ;
#71 = FACE_BOUND ( 'NONE', #278, .T. ) ;
#72 =( LENGTH_UNIT ( ) NAMED_UNIT ( * ) SI_UNIT ( .MILLI., .METRE. ) );
#73 = LINE ( 'NONE', #778, #1164 ) ;
#74 = VECTOR ( 'NONE', #222, 1000.000000000000000 ) ;
#75 =( LENGTH_UNIT ( ) NAMED_UNIT ( * ) SI_UNIT ( .MILLI., .METRE. ) );
#76 = DIRECTION ( 'NONE',  ( -1.000000000000000000, 0.0000000000000000000, 0.0000000000000000000 ) ) ;
#77 = SURFACE_STYLE_FILL_AREA ( #1380 ) ;
#78 = VERTEX_POINT ( 'NONE', #92 ) ;
#79 = CARTESIAN_POINT ( 'NONE',  ( 38.00000000000000000, 0.0000000000000000000, 0.0000000000000000000 ) ) ;
#80 = ORIENTED_EDGE ( 'NONE', *, *, #1261, .T. ) ;
#81 = DIRECTION ( 'NONE',  ( -0.0000000000000000000, -0.0000000000000000000, -1.000000000000000000 ) ) ;
#82 = ORIENTED_EDGE ( 'NONE', *, *, #148, .F. ) ;
#83 = DIRECTION ( 'NONE',  ( -0.0000000000000000000, -0.0000000000000000000, -1.000000000000000000 ) ) ;
#84 = EDGE_LOOP ( 'NONE', ( #792, #1378, #959, #742 ) ) ;
#85 = STYLED_ITEM ( 'NONE', ( #783 ), #547 ) ;
#86 = FILL_AREA_STYLE_COLOUR ( '', #530 ) ;
#87 = EDGE_CURVE ( 'NONE', #461, #393, #154, .T. ) ;
#88 =( GEOMETRIC_REPRESENTATION_CONTEXT ( 3 ) GLOBAL_UNCERTAINTY_ASSIGNED_CONTEXT ( ( #89 ) ) GLOBAL_UNIT_ASSIGNED_CONTEXT ( ( #694, #790, #1360 ) ) REPRESENTATION_CONTEXT ( 'NONE', 'WORKASPACE' ) );
#89 = UNCERTAINTY_MEASURE_WITH_UNIT (LENGTH_MEASURE( 1.000000000000000100E-005 ), #694, 'distance_accuracy_value', 'NONE');
#90 = DIRECTION ( 'NONE',  ( 0.0000000000000000000, 0.0000000000000000000, 1.000000000000000000 ) ) ;
#91 = CARTESIAN_POINT ( 'NONE',  ( 0.0000000000000000000, 0.0000000000000000000, 2.000000000000000000 ) ) ;
#92 = CARTESIAN_POINT ( 'NONE',  ( 36.50000000000000000, 7.000000000000000000, 2.000000000000000000 ) ) ;
#93 = DIRECTION ( 'NONE',  ( -0.0000000000000000000, -0.0000000000000000000, -1.000000000000000000 ) ) ;
#94 = SURFACE_STYLE_FILL_AREA ( #1197 ) ;
#95 = EDGE_CURVE ( 'NONE', #683, #911, #1276, .T. ) ;
#96 = PRESENTATION_LAYER_ASSIGNMENT (  '', '', ( #1072 ) ) ;
#97 = ORIENTED_EDGE ( 'NONE', *, *, #249, .F. ) ;
#98 = SURFACE_STYLE_USAGE ( .BOTH. , #1159 ) ;
#99 = ORIENTED_EDGE ( 'NONE', *, *, #415, .T. ) ;
#100 = CARTESIAN_POINT ( 'NONE',  ( 45.00000000000000000, 0.0000000000000000000, 2.000000000000000000 ) ) ;
#101 = MECHANICAL_DESIGN_GEOMETRIC_PRESENTATION_REPRESENTATION (  '', ( #1112 ), #177 ) ;
#102 = FILL_AREA_STYLE_COLOUR ( '', #382 ) ;
#103 = ORIENTED_EDGE ( 'NONE', *, *, #167, .F. ) ;
#104 = DIRECTION ( 'NONE',  ( -0.0000000000000000000, -0.0000000000000000000, -1.000000000000000000 ) ) ;
#105 = DIRECTION ( 'NONE',  ( -0.0000000000000000000, -0.0000000000000000000, -1.000000000000000000 ) ) ;
#106 = MECHANICAL_DESIGN_GEOMETRIC_PRESENTATION_REPRESENTATION (  '', ( #833 ), #1362 ) ;
#107 =( LENGTH_UNIT ( ) NAMED_UNIT ( * ) SI_UNIT ( .MILLI., .METRE. ) );
#108 = COLOUR_RGB ( '',0.0000000000000000000, 0.0000000000000000000, 0.0000000000000000000 ) ;
#109 = LINE ( 'NONE', #35, #428 ) ;
#110 = SURFACE_STYLE_FILL_AREA ( #1097 ) ;
#111 = UNCERTAINTY_MEASURE_WITH_UNIT (LENGTH_MEASURE( 1.000000000000000100E-005 ), #617, 'distance_accuracy_value', 'NONE');
#112 = CARTESIAN_POINT ( 'NONE',  ( 0.0000000000000000000, -12.49999999999999800, 0.0000000000000000000 ) ) ;
#113 = CARTESIAN_POINT ( 'NONE',  ( 31.00000000000000000, 0.0000000000000000000, 2.000000000000000000 ) ) ;
#114 = PRESENTATION_STYLE_ASSIGNMENT (( #1384 ) ) ;
#115 = DIRECTION ( 'NONE',  ( -1.000000000000000000, 0.0000000000000000000, 0.0000000000000000000 ) ) ;
#116 = CIRCLE ( 'NONE', #796, 12.49999999999999800 ) ;
#117 = CARTESIAN_POINT ( 'NONE',  ( 38.00000000000000000, -7.000000000000000000, 2.000000000000000000 ) ) ;
#118 = ADVANCED_FACE ( 'NONE', ( #1244 ), #638, .F. ) ;
#119 = AXIS2_PLACEMENT_3D ( 'NONE', #442, #334, #964 ) ;
#120 = VERTEX_POINT ( 'NONE', #344 ) ;
#121 = STYLED_ITEM ( 'NONE', ( #549 ), #1307 ) ;
#122 = ORIENTED_EDGE ( 'NONE', *, *, #51, .T. ) ;
#123 = DIRECTION ( 'NONE',  ( -0.0000000000000000000, -0.0000000000000000000, -1.000000000000000000 ) ) ;
#124 = ORIENTED_EDGE ( 'NONE', *, *, #1218, .T. ) ;
#125 = ADVANCED_FACE ( 'NONE', ( #1243 ), #517, .F. ) ;
#126 = DIRECTION ( 'NONE',  ( 0.0000000000000000000, 0.0000000000000000000, 1.000000000000000000 ) ) ;
#127 =( NAMED_UNIT ( * ) SI_UNIT ( $, .STERADIAN. ) SOLID_ANGLE_UNIT ( ) );
#128 = DIRECTION ( 'NONE',  ( -1.000000000000000000, 0.0000000000000000000, 0.0000000000000000000 ) ) ;
#129 =( NAMED_UNIT ( * ) SI_UNIT ( $, .STERADIAN. ) SOLID_ANGLE_UNIT ( ) );
#130 = COLOUR_RGB ( '',0.7529411764705882200, 0.7529411764705882200, 0.7529411764705882200 ) ;
#131 = DIRECTION ( 'NONE',  ( -1.000000000000000000, 0.0000000000000000000, 0.0000000000000000000 ) ) ;
#132 = CIRCLE ( 'NONE', #976, 1.500000000000001300 ) ;
#133 = CARTESIAN_POINT ( 'NONE',  ( 38.00000000000000000, 0.0000000000000000000, 2.000000000000000000 ) ) ;
#134 = VECTOR ( 'NONE', #870, 1000.000000000000000 ) ;
#135 = ORIENTED_EDGE ( 'NONE', *, *, #1184, .F. ) ;
#136 = STYLED_ITEM ( 'NONE', ( #1182 ), #859 ) ;
#137 = DIRECTION ( 'NONE',  ( -0.0000000000000000000, -0.0000000000000000000, -1.000000000000000000 ) ) ;
#138 = MECHANICAL_DESIGN_GEOMETRIC_PRESENTATION_REPRESENTATION (  '', ( #607 ), #239 ) ;
#139 = ORIENTED_EDGE ( 'NONE', *, *, #1019, .T. ) ;
#140 = ORIENTED_EDGE ( 'NONE', *, *, #68, .T. ) ;
#141 = AXIS2_PLACEMENT_3D ( 'NONE', #1330, #1113, #175 ) ;
#142 = CARTESIAN_POINT ( 'NONE',  ( 0.0000000000000000000, 0.0000000000000000000, 2.000000000000000000 ) ) ;
#143 = DIRECTION ( 'NONE',  ( 0.0000000000000000000, 0.0000000000000000000, 1.000000000000000000 ) ) ;
#144 = FILL_AREA_STYLE ('',( #355 ) ) ;
#145 = CIRCLE ( 'NONE', #383, 1.500000000000000200 ) ;
#146 =( NAMED_UNIT ( * ) SI_UNIT ( $, .STERADIAN. ) SOLID_ANGLE_UNIT ( ) );
#147 = ADVANCED_FACE ( 'NONE', ( #257 ), #873, .F. ) ;
#148 = EDGE_CURVE ( 'NONE', #200, #915, #709, .T. ) ;
#149 =( LENGTH_UNIT ( ) NAMED_UNIT ( * ) SI_UNIT ( .MILLI., .METRE. ) );
#150 = STYLED_ITEM ( 'NONE', ( #634 ), #969 ) ;
#151 = CARTESIAN_POINT ( 'NONE',  ( 0.0000000000000000000, -7.000000000000000000, 2.000000000000000000 ) ) ;
#152 = DIRECTION ( 'NONE',  ( 1.000000000000000000, 0.0000000000000000000, 0.0000000000000000000 ) ) ;
#153 = DIRECTION ( 'NONE',  ( -0.0000000000000000000, -0.0000000000000000000, -1.000000000000000000 ) ) ;
#154 = CIRCLE ( 'NONE', #119, 1.500000000000000400 ) ;
#155 = FILL_AREA_STYLE_COLOUR ( '', #1367 ) ;
#156 =( NAMED_UNIT ( * ) PLANE_ANGLE_UNIT ( ) SI_UNIT ( $, .RADIAN. ) );
#157 = EDGE_CURVE ( 'NONE', #1085, #243, #1009, .T. ) ;
#158 = ORIENTED_EDGE ( 'NONE', *, *, #1194, .F. ) ;
#159 = DIRECTION ( 'NONE',  ( -0.0000000000000000000, -0.0000000000000000000, -1.000000000000000000 ) ) ;
#160 = DIRECTION ( 'NONE',  ( 1.000000000000000000, 0.0000000000000000000, -0.0000000000000000000 ) ) ;
#161 = ORIENTED_EDGE ( 'NONE', *, *, #1365, .T. ) ;
#162 = UNCERTAINTY_MEASURE_WITH_UNIT (LENGTH_MEASURE( 1.000000000000000100E-005 ), #1053, 'distance_accuracy_value', 'NONE');
#163 = SURFACE_SIDE_STYLE ('',( #110 ) ) ;
#164 = PRESENTATION_LAYER_ASSIGNMENT (  '', '', ( #85 ) ) ;
#165 = CARTESIAN_POINT ( 'NONE',  ( -1.500000000000000200, 7.000000000000000000, 0.0000000000000000000 ) ) ;
#166 = LINE ( 'NONE', #43, #456 ) ;
#167 = EDGE_CURVE ( 'NONE', #1102, #524, #116, .T. ) ;
#168 =( NAMED_UNIT ( * ) SI_UNIT ( $, .STERADIAN. ) SOLID_ANGLE_UNIT ( ) );
#169 = PRESENTATION_LAYER_ASSIGNMENT (  '', '', ( #150 ) ) ;
#170 = DIRECTION ( 'NONE',  ( -0.0000000000000000000, -0.0000000000000000000, -1.000000000000000000 ) ) ;
#171 = SURFACE_STYLE_USAGE ( .BOTH. , #695 ) ;
#172 = ORIENTED_EDGE ( 'NONE', *, *, #148, .T. ) ;
#173 = EDGE_LOOP ( 'NONE', ( #1157, #1213 ) ) ;
#174 = EDGE_CURVE ( 'NONE', #644, #895, #1339, .T. ) ;
#175 = DIRECTION ( 'NONE',  ( 1.000000000000000000, 0.0000000000000000000, 0.0000000000000000000 ) ) ;
#176 = AXIS2_PLACEMENT_3D ( 'NONE', #527, #948, #844 ) ;
#177 =( GEOMETRIC_REPRESENTATION_CONTEXT ( 3 ) GLOBAL_UNCERTAINTY_ASSIGNED_CONTEXT ( ( #404 ) ) GLOBAL_UNIT_ASSIGNED_CONTEXT ( ( #411, #719, #402 ) ) REPRESENTATION_CONTEXT ( 'NONE', 'WORKASPACE' ) );
#178 =( NAMED_UNIT ( * ) PLANE_ANGLE_UNIT ( ) SI_UNIT ( $, .RADIAN. ) );
#179 = EDGE_CURVE ( 'NONE', #1355, #1191, #657, .T. ) ;
#180 = STYLED_ITEM ( 'NONE', ( #213 ), #585 ) ;
#181 = PLANE ( 'NONE',  #401 ) ;
#182 = VECTOR ( 'NONE', #81, 1000.000000000000000 ) ;
#183 = VECTOR ( 'NONE', #412, 1000.000000000000000 ) ;
#184 = EDGE_LOOP ( 'NONE', ( #135, #743, #465, #289 ) ) ;
#185 = ORIENTED_EDGE ( 'NONE', *, *, #174, .F. ) ;
#186 = ORIENTED_EDGE ( 'NONE', *, *, #226, .T. ) ;
#187 = DIRECTION ( 'NONE',  ( -1.000000000000000000, 0.0000000000000000000, 0.0000000000000000000 ) ) ;
#188 = AXIS2_PLACEMENT_3D ( 'NONE', #909, #287, #597 ) ;
#189 =( GEOMETRIC_REPRESENTATION_CONTEXT ( 3 ) GLOBAL_UNCERTAINTY_ASSIGNED_CONTEXT ( ( #726 ) ) GLOBAL_UNIT_ASSIGNED_CONTEXT ( ( #1199, #1305, #669 ) ) REPRESENTATION_CONTEXT ( 'NONE', 'WORKASPACE' ) );
#190 = CARTESIAN_POINT ( 'NONE',  ( 41.99999999999999300, 4.898587196589410900E-016, 2.000000000000000000 ) ) ;
#191 = DIRECTION ( 'NONE',  ( 0.0000000000000000000, 0.0000000000000000000, 1.000000000000000000 ) ) ;
#192 = CARTESIAN_POINT ( 'NONE',  ( -1.500000000000000200, -7.000000000000000000, 2.000000000000000000 ) ) ;
#193 = COLOUR_RGB ( '',0.7529411764705882200, 0.7529411764705882200, 0.7529411764705882200 ) ;
#194 = CARTESIAN_POINT ( 'NONE',  ( 0.0000000000000000000, -7.000000000000000000, 2.000000000000000000 ) ) ;
#195 = EDGE_CURVE ( 'NONE', #63, #480, #1226, .T. ) ;
#196 = UNCERTAINTY_MEASURE_WITH_UNIT (LENGTH_MEASURE( 1.000000000000000100E-005 ), #376, 'distance_accuracy_value', 'NONE');
#197 = DIRECTION ( 'NONE',  ( 0.0000000000000000000, 0.0000000000000000000, 1.000000000000000000 ) ) ;
#198 = EDGE_CURVE ( 'NONE', #961, #575, #970, .T. ) ;
#199 = SURFACE_STYLE_FILL_AREA ( #416 ) ;
#200 = VERTEX_POINT ( 'NONE', #875 ) ;
#201 = DIRECTION ( 'NONE',  ( -0.0000000000000000000, -0.0000000000000000000, -1.000000000000000000 ) ) ;
#202 = ORIENTED_EDGE ( 'NONE', *, *, #1156, .T. ) ;
#203 = FILL_AREA_STYLE_COLOUR ( '', #333 ) ;
#204 = ORIENTED_EDGE ( 'NONE', *, *, #731, .F. ) ;
#205 =( GEOMETRIC_REPRESENTATION_CONTEXT ( 3 ) GLOBAL_UNCERTAINTY_ASSIGNED_CONTEXT ( ( #1325 ) ) GLOBAL_UNIT_ASSIGNED_CONTEXT ( ( #572, #1312, #676 ) ) REPRESENTATION_CONTEXT ( 'NONE', 'WORKASPACE' ) );
#206 =( NAMED_UNIT ( * ) SI_UNIT ( $, .STERADIAN. ) SOLID_ANGLE_UNIT ( ) );
#207 = AXIS2_PLACEMENT_3D ( 'NONE', #450, #955, #7 ) ;
#208 = PLANE ( 'NONE',  #764 ) ;
#209 =( NAMED_UNIT ( * ) PLANE_ANGLE_UNIT ( ) SI_UNIT ( $, .RADIAN. ) );
#210 = SURFACE_STYLE_FILL_AREA ( #555 ) ;
#211 = CARTESIAN_POINT ( 'NONE',  ( 29.50000000000000000, 0.0000000000000000000, 0.0000000000000000000 ) ) ;
#212 = DIRECTION ( 'NONE',  ( -1.000000000000000000, 0.0000000000000000000, 0.0000000000000000000 ) ) ;
#213 = PRESENTATION_STYLE_ASSIGNMENT (( #1321 ) ) ;
#214 = DIRECTION ( 'NONE',  ( -0.0000000000000000000, -0.0000000000000000000, -1.000000000000000000 ) ) ;
#215 = DIRECTION ( 'NONE',  ( 1.000000000000000000, 0.0000000000000000000, 0.0000000000000000000 ) ) ;
#216 = PRESENTATION_LAYER_ASSIGNMENT (  '', '', ( #1080 ) ) ;
#217 = PRESENTATION_STYLE_ASSIGNMENT (( #98 ) ) ;
#218 = CARTESIAN_POINT ( 'NONE',  ( 1.500000000000000200, -7.000000000000000000, 2.000000000000000000 ) ) ;
#219 = ORIENTED_EDGE ( 'NONE', *, *, #87, .T. ) ;
#220 = SURFACE_SIDE_STYLE ('',( #802 ) ) ;
#221 = ORIENTED_EDGE ( 'NONE', *, *, #1019, .F. ) ;
#222 = DIRECTION ( 'NONE',  ( -0.0000000000000000000, -0.0000000000000000000, -1.000000000000000000 ) ) ;
#223 = ORIENTED_EDGE ( 'NONE', *, *, #513, .T. ) ;
#224 = CARTESIAN_POINT ( 'NONE',  ( -1.500000000000000200, -7.000000000000000000, 2.000000000000000000 ) ) ;
#225 = EDGE_CURVE ( 'NONE', #641, #1055, #389, .T. ) ;
#226 = EDGE_CURVE ( 'NONE', #120, #1054, #908, .T. ) ;
#227 = DIRECTION ( 'NONE',  ( -1.000000000000000000, 0.0000000000000000000, 0.0000000000000000000 ) ) ;
#228 = SURFACE_STYLE_FILL_AREA ( #578 ) ;
#229 =( LENGTH_UNIT ( ) NAMED_UNIT ( * ) SI_UNIT ( .MILLI., .METRE. ) );
#230 = VECTOR ( 'NONE', #1210, 1000.000000000000000 ) ;
#231 = ADVANCED_FACE ( 'NONE', ( #1257 ), #801, .F. ) ;
#232 = CARTESIAN_POINT ( 'NONE',  ( 0.0000000000000000000, 7.000000000000000000, 0.0000000000000000000 ) ) ;
#233 = FACE_OUTER_BOUND ( 'NONE', #944, .T. ) ;
#234 = FILL_AREA_STYLE_COLOUR ( '', #1004 ) ;
#235 = CIRCLE ( 'NONE', #1152, 1.500000000000000200 ) ;
#236 = AXIS2_PLACEMENT_3D ( 'NONE', #861, #9, #1318 ) ;
#237 = DIRECTION ( 'NONE',  ( -1.000000000000000000, 0.0000000000000000000, 0.0000000000000000000 ) ) ;
#238 =( NAMED_UNIT ( * ) PLANE_ANGLE_UNIT ( ) SI_UNIT ( $, .RADIAN. ) );
#239 =( GEOMETRIC_REPRESENTATION_CONTEXT ( 3 ) GLOBAL_UNCERTAINTY_ASSIGNED_CONTEXT ( ( #247 ) ) GLOBAL_UNIT_ASSIGNED_CONTEXT ( ( #730, #1033, #1150 ) ) REPRESENTATION_CONTEXT ( 'NONE', 'WORKASPACE' ) );
#240 = ORIENTED_EDGE ( 'NONE', *, *, #758, .F. ) ;
#241 = STYLED_ITEM ( 'NONE', ( #690 ), #304 ) ;
#242 = FILL_AREA_STYLE ('',( #1068 ) ) ;
#243 = VERTEX_POINT ( 'NONE', #563 ) ;
#244 = EDGE_LOOP ( 'NONE', ( #504, #1246 ) ) ;
#245 = SURFACE_STYLE_USAGE ( .BOTH. , #220 ) ;
#246 =( NAMED_UNIT ( * ) PLANE_ANGLE_UNIT ( ) SI_UNIT ( $, .RADIAN. ) );
#247 = UNCERTAINTY_MEASURE_WITH_UNIT (LENGTH_MEASURE( 1.000000000000000100E-005 ), #730, 'distance_accuracy_value', 'NONE');
#248 = DIRECTION ( 'NONE',  ( 0.0000000000000000000, 0.0000000000000000000, 1.000000000000000000 ) ) ;
#249 = EDGE_CURVE ( 'NONE', #961, #544, #619, .T. ) ;
#250 = DIRECTION ( 'NONE',  ( -0.0000000000000000000, -0.0000000000000000000, -1.000000000000000000 ) ) ;
#251 = PRESENTATION_LAYER_ASSIGNMENT (  '', '', ( #523 ) ) ;
#252 = VECTOR ( 'NONE', #924, 1000.000000000000000 ) ;
#253 = SURFACE_STYLE_FILL_AREA ( #960 ) ;
#254 = STYLED_ITEM ( 'NONE', ( #784 ), #458 ) ;
#255 = CARTESIAN_POINT ( 'NONE',  ( -5.500000000000000000, 1.836970198721030900E-016, 0.0000000000000000000 ) ) ;
#256 = EDGE_CURVE ( 'NONE', #795, #453, #1187, .T. ) ;
#257 = FACE_OUTER_BOUND ( 'NONE', #1311, .T. ) ;
#258 = STYLED_ITEM ( 'NONE', ( #500 ), #850 ) ;
#259 = ORIENTED_EDGE ( 'NONE', *, *, #1233, .F. ) ;
#260 = ORIENTED_EDGE ( 'NONE', *, *, #1261, .F. ) ;
#261 = ORIENTED_EDGE ( 'NONE', *, *, #926, .F. ) ;
#262 = ADVANCED_FACE ( 'NONE', ( #1323 ), #474, .F. ) ;
#263 = CARTESIAN_POINT ( 'NONE',  ( 0.0000000000000000000, 0.0000000000000000000, 2.000000000000000000 ) ) ;
#264 =( NAMED_UNIT ( * ) SI_UNIT ( $, .STERADIAN. ) SOLID_ANGLE_UNIT ( ) );
#265 = CARTESIAN_POINT ( 'NONE',  ( 4.000000000000000000, 4.898587196589412800E-016, 2.000000000000000000 ) ) ;
#266 = AXIS2_PLACEMENT_3D ( 'NONE', #1070, #447, #131 ) ;
#267 =( GEOMETRIC_REPRESENTATION_CONTEXT ( 3 ) GLOBAL_UNCERTAINTY_ASSIGNED_CONTEXT ( ( #1109 ) ) GLOBAL_UNIT_ASSIGNED_CONTEXT ( ( #1008, #62, #806 ) ) REPRESENTATION_CONTEXT ( 'NONE', 'WORKASPACE' ) );
#268 = COLOUR_RGB ( '',0.0000000000000000000, 0.0000000000000000000, 0.0000000000000000000 ) ;
#269 = FACE_BOUND ( 'NONE', #1175, .T. ) ;
#270 = DIRECTION ( 'NONE',  ( -1.000000000000000000, 0.0000000000000000000, 0.0000000000000000000 ) ) ;
#271 = DIRECTION ( 'NONE',  ( 0.0000000000000000000, 0.0000000000000000000, 1.000000000000000000 ) ) ;
#272 = DIRECTION ( 'NONE',  ( 0.0000000000000000000, 0.0000000000000000000, 1.000000000000000000 ) ) ;
#273 = EDGE_CURVE ( 'NONE', #47, #1016, #22, .T. ) ;
#274 = VERTEX_POINT ( 'NONE', #914 ) ;
#275 = EDGE_CURVE ( 'NONE', #243, #1085, #1255, .T. ) ;
#276 = ORIENTED_EDGE ( 'NONE', *, *, #226, .F. ) ;
#277 = DIRECTION ( 'NONE',  ( 1.000000000000000000, 0.0000000000000000000, 0.0000000000000000000 ) ) ;
#278 = EDGE_LOOP ( 'NONE', ( #1278, #82 ) ) ;
#279 = DIRECTION ( 'NONE',  ( 0.0000000000000000000, 0.0000000000000000000, 1.000000000000000000 ) ) ;
#280 = CARTESIAN_POINT ( 'NONE',  ( 0.0000000000000000000, 0.0000000000000000000, 0.0000000000000000000 ) ) ;
#281 = CIRCLE ( 'NONE', #898, 1.500000000000000200 ) ;
#282 = AXIS2_PLACEMENT_3D ( 'NONE', #1253, #378, #715 ) ;
#283 = SURFACE_STYLE_FILL_AREA ( #1129 ) ;
#284 = LINE ( 'NONE', #1260, #455 ) ;
#285 = DIRECTION ( 'NONE',  ( -0.0000000000000000000, -0.0000000000000000000, -1.000000000000000000 ) ) ;
#286 = EDGE_CURVE ( 'NONE', #1054, #243, #303, .T. ) ;
#287 = DIRECTION ( 'NONE',  ( 0.0000000000000000000, 0.0000000000000000000, 1.000000000000000000 ) ) ;
#288 = CYLINDRICAL_SURFACE ( 'NONE', #534, 4.000000000000000000 ) ;
#289 = ORIENTED_EDGE ( 'NONE', *, *, #663, .F. ) ;
#290 = EDGE_LOOP ( 'NONE', ( #477, #124, #1017, #718 ) ) ;
#291 = EDGE_CURVE ( 'NONE', #66, #1262, #1096, .T. ) ;
#292 = DIRECTION ( 'NONE',  ( 9.130123557772669600E-017, 1.000000000000000000, -0.0000000000000000000 ) ) ;
#293 = ORIENTED_EDGE ( 'NONE', *, *, #157, .F. ) ;
#294 = PRESENTATION_LAYER_ASSIGNMENT (  '', '', ( #121 ) ) ;
#295 = EDGE_LOOP ( 'NONE', ( #423, #698, #223, #357 ) ) ;
#296 = DIRECTION ( 'NONE',  ( -0.0000000000000000000, -0.0000000000000000000, -1.000000000000000000 ) ) ;
#297 = EDGE_CURVE ( 'NONE', #506, #1361, #536, .T. ) ;
#298 = CIRCLE ( 'NONE', #409, 3.999999999999996400 ) ;
#299 = DIRECTION ( 'NONE',  ( -0.0000000000000000000, -0.0000000000000000000, -1.000000000000000000 ) ) ;
#300 = EDGE_CURVE ( 'NONE', #579, #10, #872, .T. ) ;
#301 = FACE_BOUND ( 'NONE', #925, .T. ) ;
#302 = CIRCLE ( 'NONE', #1037, 1.500000000000001300 ) ;
#303 = LINE ( 'NONE', #702, #60 ) ;
#304 = ADVANCED_BREP_SHAPE_REPRESENTATION ( '一字型支架', ( #740, #633 ), #189 ) ;
#305 = SURFACE_STYLE_USAGE ( .BOTH. , #414 ) ;
#306 = ORIENTED_EDGE ( 'NONE', *, *, #390, .T. ) ;
#307 = AXIS2_PLACEMENT_3D ( 'NONE', #894, #689, #1381 ) ;
#308 = ORIENTED_EDGE ( 'NONE', *, *, #1353, .F. ) ;
#309 = ORIENTED_EDGE ( 'NONE', *, *, #323, .F. ) ;
#310 = AXIS2_PLACEMENT_3D ( 'NONE', #1050, #214, #1041 ) ;
#311 = PRESENTATION_LAYER_ASSIGNMENT (  '', '', ( #241 ) ) ;
#312 = SURFACE_SIDE_STYLE ('',( #845 ) ) ;
#313 = CARTESIAN_POINT ( 'NONE',  ( -4.000000000000000000, 0.0000000000000000000, 2.000000000000000000 ) ) ;
#314 = FACE_OUTER_BOUND ( 'NONE', #1215, .T. ) ;
#315 = EDGE_CURVE ( 'NONE', #526, #877, #235, .T. ) ;
#316 = MECHANICAL_DESIGN_GEOMETRIC_PRESENTATION_REPRESENTATION (  '', ( #823 ), #1294 ) ;
#317 = LINE ( 'NONE', #387, #350 ) ;
#318 = DIRECTION ( 'NONE',  ( 1.000000000000000000, 0.0000000000000000000, 0.0000000000000000000 ) ) ;
#319 = UNCERTAINTY_MEASURE_WITH_UNIT (LENGTH_MEASURE( 1.000000000000000100E-005 ), #336, 'distance_accuracy_value', 'NONE');
#320 = EDGE_LOOP ( 'NONE', ( #339, #857 ) ) ;
#321 = FILL_AREA_STYLE ('',( #203 ) ) ;
#322 = ORIENTED_EDGE ( 'NONE', *, *, #225, .F. ) ;
#323 = EDGE_CURVE ( 'NONE', #1361, #644, #814, .T. ) ;
#324 = EDGE_LOOP ( 'NONE', ( #1356, #259 ) ) ;
#325 = FILL_AREA_STYLE_COLOUR ( '', #874 ) ;
#326 = MECHANICAL_DESIGN_GEOMETRIC_PRESENTATION_REPRESENTATION (  '', ( #599 ), #1108 ) ;
#327 =( NAMED_UNIT ( * ) PLANE_ANGLE_UNIT ( ) SI_UNIT ( $, .RADIAN. ) );
#328 = DIRECTION ( 'NONE',  ( 0.0000000000000000000, 0.0000000000000000000, 1.000000000000000000 ) ) ;
#329 = CYLINDRICAL_SURFACE ( 'NONE', #979, 1.500000000000000400 ) ;
#330 = DIRECTION ( 'NONE',  ( 0.0000000000000000000, 0.0000000000000000000, 1.000000000000000000 ) ) ;
#331 = VECTOR ( 'NONE', #170, 1000.000000000000000 ) ;
#332 =( NAMED_UNIT ( * ) SI_UNIT ( $, .STERADIAN. ) SOLID_ANGLE_UNIT ( ) );
#333 = COLOUR_RGB ( '',0.0000000000000000000, 0.0000000000000000000, 0.0000000000000000000 ) ;
#334 = DIRECTION ( 'NONE',  ( 0.0000000000000000000, 0.0000000000000000000, 1.000000000000000000 ) ) ;
#335 = VECTOR ( 'NONE', #626, 1000.000000000000000 ) ;
#336 =( LENGTH_UNIT ( ) NAMED_UNIT ( * ) SI_UNIT ( .MILLI., .METRE. ) );
#337 = AXIS2_PLACEMENT_3D ( 'NONE', #28, #1300, #1201 ) ;
#338 =( GEOMETRIC_REPRESENTATION_CONTEXT ( 3 ) GLOBAL_UNCERTAINTY_ASSIGNED_CONTEXT ( ( #1223 ) ) GLOBAL_UNIT_ASSIGNED_CONTEXT ( ( #744, #728, #945 ) ) REPRESENTATION_CONTEXT ( 'NONE', 'WORKASPACE' ) );
#339 = ORIENTED_EDGE ( 'NONE', *, *, #1286, .F. ) ;
#340 = ORIENTED_EDGE ( 'NONE', *, *, #551, .F. ) ;
#341 = DIRECTION ( 'NONE',  ( -1.000000000000000000, 0.0000000000000000000, 0.0000000000000000000 ) ) ;
#342 = EDGE_LOOP ( 'NONE', ( #727, #377 ) ) ;
#343 = EDGE_LOOP ( 'NONE', ( #611, #438, #27, #425 ) ) ;
#344 = CARTESIAN_POINT ( 'NONE',  ( 36.50000000000000000, -7.000000000000000000, 2.000000000000000000 ) ) ;
#345 = EDGE_CURVE ( 'NONE', #526, #628, #317, .T. ) ;
#346 = CARTESIAN_POINT ( 'NONE',  ( 32.50000000000000000, 1.836970198721029900E-016, 0.0000000000000000000 ) ) ;
#347 = SURFACE_SIDE_STYLE ('',( #956 ) ) ;
#348 = MECHANICAL_DESIGN_GEOMETRIC_PRESENTATION_REPRESENTATION (  '', ( #33 ), #8 ) ;
#349 = DIRECTION ( 'NONE',  ( 0.0000000000000000000, 0.0000000000000000000, 1.000000000000000000 ) ) ;
#350 = VECTOR ( 'NONE', #56, 1000.000000000000000 ) ;
#351 = STYLED_ITEM ( 'NONE', ( #367 ), #884 ) ;
#352 = DIRECTION ( 'NONE',  ( -1.000000000000000000, 0.0000000000000000000, 0.0000000000000000000 ) ) ;
#353 = FILL_AREA_STYLE ('',( #1185 ) ) ;
#354 = PRESENTATION_LAYER_ASSIGNMENT (  '', '', ( #607 ) ) ;
#355 = FILL_AREA_STYLE_COLOUR ( '', #811 ) ;
#356 = ORIENTED_EDGE ( 'NONE', *, *, #1115, .T. ) ;
#357 = ORIENTED_EDGE ( 'NONE', *, *, #876, .F. ) ;
#358 = DIRECTION ( 'NONE',  ( 0.0000000000000000000, 0.0000000000000000000, 1.000000000000000000 ) ) ;
#359 = DIRECTION ( 'NONE',  ( 0.0000000000000000000, 0.0000000000000000000, 1.000000000000000000 ) ) ;
#360 = ORIENTED_EDGE ( 'NONE', *, *, #904, .F. ) ;
#361 = CARTESIAN_POINT ( 'NONE',  ( 0.0000000000000000000, 0.0000000000000000000, 0.0000000000000000000 ) ) ;
#362 = UNCERTAINTY_MEASURE_WITH_UNIT (LENGTH_MEASURE( 1.000000000000000100E-005 ), #863, 'distance_accuracy_value', 'NONE');
#363 = PRODUCT_DEFINITION ( '未知', '', #492, #798 ) ;
#364 = CIRCLE ( 'NONE', #1031, 3.999999999999996400 ) ;
#365 = FACE_BOUND ( 'NONE', #244, .T. ) ;
#366 = PRESENTATION_STYLE_ASSIGNMENT (( #677 ) ) ;
#367 = PRESENTATION_STYLE_ASSIGNMENT (( #810 ) ) ;
#368 = DIRECTION ( 'NONE',  ( -1.000000000000000000, 0.0000000000000000000, 0.0000000000000000000 ) ) ;
#369 = EDGE_CURVE ( 'NONE', #1016, #15, #1007, .T. ) ;
#370 = SURFACE_STYLE_USAGE ( .BOTH. , #163 ) ;
#371 = CARTESIAN_POINT ( 'NONE',  ( 0.0000000000000000000, 7.000000000000000000, 0.0000000000000000000 ) ) ;
#372 = EDGE_LOOP ( 'NONE', ( #643, #1134, #360, #627 ) ) ;
#373 = SURFACE_SIDE_STYLE ('',( #648 ) ) ;
#374 = ORIENTED_EDGE ( 'NONE', *, *, #1184, .T. ) ;
#375 = VERTEX_POINT ( 'NONE', #476 ) ;
#376 =( LENGTH_UNIT ( ) NAMED_UNIT ( * ) SI_UNIT ( .MILLI., .METRE. ) );
#377 = ORIENTED_EDGE ( 'NONE', *, *, #1163, .F. ) ;
#378 = DIRECTION ( 'NONE',  ( 0.0000000000000000000, 0.0000000000000000000, 1.000000000000000000 ) ) ;
#379 = PRESENTATION_LAYER_ASSIGNMENT (  '', '', ( #599 ) ) ;
#380 =( NAMED_UNIT ( * ) PLANE_ANGLE_UNIT ( ) SI_UNIT ( $, .RADIAN. ) );
#381 = CARTESIAN_POINT ( 'NONE',  ( 0.0000000000000000000, -12.49999999999999800, 2.000000000000000000 ) ) ;
#382 = COLOUR_RGB ( '',0.0000000000000000000, 0.0000000000000000000, 0.0000000000000000000 ) ;
#383 = AXIS2_PLACEMENT_3D ( 'NONE', #232, #143, #29 ) ;
#384 = COLOUR_RGB ( '',0.0000000000000000000, 0.0000000000000000000, 0.0000000000000000000 ) ;
#385 = CARTESIAN_POINT ( 'NONE',  ( 45.00000000000000000, 0.0000000000000000000, 0.0000000000000000000 ) ) ;
#386 = FACE_OUTER_BOUND ( 'NONE', #598, .T. ) ;
#387 = CARTESIAN_POINT ( 'NONE',  ( 1.500000000000000200, -7.000000000000000000, 2.000000000000000000 ) ) ;
#388 = PRESENTATION_STYLE_ASSIGNMENT (( #1322 ) ) ;
#389 = CIRCLE ( 'NONE', #337, 1.500000000000001300 ) ;
#390 = EDGE_CURVE ( 'NONE', #375, #1281, #832, .T. ) ;
#391 =( NAMED_UNIT ( * ) SI_UNIT ( $, .STERADIAN. ) SOLID_ANGLE_UNIT ( ) );
#392 = AXIS2_PLACEMENT_3D ( 'NONE', #462, #126, #890 ) ;
#393 = VERTEX_POINT ( 'NONE', #999 ) ;
#394 = EDGE_LOOP ( 'NONE', ( #562, #139, #804, #928 ) ) ;
#395 =( LENGTH_UNIT ( ) NAMED_UNIT ( * ) SI_UNIT ( .MILLI., .METRE. ) );
#396 = PRESENTATION_LAYER_ASSIGNMENT (  '', '', ( #258 ) ) ;
#397 = FACE_BOUND ( 'NONE', #1293, .T. ) ;
#398 = CARTESIAN_POINT ( 'NONE',  ( 0.0000000000000000000, -12.49999999999999800, 2.000000000000000000 ) ) ;
#399 = PRESENTATION_STYLE_ASSIGNMENT (( #1271 ) ) ;
#400 = CYLINDRICAL_SURFACE ( 'NONE', #867, 3.999999999999996400 ) ;
#401 = AXIS2_PLACEMENT_3D ( 'NONE', #407, #292, #809 ) ;
#402 =( NAMED_UNIT ( * ) SI_UNIT ( $, .STERADIAN. ) SOLID_ANGLE_UNIT ( ) );
#403 = VERTEX_POINT ( 'NONE', #794 ) ;
#404 = UNCERTAINTY_MEASURE_WITH_UNIT (LENGTH_MEASURE( 1.000000000000000100E-005 ), #411, 'distance_accuracy_value', 'NONE');
#405 = VERTEX_POINT ( 'NONE', #1138 ) ;
#406 = AXIS2_PLACEMENT_3D ( 'NONE', #39, #159, #985 ) ;
#407 = CARTESIAN_POINT ( 'NONE',  ( 0.0000000000000000000, -12.49999999999999800, 2.000000000000000000 ) ) ;
#408 = ORIENTED_EDGE ( 'NONE', *, *, #256, .T. ) ;
#409 = AXIS2_PLACEMENT_3D ( 'NONE', #878, #349, #647 ) ;
#410 = FILL_AREA_STYLE ('',( #155 ) ) ;
#411 =( LENGTH_UNIT ( ) NAMED_UNIT ( * ) SI_UNIT ( .MILLI., .METRE. ) );
#412 = DIRECTION ( 'NONE',  ( -1.000000000000000000, -9.130123557772669600E-017, -0.0000000000000000000 ) ) ;
#413 = CIRCLE ( 'NONE', #566, 1.500000000000000200 ) ;
#414 = SURFACE_SIDE_STYLE ('',( #826 ) ) ;
#415 = EDGE_CURVE ( 'NONE', #493, #274, #557, .T. ) ;
#416 = FILL_AREA_STYLE ('',( #615 ) ) ;
#417 = DIRECTION ( 'NONE',  ( -0.0000000000000000000, -0.0000000000000000000, -1.000000000000000000 ) ) ;
#418 = COLOUR_RGB ( '',0.0000000000000000000, 0.0000000000000000000, 0.0000000000000000000 ) ;
#419 = ORIENTED_EDGE ( 'NONE', *, *, #586, .F. ) ;
#420 = CARTESIAN_POINT ( 'NONE',  ( 4.000000000000000000, 4.898587196589412800E-016, 0.0000000000000000000 ) ) ;
#421 = UNCERTAINTY_MEASURE_WITH_UNIT (LENGTH_MEASURE( 1.000000000000000100E-005 ), #971, 'distance_accuracy_value', 'NONE');
#422 = PRESENTATION_LAYER_ASSIGNMENT (  '', '', ( #180 ) ) ;
#423 = ORIENTED_EDGE ( 'NONE', *, *, #345, .F. ) ;
#424 = CARTESIAN_POINT ( 'NONE',  ( 0.0000000000000000000, 12.49999999999999800, 0.0000000000000000000 ) ) ;
#425 = ORIENTED_EDGE ( 'NONE', *, *, #883, .F. ) ;
#426 = PRESENTATION_LAYER_ASSIGNMENT (  '', '', ( #61 ) ) ;
#427 = DIRECTION ( 'NONE',  ( 0.0000000000000000000, 0.0000000000000000000, 1.000000000000000000 ) ) ;
#428 = VECTOR ( 'NONE', #770, 1000.000000000000000 ) ;
#429 = DIRECTION ( 'NONE',  ( 0.0000000000000000000, 0.0000000000000000000, 1.000000000000000000 ) ) ;
#430 = STYLED_ITEM ( 'NONE', ( #388 ), #262 ) ;
#431 = AXIS2_PLACEMENT_3D ( 'NONE', #981, #882, #160 ) ;
#432 = DIRECTION ( 'NONE',  ( 0.0000000000000000000, 0.0000000000000000000, 1.000000000000000000 ) ) ;
#433 = VECTOR ( 'NONE', #105, 1000.000000000000000 ) ;
#434 = DIRECTION ( 'NONE',  ( 1.000000000000000000, 0.0000000000000000000, 0.0000000000000000000 ) ) ;
#435 = SURFACE_STYLE_USAGE ( .BOTH. , #529 ) ;
#436 = EDGE_LOOP ( 'NONE', ( #1245, #103, #80, #1309 ) ) ;
#437 = EDGE_CURVE ( 'NONE', #405, #628, #1151, .T. ) ;
#438 = ORIENTED_EDGE ( 'NONE', *, *, #1304, .T. ) ;
#439 = ADVANCED_FACE ( 'NONE', ( #1354 ), #181, .F. ) ;
#440 = CARTESIAN_POINT ( 'NONE',  ( 38.00000000000000000, 7.000000000000000000, 2.000000000000000000 ) ) ;
#441 = FILL_AREA_STYLE ('',( #1205 ) ) ;
#442 = CARTESIAN_POINT ( 'NONE',  ( 7.000000000000000000, 0.0000000000000000000, 0.0000000000000000000 ) ) ;
#443 = UNCERTAINTY_MEASURE_WITH_UNIT (LENGTH_MEASURE( 1.000000000000000100E-005 ), #1206, 'distance_accuracy_value', 'NONE');
#444 = ADVANCED_FACE ( 'NONE', ( #1032 ), #605, .F. ) ;
#445 = DIRECTION ( 'NONE',  ( 1.000000000000000000, 0.0000000000000000000, 0.0000000000000000000 ) ) ;
#446 =( GEOMETRIC_REPRESENTATION_CONTEXT ( 3 ) GLOBAL_UNCERTAINTY_ASSIGNED_CONTEXT ( ( #556 ) ) GLOBAL_UNIT_ASSIGNED_CONTEXT ( ( #1212, #1290, #264 ) ) REPRESENTATION_CONTEXT ( 'NONE', 'WORKASPACE' ) );
#447 = DIRECTION ( 'NONE',  ( -0.0000000000000000000, -0.0000000000000000000, -1.000000000000000000 ) ) ;
#448 = PRESENTATION_LAYER_ASSIGNMENT (  '', '', ( #1058 ) ) ;
#449 =( GEOMETRIC_REPRESENTATION_CONTEXT ( 3 ) GLOBAL_UNCERTAINTY_ASSIGNED_CONTEXT ( ( #1241 ) ) GLOBAL_UNIT_ASSIGNED_CONTEXT ( ( #149, #779, #168 ) ) REPRESENTATION_CONTEXT ( 'NONE', 'WORKASPACE' ) );
#450 = CARTESIAN_POINT ( 'NONE',  ( 45.00000000000000000, 0.0000000000000000000, 2.000000000000000000 ) ) ;
#451 = CARTESIAN_POINT ( 'NONE',  ( 0.0000000000000000000, 0.0000000000000000000, 2.000000000000000000 ) ) ;
#452 = ORIENTED_EDGE ( 'NONE', *, *, #195, .F. ) ;
#453 = VERTEX_POINT ( 'NONE', #1035 ) ;
#454 = EDGE_CURVE ( 'NONE', #683, #1281, #1095, .T. ) ;
#455 = VECTOR ( 'NONE', #618, 1000.000000000000000 ) ;
#456 = VECTOR ( 'NONE', #782, 1000.000000000000000 ) ;
#457 = MECHANICAL_DESIGN_GEOMETRIC_PRESENTATION_REPRESENTATION (  '', ( #136 ), #205 ) ;
#458 = ADVANCED_FACE ( 'NONE', ( #1006 ), #400, .F. ) ;
#459 = CARTESIAN_POINT ( 'NONE',  ( 38.00000000000000000, 7.000000000000000000, 2.000000000000000000 ) ) ;
#460 = CIRCLE ( 'NONE', #505, 4.000000000000000000 ) ;
#461 = VERTEX_POINT ( 'NONE', #1352 ) ;
#462 = CARTESIAN_POINT ( 'NONE',  ( 0.0000000000000000000, 0.0000000000000000000, 0.0000000000000000000 ) ) ;
#463 = EDGE_LOOP ( 'NONE', ( #1232, #140 ) ) ;
#464 = FILL_AREA_STYLE ('',( #686 ) ) ;
#465 = ORIENTED_EDGE ( 'NONE', *, *, #1194, .T. ) ;
#466 = CARTESIAN_POINT ( 'NONE',  ( 7.000000000000000000, 0.0000000000000000000, 2.000000000000000000 ) ) ;
#467 = DIRECTION ( 'NONE',  ( 1.000000000000000000, 0.0000000000000000000, 0.0000000000000000000 ) ) ;
#468 = DIRECTION ( 'NONE',  ( 0.0000000000000000000, 0.0000000000000000000, 1.000000000000000000 ) ) ;
#469 = STYLED_ITEM ( 'NONE', ( #550 ), #1188 ) ;
#470 = SURFACE_SIDE_STYLE ('',( #602 ) ) ;
#471 = DIRECTION ( 'NONE',  ( 1.000000000000000000, 0.0000000000000000000, 0.0000000000000000000 ) ) ;
#472 = VECTOR ( 'NONE', #933, 1000.000000000000000 ) ;
#473 = DIRECTION ( 'NONE',  ( -0.0000000000000000000, -0.0000000000000000000, -1.000000000000000000 ) ) ;
#474 = CYLINDRICAL_SURFACE ( 'NONE', #1369, 1.500000000000000400 ) ;
#475 = FILL_AREA_STYLE ('',( #793 ) ) ;
#476 = CARTESIAN_POINT ( 'NONE',  ( 46.50000000000000000, 1.836970198721038100E-016, 0.0000000000000000000 ) ) ;
#477 = ORIENTED_EDGE ( 'NONE', *, *, #482, .F. ) ;
#478 = DIRECTION ( 'NONE',  ( 0.0000000000000000000, 0.0000000000000000000, 1.000000000000000000 ) ) ;
#479 = ORIENTED_EDGE ( 'NONE', *, *, #496, .T. ) ;
#480 = VERTEX_POINT ( 'NONE', #1248 ) ;
#481 = ORIENTED_EDGE ( 'NONE', *, *, #1313, .F. ) ;
#482 = EDGE_CURVE ( 'NONE', #1119, #66, #696, .T. ) ;
#483 = STYLED_ITEM ( 'NONE', ( #1110 ), #645 ) ;
#484 = MECHANICAL_DESIGN_GEOMETRIC_PRESENTATION_REPRESENTATION (  '', ( #1058 ), #939 ) ;
#485 = SURFACE_STYLE_FILL_AREA ( #613 ) ;
#486 = AXIS2_PLACEMENT_3D ( 'NONE', #721, #711, #1343 ) ;
#487 = FACE_BOUND ( 'NONE', #854, .T. ) ;
#488 = PRESENTATION_STYLE_ASSIGNMENT (( #548 ) ) ;
#489 = STYLED_ITEM ( 'NONE', ( #892 ), #118 ) ;
#490 = ORIENTED_EDGE ( 'NONE', *, *, #671, .F. ) ;
#491 = CARTESIAN_POINT ( 'NONE',  ( 39.50000000000000000, 7.000000000000000000, 2.000000000000000000 ) ) ;
#492 = PRODUCT_DEFINITION_FORMATION_WITH_SPECIFIED_SOURCE ( '任何', '', #559, .NOT_KNOWN. ) ;
#493 = VERTEX_POINT ( 'NONE', #1240 ) ;
#494 = ORIENTED_EDGE ( 'NONE', *, *, #51, .F. ) ;
#495 =( NAMED_UNIT ( * ) PLANE_ANGLE_UNIT ( ) SI_UNIT ( $, .RADIAN. ) );
#496 = EDGE_CURVE ( 'NONE', #1262, #66, #302, .T. ) ;
#497 = CIRCLE ( 'NONE', #1306, 1.500000000000001300 ) ;
#498 = EDGE_CURVE ( 'NONE', #1055, #641, #132, .T. ) ;
#499 = FILL_AREA_STYLE_COLOUR ( '', #1224 ) ;
#500 = PRESENTATION_STYLE_ASSIGNMENT (( #1234 ) ) ;
#501 = FILL_AREA_STYLE ('',( #717 ) ) ;
#502 = CARTESIAN_POINT ( 'NONE',  ( 0.0000000000000000000, 12.49999999999999800, 0.0000000000000000000 ) ) ;
#503 = MECHANICAL_DESIGN_GEOMETRIC_PRESENTATION_REPRESENTATION (  '', ( #258 ), #1012 ) ;
#504 = ORIENTED_EDGE ( 'NONE', *, *, #1332, .F. ) ;
#505 = AXIS2_PLACEMENT_3D ( 'NONE', #1291, #328, #642 ) ;
#506 = VERTEX_POINT ( 'NONE', #398 ) ;
#507 =( GEOMETRIC_REPRESENTATION_CONTEXT ( 3 ) GLOBAL_UNCERTAINTY_ASSIGNED_CONTEXT ( ( #421 ) ) GLOBAL_UNIT_ASSIGNED_CONTEXT ( ( #971, #1075, #545 ) ) REPRESENTATION_CONTEXT ( 'NONE', 'WORKASPACE' ) );
#508 = FILL_AREA_STYLE_COLOUR ( '', #745 ) ;
#509 = CARTESIAN_POINT ( 'NONE',  ( 36.50000000000000000, -7.000000000000000000, 0.0000000000000000000 ) ) ;
#510 = CARTESIAN_POINT ( 'NONE',  ( 34.00000000000000000, 0.0000000000000000000, 2.000000000000000000 ) ) ;
#511 = CIRCLE ( 'NONE', #947, 1.500000000000000200 ) ;
#512 = FACE_OUTER_BOUND ( 'NONE', #394, .T. ) ;
#513 = EDGE_CURVE ( 'NONE', #877, #405, #891, .T. ) ;
#514 = AXIS2_PLACEMENT_3D ( 'NONE', #263, #692, #471 ) ;
#515 = FACE_BOUND ( 'NONE', #973, .T. ) ;
#516 = DIRECTION ( 'NONE',  ( -0.0000000000000000000, -0.0000000000000000000, -1.000000000000000000 ) ) ;
#517 = CYLINDRICAL_SURFACE ( 'NONE', #266, 1.500000000000001300 ) ;
#518 = FACE_OUTER_BOUND ( 'NONE', #881, .T. ) ;
#519 =( NAMED_UNIT ( * ) PLANE_ANGLE_UNIT ( ) SI_UNIT ( $, .RADIAN. ) );
#520 = EDGE_CURVE ( 'NONE', #1191, #1355, #967, .T. ) ;
#521 = EDGE_LOOP ( 'NONE', ( #646, #374, #204, #158 ) ) ;
#522 = CARTESIAN_POINT ( 'NONE',  ( 0.0000000000000000000, 0.0000000000000000000, 2.000000000000000000 ) ) ;
#523 = STYLED_ITEM ( 'NONE', ( #1131 ), #528 ) ;
#524 = VERTEX_POINT ( 'NONE', #1366 ) ;
#525 = FILL_AREA_STYLE_COLOUR ( '', #1045 ) ;
#526 = VERTEX_POINT ( 'NONE', #218 ) ;
#527 = CARTESIAN_POINT ( 'NONE',  ( 31.00000000000000000, 0.0000000000000000000, 2.000000000000000000 ) ) ;
#528 = ADVANCED_FACE ( 'NONE', ( #233 ), #1371, .F. ) ;
#529 = SURFACE_SIDE_STYLE ('',( #830 ) ) ;
#530 = COLOUR_RGB ( '',0.0000000000000000000, 0.0000000000000000000, 0.0000000000000000000 ) ;
#531 = CYLINDRICAL_SURFACE ( 'NONE', #701, 1.500000000000000200 ) ;
#532 = FACE_OUTER_BOUND ( 'NONE', #594, .T. ) ;
#533 = DIRECTION ( 'NONE',  ( 0.0000000000000000000, 0.0000000000000000000, 1.000000000000000000 ) ) ;
#534 = AXIS2_PLACEMENT_3D ( 'NONE', #522, #516, #949 ) ;
#535 =( NAMED_UNIT ( * ) PLANE_ANGLE_UNIT ( ) SI_UNIT ( $, .RADIAN. ) );
#536 = LINE ( 'NONE', #381, #1168 ) ;
#537 = CARTESIAN_POINT ( 'NONE',  ( 31.00000000000000000, 0.0000000000000000000, 2.000000000000000000 ) ) ;
#538 = ADVANCED_FACE ( 'NONE', ( #42 ), #208, .F. ) ;
#539 = CYLINDRICAL_SURFACE ( 'NONE', #310, 1.500000000000000200 ) ;
#540 = CARTESIAN_POINT ( 'NONE',  ( 7.000000000000000000, 0.0000000000000000000, 2.000000000000000000 ) ) ;
#541 = EDGE_LOOP ( 'NONE', ( #1340, #1329, #308, #1342 ) ) ;
#542 = DIRECTION ( 'NONE',  ( -0.0000000000000000000, -0.0000000000000000000, -1.000000000000000000 ) ) ;
#543 = ORIENTED_EDGE ( 'NONE', *, *, #286, .T. ) ;
#544 = VERTEX_POINT ( 'NONE', #420 ) ;
#545 =( NAMED_UNIT ( * ) SI_UNIT ( $, .STERADIAN. ) SOLID_ANGLE_UNIT ( ) );
#546 = CLOSED_SHELL ( 'NONE', ( #1172, #125, #850, #884, #231, #866, #859, #653, #32, #547, #1188, #1307, #585, #1066, #439, #1198, #538, #4, #118, #645, #444, #262, #969, #147, #528, #756, #458 ) ) ;
#547 = ADVANCED_FACE ( 'NONE', ( #1076 ), #1128, .F. ) ;
#548 = SURFACE_STYLE_USAGE ( .BOTH. , #347 ) ;
#549 = PRESENTATION_STYLE_ASSIGNMENT (( #775 ) ) ;
#550 = PRESENTATION_STYLE_ASSIGNMENT (( #1170 ) ) ;
#551 = EDGE_CURVE ( 'NONE', #1054, #120, #707, .T. ) ;
#552 = VECTOR ( 'NONE', #542, 1000.000000000000000 ) ;
#553 = PRESENTATION_LAYER_ASSIGNMENT (  '', '', ( #483 ) ) ;
#554 = DIRECTION ( 'NONE',  ( 0.0000000000000000000, 0.0000000000000000000, 1.000000000000000000 ) ) ;
#555 = FILL_AREA_STYLE ('',( #1062 ) ) ;
#556 = UNCERTAINTY_MEASURE_WITH_UNIT (LENGTH_MEASURE( 1.000000000000000100E-005 ), #1212, 'distance_accuracy_value', 'NONE');
#557 = CIRCLE ( 'NONE', #486, 1.500000000000000400 ) ;
#558 =( GEOMETRIC_REPRESENTATION_CONTEXT ( 3 ) GLOBAL_UNCERTAINTY_ASSIGNED_CONTEXT ( ( #443 ) ) GLOBAL_UNIT_ASSIGNED_CONTEXT ( ( #1206, #886, #146 ) ) REPRESENTATION_CONTEXT ( 'NONE', 'WORKASPACE' ) );
#559 = PRODUCT ( '一字型支架', '一字型支架', '', ( #1337 ) ) ;
#560 = AXIS2_PLACEMENT_3D ( 'NONE', #916, #1357, #819 ) ;
#561 = ORIENTED_EDGE ( 'NONE', *, *, #390, .F. ) ;
#562 = ORIENTED_EDGE ( 'NONE', *, *, #1079, .T. ) ;
#563 = CARTESIAN_POINT ( 'NONE',  ( 39.50000000000000000, -7.000000000000000000, 0.0000000000000000000 ) ) ;
#564 =( GEOMETRIC_REPRESENTATION_CONTEXT ( 3 ) GLOBAL_UNCERTAINTY_ASSIGNED_CONTEXT ( ( #1363 ) ) GLOBAL_UNIT_ASSIGNED_CONTEXT ( ( #858, #18, #752 ) ) REPRESENTATION_CONTEXT ( 'NONE', 'WORKASPACE' ) );
#565 = APPLICATION_PROTOCOL_DEFINITION ( 'draft international standard', 'automotive_design', 1998, #1202 ) ;
#566 = AXIS2_PLACEMENT_3D ( 'NONE', #637, #1057, #434 ) ;
#567 = SURFACE_STYLE_USAGE ( .BOTH. , #1204 ) ;
#568 = VECTOR ( 'NONE', #201, 1000.000000000000000 ) ;
#569 = CARTESIAN_POINT ( 'NONE',  ( -7.000000000000000000, 0.0000000000000000000, 2.000000000000000000 ) ) ;
#570 = CARTESIAN_POINT ( 'NONE',  ( -8.500000000000000000, 0.0000000000000000000, 0.0000000000000000000 ) ) ;
#571 = LINE ( 'NONE', #1181, #1091 ) ;
#572 =( LENGTH_UNIT ( ) NAMED_UNIT ( * ) SI_UNIT ( .MILLI., .METRE. ) );
#573 = FACE_BOUND ( 'NONE', #974, .T. ) ;
#574 = DIRECTION ( 'NONE',  ( -0.0000000000000000000, -0.0000000000000000000, -1.000000000000000000 ) ) ;
#575 = VERTEX_POINT ( 'NONE', #313 ) ;
#576 = ORIENTED_EDGE ( 'NONE', *, *, #275, .F. ) ;
#577 = DIRECTION ( 'NONE',  ( 0.0000000000000000000, 0.0000000000000000000, 1.000000000000000000 ) ) ;
#578 = FILL_AREA_STYLE ('',( #1310 ) ) ;
#579 = VERTEX_POINT ( 'NONE', #510 ) ;
#580 =( NAMED_UNIT ( * ) SI_UNIT ( $, .STERADIAN. ) SOLID_ANGLE_UNIT ( ) );
#581 = PRESENTATION_LAYER_ASSIGNMENT (  '', '', ( #136 ) ) ;
#582 = UNCERTAINTY_MEASURE_WITH_UNIT (LENGTH_MEASURE( 1.000000000000000100E-005 ), #953, 'distance_accuracy_value', 'NONE');
#583 = DIRECTION ( 'NONE',  ( 1.000000000000000000, 0.0000000000000000000, 0.0000000000000000000 ) ) ;
#584 = SURFACE_SIDE_STYLE ('',( #755 ) ) ;
#585 = ADVANCED_FACE ( 'NONE', ( #849, #573, #301, #515, #1239, #591, #769, #269, #986, #1093, #487 ), #942, .F. ) ;
#586 = EDGE_CURVE ( 'NONE', #911, #375, #1289, .T. ) ;
#587 = AXIS2_PLACEMENT_3D ( 'NONE', #385, #1130, #603 ) ;
#588 = CYLINDRICAL_SURFACE ( 'NONE', #21, 1.500000000000001300 ) ;
#589 = DIRECTION ( 'NONE',  ( 1.000000000000000000, -9.130123557772669600E-017, 0.0000000000000000000 ) ) ;
#590 = LINE ( 'NONE', #1315, #1222 ) ;
#591 = FACE_OUTER_BOUND ( 'NONE', #994, .T. ) ;
#592 = PRESENTATION_STYLE_ASSIGNMENT (( #668 ) ) ;
#593 =( GEOMETRIC_REPRESENTATION_CONTEXT ( 3 ) GLOBAL_UNCERTAINTY_ASSIGNED_CONTEXT ( ( #621 ) ) GLOBAL_UNIT_ASSIGNED_CONTEXT ( ( #951, #327, #206 ) ) REPRESENTATION_CONTEXT ( 'NONE', 'WORKASPACE' ) );
#594 = EDGE_LOOP ( 'NONE', ( #943, #185, #309, #682 ) ) ;
#595 = ORIENTED_EDGE ( 'NONE', *, *, #95, .F. ) ;
#596 = PRESENTATION_LAYER_ASSIGNMENT (  '', '', ( #254 ) ) ;
#597 = DIRECTION ( 'NONE',  ( -1.000000000000000000, 0.0000000000000000000, 0.0000000000000000000 ) ) ;
#598 = EDGE_LOOP ( 'NONE', ( #99, #122, #45, #995 ) ) ;
#599 = STYLED_ITEM ( 'NONE', ( #114 ), #538 ) ;
#600 =( LENGTH_UNIT ( ) NAMED_UNIT ( * ) SI_UNIT ( .MILLI., .METRE. ) );
#601 = FACE_BOUND ( 'NONE', #173, .T. ) ;
#602 = SURFACE_STYLE_FILL_AREA ( #441 ) ;
#603 = DIRECTION ( 'NONE',  ( -1.000000000000000000, 0.0000000000000000000, 0.0000000000000000000 ) ) ;
#604 = SURFACE_SIDE_STYLE ('',( #753 ) ) ;
#605 = CYLINDRICAL_SURFACE ( 'NONE', #736, 1.500000000000000200 ) ;
#606 = CARTESIAN_POINT ( 'NONE',  ( -7.000000000000000000, 0.0000000000000000000, 2.000000000000000000 ) ) ;
#607 = STYLED_ITEM ( 'NONE', ( #217 ), #4 ) ;
#608 = ORIENTED_EDGE ( 'NONE', *, *, #1218, .F. ) ;
#609 = CARTESIAN_POINT ( 'NONE',  ( 38.00000000000000000, 0.0000000000000000000, 2.000000000000000000 ) ) ;
#610 = AXIS2_PLACEMENT_3D ( 'NONE', #54, #473, #187 ) ;
#611 = ORIENTED_EDGE ( 'NONE', *, *, #1023, .F. ) ;
#612 = CARTESIAN_POINT ( 'NONE',  ( 41.99999999999999300, 4.898587196589412800E-016, 0.0000000000000000000 ) ) ;
#613 = FILL_AREA_STYLE ('',( #86 ) ) ;
#614 = VECTOR ( 'NONE', #153, 1000.000000000000000 ) ;
#615 = FILL_AREA_STYLE_COLOUR ( '', #1372 ) ;
#616 = PRESENTATION_STYLE_ASSIGNMENT (( #977 ) ) ;
#617 =( LENGTH_UNIT ( ) NAMED_UNIT ( * ) SI_UNIT ( .MILLI., .METRE. ) );
#618 = DIRECTION ( 'NONE',  ( -0.0000000000000000000, -0.0000000000000000000, -1.000000000000000000 ) ) ;
#619 = LINE ( 'NONE', #265, #1048 ) ;
#620 = CARTESIAN_POINT ( 'NONE',  ( 38.00000000000000000, 7.000000000000000000, 0.0000000000000000000 ) ) ;
#621 = UNCERTAINTY_MEASURE_WITH_UNIT (LENGTH_MEASURE( 1.000000000000000100E-005 ), #951, 'distance_accuracy_value', 'NONE');
#622 = EDGE_CURVE ( 'NONE', #915, #1055, #706, .T. ) ;
#623 = COLOUR_RGB ( '',0.0000000000000000000, 0.0000000000000000000, 0.0000000000000000000 ) ;
#624 = AXIS2_PLACEMENT_3D ( 'NONE', #751, #1064, #445 ) ;
#625 = PRESENTATION_LAYER_ASSIGNMENT (  '', '', ( #1178 ) ) ;
#626 = DIRECTION ( 'NONE',  ( -0.0000000000000000000, -0.0000000000000000000, -1.000000000000000000 ) ) ;
#627 = ORIENTED_EDGE ( 'NONE', *, *, #454, .F. ) ;
#628 = VERTEX_POINT ( 'NONE', #1090 ) ;
#629 = FILL_AREA_STYLE_COLOUR ( '', #708 ) ;
#630 = FACE_BOUND ( 'NONE', #665, .T. ) ;
#631 = FILL_AREA_STYLE ('',( #525 ) ) ;
#632 = PRESENTATION_LAYER_ASSIGNMENT (  '', '', ( #430 ) ) ;
#633 = AXIS2_PLACEMENT_3D ( 'NONE', #1324, #478, #1114 ) ;
#634 = PRESENTATION_STYLE_ASSIGNMENT (( #834 ) ) ;
#635 =( NAMED_UNIT ( * ) PLANE_ANGLE_UNIT ( ) SI_UNIT ( $, .RADIAN. ) );
#636 = SURFACE_SIDE_STYLE ('',( #678 ) ) ;
#637 = CARTESIAN_POINT ( 'NONE',  ( 0.0000000000000000000, 7.000000000000000000, 2.000000000000000000 ) ) ;
#638 = CYLINDRICAL_SURFACE ( 'NONE', #1299, 1.500000000000000200 ) ;
#639 =( NAMED_UNIT ( * ) SI_UNIT ( $, .STERADIAN. ) SOLID_ANGLE_UNIT ( ) );
#640 = EDGE_CURVE ( 'NONE', #120, #1085, #590, .T. ) ;
#641 = VERTEX_POINT ( 'NONE', #346 ) ;
#642 = DIRECTION ( 'NONE',  ( 1.000000000000000000, 0.0000000000000000000, 0.0000000000000000000 ) ) ;
#643 = ORIENTED_EDGE ( 'NONE', *, *, #95, .T. ) ;
#644 = VERTEX_POINT ( 'NONE', #962 ) ;
#645 = ADVANCED_FACE ( 'NONE', ( #1301 ), #734, .F. ) ;
#646 = ORIENTED_EDGE ( 'NONE', *, *, #520, .T. ) ;
#647 = DIRECTION ( 'NONE',  ( -1.000000000000000000, 0.0000000000000000000, 0.0000000000000000000 ) ) ;
#648 = SURFACE_STYLE_FILL_AREA ( #464 ) ;
#649 = AXIS2_PLACEMENT_3D ( 'NONE', #829, #427, #212 ) ;
#650 = CIRCLE ( 'NONE', #791, 1.500000000000001300 ) ;
#651 = CYLINDRICAL_SURFACE ( 'NONE', #1282, 12.49999999999999800 ) ;
#652 = SURFACE_STYLE_USAGE ( .BOTH. , #636 ) ;
#653 = ADVANCED_FACE ( 'NONE', ( #386 ), #935, .F. ) ;
#654 = EDGE_CURVE ( 'NONE', #78, #1262, #73, .T. ) ;
#655 = AXIS2_PLACEMENT_3D ( 'NONE', #540, #1292, #1288 ) ;
#656 = FILL_AREA_STYLE ('',( #19 ) ) ;
#657 = CIRCLE ( 'NONE', #990, 1.500000000000000400 ) ;
#658 = CARTESIAN_POINT ( 'NONE',  ( -8.500000000000000000, 0.0000000000000000000, 2.000000000000000000 ) ) ;
#659 = UNCERTAINTY_MEASURE_WITH_UNIT (LENGTH_MEASURE( 1.000000000000000100E-005 ), #855, 'distance_accuracy_value', 'NONE');
#660 = ORIENTED_EDGE ( 'NONE', *, *, #275, .T. ) ;
#661 = ORIENTED_EDGE ( 'NONE', *, *, #256, .F. ) ;
#662 = CARTESIAN_POINT ( 'NONE',  ( 38.00000000000000000, 12.50000000000000200, 2.000000000000000000 ) ) ;
#663 = EDGE_CURVE ( 'NONE', #1383, #1327, #828, .T. ) ;
#664 = DIRECTION ( 'NONE',  ( -0.0000000000000000000, -0.0000000000000000000, -1.000000000000000000 ) ) ;
#665 = EDGE_LOOP ( 'NONE', ( #595, #1069 ) ) ;
#666 = PRODUCT_RELATED_PRODUCT_CATEGORY ( 'part', '', ( #559 ) ) ;
#667 = AXIS2_PLACEMENT_3D ( 'NONE', #1231, #577, #64 ) ;
#668 = SURFACE_STYLE_USAGE ( .BOTH. , #34 ) ;
#669 =( NAMED_UNIT ( * ) SI_UNIT ( $, .STERADIAN. ) SOLID_ANGLE_UNIT ( ) );
#670 = FACE_BOUND ( 'NONE', #320, .T. ) ;
#671 = EDGE_CURVE ( 'NONE', #15, #1298, #166, .T. ) ;
#672 = CIRCLE ( 'NONE', #1252, 1.500000000000001300 ) ;
#673 =( GEOMETRIC_REPRESENTATION_CONTEXT ( 3 ) GLOBAL_UNCERTAINTY_ASSIGNED_CONTEXT ( ( #582 ) ) GLOBAL_UNIT_ASSIGNED_CONTEXT ( ( #953, #635, #639 ) ) REPRESENTATION_CONTEXT ( 'NONE', 'WORKASPACE' ) );
#674 = FILL_AREA_STYLE_COLOUR ( '', #623 ) ;
#675 = SURFACE_SIDE_STYLE ('',( #228 ) ) ;
#676 =( NAMED_UNIT ( * ) SI_UNIT ( $, .STERADIAN. ) SOLID_ANGLE_UNIT ( ) );
#677 = SURFACE_STYLE_USAGE ( .BOTH. , #470 ) ;
#678 = SURFACE_STYLE_FILL_AREA ( #1180 ) ;
#679 = FILL_AREA_STYLE_COLOUR ( '', #1132 ) ;
#680 = ORIENTED_EDGE ( 'NONE', *, *, #1242, .F. ) ;
#681 = CARTESIAN_POINT ( 'NONE',  ( 0.0000000000000000000, 7.000000000000000000, 2.000000000000000000 ) ) ;
#682 = ORIENTED_EDGE ( 'NONE', *, *, #780, .T. ) ;
#683 = VERTEX_POINT ( 'NONE', #1173 ) ;
#684 = DIRECTION ( 'NONE',  ( 0.0000000000000000000, 0.0000000000000000000, 1.000000000000000000 ) ) ;
#685 = MECHANICAL_DESIGN_GEOMETRIC_PRESENTATION_REPRESENTATION (  '', ( #489 ), #564 ) ;
#686 = FILL_AREA_STYLE_COLOUR ( '', #1334 ) ;
#687 = MECHANICAL_DESIGN_GEOMETRIC_PRESENTATION_REPRESENTATION (  '', ( #1080 ), #507 ) ;
#688 = UNCERTAINTY_MEASURE_WITH_UNIT (LENGTH_MEASURE( 1.000000000000000100E-005 ), #1056, 'distance_accuracy_value', 'NONE');
#689 = DIRECTION ( 'NONE',  ( -0.0000000000000000000, -0.0000000000000000000, -1.000000000000000000 ) ) ;
#690 = PRESENTATION_STYLE_ASSIGNMENT (( #1088 ) ) ;
#691 = FILL_AREA_STYLE ('',( #679 ) ) ;
#692 = DIRECTION ( 'NONE',  ( 0.0000000000000000000, 0.0000000000000000000, 1.000000000000000000 ) ) ;
#693 = CIRCLE ( 'NONE', #921, 1.500000000000000400 ) ;
#694 =( LENGTH_UNIT ( ) NAMED_UNIT ( * ) SI_UNIT ( .MILLI., .METRE. ) );
#695 = SURFACE_SIDE_STYLE ('',( #952 ) ) ;
#696 = LINE ( 'NONE', #491, #182 ) ;
#697 = DIRECTION ( 'NONE',  ( 1.000000000000000000, 0.0000000000000000000, 0.0000000000000000000 ) ) ;
#698 = ORIENTED_EDGE ( 'NONE', *, *, #315, .T. ) ;
#699 = DIRECTION ( 'NONE',  ( 0.0000000000000000000, 0.0000000000000000000, 1.000000000000000000 ) ) ;
#700 = ORIENTED_EDGE ( 'NONE', *, *, #1375, .F. ) ;
#701 = AXIS2_PLACEMENT_3D ( 'NONE', #151, #1216, #785 ) ;
#702 = CARTESIAN_POINT ( 'NONE',  ( 39.50000000000000000, -7.000000000000000000, 2.000000000000000000 ) ) ;
#703 = AXIS2_PLACEMENT_3D ( 'NONE', #371, #1092, #1214 ) ;
#704 = LINE ( 'NONE', #1192, #1236 ) ;
#705 = DIRECTION ( 'NONE',  ( 0.0000000000000000000, 0.0000000000000000000, 1.000000000000000000 ) ) ;
#706 = LINE ( 'NONE', #998, #552 ) ;
#707 = CIRCLE ( 'NONE', #649, 1.500000000000001300 ) ;
#708 = COLOUR_RGB ( '',0.0000000000000000000, 0.0000000000000000000, 0.0000000000000000000 ) ;
#709 = CIRCLE ( 'NONE', #1015, 1.500000000000001300 ) ;
#710 = MECHANICAL_DESIGN_GEOMETRIC_PRESENTATION_REPRESENTATION (  '', ( #430 ), #842 ) ;
#711 = DIRECTION ( 'NONE',  ( 0.0000000000000000000, 0.0000000000000000000, 1.000000000000000000 ) ) ;
#712 = AXIS2_PLACEMENT_3D ( 'NONE', #133, #123, #1177 ) ;
#713 = LINE ( 'NONE', #1358, #433 ) ;
#714 = EDGE_LOOP ( 'NONE', ( #30, #306 ) ) ;
#715 = DIRECTION ( 'NONE',  ( 1.000000000000000000, 0.0000000000000000000, 0.0000000000000000000 ) ) ;
#716 = ORIENTED_EDGE ( 'NONE', *, *, #273, .F. ) ;
#717 = FILL_AREA_STYLE_COLOUR ( '', #1254 ) ;
#718 = ORIENTED_EDGE ( 'NONE', *, *, #291, .F. ) ;
#719 =( NAMED_UNIT ( * ) PLANE_ANGLE_UNIT ( ) SI_UNIT ( $, .RADIAN. ) );
#720 = PRESENTATION_LAYER_ASSIGNMENT (  '', '', ( #33 ) ) ;
#721 = CARTESIAN_POINT ( 'NONE',  ( 7.000000000000000000, 0.0000000000000000000, 2.000000000000000000 ) ) ;
#722 = DIRECTION ( 'NONE',  ( -1.000000000000000000, 0.0000000000000000000, 0.0000000000000000000 ) ) ;
#723 =( GEOMETRIC_REPRESENTATION_CONTEXT ( 3 ) GLOBAL_UNCERTAINTY_ASSIGNED_CONTEXT ( ( #968 ) ) GLOBAL_UNIT_ASSIGNED_CONTEXT ( ( #1328, #380, #902 ) ) REPRESENTATION_CONTEXT ( 'NONE', 'WORKASPACE' ) );
#724 = AXIS2_PLACEMENT_3D ( 'NONE', #980, #684, #1189 ) ;
#725 = ORIENTED_EDGE ( 'NONE', *, *, #291, .T. ) ;
#726 = UNCERTAINTY_MEASURE_WITH_UNIT (LENGTH_MEASURE( 1.000000000000000100E-005 ), #1199, 'distance_accuracy_value', 'NONE');
#727 = ORIENTED_EDGE ( 'NONE', *, *, #300, .F. ) ;
#728 =( NAMED_UNIT ( * ) PLANE_ANGLE_UNIT ( ) SI_UNIT ( $, .RADIAN. ) );
#729 =( NAMED_UNIT ( * ) PLANE_ANGLE_UNIT ( ) SI_UNIT ( $, .RADIAN. ) );
#730 =( LENGTH_UNIT ( ) NAMED_UNIT ( * ) SI_UNIT ( .MILLI., .METRE. ) );
#731 = EDGE_CURVE ( 'NONE', #1327, #1383, #966, .T. ) ;
#732 = PRESENTATION_LAYER_ASSIGNMENT (  '', '', ( #469 ) ) ;
#733 = SURFACE_SIDE_STYLE ('',( #6 ) ) ;
#734 = CYLINDRICAL_SURFACE ( 'NONE', #1186, 1.499999999999999600 ) ;
#735 = CARTESIAN_POINT ( 'NONE',  ( 7.000000000000000000, 0.0000000000000000000, 0.0000000000000000000 ) ) ;
#736 = AXIS2_PLACEMENT_3D ( 'NONE', #194, #296, #76 ) ;
#737 = FILL_AREA_STYLE_COLOUR ( '', #812 ) ;
#738 = COLOUR_RGB ( '',0.0000000000000000000, 0.0000000000000000000, 0.0000000000000000000 ) ;
#739 = EDGE_LOOP ( 'NONE', ( #419, #1154, #1344, #561 ) ) ;
#740 = MANIFOLD_SOLID_BREP ( '凸台-拉伸1', #546 ) ;
#741 = SURFACE_SIDE_STYLE ('',( #938 ) ) ;
#742 = ORIENTED_EDGE ( 'NONE', *, *, #513, .F. ) ;
#743 = ORIENTED_EDGE ( 'NONE', *, *, #179, .T. ) ;
#744 =( LENGTH_UNIT ( ) NAMED_UNIT ( * ) SI_UNIT ( .MILLI., .METRE. ) );
#745 = COLOUR_RGB ( '',0.0000000000000000000, 0.0000000000000000000, 0.0000000000000000000 ) ;
#746 = DIRECTION ( 'NONE',  ( -0.0000000000000000000, -0.0000000000000000000, -1.000000000000000000 ) ) ;
#747 =( NAMED_UNIT ( * ) PLANE_ANGLE_UNIT ( ) SI_UNIT ( $, .RADIAN. ) );
#748 = DIRECTION ( 'NONE',  ( -0.0000000000000000000, -0.0000000000000000000, -1.000000000000000000 ) ) ;
#749 = STYLED_ITEM ( 'NONE', ( #1030 ), #1198 ) ;
#750 = CYLINDRICAL_SURFACE ( 'NONE', #1126, 12.49999999999999800 ) ;
#751 = CARTESIAN_POINT ( 'NONE',  ( -7.000000000000000000, 0.0000000000000000000, 0.0000000000000000000 ) ) ;
#752 =( NAMED_UNIT ( * ) SI_UNIT ( $, .STERADIAN. ) SOLID_ANGLE_UNIT ( ) );
#753 = SURFACE_STYLE_FILL_AREA ( #815 ) ;
#754 = CARTESIAN_POINT ( 'NONE',  ( 38.00000000000000000, 0.0000000000000000000, 2.000000000000000000 ) ) ;
#755 = SURFACE_STYLE_FILL_AREA ( #691 ) ;
#756 = ADVANCED_FACE ( 'NONE', ( #1147 ), #865, .F. ) ;
#757 = DIRECTION ( 'NONE',  ( -0.0000000000000000000, -0.0000000000000000000, -1.000000000000000000 ) ) ;
#758 = EDGE_CURVE ( 'NONE', #10, #63, #1144, .T. ) ;
#759 =( NAMED_UNIT ( * ) SI_UNIT ( $, .STERADIAN. ) SOLID_ANGLE_UNIT ( ) );
#760 = AXIS2_PLACEMENT_3D ( 'NONE', #1220, #279, #583 ) ;
#761 = ORIENTED_EDGE ( 'NONE', *, *, #946, .T. ) ;
#762 = CARTESIAN_POINT ( 'NONE',  ( 0.0000000000000000000, 7.000000000000000000, 2.000000000000000000 ) ) ;
#763 = DIRECTION ( 'NONE',  ( -1.000000000000000000, 0.0000000000000000000, 0.0000000000000000000 ) ) ;
#764 = AXIS2_PLACEMENT_3D ( 'NONE', #1283, #940, #5 ) ;
#765 = DIRECTION ( 'NONE',  ( 0.0000000000000000000, 0.0000000000000000000, 1.000000000000000000 ) ) ;
#766 = SURFACE_STYLE_FILL_AREA ( #631 ) ;
#767 = MECHANICAL_DESIGN_GEOMETRIC_PRESENTATION_REPRESENTATION (  '', ( #1178 ), #1250 ) ;
#768 = DIRECTION ( 'NONE',  ( -0.0000000000000000000, -0.0000000000000000000, -1.000000000000000000 ) ) ;
#769 = FACE_BOUND ( 'NONE', #1040, .T. ) ;
#770 = DIRECTION ( 'NONE',  ( -0.0000000000000000000, -0.0000000000000000000, -1.000000000000000000 ) ) ;
#771 = ORIENTED_EDGE ( 'NONE', *, *, #174, .T. ) ;
#772 = ORIENTED_EDGE ( 'NONE', *, *, #954, .T. ) ;
#773 = DIRECTION ( 'NONE',  ( -0.0000000000000000000, -0.0000000000000000000, -1.000000000000000000 ) ) ;
#774 = MECHANICAL_DESIGN_GEOMETRIC_PRESENTATION_REPRESENTATION (  '', ( #896 ), #1346 ) ;
#775 = SURFACE_STYLE_USAGE ( .BOTH. , #373 ) ;
#776 = ORIENTED_EDGE ( 'NONE', *, *, #437, .T. ) ;
#777 = MECHANICAL_DESIGN_GEOMETRIC_PRESENTATION_REPRESENTATION (  '', ( #150 ), #593 ) ;
#778 = CARTESIAN_POINT ( 'NONE',  ( 36.50000000000000000, 7.000000000000000000, 2.000000000000000000 ) ) ;
#779 =( NAMED_UNIT ( * ) PLANE_ANGLE_UNIT ( ) SI_UNIT ( $, .RADIAN. ) );
#780 = EDGE_CURVE ( 'NONE', #1361, #1298, #1044, .T. ) ;
#781 = LINE ( 'NONE', #983, #230 ) ;
#782 = DIRECTION ( 'NONE',  ( 1.000000000000000000, -9.130123557772669600E-017, 0.0000000000000000000 ) ) ;
#783 = PRESENTATION_STYLE_ASSIGNMENT (( #435 ) ) ;
#784 = PRESENTATION_STYLE_ASSIGNMENT (( #1141 ) ) ;
#785 = DIRECTION ( 'NONE',  ( -1.000000000000000000, 0.0000000000000000000, 0.0000000000000000000 ) ) ;
#786 =( NAMED_UNIT ( * ) SI_UNIT ( $, .STERADIAN. ) SOLID_ANGLE_UNIT ( ) );
#787 = DIRECTION ( 'NONE',  ( 0.0000000000000000000, 0.0000000000000000000, 1.000000000000000000 ) ) ;
#788 = ORIENTED_EDGE ( 'NONE', *, *, #876, .T. ) ;
#789 = ORIENTED_EDGE ( 'NONE', *, *, #323, .T. ) ;
#790 =( NAMED_UNIT ( * ) PLANE_ANGLE_UNIT ( ) SI_UNIT ( $, .RADIAN. ) );
#791 = AXIS2_PLACEMENT_3D ( 'NONE', #1349, #191, #722 ) ;
#792 = ORIENTED_EDGE ( 'NONE', *, *, #1313, .T. ) ;
#793 = FILL_AREA_STYLE_COLOUR ( '', #868 ) ;
#794 = CARTESIAN_POINT ( 'NONE',  ( 1.500000000000000200, 7.000000000000000000, 2.000000000000000000 ) ) ;
#795 = VERTEX_POINT ( 'NONE', #165 ) ;
#796 = AXIS2_PLACEMENT_3D ( 'NONE', #1319, #554, #467 ) ;
#797 = DIRECTION ( 'NONE',  ( -1.000000000000000000, 0.0000000000000000000, 0.0000000000000000000 ) ) ;
#798 = PRODUCT_DEFINITION_CONTEXT ( 'detailed design', #1105, 'design' ) ;
#799 = CARTESIAN_POINT ( 'NONE',  ( 0.0000000000000000000, -7.000000000000000000, 2.000000000000000000 ) ) ;
#800 = AXIS2_PLACEMENT_3D ( 'NONE', #440, #533, #341 ) ;
#801 = CYLINDRICAL_SURFACE ( 'NONE', #406, 1.500000000000001300 ) ;
#802 = SURFACE_STYLE_FILL_AREA ( #656 ) ;
#803 = SURFACE_STYLE_FILL_AREA ( #840 ) ;
#804 = ORIENTED_EDGE ( 'NONE', *, *, #498, .F. ) ;
#805 =( NAMED_UNIT ( * ) PLANE_ANGLE_UNIT ( ) SI_UNIT ( $, .RADIAN. ) );
#806 =( NAMED_UNIT ( * ) SI_UNIT ( $, .STERADIAN. ) SOLID_ANGLE_UNIT ( ) );
#807 = ORIENTED_EDGE ( 'NONE', *, *, #1365, .F. ) ;
#808 = ORIENTED_EDGE ( 'NONE', *, *, #1023, .T. ) ;
#809 = DIRECTION ( 'NONE',  ( -1.000000000000000000, 9.130123557772669600E-017, 0.0000000000000000000 ) ) ;
#810 = SURFACE_STYLE_USAGE ( .BOTH. , #1027 ) ;
#811 = COLOUR_RGB ( '',0.0000000000000000000, 0.0000000000000000000, 0.0000000000000000000 ) ;
#812 = COLOUR_RGB ( '',0.0000000000000000000, 0.0000000000000000000, 0.0000000000000000000 ) ;
#813 = CARTESIAN_POINT ( 'NONE',  ( 46.50000000000000000, 1.836970198721038100E-016, 2.000000000000000000 ) ) ;
#814 = CIRCLE ( 'NONE', #141, 12.50000000000000400 ) ;
#815 = FILL_AREA_STYLE ('',( #499 ) ) ;
#816 = AXIS2_PLACEMENT_3D ( 'NONE', #821, #90, #1351 ) ;
#817 = ORIENTED_EDGE ( 'NONE', *, *, #1136, .F. ) ;
#818 = ORIENTED_EDGE ( 'NONE', *, *, #87, .F. ) ;
#819 = DIRECTION ( 'NONE',  ( 1.000000000000000000, 0.0000000000000000000, 0.0000000000000000000 ) ) ;
#820 = ORIENTED_EDGE ( 'NONE', *, *, #954, .F. ) ;
#821 = CARTESIAN_POINT ( 'NONE',  ( 38.00000000000000000, 0.0000000000000000000, 0.0000000000000000000 ) ) ;
#822 = EDGE_CURVE ( 'NONE', #911, #683, #650, .T. ) ;
#823 = STYLED_ITEM ( 'NONE', ( #366 ), #653 ) ;
#824 = DIRECTION ( 'NONE',  ( -1.000000000000000000, 0.0000000000000000000, 0.0000000000000000000 ) ) ;
#825 = FACE_BOUND ( 'NONE', #342, .T. ) ;
#826 = SURFACE_STYLE_FILL_AREA ( #410 ) ;
#827 = FACE_OUTER_BOUND ( 'NONE', #343, .T. ) ;
#828 = CIRCLE ( 'NONE', #624, 1.500000000000000400 ) ;
#829 = CARTESIAN_POINT ( 'NONE',  ( 38.00000000000000000, -7.000000000000000000, 2.000000000000000000 ) ) ;
#830 = SURFACE_STYLE_FILL_AREA ( #1060 ) ;
#831 = SURFACE_STYLE_USAGE ( .BOTH. , #1368 ) ;
#832 = CIRCLE ( 'NONE', #1341, 1.500000000000001300 ) ;
#833 = STYLED_ITEM ( 'NONE', ( #20 ), #756 ) ;
#834 = SURFACE_STYLE_USAGE ( .BOTH. , #312 ) ;
#835 = DIRECTION ( 'NONE',  ( -1.000000000000000000, 0.0000000000000000000, 0.0000000000000000000 ) ) ;
#836 = ORIENTED_EDGE ( 'NONE', *, *, #297, .F. ) ;
#837 = ORIENTED_EDGE ( 'NONE', *, *, #883, .T. ) ;
#838 = DIRECTION ( 'NONE',  ( 0.0000000000000000000, 0.0000000000000000000, 1.000000000000000000 ) ) ;
#839 = ORIENTED_EDGE ( 'NONE', *, *, #68, .F. ) ;
#840 = FILL_AREA_STYLE ('',( #325 ) ) ;
#841 = DIRECTION ( 'NONE',  ( 0.0000000000000000000, 0.0000000000000000000, 1.000000000000000000 ) ) ;
#842 =( GEOMETRIC_REPRESENTATION_CONTEXT ( 3 ) GLOBAL_UNCERTAINTY_ASSIGNED_CONTEXT ( ( #1176 ) ) GLOBAL_UNIT_ASSIGNED_CONTEXT ( ( #395, #178, #391 ) ) REPRESENTATION_CONTEXT ( 'NONE', 'WORKASPACE' ) );
#843 = STYLED_ITEM ( 'NONE', ( #399 ), #1066 ) ;
#844 = DIRECTION ( 'NONE',  ( -1.000000000000000000, 0.0000000000000000000, 0.0000000000000000000 ) ) ;
#845 = SURFACE_STYLE_FILL_AREA ( #922 ) ;
#846 = COLOUR_RGB ( '',0.0000000000000000000, 0.0000000000000000000, 0.0000000000000000000 ) ;
#847 =( NAMED_UNIT ( * ) SI_UNIT ( $, .STERADIAN. ) SOLID_ANGLE_UNIT ( ) );
#848 = CARTESIAN_POINT ( 'NONE',  ( 0.0000000000000000000, 0.0000000000000000000, 2.000000000000000000 ) ) ;
#849 = FACE_BOUND ( 'NONE', #1211, .T. ) ;
#850 = ADVANCED_FACE ( 'NONE', ( #512 ), #588, .F. ) ;
#851 = CARTESIAN_POINT ( 'NONE',  ( 46.50000000000000000, 1.836970198721034600E-016, 2.000000000000000000 ) ) ;
#852 = CARTESIAN_POINT ( 'NONE',  ( 39.50000000000000000, 7.000000000000000000, 0.0000000000000000000 ) ) ;
#853 = SURFACE_SIDE_STYLE ('',( #253 ) ) ;
#854 = EDGE_LOOP ( 'NONE', ( #772, #1195 ) ) ;
#855 =( LENGTH_UNIT ( ) NAMED_UNIT ( * ) SI_UNIT ( .MILLI., .METRE. ) );
#856 = ORIENTED_EDGE ( 'NONE', *, *, #315, .F. ) ;
#857 = ORIENTED_EDGE ( 'NONE', *, *, #198, .F. ) ;
#858 =( LENGTH_UNIT ( ) NAMED_UNIT ( * ) SI_UNIT ( .MILLI., .METRE. ) );
#859 = ADVANCED_FACE ( 'NONE', ( #1063 ), #531, .F. ) ;
#860 = ORIENTED_EDGE ( 'NONE', *, *, #864, .F. ) ;
#861 = CARTESIAN_POINT ( 'NONE',  ( 7.000000000000000000, 0.0000000000000000000, 2.000000000000000000 ) ) ;
#862 = DIRECTION ( 'NONE',  ( -0.0000000000000000000, -0.0000000000000000000, -1.000000000000000000 ) ) ;
#863 =( LENGTH_UNIT ( ) NAMED_UNIT ( * ) SI_UNIT ( .MILLI., .METRE. ) );
#864 = EDGE_CURVE ( 'NONE', #1099, #795, #781, .T. ) ;
#865 = CYLINDRICAL_SURFACE ( 'NONE', #307, 1.500000000000001300 ) ;
#866 = ADVANCED_FACE ( 'NONE', ( #1001 ), #329, .F. ) ;
#867 = AXIS2_PLACEMENT_3D ( 'NONE', #609, #1347, #1121 ) ;
#868 = COLOUR_RGB ( '',0.0000000000000000000, 0.0000000000000000000, 0.0000000000000000000 ) ;
#869 = UNCERTAINTY_MEASURE_WITH_UNIT (LENGTH_MEASURE( 1.000000000000000100E-005 ), #75, 'distance_accuracy_value', 'NONE');
#870 = DIRECTION ( 'NONE',  ( -0.0000000000000000000, -0.0000000000000000000, -1.000000000000000000 ) ) ;
#871 = SURFACE_STYLE_USAGE ( .BOTH. , #965 ) ;
#872 = CIRCLE ( 'NONE', #667, 3.999999999999996400 ) ;
#873 = CYLINDRICAL_SURFACE ( 'NONE', #1280, 1.500000000000001300 ) ;
#874 = COLOUR_RGB ( '',0.0000000000000000000, 0.0000000000000000000, 0.0000000000000000000 ) ;
#875 = CARTESIAN_POINT ( 'NONE',  ( 32.50000000000000000, 1.836970198721029900E-016, 2.000000000000000000 ) ) ;
#876 = EDGE_CURVE ( 'NONE', #628, #405, #888, .T. ) ;
#877 = VERTEX_POINT ( 'NONE', #192 ) ;
#878 = CARTESIAN_POINT ( 'NONE',  ( 38.00000000000000000, 0.0000000000000000000, 2.000000000000000000 ) ) ;
#879 = MECHANICAL_DESIGN_GEOMETRIC_PRESENTATION_REPRESENTATION (  '', ( #121 ), #449 ) ;
#880 = EDGE_LOOP ( 'NONE', ( #1359, #808, #1052, #789, #1034 ) ) ;
#881 = EDGE_LOOP ( 'NONE', ( #97, #1013, #1174, #839 ) ) ;
#882 = DIRECTION ( 'NONE',  ( 0.0000000000000000000, 0.0000000000000000000, 1.000000000000000000 ) ) ;
#883 = EDGE_CURVE ( 'NONE', #506, #15, #982, .T. ) ;
#884 = ADVANCED_FACE ( 'NONE', ( #36 ), #1161, .F. ) ;
#885 = FACE_BOUND ( 'NONE', #324, .T. ) ;
#886 =( NAMED_UNIT ( * ) PLANE_ANGLE_UNIT ( ) SI_UNIT ( $, .RADIAN. ) );
#887 = DIRECTION ( 'NONE',  ( 1.000000000000000000, 0.0000000000000000000, 0.0000000000000000000 ) ) ;
#888 = CIRCLE ( 'NONE', #282, 1.500000000000000200 ) ;
#889 = UNCERTAINTY_MEASURE_WITH_UNIT (LENGTH_MEASURE( 1.000000000000000100E-005 ), #55, 'distance_accuracy_value', 'NONE');
#890 = DIRECTION ( 'NONE',  ( 1.000000000000000000, 0.0000000000000000000, -0.0000000000000000000 ) ) ;
#891 = LINE ( 'NONE', #224, #335 ) ;
#892 = PRESENTATION_STYLE_ASSIGNMENT (( #652 ) ) ;
#893 = ORIENTED_EDGE ( 'NONE', *, *, #780, .F. ) ;
#894 = CARTESIAN_POINT ( 'NONE',  ( 38.00000000000000000, 7.000000000000000000, 2.000000000000000000 ) ) ;
#895 = VERTEX_POINT ( 'NONE', #1106 ) ;
#896 = STYLED_ITEM ( 'NONE', ( #488 ), #125 ) ;
#897 = ORIENTED_EDGE ( 'NONE', *, *, #654, .F. ) ;
#898 = AXIS2_PLACEMENT_3D ( 'NONE', #681, #1000, #1094 ) ;
#899 = SURFACE_STYLE_USAGE ( .BOTH. , #50 ) ;
#900 = CARTESIAN_POINT ( 'NONE',  ( 38.00000000000000000, 7.000000000000000000, 0.0000000000000000000 ) ) ;
#901 = CIRCLE ( 'NONE', #1179, 4.000000000000000000 ) ;
#902 =( NAMED_UNIT ( * ) SI_UNIT ( $, .STERADIAN. ) SOLID_ANGLE_UNIT ( ) );
#903 = CYLINDRICAL_SURFACE ( 'NONE', #712, 12.50000000000000400 ) ;
#904 = EDGE_CURVE ( 'NONE', #1281, #375, #1272, .T. ) ;
#905 = CARTESIAN_POINT ( 'NONE',  ( 45.00000000000000000, 0.0000000000000000000, 0.0000000000000000000 ) ) ;
#906 = MECHANICAL_DESIGN_GEOMETRIC_PRESENTATION_REPRESENTATION (  '', ( #85 ), #673 ) ;
#907 = SURFACE_STYLE_FILL_AREA ( #501 ) ;
#908 = CIRCLE ( 'NONE', #1148, 1.500000000000001300 ) ;
#909 = CARTESIAN_POINT ( 'NONE',  ( 38.00000000000000000, -7.000000000000000000, 0.0000000000000000000 ) ) ;
#910 = EDGE_CURVE ( 'NONE', #493, #393, #1122, .T. ) ;
#911 = VERTEX_POINT ( 'NONE', #813 ) ;
#912 = MECHANICAL_DESIGN_GEOMETRIC_PRESENTATION_REPRESENTATION (  '', ( #523 ), #1196 ) ;
#913 = ORIENTED_EDGE ( 'NONE', *, *, #48, .F. ) ;
#914 = CARTESIAN_POINT ( 'NONE',  ( 8.500000000000000000, 1.836970198721028900E-016, 2.000000000000000000 ) ) ;
#915 = VERTEX_POINT ( 'NONE', #1345 ) ;
#916 = CARTESIAN_POINT ( 'NONE',  ( 0.0000000000000000000, -7.000000000000000000, 0.0000000000000000000 ) ) ;
#917 = FACE_BOUND ( 'NONE', #1171, .T. ) ;
#918 = VECTOR ( 'NONE', #299, 1000.000000000000000 ) ;
#919 = AXIS2_PLACEMENT_3D ( 'NONE', #52, #787, #277 ) ;
#920 =( NAMED_UNIT ( * ) SI_UNIT ( $, .STERADIAN. ) SOLID_ANGLE_UNIT ( ) );
#921 = AXIS2_PLACEMENT_3D ( 'NONE', #735, #330, #215 ) ;
#922 = FILL_AREA_STYLE ('',( #937 ) ) ;
#923 = ORIENTED_EDGE ( 'NONE', *, *, #157, .T. ) ;
#924 = DIRECTION ( 'NONE',  ( -0.0000000000000000000, -0.0000000000000000000, -1.000000000000000000 ) ) ;
#925 = EDGE_LOOP ( 'NONE', ( #1230, #1083 ) ) ;
#926 = EDGE_CURVE ( 'NONE', #1298, #895, #1089, .T. ) ;
#927 = EDGE_LOOP ( 'NONE', ( #700, #608 ) ) ;
#928 = ORIENTED_EDGE ( 'NONE', *, *, #622, .F. ) ;
#929 =( NAMED_UNIT ( * ) SI_UNIT ( $, .STERADIAN. ) SOLID_ANGLE_UNIT ( ) );
#930 = UNCERTAINTY_MEASURE_WITH_UNIT (LENGTH_MEASURE( 1.000000000000000100E-005 ), #72, 'distance_accuracy_value', 'NONE');
#931 =( NAMED_UNIT ( * ) SI_UNIT ( $, .STERADIAN. ) SOLID_ANGLE_UNIT ( ) );
#932 = DIRECTION ( 'NONE',  ( -1.000000000000000000, 0.0000000000000000000, 0.0000000000000000000 ) ) ;
#933 = DIRECTION ( 'NONE',  ( -0.0000000000000000000, -0.0000000000000000000, -1.000000000000000000 ) ) ;
#934 = CIRCLE ( 'NONE', #800, 1.500000000000001300 ) ;
#935 = CYLINDRICAL_SURFACE ( 'NONE', #236, 1.499999999999999600 ) ;
#936 = PRESENTATION_LAYER_ASSIGNMENT (  '', '', ( #833 ) ) ;
#937 = FILL_AREA_STYLE_COLOUR ( '', #108 ) ;
#938 = SURFACE_STYLE_FILL_AREA ( #958 ) ;
#939 =( GEOMETRIC_REPRESENTATION_CONTEXT ( 3 ) GLOBAL_UNCERTAINTY_ASSIGNED_CONTEXT ( ( #688 ) ) GLOBAL_UNIT_ASSIGNED_CONTEXT ( ( #1056, #1169, #127 ) ) REPRESENTATION_CONTEXT ( 'NONE', 'WORKASPACE' ) );
#940 = DIRECTION ( 'NONE',  ( 9.130123557772669600E-017, -1.000000000000000000, 0.0000000000000000000 ) ) ;
#941 = CARTESIAN_POINT ( 'NONE',  ( 41.99999999999999300, 4.898587196589412800E-016, 2.000000000000000000 ) ) ;
#942 = PLANE ( 'NONE',  #392 ) ;
#943 = ORIENTED_EDGE ( 'NONE', *, *, #926, .T. ) ;
#944 = EDGE_LOOP ( 'NONE', ( #221, #172, #1331, #322 ) ) ;
#945 =( NAMED_UNIT ( * ) SI_UNIT ( $, .STERADIAN. ) SOLID_ANGLE_UNIT ( ) );
#946 = EDGE_CURVE ( 'NONE', #403, #453, #1238, .T. ) ;
#947 = AXIS2_PLACEMENT_3D ( 'NONE', #1317, #359, #1100 ) ;
#948 = DIRECTION ( 'NONE',  ( -0.0000000000000000000, -0.0000000000000000000, -1.000000000000000000 ) ) ;
#949 = DIRECTION ( 'NONE',  ( -1.000000000000000000, 0.0000000000000000000, 0.0000000000000000000 ) ) ;
#950 = FACE_BOUND ( 'NONE', #927, .T. ) ;
#951 =( LENGTH_UNIT ( ) NAMED_UNIT ( * ) SI_UNIT ( .MILLI., .METRE. ) );
#952 = SURFACE_STYLE_FILL_AREA ( #475 ) ;
#953 =( LENGTH_UNIT ( ) NAMED_UNIT ( * ) SI_UNIT ( .MILLI., .METRE. ) );
#954 = EDGE_CURVE ( 'NONE', #480, #63, #364, .T. ) ;
#955 = DIRECTION ( 'NONE',  ( 0.0000000000000000000, 0.0000000000000000000, 1.000000000000000000 ) ) ;
#956 = SURFACE_STYLE_FILL_AREA ( #1061 ) ;
#957 = COLOUR_RGB ( '',0.0000000000000000000, 0.0000000000000000000, 0.0000000000000000000 ) ;
#958 = FILL_AREA_STYLE ('',( #629 ) ) ;
#959 = ORIENTED_EDGE ( 'NONE', *, *, #437, .F. ) ;
#960 = FILL_AREA_STYLE ('',( #14 ) ) ;
#961 = VERTEX_POINT ( 'NONE', #1003 ) ;
#962 = CARTESIAN_POINT ( 'NONE',  ( 38.00000000000000000, 12.50000000000000200, 2.000000000000000000 ) ) ;
#963 = PRESENTATION_LAYER_ASSIGNMENT (  '', '', ( #749 ) ) ;
#964 = DIRECTION ( 'NONE',  ( 1.000000000000000000, 0.0000000000000000000, 0.0000000000000000000 ) ) ;
#965 = SURFACE_SIDE_STYLE ('',( #210 ) ) ;
#966 = CIRCLE ( 'NONE', #760, 1.500000000000000400 ) ;
#967 = CIRCLE ( 'NONE', #11, 1.500000000000000400 ) ;
#968 = UNCERTAINTY_MEASURE_WITH_UNIT (LENGTH_MEASURE( 1.000000000000000100E-005 ), #1328, 'distance_accuracy_value', 'NONE');
#969 = ADVANCED_FACE ( 'NONE', ( #984 ), #1336, .F. ) ;
#970 = CIRCLE ( 'NONE', #1074, 4.000000000000000000 ) ;
#971 =( LENGTH_UNIT ( ) NAMED_UNIT ( * ) SI_UNIT ( .MILLI., .METRE. ) );
#972 =( GEOMETRIC_REPRESENTATION_CONTEXT ( 3 ) GLOBAL_UNCERTAINTY_ASSIGNED_CONTEXT ( ( #659 ) ) GLOBAL_UNIT_ASSIGNED_CONTEXT ( ( #855, #156, #129 ) ) REPRESENTATION_CONTEXT ( 'NONE', 'WORKASPACE' ) );
#973 = EDGE_LOOP ( 'NONE', ( #202, #219 ) ) ;
#974 = EDGE_LOOP ( 'NONE', ( #923, #660 ) ) ;
#975 = CARTESIAN_POINT ( 'NONE',  ( 38.00000000000000000, 0.0000000000000000000, 0.0000000000000000000 ) ) ;
#976 = AXIS2_PLACEMENT_3D ( 'NONE', #1049, #838, #115 ) ;
#977 = SURFACE_STYLE_USAGE ( .BOTH. , #853 ) ;
#978 = EDGE_LOOP ( 'NONE', ( #1104, #356, #13, #680 ) ) ;
#979 = AXIS2_PLACEMENT_3D ( 'NONE', #606, #1135, #1249 ) ;
#980 = CARTESIAN_POINT ( 'NONE',  ( 38.00000000000000000, -7.000000000000000000, 0.0000000000000000000 ) ) ;
#981 = CARTESIAN_POINT ( 'NONE',  ( 0.0000000000000000000, 0.0000000000000000000, 2.000000000000000000 ) ) ;
#982 = LINE ( 'NONE', #1103, #918 ) ;
#983 = CARTESIAN_POINT ( 'NONE',  ( -1.500000000000000200, 7.000000000000000000, 2.000000000000000000 ) ) ;
#984 = FACE_OUTER_BOUND ( 'NONE', #739, .T. ) ;
#985 = DIRECTION ( 'NONE',  ( -1.000000000000000000, 0.0000000000000000000, 0.0000000000000000000 ) ) ;
#986 = FACE_BOUND ( 'NONE', #714, .T. ) ;
#987 =( NAMED_UNIT ( * ) SI_UNIT ( $, .STERADIAN. ) SOLID_ANGLE_UNIT ( ) );
#988 = LINE ( 'NONE', #1258, #183 ) ;
#989 = DIRECTION ( 'NONE',  ( -0.0000000000000000000, -0.0000000000000000000, -1.000000000000000000 ) ) ;
#990 = AXIS2_PLACEMENT_3D ( 'NONE', #569, #248, #44 ) ;
#991 = ORIENTED_EDGE ( 'NONE', *, *, #1136, .T. ) ;
#992 = CARTESIAN_POINT ( 'NONE',  ( 38.00000000000000000, -12.50000000000000200, 2.000000000000000000 ) ) ;
#993 = AXIS2_PLACEMENT_3D ( 'NONE', #754, #664, #128 ) ;
#994 = EDGE_LOOP ( 'NONE', ( #716, #817, #261, #490, #1314 ) ) ;
#995 = ORIENTED_EDGE ( 'NONE', *, *, #910, .F. ) ;
#996 = SURFACE_SIDE_STYLE ('',( #1111 ) ) ;
#997 =( GEOMETRIC_REPRESENTATION_CONTEXT ( 3 ) GLOBAL_UNCERTAINTY_ASSIGNED_CONTEXT ( ( #1043 ) ) GLOBAL_UNIT_ASSIGNED_CONTEXT ( ( #600, #495, #929 ) ) REPRESENTATION_CONTEXT ( 'NONE', 'WORKASPACE' ) );
#998 = CARTESIAN_POINT ( 'NONE',  ( 29.50000000000000000, 0.0000000000000000000, 2.000000000000000000 ) ) ;
#999 = CARTESIAN_POINT ( 'NONE',  ( 5.500000000000000000, 0.0000000000000000000, 0.0000000000000000000 ) ) ;
#1000 = DIRECTION ( 'NONE',  ( 0.0000000000000000000, 0.0000000000000000000, 1.000000000000000000 ) ) ;
#1001 = FACE_OUTER_BOUND ( 'NONE', #521, .T. ) ;
#1002 = CIRCLE ( 'NONE', #655, 1.500000000000000400 ) ;
#1003 = CARTESIAN_POINT ( 'NONE',  ( 4.000000000000000000, 4.898587196589412800E-016, 2.000000000000000000 ) ) ;
#1004 = COLOUR_RGB ( '',0.0000000000000000000, 0.0000000000000000000, 0.0000000000000000000 ) ;
#1005 =( NAMED_UNIT ( * ) PLANE_ANGLE_UNIT ( ) SI_UNIT ( $, .RADIAN. ) );
#1006 = FACE_OUTER_BOUND ( 'NONE', #1259, .T. ) ;
#1007 = CIRCLE ( 'NONE', #1274, 12.49999999999999800 ) ;
#1008 =( LENGTH_UNIT ( ) NAMED_UNIT ( * ) SI_UNIT ( .MILLI., .METRE. ) );
#1009 = CIRCLE ( 'NONE', #724, 1.500000000000001300 ) ;
#1010 = CARTESIAN_POINT ( 'NONE',  ( 1.500000000000000200, 7.000000000000000000, 2.000000000000000000 ) ) ;
#1011 = ORIENTED_EDGE ( 'NONE', *, *, #551, .T. ) ;
#1012 =( GEOMETRIC_REPRESENTATION_CONTEXT ( 3 ) GLOBAL_UNCERTAINTY_ASSIGNED_CONTEXT ( ( #196 ) ) GLOBAL_UNIT_ASSIGNED_CONTEXT ( ( #376, #729, #987 ) ) REPRESENTATION_CONTEXT ( 'NONE', 'WORKASPACE' ) );
#1013 = ORIENTED_EDGE ( 'NONE', *, *, #198, .T. ) ;
#1014 = DIRECTION ( 'NONE',  ( 0.0000000000000000000, 0.0000000000000000000, 1.000000000000000000 ) ) ;
#1015 = AXIS2_PLACEMENT_3D ( 'NONE', #537, #1287, #237 ) ;
#1016 = VERTEX_POINT ( 'NONE', #1051 ) ;
#1017 = ORIENTED_EDGE ( 'NONE', *, *, #654, .T. ) ;
#1018 = SURFACE_STYLE_FILL_AREA ( #144 ) ;
#1019 = EDGE_CURVE ( 'NONE', #200, #641, #38, .T. ) ;
#1020 = COLOUR_RGB ( '',0.0000000000000000000, 0.0000000000000000000, 0.0000000000000000000 ) ;
#1021 = MECHANICAL_DESIGN_GEOMETRIC_PRESENTATION_REPRESENTATION (  '', ( #469 ), #1059 ) ;
#1022 = FACE_OUTER_BOUND ( 'NONE', #436, .T. ) ;
#1023 = EDGE_CURVE ( 'NONE', #524, #506, #1302, .T. ) ;
#1024 = VERTEX_POINT ( 'NONE', #1364 ) ;
#1025 = ORIENTED_EDGE ( 'NONE', *, *, #482, .T. ) ;
#1026 = ORIENTED_EDGE ( 'NONE', *, *, #300, .T. ) ;
#1027 = SURFACE_SIDE_STYLE ('',( #485 ) ) ;
#1028 = SURFACE_STYLE_USAGE ( .BOTH. , #1251 ) ;
#1029 = SHAPE_DEFINITION_REPRESENTATION ( #1385, #304 ) ;
#1030 = PRESENTATION_STYLE_ASSIGNMENT (( #871 ) ) ;
#1031 = AXIS2_PLACEMENT_3D ( 'NONE', #79, #197, #932 ) ;
#1032 = FACE_OUTER_BOUND ( 'NONE', #295, .T. ) ;
#1033 =( NAMED_UNIT ( * ) PLANE_ANGLE_UNIT ( ) SI_UNIT ( $, .RADIAN. ) );
#1034 = ORIENTED_EDGE ( 'NONE', *, *, #48, .T. ) ;
#1035 = CARTESIAN_POINT ( 'NONE',  ( 1.500000000000000200, 7.000000000000000000, 0.0000000000000000000 ) ) ;
#1036 = ORIENTED_EDGE ( 'NONE', *, *, #225, .T. ) ;
#1037 = AXIS2_PLACEMENT_3D ( 'NONE', #620, #432, #835 ) ;
#1038 = ORIENTED_EDGE ( 'NONE', *, *, #496, .F. ) ;
#1039 = CARTESIAN_POINT ( 'NONE',  ( 0.0000000000000000000, 0.0000000000000000000, 2.000000000000000000 ) ) ;
#1040 = EDGE_LOOP ( 'NONE', ( #408, #1295 ) ) ;
#1041 = DIRECTION ( 'NONE',  ( -1.000000000000000000, 0.0000000000000000000, 0.0000000000000000000 ) ) ;
#1042 = CARTESIAN_POINT ( 'NONE',  ( 39.50000000000000000, 7.000000000000000000, 2.000000000000000000 ) ) ;
#1043 = UNCERTAINTY_MEASURE_WITH_UNIT (LENGTH_MEASURE( 1.000000000000000100E-005 ), #600, 'distance_accuracy_value', 'NONE');
#1044 = LINE ( 'NONE', #1127, #1350 ) ;
#1045 = COLOUR_RGB ( '',0.0000000000000000000, 0.0000000000000000000, 0.0000000000000000000 ) ;
#1046 = PRESENTATION_LAYER_ASSIGNMENT (  '', '', ( #351 ) ) ;
#1047 = CARTESIAN_POINT ( 'NONE',  ( -1.500000000000000200, 7.000000000000000000, 2.000000000000000000 ) ) ;
#1048 = VECTOR ( 'NONE', #989, 1000.000000000000000 ) ;
#1049 = CARTESIAN_POINT ( 'NONE',  ( 31.00000000000000000, 0.0000000000000000000, 0.0000000000000000000 ) ) ;
#1050 = CARTESIAN_POINT ( 'NONE',  ( 0.0000000000000000000, 7.000000000000000000, 2.000000000000000000 ) ) ;
#1051 = CARTESIAN_POINT ( 'NONE',  ( -12.49999999999999800, 0.0000000000000000000, 0.0000000000000000000 ) ) ;
#1052 = ORIENTED_EDGE ( 'NONE', *, *, #297, .T. ) ;
#1053 =( LENGTH_UNIT ( ) NAMED_UNIT ( * ) SI_UNIT ( .MILLI., .METRE. ) );
#1054 = VERTEX_POINT ( 'NONE', #1279 ) ;
#1055 = VERTEX_POINT ( 'NONE', #211 ) ;
#1056 =( LENGTH_UNIT ( ) NAMED_UNIT ( * ) SI_UNIT ( .MILLI., .METRE. ) );
#1057 = DIRECTION ( 'NONE',  ( 0.0000000000000000000, 0.0000000000000000000, 1.000000000000000000 ) ) ;
#1058 = STYLED_ITEM ( 'NONE', ( #1275 ), #147 ) ;
#1059 =( GEOMETRIC_REPRESENTATION_CONTEXT ( 3 ) GLOBAL_UNCERTAINTY_ASSIGNED_CONTEXT ( ( #319 ) ) GLOBAL_UNIT_ASSIGNED_CONTEXT ( ( #336, #238, #1067 ) ) REPRESENTATION_CONTEXT ( 'NONE', 'WORKASPACE' ) );
#1060 = FILL_AREA_STYLE ('',( #1149 ) ) ;
#1061 = FILL_AREA_STYLE ('',( #1183 ) ) ;
#1062 = FILL_AREA_STYLE_COLOUR ( '', #268 ) ;
#1063 = FACE_OUTER_BOUND ( 'NONE', #84, .T. ) ;
#1064 = DIRECTION ( 'NONE',  ( 0.0000000000000000000, 0.0000000000000000000, 1.000000000000000000 ) ) ;
#1065 = DIRECTION ( 'NONE',  ( -1.000000000000000000, 0.0000000000000000000, 0.0000000000000000000 ) ) ;
#1066 = ADVANCED_FACE ( 'NONE', ( #1022 ), #750, .T. ) ;
#1067 =( NAMED_UNIT ( * ) SI_UNIT ( $, .STERADIAN. ) SOLID_ANGLE_UNIT ( ) );
#1068 = FILL_AREA_STYLE_COLOUR ( '', #130 ) ;
#1069 = ORIENTED_EDGE ( 'NONE', *, *, #822, .F. ) ;
#1070 = CARTESIAN_POINT ( 'NONE',  ( 38.00000000000000000, 7.000000000000000000, 2.000000000000000000 ) ) ;
#1071 = ORIENTED_EDGE ( 'NONE', *, *, #910, .T. ) ;
#1072 = STYLED_ITEM ( 'NONE', ( #3 ), #866 ) ;
#1073 = CARTESIAN_POINT ( 'NONE',  ( -5.500000000000000000, 1.836970198721030700E-016, 2.000000000000000000 ) ) ;
#1074 = AXIS2_PLACEMENT_3D ( 'NONE', #142, #1087, #152 ) ;
#1075 =( NAMED_UNIT ( * ) PLANE_ANGLE_UNIT ( ) SI_UNIT ( $, .RADIAN. ) );
#1076 = FACE_OUTER_BOUND ( 'NONE', #541, .T. ) ;
#1077 = PRESENTATION_STYLE_ASSIGNMENT (( #1028 ) ) ;
#1078 = CARTESIAN_POINT ( 'NONE',  ( -7.000000000000000000, 0.0000000000000000000, 2.000000000000000000 ) ) ;
#1079 = EDGE_CURVE ( 'NONE', #915, #200, #672, .T. ) ;
#1080 = STYLED_ITEM ( 'NONE', ( #616 ), #1172 ) ;
#1081 = FACE_OUTER_BOUND ( 'NONE', #1155, .T. ) ;
#1082 = AXIS2_PLACEMENT_3D ( 'NONE', #900, #705, #69 ) ;
#1083 = ORIENTED_EDGE ( 'NONE', *, *, #663, .T. ) ;
#1084 = CARTESIAN_POINT ( 'NONE',  ( -5.500000000000000000, 1.836970198721030900E-016, 2.000000000000000000 ) ) ;
#1085 = VERTEX_POINT ( 'NONE', #509 ) ;
#1086 = EDGE_CURVE ( 'NONE', #575, #1024, #284, .T. ) ;
#1087 = DIRECTION ( 'NONE',  ( 0.0000000000000000000, 0.0000000000000000000, 1.000000000000000000 ) ) ;
#1088 = SURFACE_STYLE_USAGE ( .BOTH. , #675 ) ;
#1089 = CIRCLE ( 'NONE', #816, 12.50000000000000400 ) ;
#1090 = CARTESIAN_POINT ( 'NONE',  ( 1.500000000000000200, -7.000000000000000000, 0.0000000000000000000 ) ) ;
#1091 = VECTOR ( 'NONE', #250, 1000.000000000000000 ) ;
#1092 = DIRECTION ( 'NONE',  ( 0.0000000000000000000, 0.0000000000000000000, 1.000000000000000000 ) ) ;
#1093 = FACE_BOUND ( 'NONE', #1120, .T. ) ;
#1094 = DIRECTION ( 'NONE',  ( 1.000000000000000000, 0.0000000000000000000, 0.0000000000000000000 ) ) ;
#1095 = LINE ( 'NONE', #1124, #472 ) ;
#1096 = CIRCLE ( 'NONE', #1082, 1.500000000000001300 ) ;
#1097 = FILL_AREA_STYLE ('',( #234 ) ) ;
#1098 = PRESENTATION_LAYER_ASSIGNMENT (  '', '', ( #896 ) ) ;
#1099 = VERTEX_POINT ( 'NONE', #1047 ) ;
#1100 = DIRECTION ( 'NONE',  ( 1.000000000000000000, 0.0000000000000000000, 0.0000000000000000000 ) ) ;
#1101 = PRESENTATION_LAYER_ASSIGNMENT (  '', '', ( #843 ) ) ;
#1102 = VERTEX_POINT ( 'NONE', #1370 ) ;
#1103 = CARTESIAN_POINT ( 'NONE',  ( 0.0000000000000000000, -12.49999999999999800, 2.000000000000000000 ) ) ;
#1104 = ORIENTED_EDGE ( 'NONE', *, *, #946, .F. ) ;
#1105 = APPLICATION_CONTEXT ( 'automotive_design' ) ;
#1106 = CARTESIAN_POINT ( 'NONE',  ( 38.00000000000000000, 12.50000000000000200, 0.0000000000000000000 ) ) ;
#1107 = DIRECTION ( 'NONE',  ( 1.000000000000000000, 0.0000000000000000000, 0.0000000000000000000 ) ) ;
#1108 =( GEOMETRIC_REPRESENTATION_CONTEXT ( 3 ) GLOBAL_UNCERTAINTY_ASSIGNED_CONTEXT ( ( #1386 ) ) GLOBAL_UNIT_ASSIGNED_CONTEXT ( ( #107, #519, #332 ) ) REPRESENTATION_CONTEXT ( 'NONE', 'WORKASPACE' ) );
#1109 = UNCERTAINTY_MEASURE_WITH_UNIT (LENGTH_MEASURE( 1.000000000000000100E-005 ), #1008, 'distance_accuracy_value', 'NONE');
#1110 = PRESENTATION_STYLE_ASSIGNMENT (( #370 ) ) ;
#1111 = SURFACE_STYLE_FILL_AREA ( #16 ) ;
#1112 = STYLED_ITEM ( 'NONE', ( #1273 ), #444 ) ;
#1113 = DIRECTION ( 'NONE',  ( 0.0000000000000000000, 0.0000000000000000000, 1.000000000000000000 ) ) ;
#1114 = DIRECTION ( 'NONE',  ( 1.000000000000000000, 0.0000000000000000000, 0.0000000000000000000 ) ) ;
#1115 = EDGE_CURVE ( 'NONE', #403, #1099, #413, .T. ) ;
#1116 = AXIS2_PLACEMENT_3D ( 'NONE', #91, #104, #824 ) ;
#1117 = ORIENTED_EDGE ( 'NONE', *, *, #498, .T. ) ;
#1118 = APPLICATION_PROTOCOL_DEFINITION ( 'draft international standard', 'automotive_design', 1998, #1105 ) ;
#1119 = VERTEX_POINT ( 'NONE', #1042 ) ;
#1120 = EDGE_LOOP ( 'NONE', ( #1117, #1036 ) ) ;
#1121 = DIRECTION ( 'NONE',  ( -1.000000000000000000, 0.0000000000000000000, 0.0000000000000000000 ) ) ;
#1122 = LINE ( 'NONE', #1326, #331 ) ;
#1123 = PRESENTATION_LAYER_ASSIGNMENT (  '', '', ( #489 ) ) ;
#1124 = CARTESIAN_POINT ( 'NONE',  ( 43.50000000000000000, 0.0000000000000000000, 2.000000000000000000 ) ) ;
#1125 = UNCERTAINTY_MEASURE_WITH_UNIT (LENGTH_MEASURE( 1.000000000000000100E-005 ), #229, 'distance_accuracy_value', 'NONE');
#1126 = AXIS2_PLACEMENT_3D ( 'NONE', #848, #417, #227 ) ;
#1127 = CARTESIAN_POINT ( 'NONE',  ( 38.00000000000000000, -12.50000000000000200, 2.000000000000000000 ) ) ;
#1128 = CYLINDRICAL_SURFACE ( 'NONE', #1116, 4.000000000000000000 ) ;
#1129 = FILL_AREA_STYLE ('',( #102 ) ) ;
#1130 = DIRECTION ( 'NONE',  ( 0.0000000000000000000, 0.0000000000000000000, 1.000000000000000000 ) ) ;
#1131 = PRESENTATION_STYLE_ASSIGNMENT (( #1264 ) ) ;
#1132 = COLOUR_RGB ( '',0.0000000000000000000, 0.0000000000000000000, 0.0000000000000000000 ) ;
#1133 = SURFACE_SIDE_STYLE ('',( #907 ) ) ;
#1134 = ORIENTED_EDGE ( 'NONE', *, *, #586, .T. ) ;
#1135 = DIRECTION ( 'NONE',  ( -0.0000000000000000000, -0.0000000000000000000, -1.000000000000000000 ) ) ;
#1136 = EDGE_CURVE ( 'NONE', #895, #47, #1270, .T. ) ;
#1137 = ORIENTED_EDGE ( 'NONE', *, *, #286, .F. ) ;
#1138 = CARTESIAN_POINT ( 'NONE',  ( -1.500000000000000200, -7.000000000000000000, 0.0000000000000000000 ) ) ;
#1139 = ORIENTED_EDGE ( 'NONE', *, *, #1332, .T. ) ;
#1140 =( NAMED_UNIT ( * ) PLANE_ANGLE_UNIT ( ) SI_UNIT ( $, .RADIAN. ) );
#1141 = SURFACE_STYLE_USAGE ( .BOTH. , #604 ) ;
#1142 = LINE ( 'NONE', #46, #614 ) ;
#1143 = MECHANICAL_DESIGN_GEOMETRIC_PRESENTATION_REPRESENTATION (  '', ( #1072 ), #1225 ) ;
#1144 = LINE ( 'NONE', #190, #252 ) ;
#1145 = SURFACE_STYLE_FILL_AREA ( #353 ) ;
#1146 = SURFACE_SIDE_STYLE ('',( #766 ) ) ;
#1147 = FACE_OUTER_BOUND ( 'NONE', #290, .T. ) ;
#1148 = AXIS2_PLACEMENT_3D ( 'NONE', #23, #358, #1303 ) ;
#1149 = FILL_AREA_STYLE_COLOUR ( '', #1167 ) ;
#1150 =( NAMED_UNIT ( * ) SI_UNIT ( $, .STERADIAN. ) SOLID_ANGLE_UNIT ( ) );
#1151 = CIRCLE ( 'NONE', #560, 1.500000000000000200 ) ;
#1152 = AXIS2_PLACEMENT_3D ( 'NONE', #799, #271, #697 ) ;
#1153 = DIRECTION ( 'NONE',  ( -1.000000000000000000, -9.130123557772669600E-017, -0.0000000000000000000 ) ) ;
#1154 = ORIENTED_EDGE ( 'NONE', *, *, #822, .T. ) ;
#1155 = EDGE_LOOP ( 'NONE', ( #1139, #761, #661, #860 ) ) ;
#1156 = EDGE_CURVE ( 'NONE', #393, #461, #693, .T. ) ;
#1157 = ORIENTED_EDGE ( 'NONE', *, *, #520, .F. ) ;
#1158 = AXIS2_PLACEMENT_3D ( 'NONE', #100, #93, #1267 ) ;
#1159 = SURFACE_SIDE_STYLE ('',( #77 ) ) ;
#1160 =( NAMED_UNIT ( * ) PLANE_ANGLE_UNIT ( ) SI_UNIT ( $, .RADIAN. ) );
#1161 = CYLINDRICAL_SURFACE ( 'NONE', #610, 1.500000000000001300 ) ;
#1162 = CIRCLE ( 'NONE', #514, 4.000000000000000000 ) ;
#1163 = EDGE_CURVE ( 'NONE', #10, #579, #298, .T. ) ;
#1164 = VECTOR ( 'NONE', #1217, 1000.000000000000000 ) ;
#1165 =( LENGTH_UNIT ( ) NAMED_UNIT ( * ) SI_UNIT ( .MILLI., .METRE. ) );
#1166 = DIRECTION ( 'NONE',  ( -1.000000000000000000, 0.0000000000000000000, 0.0000000000000000000 ) ) ;
#1167 = COLOUR_RGB ( '',0.0000000000000000000, 0.0000000000000000000, 0.0000000000000000000 ) ;
#1168 = VECTOR ( 'NONE', #589, 1000.000000000000000 ) ;
#1169 =( NAMED_UNIT ( * ) PLANE_ANGLE_UNIT ( ) SI_UNIT ( $, .RADIAN. ) );
#1170 = SURFACE_STYLE_USAGE ( .BOTH. , #24 ) ;
#1171 = EDGE_LOOP ( 'NONE', ( #481, #856 ) ) ;
#1172 = ADVANCED_FACE ( 'NONE', ( #314 ), #57, .F. ) ;
#1173 = CARTESIAN_POINT ( 'NONE',  ( 43.50000000000000000, 0.0000000000000000000, 2.000000000000000000 ) ) ;
#1174 = ORIENTED_EDGE ( 'NONE', *, *, #1086, .T. ) ;
#1175 = EDGE_LOOP ( 'NONE', ( #776, #788 ) ) ;
#1176 = UNCERTAINTY_MEASURE_WITH_UNIT (LENGTH_MEASURE( 1.000000000000000100E-005 ), #395, 'distance_accuracy_value', 'NONE');
#1177 = DIRECTION ( 'NONE',  ( -1.000000000000000000, 0.0000000000000000000, 0.0000000000000000000 ) ) ;
#1178 = STYLED_ITEM ( 'NONE', ( #1374 ), #32 ) ;
#1179 = AXIS2_PLACEMENT_3D ( 'NONE', #361, #468, #887 ) ;
#1180 = FILL_AREA_STYLE ('',( #1 ) ) ;
#1181 = CARTESIAN_POINT ( 'NONE',  ( -8.500000000000000000, 0.0000000000000000000, 2.000000000000000000 ) ) ;
#1182 = PRESENTATION_STYLE_ASSIGNMENT (( #567 ) ) ;
#1183 = FILL_AREA_STYLE_COLOUR ( '', #418 ) ;
#1184 = EDGE_CURVE ( 'NONE', #1355, #1383, #1335, .T. ) ;
#1185 = FILL_AREA_STYLE_COLOUR ( '', #384 ) ;
#1186 = AXIS2_PLACEMENT_3D ( 'NONE', #466, #574, #270 ) ;
#1187 = CIRCLE ( 'NONE', #703, 1.500000000000000200 ) ;
#1188 = ADVANCED_FACE ( 'NONE', ( #827 ), #651, .T. ) ;
#1189 = DIRECTION ( 'NONE',  ( -1.000000000000000000, 0.0000000000000000000, 0.0000000000000000000 ) ) ;
#1190 = PRESENTATION_LAYER_ASSIGNMENT (  '', '', ( #1112 ) ) ;
#1191 = VERTEX_POINT ( 'NONE', #658 ) ;
#1192 = CARTESIAN_POINT ( 'NONE',  ( 0.0000000000000000000, 12.49999999999999800, 2.000000000000000000 ) ) ;
#1193 = EDGE_LOOP ( 'NONE', ( #25, #893, #836, #837 ) ) ;
#1194 = EDGE_CURVE ( 'NONE', #1191, #1327, #571, .T. ) ;
#1195 = ORIENTED_EDGE ( 'NONE', *, *, #195, .T. ) ;
#1196 =( GEOMETRIC_REPRESENTATION_CONTEXT ( 3 ) GLOBAL_UNCERTAINTY_ASSIGNED_CONTEXT ( ( #162 ) ) GLOBAL_UNIT_ASSIGNED_CONTEXT ( ( #1053, #1160, #1373 ) ) REPRESENTATION_CONTEXT ( 'NONE', 'WORKASPACE' ) );
#1197 = FILL_AREA_STYLE ('',( #674 ) ) ;
#1198 = ADVANCED_FACE ( 'NONE', ( #532 ), #903, .T. ) ;
#1199 =( LENGTH_UNIT ( ) NAMED_UNIT ( * ) SI_UNIT ( .MILLI., .METRE. ) );
#1200 = FACE_OUTER_BOUND ( 'NONE', #880, .T. ) ;
#1201 = DIRECTION ( 'NONE',  ( -1.000000000000000000, 0.0000000000000000000, 0.0000000000000000000 ) ) ;
#1202 = APPLICATION_CONTEXT ( 'automotive_design' ) ;
#1203 = VECTOR ( 'NONE', #757, 1000.000000000000000 ) ;
#1204 = SURFACE_SIDE_STYLE ('',( #1018 ) ) ;
#1205 = FILL_AREA_STYLE_COLOUR ( '', #1020 ) ;
#1206 =( LENGTH_UNIT ( ) NAMED_UNIT ( * ) SI_UNIT ( .MILLI., .METRE. ) );
#1207 = AXIS2_PLACEMENT_3D ( 'NONE', #975, #765, #352 ) ;
#1208 = PLANE ( 'NONE',  #431 ) ;
#1209 = MECHANICAL_DESIGN_GEOMETRIC_PRESENTATION_REPRESENTATION (  '', ( #843 ), #338 ) ;
#1210 = DIRECTION ( 'NONE',  ( -0.0000000000000000000, -0.0000000000000000000, -1.000000000000000000 ) ) ;
#1211 = EDGE_LOOP ( 'NONE', ( #479, #725 ) ) ;
#1212 =( LENGTH_UNIT ( ) NAMED_UNIT ( * ) SI_UNIT ( .MILLI., .METRE. ) );
#1213 = ORIENTED_EDGE ( 'NONE', *, *, #179, .F. ) ;
#1214 = DIRECTION ( 'NONE',  ( 1.000000000000000000, 0.0000000000000000000, 0.0000000000000000000 ) ) ;
#1215 = EDGE_LOOP ( 'NONE', ( #1026, #1266, #820, #807 ) ) ;
#1216 = DIRECTION ( 'NONE',  ( -0.0000000000000000000, -0.0000000000000000000, -1.000000000000000000 ) ) ;
#1217 = DIRECTION ( 'NONE',  ( -0.0000000000000000000, -0.0000000000000000000, -1.000000000000000000 ) ) ;
#1218 = EDGE_CURVE ( 'NONE', #1119, #78, #934, .T. ) ;
#1219 = DIRECTION ( 'NONE',  ( -1.000000000000000000, 0.0000000000000000000, 0.0000000000000000000 ) ) ;
#1220 = CARTESIAN_POINT ( 'NONE',  ( -7.000000000000000000, 0.0000000000000000000, 0.0000000000000000000 ) ) ;
#1221 = VECTOR ( 'NONE', #1153, 1000.000000000000000 ) ;
#1222 = VECTOR ( 'NONE', #746, 1000.000000000000000 ) ;
#1223 = UNCERTAINTY_MEASURE_WITH_UNIT (LENGTH_MEASURE( 1.000000000000000100E-005 ), #744, 'distance_accuracy_value', 'NONE');
#1224 = COLOUR_RGB ( '',0.0000000000000000000, 0.0000000000000000000, 0.0000000000000000000 ) ;
#1225 =( GEOMETRIC_REPRESENTATION_CONTEXT ( 3 ) GLOBAL_UNCERTAINTY_ASSIGNED_CONTEXT ( ( #869 ) ) GLOBAL_UNIT_ASSIGNED_CONTEXT ( ( #75, #1140, #580 ) ) REPRESENTATION_CONTEXT ( 'NONE', 'WORKASPACE' ) );
#1226 = CIRCLE ( 'NONE', #1207, 3.999999999999996400 ) ;
#1227 = MECHANICAL_DESIGN_GEOMETRIC_PRESENTATION_REPRESENTATION (  '', ( #61 ), #558 ) ;
#1228 = ORIENTED_EDGE ( 'NONE', *, *, #1375, .T. ) ;
#1229 = EDGE_LOOP ( 'NONE', ( #991, #260, #913, #771 ) ) ;
#1230 = ORIENTED_EDGE ( 'NONE', *, *, #731, .T. ) ;
#1231 = CARTESIAN_POINT ( 'NONE',  ( 38.00000000000000000, 0.0000000000000000000, 2.000000000000000000 ) ) ;
#1232 = ORIENTED_EDGE ( 'NONE', *, *, #1353, .T. ) ;
#1233 = EDGE_CURVE ( 'NONE', #274, #493, #1002, .T. ) ;
#1234 = SURFACE_STYLE_USAGE ( .BOTH. , #1316 ) ;
#1235 = MECHANICAL_DESIGN_GEOMETRIC_PRESENTATION_REPRESENTATION (  '', ( #749 ), #1348 ) ;
#1236 = VECTOR ( 'NONE', #748, 1000.000000000000000 ) ;
#1237 = SURFACE_STYLE_FILL_AREA ( #242 ) ;
#1238 = LINE ( 'NONE', #1010, #568 ) ;
#1239 = FACE_BOUND ( 'NONE', #463, .T. ) ;
#1240 = CARTESIAN_POINT ( 'NONE',  ( 5.500000000000000000, 0.0000000000000000000, 2.000000000000000000 ) ) ;
#1241 = UNCERTAINTY_MEASURE_WITH_UNIT (LENGTH_MEASURE( 1.000000000000000100E-005 ), #149, 'distance_accuracy_value', 'NONE');
#1242 = EDGE_CURVE ( 'NONE', #453, #795, #145, .T. ) ;
#1243 = FACE_OUTER_BOUND ( 'NONE', #1247, .T. ) ;
#1244 = FACE_OUTER_BOUND ( 'NONE', #978, .T. ) ;
#1245 = ORIENTED_EDGE ( 'NONE', *, *, #1304, .F. ) ;
#1246 = ORIENTED_EDGE ( 'NONE', *, *, #1115, .F. ) ;
#1247 = EDGE_LOOP ( 'NONE', ( #1228, #1025, #1038, #897 ) ) ;
#1248 = CARTESIAN_POINT ( 'NONE',  ( 34.00000000000000000, 0.0000000000000000000, 0.0000000000000000000 ) ) ;
#1249 = DIRECTION ( 'NONE',  ( -1.000000000000000000, 0.0000000000000000000, 0.0000000000000000000 ) ) ;
#1250 =( GEOMETRIC_REPRESENTATION_CONTEXT ( 3 ) GLOBAL_UNCERTAINTY_ASSIGNED_CONTEXT ( ( #111 ) ) GLOBAL_UNIT_ASSIGNED_CONTEXT ( ( #617, #209, #931 ) ) REPRESENTATION_CONTEXT ( 'NONE', 'WORKASPACE' ) );
#1251 = SURFACE_SIDE_STYLE ('',( #199 ) ) ;
#1252 = AXIS2_PLACEMENT_3D ( 'NONE', #113, #841, #1166 ) ;
#1253 = CARTESIAN_POINT ( 'NONE',  ( 0.0000000000000000000, -7.000000000000000000, 0.0000000000000000000 ) ) ;
#1254 = COLOUR_RGB ( '',0.0000000000000000000, 0.0000000000000000000, 0.0000000000000000000 ) ;
#1255 = CIRCLE ( 'NONE', #188, 1.500000000000001300 ) ;
#1256 = SURFACE_STYLE_USAGE ( .BOTH. , #1133 ) ;
#1257 = FACE_OUTER_BOUND ( 'NONE', #372, .T. ) ;
#1258 = CARTESIAN_POINT ( 'NONE',  ( 0.0000000000000000000, 12.49999999999999800, 2.000000000000000000 ) ) ;
#1259 = EDGE_LOOP ( 'NONE', ( #240, #1379, #161, #452 ) ) ;
#1260 = CARTESIAN_POINT ( 'NONE',  ( -4.000000000000000000, 0.0000000000000000000, 2.000000000000000000 ) ) ;
#1261 = EDGE_CURVE ( 'NONE', #1102, #47, #704, .T. ) ;
#1262 = VERTEX_POINT ( 'NONE', #1284 ) ;
#1263 = MECHANICAL_DESIGN_GEOMETRIC_PRESENTATION_REPRESENTATION (  '', ( #180 ), #972 ) ;
#1264 = SURFACE_STYLE_USAGE ( .BOTH. , #741 ) ;
#1265 = EDGE_LOOP ( 'NONE', ( #494, #49, #1071, #818 ) ) ;
#1266 = ORIENTED_EDGE ( 'NONE', *, *, #758, .T. ) ;
#1267 = DIRECTION ( 'NONE',  ( -1.000000000000000000, 0.0000000000000000000, 0.0000000000000000000 ) ) ;
#1268 = DIRECTION ( 'NONE',  ( 0.0000000000000000000, 0.0000000000000000000, 1.000000000000000000 ) ) ;
#1269 = STYLED_ITEM ( 'NONE', ( #37 ), #740 ) ;
#1270 = LINE ( 'NONE', #424, #1221 ) ;
#1271 = SURFACE_STYLE_USAGE ( .BOTH. , #1146 ) ;
#1272 = CIRCLE ( 'NONE', #587, 1.500000000000001300 ) ;
#1273 = PRESENTATION_STYLE_ASSIGNMENT (( #1256 ) ) ;
#1274 = AXIS2_PLACEMENT_3D ( 'NONE', #280, #1014, #1107 ) ;
#1275 = PRESENTATION_STYLE_ASSIGNMENT (( #245 ) ) ;
#1276 = CIRCLE ( 'NONE', #207, 1.500000000000001300 ) ;
#1277 = CARTESIAN_POINT ( 'NONE',  ( -7.000000000000000000, 0.0000000000000000000, 2.000000000000000000 ) ) ;
#1278 = ORIENTED_EDGE ( 'NONE', *, *, #1079, .F. ) ;
#1279 = CARTESIAN_POINT ( 'NONE',  ( 39.50000000000000000, -7.000000000000000000, 2.000000000000000000 ) ) ;
#1280 = AXIS2_PLACEMENT_3D ( 'NONE', #117, #862, #1065 ) ;
#1281 = VERTEX_POINT ( 'NONE', #40 ) ;
#1282 = AXIS2_PLACEMENT_3D ( 'NONE', #451, #1297, #763 ) ;
#1283 = CARTESIAN_POINT ( 'NONE',  ( 0.0000000000000000000, 12.49999999999999800, 2.000000000000000000 ) ) ;
#1284 = CARTESIAN_POINT ( 'NONE',  ( 36.50000000000000000, 7.000000000000000000, 0.0000000000000000000 ) ) ;
#1285 =( NAMED_UNIT ( * ) SI_UNIT ( $, .STERADIAN. ) SOLID_ANGLE_UNIT ( ) );
#1286 = EDGE_CURVE ( 'NONE', #575, #961, #1162, .T. ) ;
#1287 = DIRECTION ( 'NONE',  ( 0.0000000000000000000, 0.0000000000000000000, 1.000000000000000000 ) ) ;
#1288 = DIRECTION ( 'NONE',  ( 1.000000000000000000, 0.0000000000000000000, 0.0000000000000000000 ) ) ;
#1289 = LINE ( 'NONE', #851, #1203 ) ;
#1290 =( NAMED_UNIT ( * ) PLANE_ANGLE_UNIT ( ) SI_UNIT ( $, .RADIAN. ) );
#1291 = CARTESIAN_POINT ( 'NONE',  ( 0.0000000000000000000, 0.0000000000000000000, 0.0000000000000000000 ) ) ;
#1292 = DIRECTION ( 'NONE',  ( 0.0000000000000000000, 0.0000000000000000000, 1.000000000000000000 ) ) ;
#1293 = EDGE_LOOP ( 'NONE', ( #276, #340 ) ) ;
#1294 =( GEOMETRIC_REPRESENTATION_CONTEXT ( 3 ) GLOBAL_UNCERTAINTY_ASSIGNED_CONTEXT ( ( #1125 ) ) GLOBAL_UNIT_ASSIGNED_CONTEXT ( ( #229, #535, #1285 ) ) REPRESENTATION_CONTEXT ( 'NONE', 'WORKASPACE' ) );
#1295 = ORIENTED_EDGE ( 'NONE', *, *, #1242, .T. ) ;
#1296 = DIRECTION ( 'NONE',  ( -1.000000000000000000, 0.0000000000000000000, 0.0000000000000000000 ) ) ;
#1297 = DIRECTION ( 'NONE',  ( -0.0000000000000000000, -0.0000000000000000000, -1.000000000000000000 ) ) ;
#1298 = VERTEX_POINT ( 'NONE', #53 ) ;
#1299 = AXIS2_PLACEMENT_3D ( 'NONE', #762, #12, #1296 ) ;
#1300 = DIRECTION ( 'NONE',  ( 0.0000000000000000000, 0.0000000000000000000, 1.000000000000000000 ) ) ;
#1301 = FACE_OUTER_BOUND ( 'NONE', #1265, .T. ) ;
#1302 = CIRCLE ( 'NONE', #70, 12.49999999999999800 ) ;
#1303 = DIRECTION ( 'NONE',  ( -1.000000000000000000, 0.0000000000000000000, 0.0000000000000000000 ) ) ;
#1304 = EDGE_CURVE ( 'NONE', #524, #1016, #109, .T. ) ;
#1305 =( NAMED_UNIT ( * ) PLANE_ANGLE_UNIT ( ) SI_UNIT ( $, .RADIAN. ) );
#1306 = AXIS2_PLACEMENT_3D ( 'NONE', #459, #272, #1219 ) ;
#1307 = ADVANCED_FACE ( 'NONE', ( #950, #397, #601, #885, #670, #1200, #365, #917, #630, #71, #825 ), #1208, .T. ) ;
#1308 = MECHANICAL_DESIGN_GEOMETRIC_PRESENTATION_REPRESENTATION (  '', ( #254 ), #997 ) ;
#1309 = ORIENTED_EDGE ( 'NONE', *, *, #273, .T. ) ;
#1310 = FILL_AREA_STYLE_COLOUR ( '', #193 ) ;
#1311 = EDGE_LOOP ( 'NONE', ( #1137, #1011, #67, #576 ) ) ;
#1312 =( NAMED_UNIT ( * ) PLANE_ANGLE_UNIT ( ) SI_UNIT ( $, .RADIAN. ) );
#1313 = EDGE_CURVE ( 'NONE', #877, #526, #511, .T. ) ;
#1314 = ORIENTED_EDGE ( 'NONE', *, *, #369, .F. ) ;
#1315 = CARTESIAN_POINT ( 'NONE',  ( 36.50000000000000000, -7.000000000000000000, 2.000000000000000000 ) ) ;
#1316 = SURFACE_SIDE_STYLE ('',( #283 ) ) ;
#1317 = CARTESIAN_POINT ( 'NONE',  ( 0.0000000000000000000, -7.000000000000000000, 2.000000000000000000 ) ) ;
#1318 = DIRECTION ( 'NONE',  ( -1.000000000000000000, 0.0000000000000000000, 0.0000000000000000000 ) ) ;
#1319 = CARTESIAN_POINT ( 'NONE',  ( 0.0000000000000000000, 0.0000000000000000000, 2.000000000000000000 ) ) ;
#1320 = VECTOR ( 'NONE', #137, 1000.000000000000000 ) ;
#1321 = SURFACE_STYLE_USAGE ( .BOTH. , #996 ) ;
#1322 = SURFACE_STYLE_USAGE ( .BOTH. , #584 ) ;
#1323 = FACE_OUTER_BOUND ( 'NONE', #184, .T. ) ;
#1324 = CARTESIAN_POINT ( 'NONE',  ( 0.0000000000000000000, 0.0000000000000000000, 0.0000000000000000000 ) ) ;
#1325 = UNCERTAINTY_MEASURE_WITH_UNIT (LENGTH_MEASURE( 1.000000000000000100E-005 ), #572, 'distance_accuracy_value', 'NONE');
#1326 = CARTESIAN_POINT ( 'NONE',  ( 5.500000000000000900, 0.0000000000000000000, 2.000000000000000000 ) ) ;
#1327 = VERTEX_POINT ( 'NONE', #570 ) ;
#1328 =( LENGTH_UNIT ( ) NAMED_UNIT ( * ) SI_UNIT ( .MILLI., .METRE. ) );
#1329 = ORIENTED_EDGE ( 'NONE', *, *, #249, .T. ) ;
#1330 = CARTESIAN_POINT ( 'NONE',  ( 38.00000000000000000, 0.0000000000000000000, 2.000000000000000000 ) ) ;
#1331 = ORIENTED_EDGE ( 'NONE', *, *, #622, .T. ) ;
#1332 = EDGE_CURVE ( 'NONE', #1099, #403, #281, .T. ) ;
#1333 = PRESENTATION_LAYER_ASSIGNMENT (  '', '', ( #823 ) ) ;
#1334 = COLOUR_RGB ( '',0.0000000000000000000, 0.0000000000000000000, 0.0000000000000000000 ) ;
#1335 = LINE ( 'NONE', #1073, #1320 ) ;
#1336 = CYLINDRICAL_SURFACE ( 'NONE', #1158, 1.500000000000001300 ) ;
#1337 = PRODUCT_CONTEXT ( 'NONE', #1202, 'mechanical' ) ;
#1338 = MECHANICAL_DESIGN_GEOMETRIC_PRESENTATION_REPRESENTATION (  '', ( #483 ), #446 ) ;
#1339 = LINE ( 'NONE', #662, #134 ) ;
#1340 = ORIENTED_EDGE ( 'NONE', *, *, #1286, .T. ) ;
#1341 = AXIS2_PLACEMENT_3D ( 'NONE', #905, #699, #59 ) ;
#1342 = ORIENTED_EDGE ( 'NONE', *, *, #1086, .F. ) ;
#1343 = DIRECTION ( 'NONE',  ( 1.000000000000000000, 0.0000000000000000000, 0.0000000000000000000 ) ) ;
#1344 = ORIENTED_EDGE ( 'NONE', *, *, #454, .T. ) ;
#1345 = CARTESIAN_POINT ( 'NONE',  ( 29.50000000000000000, 0.0000000000000000000, 2.000000000000000000 ) ) ;
#1346 =( GEOMETRIC_REPRESENTATION_CONTEXT ( 3 ) GLOBAL_UNCERTAINTY_ASSIGNED_CONTEXT ( ( #65 ) ) GLOBAL_UNIT_ASSIGNED_CONTEXT ( ( #1165, #747, #847 ) ) REPRESENTATION_CONTEXT ( 'NONE', 'WORKASPACE' ) );
#1347 = DIRECTION ( 'NONE',  ( -0.0000000000000000000, -0.0000000000000000000, -1.000000000000000000 ) ) ;
#1348 =( GEOMETRIC_REPRESENTATION_CONTEXT ( 3 ) GLOBAL_UNCERTAINTY_ASSIGNED_CONTEXT ( ( #362 ) ) GLOBAL_UNIT_ASSIGNED_CONTEXT ( ( #863, #246, #759 ) ) REPRESENTATION_CONTEXT ( 'NONE', 'WORKASPACE' ) );
#1349 = CARTESIAN_POINT ( 'NONE',  ( 45.00000000000000000, 0.0000000000000000000, 2.000000000000000000 ) ) ;
#1350 = VECTOR ( 'NONE', #83, 1000.000000000000000 ) ;
#1351 = DIRECTION ( 'NONE',  ( 1.000000000000000000, 0.0000000000000000000, 0.0000000000000000000 ) ) ;
#1352 = CARTESIAN_POINT ( 'NONE',  ( 8.500000000000000000, 1.836970198721028900E-016, 0.0000000000000000000 ) ) ;
#1353 = EDGE_CURVE ( 'NONE', #1024, #544, #901, .T. ) ;
#1354 = FACE_OUTER_BOUND ( 'NONE', #1193, .T. ) ;
#1355 = VERTEX_POINT ( 'NONE', #1084 ) ;
#1356 = ORIENTED_EDGE ( 'NONE', *, *, #415, .F. ) ;
#1357 = DIRECTION ( 'NONE',  ( 0.0000000000000000000, 0.0000000000000000000, 1.000000000000000000 ) ) ;
#1358 = CARTESIAN_POINT ( 'NONE',  ( 8.500000000000000000, 1.836970198721029700E-016, 2.000000000000000000 ) ) ;
#1359 = ORIENTED_EDGE ( 'NONE', *, *, #167, .T. ) ;
#1360 =( NAMED_UNIT ( * ) SI_UNIT ( $, .STERADIAN. ) SOLID_ANGLE_UNIT ( ) );
#1361 = VERTEX_POINT ( 'NONE', #992 ) ;
#1362 =( GEOMETRIC_REPRESENTATION_CONTEXT ( 3 ) GLOBAL_UNCERTAINTY_ASSIGNED_CONTEXT ( ( #889 ) ) GLOBAL_UNIT_ASSIGNED_CONTEXT ( ( #55, #1005, #786 ) ) REPRESENTATION_CONTEXT ( 'NONE', 'WORKASPACE' ) );
#1363 = UNCERTAINTY_MEASURE_WITH_UNIT (LENGTH_MEASURE( 1.000000000000000100E-005 ), #858, 'distance_accuracy_value', 'NONE');
#1364 = CARTESIAN_POINT ( 'NONE',  ( -4.000000000000000000, 0.0000000000000000000, 0.0000000000000000000 ) ) ;
#1365 = EDGE_CURVE ( 'NONE', #579, #480, #1142, .T. ) ;
#1366 = CARTESIAN_POINT ( 'NONE',  ( -12.49999999999999800, 0.0000000000000000000, 2.000000000000000000 ) ) ;
#1367 = COLOUR_RGB ( '',0.0000000000000000000, 0.0000000000000000000, 0.0000000000000000000 ) ;
#1368 = SURFACE_SIDE_STYLE ('',( #803 ) ) ;
#1369 = AXIS2_PLACEMENT_3D ( 'NONE', #1078, #773, #797 ) ;
#1370 = CARTESIAN_POINT ( 'NONE',  ( 0.0000000000000000000, 12.49999999999999800, 2.000000000000000000 ) ) ;
#1371 = CYLINDRICAL_SURFACE ( 'NONE', #176, 1.500000000000001300 ) ;
#1372 = COLOUR_RGB ( '',0.0000000000000000000, 0.0000000000000000000, 0.0000000000000000000 ) ;
#1373 =( NAMED_UNIT ( * ) SI_UNIT ( $, .STERADIAN. ) SOLID_ANGLE_UNIT ( ) );
#1374 = PRESENTATION_STYLE_ASSIGNMENT (( #831 ) ) ;
#1375 = EDGE_CURVE ( 'NONE', #78, #1119, #497, .T. ) ;
#1376 = EDGE_LOOP ( 'NONE', ( #186, #543, #293, #17 ) ) ;
#1377 = MECHANICAL_DESIGN_GEOMETRIC_PRESENTATION_REPRESENTATION (  '', ( #241 ), #267 ) ;
#1378 = ORIENTED_EDGE ( 'NONE', *, *, #345, .T. ) ;
#1379 = ORIENTED_EDGE ( 'NONE', *, *, #1163, .T. ) ;
#1380 = FILL_AREA_STYLE ('',( #508 ) ) ;
#1381 = DIRECTION ( 'NONE',  ( -1.000000000000000000, 0.0000000000000000000, 0.0000000000000000000 ) ) ;
#1382 = DIRECTION ( 'NONE',  ( 1.000000000000000000, 0.0000000000000000000, 0.0000000000000000000 ) ) ;
#1383 = VERTEX_POINT ( 'NONE', #255 ) ;
#1384 = SURFACE_STYLE_USAGE ( .BOTH. , #733 ) ;
#1385 = PRODUCT_DEFINITION_SHAPE ( 'NONE', 'NONE',  #363 ) ;
#1386 = UNCERTAINTY_MEASURE_WITH_UNIT (LENGTH_MEASURE( 1.000000000000000100E-005 ), #107, 'distance_accuracy_value', 'NONE');
ENDSEC;
END-ISO-10303-21;
