ISO-10303-21;
HEADER;
FILE_DESCRIPTION (( 'STEP AP214' ),
    '1' );
FILE_NAME ('金属主舵盘.STEP',
    '2017-10-14T01:06:11',
    ( '' ),
    ( '' ),
    'SwSTEP 2.0',
    'SolidWorks 2014',
    '' );
FILE_SCHEMA (( 'AUTOMOTIVE_DESIGN' ));
ENDSEC;

DATA;
#1 = DIRECTION ( 'NONE',  ( 0.8589905316186690100, 0.0000000000000000000, 0.5119914712077500200 ) ) ;
#2 = PLANE ( 'NONE',  #2931 ) ;
#3 = ORIENTED_EDGE ( 'NONE', *, *, #2078, .T. ) ;
#4 = AXIS2_PLACEMENT_3D ( 'NONE', #1645, #3196, #3733 ) ;
#5 = LINE ( 'NONE', #3088, #3117 ) ;
#6 = DIRECTION ( 'NONE',  ( 0.0000000000000000000, 1.000000000000000000, 0.0000000000000000000 ) ) ;
#7 = DIRECTION ( 'NONE',  ( 0.0000000000000000000, 1.000000000000000000, 0.0000000000000000000 ) ) ;
#8 = DIRECTION ( 'NONE',  ( 0.9999033575959424000, 0.0000000000000000000, 0.01390235477754486700 ) ) ;
#9 = ORIENTED_EDGE ( 'NONE', *, *, #699, .T. ) ;
#10 = FACE_OUTER_BOUND ( 'NONE', #1586, .T. ) ;
#11 = EDGE_CURVE ( 'NONE', #1988, #92, #3504, .T. ) ;
#12 = CARTESIAN_POINT ( 'NONE',  ( 2.349829604962601100, 2.500000000000000400, 0.8733196599825652200 ) ) ;
#13 = CARTESIAN_POINT ( 'NONE',  ( 0.3714926975399416900, 2.500000000000000400, -2.976910004631396300 ) ) ;
#14 = DIRECTION ( 'NONE',  ( 0.0000000000000000000, 1.000000000000000000, 0.0000000000000000000 ) ) ;
#15 = VECTOR ( 'NONE', #315, 1000.000000000000100 ) ;
#16 = CARTESIAN_POINT ( 'NONE',  ( -0.2353813596731006700, 2.500000000000000400, 2.495792863277960500 ) ) ;
#17 = DIRECTION ( 'NONE',  ( 0.0000000000000000000, 1.000000000000000000, 0.0000000000000000000 ) ) ;
#18 = ORIENTED_EDGE ( 'NONE', *, *, #1825, .F. ) ;
#19 = LINE ( 'NONE', #3652, #665 ) ;
#20 = VECTOR ( 'NONE', #2267, 1000.000000000000000 ) ;
#21 = AXIS2_PLACEMENT_3D ( 'NONE', #3771, #1628, #2867 ) ;
#22 = EDGE_LOOP ( 'NONE', ( #1904, #1104, #3344, #2440 ) ) ;
#23 = CARTESIAN_POINT ( 'NONE',  ( 2.934820419606263700, 4.500000000000000900, 0.6219558703494282300 ) ) ;
#24 = CARTESIAN_POINT ( 'NONE',  ( 0.0000000000000000000, 0.0000000000000000000, 0.0000000000000000000 ) ) ;
#25 = ORIENTED_EDGE ( 'NONE', *, *, #297, .T. ) ;
#26 = CIRCLE ( 'NONE', #2103, 3.000000000000000000 ) ;
#27 = CARTESIAN_POINT ( 'NONE',  ( -7.000000000000000000, 0.0000000000000000000, 1.500000000000000700 ) ) ;
#28 = EDGE_CURVE ( 'NONE', #2564, #1067, #2559, .T. ) ;
#29 = VECTOR ( 'NONE', #3339, 999.9999999999998900 ) ;
#30 = PLANE ( 'NONE',  #286 ) ;
#31 = EDGE_LOOP ( 'NONE', ( #1499, #3745 ) ) ;
#32 = CARTESIAN_POINT ( 'NONE',  ( 0.0000000000000000000, 2.500000000000000400, 0.0000000000000000000 ) ) ;
#33 = VERTEX_POINT ( 'NONE', #1995 ) ;
#34 = LINE ( 'NONE', #458, #1660 ) ;
#35 = EDGE_CURVE ( 'NONE', #1305, #225, #2796, .T. ) ;
#36 = CARTESIAN_POINT ( 'NONE',  ( -1.275845581557941500, 4.500000000000000900, -2.145283572953280900 ) ) ;
#37 = ORIENTED_EDGE ( 'NONE', *, *, #1924, .T. ) ;
#38 = VECTOR ( 'NONE', #160, 1000.000000000000000 ) ;
#39 = VERTEX_POINT ( 'NONE', #766 ) ;
#40 = ORIENTED_EDGE ( 'NONE', *, *, #1389, .F. ) ;
#41 = DIRECTION ( 'NONE',  ( 1.000000000000000000, 0.0000000000000000000, -1.871178818639351400E-015 ) ) ;
#42 = AXIS2_PLACEMENT_3D ( 'NONE', #3401, #64, #1905 ) ;
#43 = PLANE ( 'NONE',  #1972 ) ;
#44 = ORIENTED_EDGE ( 'NONE', *, *, #2225, .F. ) ;
#45 = ORIENTED_EDGE ( 'NONE', *, *, #204, .F. ) ;
#46 = ADVANCED_FACE ( 'NONE', ( #1742 ), #1366, .T. ) ;
#47 = DIRECTION ( 'NONE',  ( -0.0000000000000000000, 1.000000000000000000, -0.0000000000000000000 ) ) ;
#48 = DIRECTION ( 'NONE',  ( -0.5119914712077532300, 0.0000000000000000000, 0.8589905316186672300 ) ) ;
#49 = ORIENTED_EDGE ( 'NONE', *, *, #3885, .T. ) ;
#50 = EDGE_CURVE ( 'NONE', #2223, #1063, #533, .T. ) ;
#51 = CARTESIAN_POINT ( 'NONE',  ( -0.03227289845866507200, 4.500000000000000900, -2.495792863277958200 ) ) ;
#52 = ORIENTED_EDGE ( 'NONE', *, *, #1081, .T. ) ;
#53 = DIRECTION ( 'NONE',  ( -0.9659258262890654300, 0.0000000000000000000, 0.2588190451025314500 ) ) ;
#54 = DIRECTION ( 'NONE',  ( -0.9622342827068727200, 0.0000000000000000000, -0.2722226757336540000 ) ) ;
#55 = EDGE_LOOP ( 'NONE', ( #915, #845, #2449, #3548, #3137 ) ) ;
#56 = CARTESIAN_POINT ( 'NONE',  ( -0.1588241805672347400, 4.500000000000000900, -2.995792863277957800 ) ) ;
#57 = APPLICATION_CONTEXT ( 'automotive_design' ) ;
#58 = DIRECTION ( 'NONE',  ( -0.9999033575959427300, 0.0000000000000000000, -0.01390235477753795800 ) ) ;
#59 = VERTEX_POINT ( 'NONE', #2340 ) ;
#60 = CARTESIAN_POINT ( 'NONE',  ( -1.931231813650597700, 4.500000000000000900, 1.598352302471073100 ) ) ;
#61 = EDGE_CURVE ( 'NONE', #948, #1490, #2652, .T. ) ;
#62 = ORIENTED_EDGE ( 'NONE', *, *, #87, .F. ) ;
#63 = DIRECTION ( 'NONE',  ( -0.9659258262890708700, 0.0000000000000000000, -0.2588190451025111900 ) ) ;
#64 = DIRECTION ( 'NONE',  ( 0.9694306710832741900, 0.0000000000000000000, -0.2453653886819263100 ) ) ;
#65 = COLOUR_RGB ( '',1.000000000000000000, 1.000000000000000000, 1.000000000000000000 ) ;
#66 = AXIS2_PLACEMENT_3D ( 'NONE', #2924, #242, #3806 ) ;
#67 = LINE ( 'NONE', #2717, #3724 ) ;
#68 = DIRECTION ( 'NONE',  ( 0.0000000000000000000, 0.0000000000000000000, 1.000000000000000000 ) ) ;
#69 = CARTESIAN_POINT ( 'NONE',  ( -1.741971672712157900, 2.500000000000000400, 1.787612443409510200 ) ) ;
#70 = EDGE_CURVE ( 'NONE', #2802, #254, #2513, .T. ) ;
#71 = PLANE ( 'NONE',  #3349 ) ;
#72 = LINE ( 'NONE', #1084, #2839 ) ;
#73 = VECTOR ( 'NONE', #2335, 1000.000000000000000 ) ;
#74 = DIRECTION ( 'NONE',  ( 0.0000000000000000000, 1.000000000000000000, 0.0000000000000000000 ) ) ;
#75 = CARTESIAN_POINT ( 'NONE',  ( 2.934820419606264200, 2.500000000000000400, 0.6219558703494282300 ) ) ;
#76 = VERTEX_POINT ( 'NONE', #1455 ) ;
#77 = ORIENTED_EDGE ( 'NONE', *, *, #2042, .T. ) ;
#78 = VECTOR ( 'NONE', #1700, 1000.000000000000000 ) ;
#79 = LINE ( 'NONE', #3392, #3589 ) ;
#80 = VECTOR ( 'NONE', #2726, 1000.000000000000000 ) ;
#81 = VERTEX_POINT ( 'NONE', #2955 ) ;
#82 =( GEOMETRIC_REPRESENTATION_CONTEXT ( 3 ) GLOBAL_UNCERTAINTY_ASSIGNED_CONTEXT ( ( #1795 ) ) GLOBAL_UNIT_ASSIGNED_CONTEXT ( ( #3144, #976, #3159 ) ) REPRESENTATION_CONTEXT ( 'NONE', 'WORKASPACE' ) );
#83 = CARTESIAN_POINT ( 'NONE',  ( 2.673844814358463200, 4.500000000000000900, 1.360350656532482100 ) ) ;
#84 = DIRECTION ( 'NONE',  ( 0.0000000000000000000, 1.000000000000000000, 0.0000000000000000000 ) ) ;
#86 = VECTOR ( 'NONE', #2892, 1000.000000000000000 ) ;
#85 = DIRECTION ( 'NONE',  ( 0.01390235477753795800, 0.0000000000000000000, -0.9999033575959426200 ) ) ;
#87 = EDGE_CURVE ( 'NONE', #3286, #948, #2747, .T. ) ;
#88 = LINE ( 'NONE', #2323, #2661 ) ;
#89 = CARTESIAN_POINT ( 'NONE',  ( -2.230651103749600000, 4.500000000000000900, -2.006039793558615200 ) ) ;
#90 = VERTEX_POINT ( 'NONE', #2080 ) ;
#91 = ORIENTED_EDGE ( 'NONE', *, *, #3299, .F. ) ;
#92 = VERTEX_POINT ( 'NONE', #3591 ) ;
#93 = EDGE_CURVE ( 'NONE', #2706, #2105, #3133, .T. ) ;
#94 = DIRECTION ( 'NONE',  ( 0.0000000000000000000, 0.0000000000000000000, -1.000000000000000000 ) ) ;
#95 = ORIENTED_EDGE ( 'NONE', *, *, #2678, .T. ) ;
#96 = ORIENTED_EDGE ( 'NONE', *, *, #1135, .F. ) ;
#97 = ORIENTED_EDGE ( 'NONE', *, *, #217, .T. ) ;
#98 = CARTESIAN_POINT ( 'NONE',  ( 2.779324870771939300, 4.500000000000000900, 1.129315395586434300 ) ) ;
#99 = PLANE ( 'NONE',  #2684 ) ;
#100 = AXIS2_PLACEMENT_3D ( 'NONE', #2780, #2164, #383 ) ;
#101 = CARTESIAN_POINT ( 'NONE',  ( 0.0000000000000000000, 4.500000000000000900, 0.0000000000000000000 ) ) ;
#102 = ORIENTED_EDGE ( 'NONE', *, *, #3511, .F. ) ;
#103 = CARTESIAN_POINT ( 'NONE',  ( -0.4185977913119879300, 2.500000000000000400, -2.471671962453651600 ) ) ;
#104 = ORIENTED_EDGE ( 'NONE', *, *, #2260, .T. ) ;
#105 = ORIENTED_EDGE ( 'NONE', *, *, #1286, .F. ) ;
#106 = VERTEX_POINT ( 'NONE', #2979 ) ;
#107 = EDGE_CURVE ( 'NONE', #182, #543, #3694, .T. ) ;
#108 = CARTESIAN_POINT ( 'NONE',  ( 0.0000000000000000000, 2.500000000000000000, -5.500000000000000000 ) ) ;
#109 = CARTESIAN_POINT ( 'NONE',  ( 0.6771319517577347700, 4.500000000000000900, 2.402397942946354400 ) ) ;
#110 = PLANE ( 'NONE',  #754 ) ;
#111 = VERTEX_POINT ( 'NONE', #1752 ) ;
#112 = VECTOR ( 'NONE', #2119, 1000.000000000000000 ) ;
#113 = DIRECTION ( 'NONE',  ( 0.4879118863881913300, 0.0000000000000000000, 0.8728928863962155400 ) ) ;
#114 = DIRECTION ( 'NONE',  ( 0.7071067811865425800, 0.0000000000000000000, -0.7071067811865525700 ) ) ;
#115 = CARTESIAN_POINT ( 'NONE',  ( 0.6771319517577347700, 2.500000000000000400, 2.402397942946354400 ) ) ;
#116 = EDGE_CURVE ( 'NONE', #633, #834, #3545, .T. ) ;
#117 = LINE ( 'NONE', #832, #2831 ) ;
#118 = CARTESIAN_POINT ( 'NONE',  ( -0.6771319517577181200, 2.500000000000000400, -2.402397942946359300 ) ) ;
#119 = VECTOR ( 'NONE', #1810, 1000.000000000000100 ) ;
#120 = LINE ( 'NONE', #1492, #1878 ) ;
#121 = CARTESIAN_POINT ( 'NONE',  ( 2.349829604962601100, 2.500000000000000400, 0.8733196599825652200 ) ) ;
#122 = VERTEX_POINT ( 'NONE', #2964 ) ;
#123 = FACE_OUTER_BOUND ( 'NONE', #769, .T. ) ;
#124 = VECTOR ( 'NONE', #696, 1000.000000000000000 ) ;
#125 = CARTESIAN_POINT ( 'NONE',  ( -2.392333340020873500, 2.500000000000000400, -1.810177115705690700 ) ) ;
#126 = EDGE_CURVE ( 'NONE', #2636, #2776, #1316, .T. ) ;
#127 = ORIENTED_EDGE ( 'NONE', *, *, #2470, .T. ) ;
#128 = ORIENTED_EDGE ( 'NONE', *, *, #634, .F. ) ;
#129 = VECTOR ( 'NONE', #3540, 1000.000000000000100 ) ;
#130 = LINE ( 'NONE', #3560, #2849 ) ;
#131 = ADVANCED_FACE ( 'NONE', ( #356 ), #2045, .T. ) ;
#132 = DIRECTION ( 'NONE',  ( -0.8728928863962156500, 0.0000000000000000000, 0.4879118863881913800 ) ) ;
#133 = ORIENTED_EDGE ( 'NONE', *, *, #1772, .F. ) ;
#134 = LINE ( 'NONE', #2871, #3598 ) ;
#135 = STYLED_ITEM ( 'NONE', ( #2877 ), #3782 ) ;
#136 = CARTESIAN_POINT ( 'NONE',  ( 1.166732888925722200, 2.500000000000000400, 2.763826037560801500 ) ) ;
#137 = DIRECTION ( 'NONE',  ( 0.0000000000000000000, -0.0000000000000000000, 1.000000000000000000 ) ) ;
#138 = DIRECTION ( 'NONE',  ( 0.0000000000000000000, 1.000000000000000000, 0.0000000000000000000 ) ) ;
#139 = FACE_OUTER_BOUND ( 'NONE', #1425, .T. ) ;
#140 = ORIENTED_EDGE ( 'NONE', *, *, #2174, .F. ) ;
#141 = EDGE_LOOP ( 'NONE', ( #1952, #2876, #1769, #2321 ) ) ;
#142 = EDGE_CURVE ( 'NONE', #3648, #1791, #497, .T. ) ;
#143 = DIRECTION ( 'NONE',  ( 0.0000000000000000000, 1.000000000000000000, 0.0000000000000000000 ) ) ;
#144 =( LENGTH_UNIT ( ) NAMED_UNIT ( * ) SI_UNIT ( .MILLI., .METRE. ) );
#145 = EDGE_LOOP ( 'NONE', ( #819, #2329, #3204, #1236 ) ) ;
#146 = AXIS2_PLACEMENT_3D ( 'NONE', #1217, #2144, #3343 ) ;
#147 = ORIENTED_EDGE ( 'NONE', *, *, #2126, .F. ) ;
#148 = CARTESIAN_POINT ( 'NONE',  ( -1.044050194584740000, 2.500000000000000400, -2.279110702019172800 ) ) ;
#149 = ORIENTED_EDGE ( 'NONE', *, *, #3331, .T. ) ;
#150 = EDGE_CURVE ( 'NONE', #537, #2017, #1091, .T. ) ;
#151 = CARTESIAN_POINT ( 'NONE',  ( 2.971623641251623900, 2.500000000000000400, -0.4116466139232069500 ) ) ;
#152 = ORIENTED_EDGE ( 'NONE', *, *, #1910, .F. ) ;
#153 = DIRECTION ( 'NONE',  ( 0.2588190451025197400, 0.0000000000000000000, 0.9659258262890685300 ) ) ;
#154 = ORIENTED_EDGE ( 'NONE', *, *, #1868, .T. ) ;
#155 = DIRECTION ( 'NONE',  ( 0.0000000000000000000, 1.000000000000000000, 0.0000000000000000000 ) ) ;
#156 = ORIENTED_EDGE ( 'NONE', *, *, #3748, .F. ) ;
#157 = EDGE_CURVE ( 'NONE', #2523, #2507, #3364, .T. ) ;
#158 = FACE_OUTER_BOUND ( 'NONE', #3732, .T. ) ;
#159 = CARTESIAN_POINT ( 'NONE',  ( -0.6147854995368424700, 2.500000000000000400, 2.419103624469888000 ) ) ;
#160 = DIRECTION ( 'NONE',  ( 0.0000000000000000000, 1.000000000000000000, 0.0000000000000000000 ) ) ;
#161 = DIRECTION ( 'NONE',  ( 0.0000000000000000000, 1.000000000000000000, 0.0000000000000000000 ) ) ;
#162 = LINE ( 'NONE', #645, #700 ) ;
#163 = PLANE ( 'NONE',  #3838 ) ;
#164 = DIRECTION ( 'NONE',  ( 0.0000000000000000000, 1.000000000000000000, 0.0000000000000000000 ) ) ;
#165 = CARTESIAN_POINT ( 'NONE',  ( 2.495792863277957800, 4.500000000000000900, 0.2353813596731267900 ) ) ;
#166 = AXIS2_PLACEMENT_3D ( 'NONE', #1360, #1624, #1669 ) ;
#167 = CIRCLE ( 'NONE', #733, 3.000000000000000400 ) ;
#168 = VECTOR ( 'NONE', #3523, 1000.000000000000000 ) ;
#169 = CARTESIAN_POINT ( 'NONE',  ( 1.836970198721030200E-016, 0.0000000000000000000, -8.500000000000000000 ) ) ;
#170 = ORIENTED_EDGE ( 'NONE', *, *, #1343, .F. ) ;
#171 = VECTOR ( 'NONE', #3594, 1000.000000000000000 ) ;
#172 = LINE ( 'NONE', #609, #3269 ) ;
#173 = DIRECTION ( 'NONE',  ( 0.0000000000000000000, 1.000000000000000000, 0.0000000000000000000 ) ) ;
#175 = CIRCLE ( 'NONE', #3140, 1.499999999999999800 ) ;
#174 = CARTESIAN_POINT ( 'NONE',  ( 2.145283572953284400, 2.500000000000000400, -1.275845581557933700 ) ) ;
#176 = ORIENTED_EDGE ( 'NONE', *, *, #428, .T. ) ;
#177 = CARTESIAN_POINT ( 'NONE',  ( -2.419103624469885800, 2.500000000000000400, -0.6147854995368511300 ) ) ;
#178 = VECTOR ( 'NONE', #1840, 1000.000000000000000 ) ;
#179 = CARTESIAN_POINT ( 'NONE',  ( -1.219947281720006800, 2.500000000000000400, 2.177556471411953500 ) ) ;
#180 = VECTOR ( 'NONE', #2624, 1000.000000000000000 ) ;
#181 = CARTESIAN_POINT ( 'NONE',  ( 2.367678256848715800, 2.500000000000000400, -1.842308245665156700 ) ) ;
#182 = VERTEX_POINT ( 'NONE', #1143 ) ;
#183 = ORIENTED_EDGE ( 'NONE', *, *, #1801, .F. ) ;
#184 = ORIENTED_EDGE ( 'NONE', *, *, #1973, .T. ) ;
#185 = CARTESIAN_POINT ( 'NONE',  ( -1.598352302471066400, 4.500000000000000900, -1.931231813650603300 ) ) ;
#186 = PLANE ( 'NONE',  #2785 ) ;
#187 = ADVANCED_FACE ( 'NONE', ( #1887 ), #897, .F. ) ;
#188 = EDGE_CURVE ( 'NONE', #2966, #1850, #3229, .T. ) ;
#189 = ORIENTED_EDGE ( 'NONE', *, *, #28, .F. ) ;
#190 = CARTESIAN_POINT ( 'NONE',  ( 0.3714926975399416900, 2.500000000000000400, -2.976910004631396300 ) ) ;
#191 = DIRECTION ( 'NONE',  ( -0.2588190451025299000, 0.0000000000000000000, -0.9659258262890658700 ) ) ;
#192 = ORIENTED_EDGE ( 'NONE', *, *, #783, .T. ) ;
#193 = AXIS2_PLACEMENT_3D ( 'NONE', #493, #2608, #1042 ) ;
#194 = CARTESIAN_POINT ( 'NONE',  ( 1.360350656532509900, 4.500000000000000900, -2.673844814358449000 ) ) ;
#195 = ORIENTED_EDGE ( 'NONE', *, *, #332, .F. ) ;
#196 = EDGE_CURVE ( 'NONE', #1109, #473, #1698, .T. ) ;
#197 = ORIENTED_EDGE ( 'NONE', *, *, #3521, .F. ) ;
#198 = CARTESIAN_POINT ( 'NONE',  ( 0.0000000000000000000, 4.500000000000000900, 0.0000000000000000000 ) ) ;
#199 = VERTEX_POINT ( 'NONE', #1723 ) ;
#200 = LINE ( 'NONE', #1857, #112 ) ;
#201 = ADVANCED_FACE ( 'NONE', ( #706 ), #3879, .F. ) ;
#202 = DIRECTION ( 'NONE',  ( -0.5000000000000056600, 0.0000000000000000000, -0.8660254037844352700 ) ) ;
#203 = FACE_OUTER_BOUND ( 'NONE', #1620, .T. ) ;
#204 = EDGE_CURVE ( 'NONE', #960, #649, #172, .T. ) ;
#205 = DIRECTION ( 'NONE',  ( 0.0000000000000000000, 0.0000000000000000000, 1.000000000000000000 ) ) ;
#206 = LINE ( 'NONE', #2898, #1311 ) ;
#207 = CIRCLE ( 'NONE', #3238, 3.000000000000000000 ) ;
#208 = CARTESIAN_POINT ( 'NONE',  ( 0.0000000000000000000, 1.500000000000000400, 0.0000000000000000000 ) ) ;
#209 = CARTESIAN_POINT ( 'NONE',  ( -2.763826037560805500, 2.500000000000000400, 1.166732888925712700 ) ) ;
#210 = ORIENTED_EDGE ( 'NONE', *, *, #2500, .F. ) ;
#211 = CIRCLE ( 'NONE', #1088, 4.400000000000000400 ) ;
#212 = CIRCLE ( 'NONE', #1396, 9.999999999999998200 ) ;
#213 = EDGE_CURVE ( 'NONE', #617, #81, #212, .T. ) ;
#214 = ORIENTED_EDGE ( 'NONE', *, *, #3563, .T. ) ;
#215 = VECTOR ( 'NONE', #1423, 1000.000000000000000 ) ;
#216 = DIRECTION ( 'NONE',  ( 0.8728928863962139900, 0.0000000000000000000, -0.4879118863881944400 ) ) ;
#217 = EDGE_CURVE ( 'NONE', #1063, #2507, #992, .T. ) ;
#218 = LINE ( 'NONE', #2107, #1415 ) ;
#219 = DIRECTION ( 'NONE',  ( 0.8660254037844363800, 0.0000000000000000000, -0.5000000000000040000 ) ) ;
#220 = ADVANCED_FACE ( 'NONE', ( #491 ), #3320, .T. ) ;
#221 = VECTOR ( 'NONE', #3575, 1000.000000000000200 ) ;
#222 = CARTESIAN_POINT ( 'NONE',  ( 2.230651103749613300, 2.500000000000000400, 2.006039793558600100 ) ) ;
#223 = CARTESIAN_POINT ( 'NONE',  ( -2.779324870771931800, 4.500000000000000900, -1.129315395586453700 ) ) ;
#224 = VECTOR ( 'NONE', #2268, 1000.000000000000000 ) ;
#225 = VERTEX_POINT ( 'NONE', #3345 ) ;
#226 = ORIENTED_EDGE ( 'NONE', *, *, #2545, .F. ) ;
#227 = AXIS2_PLACEMENT_3D ( 'NONE', #209, #2297, #2913 ) ;
#228 = CARTESIAN_POINT ( 'NONE',  ( 2.495792863277958200, 2.500000000000000400, -0.03227289845865635700 ) ) ;
#229 = ORIENTED_EDGE ( 'NONE', *, *, #1068, .T. ) ;
#230 = EDGE_CURVE ( 'NONE', #3673, #1456, #2464, .T. ) ;
#231 = CARTESIAN_POINT ( 'NONE',  ( -0.03227289845866507200, 2.500000000000000400, -2.495792863277958200 ) ) ;
#232 = CARTESIAN_POINT ( 'NONE',  ( 0.4116466139232379800, 4.500000000000000900, 2.971623641251619500 ) ) ;
#233 = VERTEX_POINT ( 'NONE', #1180 ) ;
#234 = EDGE_CURVE ( 'NONE', #269, #2807, #666, .T. ) ;
#235 = VERTEX_POINT ( 'NONE', #1527 ) ;
#236 = CARTESIAN_POINT ( 'NONE',  ( -2.349829604962595300, 4.500000000000000900, -0.8733196599825816500 ) ) ;
#237 = DIRECTION ( 'NONE',  ( 0.7168688940249502400, 0.0000000000000000000, -0.6972079953496264100 ) ) ;
#238 = ORIENTED_EDGE ( 'NONE', *, *, #2174, .T. ) ;
#239 = ADVANCED_FACE ( 'NONE', ( #3083 ), #3361, .F. ) ;
#240 = ORIENTED_EDGE ( 'NONE', *, *, #3536, .F. ) ;
#241 = PLANE ( 'NONE',  #2184 ) ;
#242 = DIRECTION ( 'NONE',  ( 0.0000000000000000000, 1.000000000000000000, 0.0000000000000000000 ) ) ;
#243 = EDGE_CURVE ( 'NONE', #3249, #3377, #1358, .T. ) ;
#244 = VERTEX_POINT ( 'NONE', #1196 ) ;
#245 = FACE_OUTER_BOUND ( 'NONE', #974, .T. ) ;
#246 = DIRECTION ( 'NONE',  ( 0.0000000000000000000, 1.000000000000000000, 0.0000000000000000000 ) ) ;
#247 = CYLINDRICAL_SURFACE ( 'NONE', #3200, 9.999999999999998200 ) ;
#248 = CARTESIAN_POINT ( 'NONE',  ( 0.0000000000000000000, 4.500000000000000900, 0.0000000000000000000 ) ) ;
#249 = VECTOR ( 'NONE', #3769, 1000.000000000000000 ) ;
#250 = LINE ( 'NONE', #3551, #3854 ) ;
#251 = EDGE_CURVE ( 'NONE', #3514, #1854, #2115, .T. ) ;
#252 = CARTESIAN_POINT ( 'NONE',  ( -0.6771319517577181200, 4.500000000000000900, -2.402397942946359300 ) ) ;
#253 = PLANE ( 'NONE',  #3007 ) ;
#254 = VERTEX_POINT ( 'NONE', #339 ) ;
#255 = ORIENTED_EDGE ( 'NONE', *, *, #142, .T. ) ;
#256 = ADVANCED_FACE ( 'NONE', ( #1086 ), #1312, .F. ) ;
#257 = VERTEX_POINT ( 'NONE', #23 ) ;
#258 = LINE ( 'NONE', #1486, #3367 ) ;
#259 = AXIS2_PLACEMENT_3D ( 'NONE', #3600, #2395, #1149 ) ;
#260 = ORIENTED_EDGE ( 'NONE', *, *, #3151, .F. ) ;
#261 = ORIENTED_EDGE ( 'NONE', *, *, #142, .F. ) ;
#262 = VECTOR ( 'NONE', #1826, 1000.000000000000000 ) ;
#263 = EDGE_CURVE ( 'NONE', #3643, #1964, #3816, .T. ) ;
#264 = VECTOR ( 'NONE', #1813, 1000.000000000000100 ) ;
#265 = ORIENTED_EDGE ( 'NONE', *, *, #243, .F. ) ;
#266 = ORIENTED_EDGE ( 'NONE', *, *, #332, .T. ) ;
#267 = CARTESIAN_POINT ( 'NONE',  ( 0.4116466139232379800, 2.500000000000000400, 2.971623641251619500 ) ) ;
#268 = CARTESIAN_POINT ( 'NONE',  ( 0.0000000000000000000, 1.500000000000000400, 0.0000000000000000000 ) ) ;
#269 = VERTEX_POINT ( 'NONE', #3667 ) ;
#270 = ORIENTED_EDGE ( 'NONE', *, *, #3162, .F. ) ;
#271 = CARTESIAN_POINT ( 'NONE',  ( -1.842308245665165200, 2.500000000000000400, -2.367678256848709600 ) ) ;
#272 = AXIS2_PLACEMENT_3D ( 'NONE', #2672, #1472, #1153 ) ;
#273 = ORIENTED_EDGE ( 'NONE', *, *, #2021, .T. ) ;
#274 = ADVANCED_FACE ( 'NONE', ( #848 ), #3061, .F. ) ;
#275 = DIRECTION ( 'NONE',  ( 0.2588190451025213500, 0.0000000000000000000, 0.9659258262890680900 ) ) ;
#276 = EDGE_CURVE ( 'NONE', #3470, #473, #79, .T. ) ;
#277 = VERTEX_POINT ( 'NONE', #391 ) ;
#278 = CARTESIAN_POINT ( 'NONE',  ( 1.224646799147353100E-015, 0.0000000000000000000, 9.999999999999998200 ) ) ;
#279 = CARTESIAN_POINT ( 'NONE',  ( 0.0000000000000000000, 2.500000000000000400, 0.0000000000000000000 ) ) ;
#280 = VERTEX_POINT ( 'NONE', #108 ) ;
#281 = AXIS2_PLACEMENT_3D ( 'NONE', #368, #379, #2488 ) ;
#282 = DIRECTION ( 'NONE',  ( 0.4999999999999933900, 0.0000000000000000000, -0.8660254037844424800 ) ) ;
#283 = PLANE ( 'NONE',  #588 ) ;
#284 = ORIENTED_EDGE ( 'NONE', *, *, #1744, .T. ) ;
#285 = DIRECTION ( 'NONE',  ( 0.0000000000000000000, 1.000000000000000000, 0.0000000000000000000 ) ) ;
#286 = AXIS2_PLACEMENT_3D ( 'NONE', #900, #1533, #2995 ) ;
#287 = VERTEX_POINT ( 'NONE', #3020 ) ;
#288 = DIRECTION ( 'NONE',  ( 0.4999999999999962800, 0.0000000000000000000, -0.8660254037844408200 ) ) ;
#289 = DIRECTION ( 'NONE',  ( 0.2453653886819228700, -0.0000000000000000000, 0.9694306710832749600 ) ) ;
#290 = FACE_OUTER_BOUND ( 'NONE', #1722, .T. ) ;
#291 = ADVANCED_FACE ( 'NONE', ( #2070 ), #895, .T. ) ;
#292 = AXIS2_PLACEMENT_3D ( 'NONE', #3682, #423, #3397 ) ;
#293 = FACE_OUTER_BOUND ( 'NONE', #1633, .T. ) ;
#294 = VECTOR ( 'NONE', #3031, 1000.000000000000000 ) ;
#295 = CARTESIAN_POINT ( 'NONE',  ( -0.4116466139232172700, 2.500000000000000400, -2.971623641251623000 ) ) ;
#296 = CARTESIAN_POINT ( 'NONE',  ( -0.2353813596731006700, 4.500000000000000900, 2.495792863277960500 ) ) ;
#297 = EDGE_CURVE ( 'NONE', #33, #1613, #3309, .T. ) ;
#298 = ORIENTED_EDGE ( 'NONE', *, *, #1093, .T. ) ;
#299 = CIRCLE ( 'NONE', #3402, 3.000000000000000000 ) ;
#300 = LINE ( 'NONE', #3182, #20 ) ;
#301 = DIRECTION ( 'NONE',  ( 0.9694306710832741900, 0.0000000000000000000, -0.2453653886819262800 ) ) ;
#302 = CARTESIAN_POINT ( 'NONE',  ( -2.177556471411949500, 2.500000000000000400, -1.219947281720014300 ) ) ;
#303 = ORIENTED_EDGE ( 'NONE', *, *, #3840, .F. ) ;
#304 = ORIENTED_EDGE ( 'NONE', *, *, #1434, .T. ) ;
#305 = ORIENTED_EDGE ( 'NONE', *, *, #2308, .F. ) ;
#306 = EDGE_CURVE ( 'NONE', #649, #106, #3180, .T. ) ;
#307 = CARTESIAN_POINT ( 'NONE',  ( -2.392333340020873500, 2.500000000000000400, -1.810177115705690700 ) ) ;
#308 = VECTOR ( 'NONE', #2222, 1000.000000000000100 ) ;
#309 = DIRECTION ( 'NONE',  ( 0.9659258262890672000, 0.0000000000000000000, -0.2588190451025246800 ) ) ;
#310 = DIRECTION ( 'NONE',  ( -0.8660254037844432600, 0.0000000000000000000, -0.4999999999999919500 ) ) ;
#311 = AXIS2_PLACEMENT_3D ( 'NONE', #2510, #468, #1618 ) ;
#312 = VECTOR ( 'NONE', #3247, 1000.000000000000000 ) ;
#313 = DIRECTION ( 'NONE',  ( -0.2588190451025094200, 0.0000000000000000000, 0.9659258262890713100 ) ) ;
#314 = VECTOR ( 'NONE', #2178, 1000.000000000000100 ) ;
#315 = DIRECTION ( 'NONE',  ( 0.2722226757336472200, 0.0000000000000000000, -0.9622342827068746100 ) ) ;
#317 = VERTEX_POINT ( 'NONE', #83 ) ;
#316 = CARTESIAN_POINT ( 'NONE',  ( 0.3714926975399416900, 4.500000000000000900, -2.976910004631396300 ) ) ;
#318 = EDGE_LOOP ( 'NONE', ( #1150, #3018, #1112, #2576 ) ) ;
#319 = EDGE_CURVE ( 'NONE', #3693, #1487, #1171, .T. ) ;
#320 = CARTESIAN_POINT ( 'NONE',  ( 5.388445916248354000E-016, 4.500000000000000900, 4.400000000000000400 ) ) ;
#321 = DIRECTION ( 'NONE',  ( -0.7168688940249551300, 0.0000000000000000000, 0.6972079953496214100 ) ) ;
#322 = ORIENTED_EDGE ( 'NONE', *, *, #795, .T. ) ;
#323 = EDGE_LOOP ( 'NONE', ( #2827, #2345, #2027, #1246 ) ) ;
#324 = DIRECTION ( 'NONE',  ( 1.000000000000000000, 0.0000000000000000000, -3.491481338843133400E-015 ) ) ;
#325 = PLANE ( 'NONE',  #1919 ) ;
#326 = DIRECTION ( 'NONE',  ( -0.5119914712077381400, 0.0000000000000000000, 0.8589905316186762200 ) ) ;
#327 = AXIS2_PLACEMENT_3D ( 'NONE', #198, #3211, #1702 ) ;
#328 = VERTEX_POINT ( 'NONE', #3420 ) ;
#329 = DIRECTION ( 'NONE',  ( 0.4879118863882035400, 0.0000000000000000000, 0.8728928863962087700 ) ) ;
#330 = DIRECTION ( 'NONE',  ( 0.0000000000000000000, 1.000000000000000000, 0.0000000000000000000 ) ) ;
#331 = DIRECTION ( 'NONE',  ( 0.0000000000000000000, 1.000000000000000000, 0.0000000000000000000 ) ) ;
#332 = EDGE_CURVE ( 'NONE', #705, #199, #2509, .T. ) ;
#333 = ORIENTED_EDGE ( 'NONE', *, *, #2993, .F. ) ;
#334 = EDGE_LOOP ( 'NONE', ( #3278, #1725, #3169, #2058 ) ) ;
#335 = PLANE ( 'NONE',  #2628 ) ;
#336 = DIRECTION ( 'NONE',  ( -0.6972079953496287400, 0.0000000000000000000, -0.7168688940249479100 ) ) ;
#337 = VERTEX_POINT ( 'NONE', #136 ) ;
#338 = FACE_OUTER_BOUND ( 'NONE', #3503, .T. ) ;
#339 = CARTESIAN_POINT ( 'NONE',  ( 1.836970198721029900E-016, 0.0000000000000000000, 5.500000000000000000 ) ) ;
#340 = DIRECTION ( 'NONE',  ( 0.2588190451025198500, 0.0000000000000000000, 0.9659258262890686500 ) ) ;
#341 = CARTESIAN_POINT ( 'NONE',  ( 0.0000000000000000000, 2.500000000000000400, 0.0000000000000000000 ) ) ;
#342 = ORIENTED_EDGE ( 'NONE', *, *, #3435, .T. ) ;
#343 = VECTOR ( 'NONE', #3021, 1000.000000000000100 ) ;
#344 = EDGE_CURVE ( 'NONE', #2486, #3522, #399, .T. ) ;
#345 = PLANE ( 'NONE',  #1346 ) ;
#346 = CARTESIAN_POINT ( 'NONE',  ( -2.279110702019168800, 2.500000000000000400, 1.044050194584748000 ) ) ;
#347 = FACE_OUTER_BOUND ( 'NONE', #1580, .T. ) ;
#348 = DIRECTION ( 'NONE',  ( -0.01390235477754489500, 0.0000000000000000000, 0.9999033575959425100 ) ) ;
#349 = DIRECTION ( 'NONE',  ( 0.0000000000000000000, 0.0000000000000000000, 1.000000000000000000 ) ) ;
#350 = LINE ( 'NONE', #2767, #2263 ) ;
#351 = FACE_OUTER_BOUND ( 'NONE', #3849, .T. ) ;
#352 = ORIENTED_EDGE ( 'NONE', *, *, #2993, .T. ) ;
#353 = DIRECTION ( 'NONE',  ( 0.0000000000000000000, 1.000000000000000000, 0.0000000000000000000 ) ) ;
#354 = CARTESIAN_POINT ( 'NONE',  ( 1.219947281720022100, 2.500000000000000400, -2.177556471411945100 ) ) ;
#355 = ORIENTED_EDGE ( 'NONE', *, *, #3181, .T. ) ;
#356 = FACE_OUTER_BOUND ( 'NONE', #604, .T. ) ;
#357 = CARTESIAN_POINT ( 'NONE',  ( 2.971623641251623900, 2.500000000000000400, -0.4116466139232069500 ) ) ;
#358 = EDGE_CURVE ( 'NONE', #59, #1590, #1787, .T. ) ;
#359 = LINE ( 'NONE', #1228, #947 ) ;
#360 = DIRECTION ( 'NONE',  ( 0.0000000000000000000, 1.000000000000000000, 0.0000000000000000000 ) ) ;
#361 = ORIENTED_EDGE ( 'NONE', *, *, #3637, .T. ) ;
#362 = PLANE ( 'NONE',  #1567 ) ;
#363 = LINE ( 'NONE', #2239, #1421 ) ;
#364 = DIRECTION ( 'NONE',  ( 0.0000000000000000000, 1.000000000000000000, 0.0000000000000000000 ) ) ;
#365 = LINE ( 'NONE', #1834, #1469 ) ;
#366 = EDGE_LOOP ( 'NONE', ( #874, #2696, #2014, #3201 ) ) ;
#367 = VERTEX_POINT ( 'NONE', #1856 ) ;
#368 = CARTESIAN_POINT ( 'NONE',  ( -2.971623641251621300, 2.500000000000000400, 0.4116466139232275400 ) ) ;
#369 = AXIS2_PLACEMENT_3D ( 'NONE', #3532, #1716, #2071 ) ;
#370 = CARTESIAN_POINT ( 'NONE',  ( -1.741971672712157900, 2.500000000000000400, 1.787612443409510200 ) ) ;
#371 = VERTEX_POINT ( 'NONE', #2461 ) ;
#372 = ORIENTED_EDGE ( 'NONE', *, *, #795, .F. ) ;
#373 =( NAMED_UNIT ( * ) PLANE_ANGLE_UNIT ( ) SI_UNIT ( $, .RADIAN. ) );
#374 = CARTESIAN_POINT ( 'NONE',  ( -2.230651103749600400, 2.500000000000000400, -2.006039793558615600 ) ) ;
#375 = DIRECTION ( 'NONE',  ( -0.8589905316186743400, 0.0000000000000000000, -0.5119914712077411300 ) ) ;
#376 = ORIENTED_EDGE ( 'NONE', *, *, #600, .F. ) ;
#377 = DIRECTION ( 'NONE',  ( -1.000000000000000000, 0.0000000000000000000, 1.047444401652940000E-014 ) ) ;
#378 = ORIENTED_EDGE ( 'NONE', *, *, #50, .T. ) ;
#379 = DIRECTION ( 'NONE',  ( 0.01390235477753795800, 0.0000000000000000000, -0.9999033575959426200 ) ) ;
#380 = ORIENTED_EDGE ( 'NONE', *, *, #1730, .F. ) ;
#381 = ORIENTED_EDGE ( 'NONE', *, *, #1016, .T. ) ;
#382 = MECHANICAL_DESIGN_GEOMETRIC_PRESENTATION_REPRESENTATION (  '', ( #641 ), #1359 ) ;
#383 = DIRECTION ( 'NONE',  ( 0.0000000000000000000, 0.0000000000000000000, 1.000000000000000000 ) ) ;
#384 = ORIENTED_EDGE ( 'NONE', *, *, #3702, .F. ) ;
#385 = DIRECTION ( 'NONE',  ( -0.2588190451025264600, 0.0000000000000000000, -0.9659258262890666500 ) ) ;
#386 = DIRECTION ( 'NONE',  ( -0.4999999999999902900, 0.0000000000000000000, 0.8660254037844442600 ) ) ;
#387 = EDGE_CURVE ( 'NONE', #3514, #1336, #1603, .T. ) ;
#388 = ORIENTED_EDGE ( 'NONE', *, *, #3055, .T. ) ;
#389 = CARTESIAN_POINT ( 'NONE',  ( -7.000000000000000000, 2.500000000000000000, 0.0000000000000000000 ) ) ;
#390 = LINE ( 'NONE', #2585, #2450 ) ;
#391 = CARTESIAN_POINT ( 'NONE',  ( -2.392333340020873500, 2.500000000000000400, -1.810177115705690700 ) ) ;
#392 = DIRECTION ( 'NONE',  ( 0.7168688940249480200, 0.0000000000000000000, -0.6972079953496288500 ) ) ;
#393 = EDGE_CURVE ( 'NONE', #1590, #59, #3773, .T. ) ;
#394 = LINE ( 'NONE', #3467, #3688 ) ;
#395 = LINE ( 'NONE', #1773, #1354 ) ;
#396 = CARTESIAN_POINT ( 'NONE',  ( 7.000000000000000000, 2.500000000000000000, 1.499999999999999800 ) ) ;
#397 = CARTESIAN_POINT ( 'NONE',  ( 1.787612443409516200, 2.500000000000000400, 1.741971672712151700 ) ) ;
#398 = LINE ( 'NONE', #3039, #1786 ) ;
#399 = LINE ( 'NONE', #3405, #3034 ) ;
#400 = DIRECTION ( 'NONE',  ( -0.8660254037844328200, 0.0000000000000000000, 0.5000000000000101000 ) ) ;
#401 = ORIENTED_EDGE ( 'NONE', *, *, #2092, .T. ) ;
#402 = ORIENTED_EDGE ( 'NONE', *, *, #2589, .T. ) ;
#403 = AXIS2_PLACEMENT_3D ( 'NONE', #1024, #1928, #153 ) ;
#404 = DIRECTION ( 'NONE',  ( -0.2453653886819262600, 0.0000000000000000000, -0.9694306710832740800 ) ) ;
#405 = CARTESIAN_POINT ( 'NONE',  ( 2.392333340020885900, 4.500000000000000900, 1.810177115705674300 ) ) ;
#407 = LINE ( 'NONE', #3215, #1094 ) ;
#406 = DIRECTION ( 'NONE',  ( 0.6972079953496337400, 0.0000000000000000000, 0.7168688940249430300 ) ) ;
#408 = EDGE_CURVE ( 'NONE', #1283, #2850, #2983, .T. ) ;
#409 = CARTESIAN_POINT ( 'NONE',  ( 2.043729342346068700, 2.500000000000000400, 1.451742668693202700 ) ) ;
#410 = FACE_OUTER_BOUND ( 'NONE', #2944, .T. ) ;
#411 = DIRECTION ( 'NONE',  ( 0.01390235477754139800, 0.0000000000000000000, -0.9999033575959426200 ) ) ;
#412 = DIRECTION ( 'NONE',  ( -0.8728928863962088800, 0.0000000000000000000, 0.4879118863882036000 ) ) ;
#413 = VECTOR ( 'NONE', #1339, 1000.000000000000100 ) ;
#414 = DIRECTION ( 'NONE',  ( 0.0000000000000000000, 0.0000000000000000000, 1.000000000000000000 ) ) ;
#415 = ORIENTED_EDGE ( 'NONE', *, *, #436, .F. ) ;
#416 = ORIENTED_EDGE ( 'NONE', *, *, #3720, .F. ) ;
#417 = ORIENTED_EDGE ( 'NONE', *, *, #3413, .T. ) ;
#418 = DIRECTION ( 'NONE',  ( 0.6972079953496237400, 0.0000000000000000000, 0.7168688940249526900 ) ) ;
#419 = EDGE_CURVE ( 'NONE', #1487, #823, #2169, .T. ) ;
#420 = CARTESIAN_POINT ( 'NONE',  ( -0.4116466139232172200, 2.500000000000000400, -2.971623641251622600 ) ) ;
#421 = ORIENTED_EDGE ( 'NONE', *, *, #2908, .T. ) ;
#422 = VERTEX_POINT ( 'NONE', #2158 ) ;
#423 = DIRECTION ( 'NONE',  ( -0.0000000000000000000, 1.000000000000000000, -0.0000000000000000000 ) ) ;
#424 = VERTEX_POINT ( 'NONE', #98 ) ;
#425 = DIRECTION ( 'NONE',  ( 0.9659258262890686500, 0.0000000000000000000, 0.2588190451025195200 ) ) ;
#426 = AXIS2_PLACEMENT_3D ( 'NONE', #464, #1958, #2536 ) ;
#427 = EDGE_LOOP ( 'NONE', ( #2026, #210, #214, #192 ) ) ;
#428 = EDGE_CURVE ( 'NONE', #548, #1771, #3224, .T. ) ;
#429 = CARTESIAN_POINT ( 'NONE',  ( -2.995792863277958200, 2.500000000000000400, 0.1588241805672242800 ) ) ;
#430 = DIRECTION ( 'NONE',  ( 0.0000000000000000000, 0.0000000000000000000, 1.000000000000000000 ) ) ;
#431 = ORIENTED_EDGE ( 'NONE', *, *, #1302, .T. ) ;
#432 = CARTESIAN_POINT ( 'NONE',  ( 0.0000000000000000000, 2.500000000000000400, 0.0000000000000000000 ) ) ;
#433 = CARTESIAN_POINT ( 'NONE',  ( -2.976910004631395000, 2.500000000000000400, -0.3714926975399520700 ) ) ;
#434 = CARTESIAN_POINT ( 'NONE',  ( -2.402397942946356700, 2.500000000000000400, 0.6771319517577263400 ) ) ;
#435 = ORIENTED_EDGE ( 'NONE', *, *, #2520, .T. ) ;
#436 = EDGE_CURVE ( 'NONE', #2675, #1417, #1694, .T. ) ;
#437 = VECTOR ( 'NONE', #3786, 1000.000000000000000 ) ;
#438 = ADVANCED_FACE ( 'NONE', ( #2213 ), #736, .T. ) ;
#439 = FACE_OUTER_BOUND ( 'NONE', #602, .T. ) ;
#440 = AXIS2_PLACEMENT_3D ( 'NONE', #409, #996, #2203 ) ;
#441 = CARTESIAN_POINT ( 'NONE',  ( -2.495792863277958200, 2.500000000000000400, 0.03227289845865635700 ) ) ;
#442 = CARTESIAN_POINT ( 'NONE',  ( 7.000000000000000000, 2.500000000000000000, 0.0000000000000000000 ) ) ;
#443 = VECTOR ( 'NONE', #1560, 1000.000000000000000 ) ;
#444 = VECTOR ( 'NONE', #1839, 1000.000000000000100 ) ;
#445 = EDGE_CURVE ( 'NONE', #1763, #2246, #3691, .T. ) ;
#446 = ORIENTED_EDGE ( 'NONE', *, *, #2920, .T. ) ;
#447 = DIRECTION ( 'NONE',  ( -0.0000000000000000000, 1.000000000000000000, 0.0000000000000000000 ) ) ;
#448 = ORIENTED_EDGE ( 'NONE', *, *, #28, .T. ) ;
#449 = VECTOR ( 'NONE', #484, 1000.000000000000000 ) ;
#450 = DIRECTION ( 'NONE',  ( -0.5119914712077411300, 0.0000000000000000000, 0.8589905316186743400 ) ) ;
#451 = DIRECTION ( 'NONE',  ( -0.01390235477753443100, 0.0000000000000000000, 0.9999033575959427300 ) ) ;
#452 = CIRCLE ( 'NONE', #1965, 3.000000000000000400 ) ;
#453 = ORIENTED_EDGE ( 'NONE', *, *, #667, .T. ) ;
#454 = CARTESIAN_POINT ( 'NONE',  ( -1.166732888925702700, 2.500000000000000400, -2.763826037560809500 ) ) ;
#455 = ORIENTED_EDGE ( 'NONE', *, *, #1462, .T. ) ;
#456 = LINE ( 'NONE', #2195, #3553 ) ;
#457 = DIRECTION ( 'NONE',  ( 0.0000000000000000000, 1.000000000000000000, 0.0000000000000000000 ) ) ;
#458 = CARTESIAN_POINT ( 'NONE',  ( -1.931231813650597700, 2.500000000000000400, 1.598352302471073100 ) ) ;
#459 = DIRECTION ( 'NONE',  ( 0.0000000000000000000, 1.000000000000000000, 0.0000000000000000000 ) ) ;
#460 = VECTOR ( 'NONE', #2407, 1000.000000000000000 ) ;
#461 = ORIENTED_EDGE ( 'NONE', *, *, #2920, .F. ) ;
#462 = VERTEX_POINT ( 'NONE', #3126 ) ;
#463 = EDGE_CURVE ( 'NONE', #2429, #1850, #2266, .T. ) ;
#464 = CARTESIAN_POINT ( 'NONE',  ( -0.2353813596731006700, 2.500000000000000400, 2.495792863277960500 ) ) ;
#465 = ORIENTED_EDGE ( 'NONE', *, *, #1699, .F. ) ;
#466 = ORIENTED_EDGE ( 'NONE', *, *, #1638, .F. ) ;
#467 = AXIS2_PLACEMENT_3D ( 'NONE', #1419, #2962, #799 ) ;
#468 = DIRECTION ( 'NONE',  ( 0.8728928863962123200, 0.0000000000000000000, -0.4879118863881974900 ) ) ;
#469 = ORIENTED_EDGE ( 'NONE', *, *, #2269, .T. ) ;
#470 = DIRECTION ( 'NONE',  ( -0.5119914712077531200, 0.0000000000000000000, 0.8589905316186672300 ) ) ;
#471 = ORIENTED_EDGE ( 'NONE', *, *, #3245, .F. ) ;
#472 = EDGE_CURVE ( 'NONE', #1854, #2152, #1269, .T. ) ;
#473 = VERTEX_POINT ( 'NONE', #2208 ) ;
#474 = DIRECTION ( 'NONE',  ( -1.000000000000000000, 0.0000000000000000000, -1.620302520203781800E-015 ) ) ;
#475 = EDGE_LOOP ( 'NONE', ( #2444, #3715, #2731, #376 ) ) ;
#476 = CARTESIAN_POINT ( 'NONE',  ( 2.367678256848715800, 2.500000000000000400, -1.842308245665156700 ) ) ;
#477 = ORIENTED_EDGE ( 'NONE', *, *, #3181, .F. ) ;
#478 = EDGE_CURVE ( 'NONE', #1505, #2223, #614, .T. ) ;
#479 = VECTOR ( 'NONE', #1894, 1000.000000000000000 ) ;
#480 = CARTESIAN_POINT ( 'NONE',  ( 2.177556471411958000, 2.500000000000000400, 1.219947281719999200 ) ) ;
#481 = DIRECTION ( 'NONE',  ( 0.9999033575959424000, 0.0000000000000000000, 0.01390235477754486700 ) ) ;
#482 = VECTOR ( 'NONE', #246, 1000.000000000000000 ) ;
#483 = CARTESIAN_POINT ( 'NONE',  ( -2.495792863277957800, 4.500000000000000900, -0.2353813596731267900 ) ) ;
#484 = DIRECTION ( 'NONE',  ( 0.0000000000000000000, 1.000000000000000000, 0.0000000000000000000 ) ) ;
#485 = DIRECTION ( 'NONE',  ( 0.0000000000000000000, 1.000000000000000000, 0.0000000000000000000 ) ) ;
#486 = VECTOR ( 'NONE', #406, 1000.000000000000100 ) ;
#487 = CIRCLE ( 'NONE', #3485, 1.500000000000000400 ) ;
#488 = CARTESIAN_POINT ( 'NONE',  ( -2.779324870771931800, 4.500000000000000900, -1.129315395586453700 ) ) ;
#489 = AXIS2_PLACEMENT_3D ( 'NONE', #12, #2094, #313 ) ;
#490 = VECTOR ( 'NONE', #3322, 1000.000000000000000 ) ;
#491 = FACE_OUTER_BOUND ( 'NONE', #2299, .T. ) ;
#492 = CARTESIAN_POINT ( 'NONE',  ( 2.673844814358463700, 2.500000000000000400, 1.360350656532482100 ) ) ;
#493 = CARTESIAN_POINT ( 'NONE',  ( -1.787612443409504200, 2.500000000000000400, -1.741971672712163900 ) ) ;
#495 = ORIENTED_EDGE ( 'NONE', *, *, #1243, .T. ) ;
#494 = DIRECTION ( 'NONE',  ( 0.0000000000000000000, 0.0000000000000000000, 1.000000000000000000 ) ) ;
#496 = ADVANCED_FACE ( 'NONE', ( #2889 ), #2881, .T. ) ;
#497 = LINE ( 'NONE', #821, #3460 ) ;
#498 = VECTOR ( 'NONE', #216, 1000.000000000000000 ) ;
#499 = AXIS2_PLACEMENT_3D ( 'NONE', #2402, #937, #2725 ) ;
#500 = VECTOR ( 'NONE', #1493, 999.9999999999998900 ) ;
#501 = EDGE_CURVE ( 'NONE', #2196, #3530, #2404, .T. ) ;
#502 = VECTOR ( 'NONE', #173, 1000.000000000000000 ) ;
#503 = VERTEX_POINT ( 'NONE', #1338 ) ;
#504 = CARTESIAN_POINT ( 'NONE',  ( -2.145283572953275500, 2.500000000000000400, 1.275845581557949000 ) ) ;
#505 = EDGE_CURVE ( 'NONE', #280, #1575, #3499, .T. ) ;
#506 = EDGE_LOOP ( 'NONE', ( #551, #1138, #1519, #654 ) ) ;
#507 = ORIENTED_EDGE ( 'NONE', *, *, #2609, .T. ) ;
#508 = CARTESIAN_POINT ( 'NONE',  ( -1.787612443409504200, 4.500000000000000900, -1.741971672712163900 ) ) ;
#509 = DIRECTION ( 'NONE',  ( 0.0000000000000000000, 1.000000000000000000, 0.0000000000000000000 ) ) ;
#510 = CARTESIAN_POINT ( 'NONE',  ( 2.779324870771939300, 2.500000000000000400, 1.129315395586434300 ) ) ;
#511 = VERTEX_POINT ( 'NONE', #2256 ) ;
#512 = ADVANCED_FACE ( 'NONE', ( #1883 ), #1954, .T. ) ;
#513 = DIRECTION ( 'NONE',  ( -0.8660254037844389300, 0.0000000000000000000, 0.4999999999999996100 ) ) ;
#514 = ORIENTED_EDGE ( 'NONE', *, *, #3511, .T. ) ;
#515 = DIRECTION ( 'NONE',  ( 0.0000000000000000000, 1.000000000000000000, 0.0000000000000000000 ) ) ;
#516 = CARTESIAN_POINT ( 'NONE',  ( 7.000000000000000000, 0.0000000000000000000, 1.499999999999999800 ) ) ;
#517 = EDGE_CURVE ( 'NONE', #2675, #3643, #3415, .T. ) ;
#518 = ORIENTED_EDGE ( 'NONE', *, *, #972, .T. ) ;
#519 = ORIENTED_EDGE ( 'NONE', *, *, #2283, .F. ) ;
#520 = DIRECTION ( 'NONE',  ( 0.2722226757336472200, 0.0000000000000000000, -0.9622342827068746100 ) ) ;
#521 = ORIENTED_EDGE ( 'NONE', *, *, #1161, .T. ) ;
#522 = MECHANICAL_DESIGN_GEOMETRIC_PRESENTATION_REPRESENTATION (  '', ( #135 ), #82 ) ;
#523 = VECTOR ( 'NONE', #3237, 1000.000000000000000 ) ;
#524 = EDGE_CURVE ( 'NONE', #1509, #1763, #893, .T. ) ;
#525 = CARTESIAN_POINT ( 'NONE',  ( -2.006039793558607600, 4.500000000000000900, 2.230651103749606600 ) ) ;
#526 = VECTOR ( 'NONE', #2743, 1000.000000000000100 ) ;
#527 = ADVANCED_FACE ( 'NONE', ( #2312 ), #3129, .F. ) ;
#528 = FACE_OUTER_BOUND ( 'NONE', #323, .T. ) ;
#529 = VECTOR ( 'NONE', #404, 1000.000000000000200 ) ;
#530 = DIRECTION ( 'NONE',  ( 0.0000000000000000000, 0.0000000000000000000, 1.000000000000000000 ) ) ;
#531 = AXIS2_PLACEMENT_3D ( 'NONE', #3624, #1187, #3884 ) ;
#532 = VERTEX_POINT ( 'NONE', #1635 ) ;
#533 = LINE ( 'NONE', #3225, #449 ) ;
#534 = DIRECTION ( 'NONE',  ( -0.2588190451025264600, 0.0000000000000000000, -0.9659258262890666500 ) ) ;
#535 = EDGE_CURVE ( 'NONE', #233, #3150, #300, .T. ) ;
#536 = FACE_OUTER_BOUND ( 'NONE', #318, .T. ) ;
#537 = VERTEX_POINT ( 'NONE', #1325 ) ;
#538 = EDGE_LOOP ( 'NONE', ( #3886, #575 ) ) ;
#539 = DIRECTION ( 'NONE',  ( 0.9659258262890689800, 0.0000000000000000000, 0.2588190451025179100 ) ) ;
#540 = LINE ( 'NONE', #2784, #2471 ) ;
#541 = LINE ( 'NONE', #2547, #1426 ) ;
#542 = VERTEX_POINT ( 'NONE', #185 ) ;
#543 = VERTEX_POINT ( 'NONE', #2579 ) ;
#544 = AXIS2_PLACEMENT_3D ( 'NONE', #1923, #3758, #430 ) ;
#545 = ADVANCED_FACE ( 'NONE', ( #703 ), #1309, .T. ) ;
#546 = CARTESIAN_POINT ( 'NONE',  ( 1.741971672712170600, 2.500000000000000400, -1.787612443409498200 ) ) ;
#547 = ORIENTED_EDGE ( 'NONE', *, *, #3536, .T. ) ;
#548 = VERTEX_POINT ( 'NONE', #148 ) ;
#549 = EDGE_CURVE ( 'NONE', #806, #2626, #1407, .T. ) ;
#550 = DIRECTION ( 'NONE',  ( -0.2722226757336405100, 0.0000000000000000000, 0.9622342827068765000 ) ) ;
#551 = ORIENTED_EDGE ( 'NONE', *, *, #3739, .F. ) ;
#552 = EDGE_CURVE ( 'NONE', #1509, #3530, #3728, .T. ) ;
#553 = ORIENTED_EDGE ( 'NONE', *, *, #276, .F. ) ;
#554 = CARTESIAN_POINT ( 'NONE',  ( 1.275845581557956100, 2.500000000000000400, 2.145283572953271100 ) ) ;
#555 = VERTEX_POINT ( 'NONE', #3805 ) ;
#556 = DIRECTION ( 'NONE',  ( -0.0000000000000000000, 1.000000000000000000, 0.0000000000000000000 ) ) ;
#557 = VERTEX_POINT ( 'NONE', #2936 ) ;
#558 = PLANE ( 'NONE',  #259 ) ;
#559 = DIRECTION ( 'NONE',  ( -0.0000000000000000000, -1.000000000000000000, -0.0000000000000000000 ) ) ;
#560 = ADVANCED_FACE ( 'NONE', ( #3456 ), #241, .F. ) ;
#561 = VERTEX_POINT ( 'NONE', #1126 ) ;
#562 = LINE ( 'NONE', #2847, #2202 ) ;
#563 = AXIS2_PLACEMENT_3D ( 'NONE', #676, #653, #3421 ) ;
#564 = FACE_OUTER_BOUND ( 'NONE', #836, .T. ) ;
#565 = CARTESIAN_POINT ( 'NONE',  ( 0.0000000000000000000, 4.500000000000000900, 0.0000000000000000000 ) ) ;
#566 = VECTOR ( 'NONE', #481, 1000.000000000000100 ) ;
#567 = LINE ( 'NONE', #2748, #444 ) ;
#568 = EDGE_CURVE ( 'NONE', #1957, #948, #3585, .T. ) ;
#569 = CARTESIAN_POINT ( 'NONE',  ( 2.349829604962601100, 2.500000000000000400, 0.8733196599825652200 ) ) ;
#570 = VECTOR ( 'NONE', #2822, 1000.000000000000000 ) ;
#571 = VECTOR ( 'NONE', #1879, 1000.000000000000200 ) ;
#572 = EDGE_LOOP ( 'NONE', ( #1367, #3857, #624, #1607 ) ) ;
#573 = CARTESIAN_POINT ( 'NONE',  ( 2.349829604962601100, 4.500000000000000900, 0.8733196599825652200 ) ) ;
#574 = AXIS2_PLACEMENT_3D ( 'NONE', #3586, #2972, #1800 ) ;
#575 = ORIENTED_EDGE ( 'NONE', *, *, #358, .T. ) ;
#576 = CARTESIAN_POINT ( 'NONE',  ( 0.0000000000000000000, 2.500000000000000000, 7.000000000000000000 ) ) ;
#577 = CIRCLE ( 'NONE', #952, 3.000000000000000000 ) ;
#578 = DIRECTION ( 'NONE',  ( 0.0000000000000000000, 1.000000000000000000, 0.0000000000000000000 ) ) ;
#579 = EDGE_CURVE ( 'NONE', #1804, #2584, #3689, .T. ) ;
#580 = LINE ( 'NONE', #1245, #2804 ) ;
#581 = DIRECTION ( 'NONE',  ( 0.8660254037844397100, 0.0000000000000000000, 0.4999999999999979500 ) ) ;
#582 = DIRECTION ( 'NONE',  ( 0.0000000000000000000, 0.0000000000000000000, 1.000000000000000000 ) ) ;
#583 = FACE_OUTER_BOUND ( 'NONE', #141, .T. ) ;
#584 = ORIENTED_EDGE ( 'NONE', *, *, #552, .F. ) ;
#585 = VERTEX_POINT ( 'NONE', #492 ) ;
#586 = DIRECTION ( 'NONE',  ( 0.8589905316186690100, 0.0000000000000000000, 0.5119914712077500200 ) ) ;
#587 = DIRECTION ( 'NONE',  ( -0.01390235477754486900, 0.0000000000000000000, 0.9999033575959425100 ) ) ;
#588 = AXIS2_PLACEMENT_3D ( 'NONE', #3856, #2683, #310 ) ;
#589 = EDGE_LOOP ( 'NONE', ( #416, #1746, #2662, #417 ) ) ;
#590 = CARTESIAN_POINT ( 'NONE',  ( 1.166732888925722200, 2.500000000000000400, 2.763826037560801500 ) ) ;
#591 = EDGE_CURVE ( 'NONE', #1417, #1964, #941, .T. ) ;
#592 = EDGE_LOOP ( 'NONE', ( #2887, #584, #3753, #3561 ) ) ;
#593 = DIRECTION ( 'NONE',  ( 0.0000000000000000000, 0.0000000000000000000, 1.000000000000000000 ) ) ;
#594 = DIRECTION ( 'NONE',  ( 0.0000000000000000000, 1.000000000000000000, 0.0000000000000000000 ) ) ;
#595 = EDGE_LOOP ( 'NONE', ( #1176, #2773, #1047, #2752 ) ) ;
#596 = AXIS2_PLACEMENT_3D ( 'NONE', #3477, #2226, #1921 ) ;
#597 = DIRECTION ( 'NONE',  ( -0.4879118863881974400, 0.0000000000000000000, -0.8728928863962121000 ) ) ;
#598 = ORIENTED_EDGE ( 'NONE', *, *, #3279, .F. ) ;
#599 = DIRECTION ( 'NONE',  ( 0.9622342827068737200, 0.0000000000000000000, 0.2722226757336505500 ) ) ;
#600 = EDGE_CURVE ( 'NONE', #1590, #537, #250, .T. ) ;
#601 = CARTESIAN_POINT ( 'NONE',  ( -2.349829604962595300, 2.500000000000000400, -0.8733196599825816500 ) ) ;
#602 = EDGE_LOOP ( 'NONE', ( #3297, #2415, #2133, #2591 ) ) ;
#603 = VECTOR ( 'NONE', #2833, 1000.000000000000000 ) ;
#604 = EDGE_LOOP ( 'NONE', ( #261, #1428, #435, #1065 ) ) ;
#605 = CARTESIAN_POINT ( 'NONE',  ( 0.03227289845868249600, 2.500000000000000400, 2.495792863277957800 ) ) ;
#606 = FACE_OUTER_BOUND ( 'NONE', #572, .T. ) ;
#607 = AXIS2_PLACEMENT_3D ( 'NONE', #2875, #447, #3750 ) ;
#608 = VECTOR ( 'NONE', #3069, 1000.000000000000100 ) ;
#609 = CARTESIAN_POINT ( 'NONE',  ( 0.6219558703494589800, 2.500000000000000400, -2.934820419606256600 ) ) ;
#610 = CARTESIAN_POINT ( 'NONE',  ( 2.471671962453652500, 4.500000000000000900, -0.4185977913119793300 ) ) ;
#611 = CARTESIAN_POINT ( 'NONE',  ( 1.224646799147353100E-015, 2.500000000000000000, 9.999999999999998200 ) ) ;
#612 = EDGE_CURVE ( 'NONE', #2809, #2540, #3496, .T. ) ;
#613 = VECTOR ( 'NONE', #1099, 1000.000000000000000 ) ;
#614 = CIRCLE ( 'NONE', #4, 3.000000000000000000 ) ;
#615 = CARTESIAN_POINT ( 'NONE',  ( 1.598352302471079700, 4.500000000000000900, 1.931231813650592200 ) ) ;
#616 = CARTESIAN_POINT ( 'NONE',  ( -1.129315395586443900, 2.500000000000000400, 2.779324870771935800 ) ) ;
#617 = VERTEX_POINT ( 'NONE', #816 ) ;
#618 = VECTOR ( 'NONE', #1775, 1000.000000000000000 ) ;
#619 = EDGE_CURVE ( 'NONE', #1712, #2046, #1037, .T. ) ;
#620 = CARTESIAN_POINT ( 'NONE',  ( -2.976910004631395000, 2.500000000000000400, -0.3714926975399520700 ) ) ;
#621 = CARTESIAN_POINT ( 'NONE',  ( -1.842308245665165200, 2.500000000000000400, -2.367678256848709600 ) ) ;
#622 = LINE ( 'NONE', #601, #1319 ) ;
#623 = EDGE_LOOP ( 'NONE', ( #2769, #2229, #495, #1918 ) ) ;
#624 = ORIENTED_EDGE ( 'NONE', *, *, #2126, .T. ) ;
#625 = DIRECTION ( 'NONE',  ( 0.0000000000000000000, 1.000000000000000000, 0.0000000000000000000 ) ) ;
#626 = DIRECTION ( 'NONE',  ( 0.0000000000000000000, 1.000000000000000000, 0.0000000000000000000 ) ) ;
#628 = LINE ( 'NONE', #1027, #1943 ) ;
#627 = DIRECTION ( 'NONE',  ( 0.2588190451025145800, 0.0000000000000000000, -0.9659258262890699800 ) ) ;
#629 = LINE ( 'NONE', #2882, #2132 ) ;
#630 = CARTESIAN_POINT ( 'NONE',  ( 0.0000000000000000000, 2.500000000000000400, 0.0000000000000000000 ) ) ;
#632 = ORIENTED_EDGE ( 'NONE', *, *, #2757, .T. ) ;
#631 = CARTESIAN_POINT ( 'NONE',  ( -1.741971672712157900, 2.500000000000000400, 1.787612443409510200 ) ) ;
#633 = VERTEX_POINT ( 'NONE', #231 ) ;
#634 = EDGE_CURVE ( 'NONE', #1575, #280, #1931, .T. ) ;
#635 = CARTESIAN_POINT ( 'NONE',  ( -1.044050194584740000, 2.500000000000000400, -2.279110702019172800 ) ) ;
#636 = VERTEX_POINT ( 'NONE', #2293 ) ;
#637 = ADVANCED_FACE ( 'NONE', ( #1166 ), #1709, .F. ) ;
#638 = VERTEX_POINT ( 'NONE', #525 ) ;
#639 = VERTEX_POINT ( 'NONE', #504 ) ;
#640 = DIRECTION ( 'NONE',  ( 0.0000000000000000000, 1.000000000000000000, 0.0000000000000000000 ) ) ;
#641 = STYLED_ITEM ( 'NONE', ( #3761 ), #2084 ) ;
#642 = ORIENTED_EDGE ( 'NONE', *, *, #2455, .F. ) ;
#643 = DIRECTION ( 'NONE',  ( 0.8589905316186762200, 0.0000000000000000000, 0.5119914712077381400 ) ) ;
#644 = CARTESIAN_POINT ( 'NONE',  ( 0.0000000000000000000, 4.500000000000000900, 0.0000000000000000000 ) ) ;
#645 = CARTESIAN_POINT ( 'NONE',  ( -2.515020633791208200, 2.500000000000000400, 1.635442206745462800 ) ) ;
#646 = EDGE_CURVE ( 'NONE', #1362, #2282, #2459, .T. ) ;
#647 = ORIENTED_EDGE ( 'NONE', *, *, #1475, .T. ) ;
#648 = DIRECTION ( 'NONE',  ( 0.0000000000000000000, 1.000000000000000000, 0.0000000000000000000 ) ) ;
#649 = VERTEX_POINT ( 'NONE', #3246 ) ;
#650 = AXIS2_PLACEMENT_3D ( 'NONE', #2781, #658, #2797 ) ;
#651 = CARTESIAN_POINT ( 'NONE',  ( 0.0000000000000000000, 2.500000000000000400, 0.0000000000000000000 ) ) ;
#652 = DIRECTION ( 'NONE',  ( 0.0000000000000000000, 1.000000000000000000, 0.0000000000000000000 ) ) ;
#653 = DIRECTION ( 'NONE',  ( 1.000000000000000000, -0.0000000000000000000, 1.620302520203781800E-015 ) ) ;
#654 = ORIENTED_EDGE ( 'NONE', *, *, #1638, .T. ) ;
#655 = VECTOR ( 'NONE', #2515, 1000.000000000000000 ) ;
#656 = EDGE_CURVE ( 'NONE', #561, #2382, #1647, .T. ) ;
#657 = DIRECTION ( 'NONE',  ( -0.8728928863962105400, 0.0000000000000000000, 0.4879118863882004900 ) ) ;
#658 = DIRECTION ( 'NONE',  ( 0.0000000000000000000, 1.000000000000000000, 0.0000000000000000000 ) ) ;
#659 = VECTOR ( 'NONE', #3388, 1000.000000000000000 ) ;
#660 = VECTOR ( 'NONE', #2258, 1000.000000000000000 ) ;
#661 = FACE_OUTER_BOUND ( 'NONE', #2339, .T. ) ;
#662 = AXIS2_PLACEMENT_3D ( 'NONE', #2377, #1168, #3293 ) ;
#663 = CARTESIAN_POINT ( 'NONE',  ( 0.0000000000000000000, 2.500000000000000400, 0.0000000000000000000 ) ) ;
#664 = CARTESIAN_POINT ( 'NONE',  ( 1.842308245665181800, 2.500000000000000400, 2.367678256848697100 ) ) ;
#665 = VECTOR ( 'NONE', #1484, 1000.000000000000000 ) ;
#666 = CIRCLE ( 'NONE', #1960, 3.000000000000000000 ) ;
#667 = EDGE_CURVE ( 'NONE', #1791, #111, #1266, .T. ) ;
#668 = FACE_OUTER_BOUND ( 'NONE', #2969, .T. ) ;
#669 = EDGE_LOOP ( 'NONE', ( #62, #3036, #2581, #930 ) ) ;
#670 = DIRECTION ( 'NONE',  ( 0.9622342827068736100, -0.0000000000000000000, 0.2722226757336505500 ) ) ;
#671 = LINE ( 'NONE', #169, #3422 ) ;
#672 = AXIS2_PLACEMENT_3D ( 'NONE', #759, #3454, #470 ) ;
#673 = ORIENTED_EDGE ( 'NONE', *, *, #3092, .F. ) ;
#674 = LINE ( 'NONE', #3106, #3697 ) ;
#675 = DIRECTION ( 'NONE',  ( 0.0000000000000000000, 0.0000000000000000000, -1.000000000000000000 ) ) ;
#676 = CARTESIAN_POINT ( 'NONE',  ( -2.495792863277957800, 2.500000000000000400, -0.2353813596731267900 ) ) ;
#677 = ADVANCED_FACE ( 'NONE', ( #2023 ), #3876, .T. ) ;
#678 = VECTOR ( 'NONE', #2728, 1000.000000000000100 ) ;
#679 = ORIENTED_EDGE ( 'NONE', *, *, #3500, .T. ) ;
#680 = DIRECTION ( 'NONE',  ( -0.7071067811865525700, 0.0000000000000000000, -0.7071067811865425800 ) ) ;
#681 = DIRECTION ( 'NONE',  ( 0.0000000000000000000, 1.000000000000000000, 0.0000000000000000000 ) ) ;
#682 = ORIENTED_EDGE ( 'NONE', *, *, #387, .F. ) ;
#683 = CARTESIAN_POINT ( 'NONE',  ( 2.852606974099055400, 4.500000000000000900, -0.9287806260476297900 ) ) ;
#684 = ORIENTED_EDGE ( 'NONE', *, *, #3637, .F. ) ;
#685 = EDGE_CURVE ( 'NONE', #3198, #473, #2787, .T. ) ;
#686 = CARTESIAN_POINT ( 'NONE',  ( -2.177556471411949500, 2.500000000000000400, -1.219947281720014300 ) ) ;
#687 = ORIENTED_EDGE ( 'NONE', *, *, #1953, .F. ) ;
#688 = DIRECTION ( 'NONE',  ( 0.0000000000000000000, 1.000000000000000000, 0.0000000000000000000 ) ) ;
#689 = ORIENTED_EDGE ( 'NONE', *, *, #1191, .F. ) ;
#690 = EDGE_CURVE ( 'NONE', #2328, #2933, #1690, .T. ) ;
#691 = EDGE_LOOP ( 'NONE', ( #3342, #238 ) ) ;
#692 = ADVANCED_FACE ( 'NONE', ( #842 ), #558, .T. ) ;
#693 = VECTOR ( 'NONE', #340, 999.9999999999998900 ) ;
#694 = EDGE_LOOP ( 'NONE', ( #3706, #3778, #2410, #2252 ) ) ;
#695 = VECTOR ( 'NONE', #2341, 1000.000000000000100 ) ;
#696 = DIRECTION ( 'NONE',  ( -0.01390235477754838900, 0.0000000000000000000, 0.9999033575959424000 ) ) ;
#697 = DIRECTION ( 'NONE',  ( 0.0000000000000000000, 1.000000000000000000, 0.0000000000000000000 ) ) ;
#698 = CARTESIAN_POINT ( 'NONE',  ( 2.419103624469889800, 2.500000000000000400, 0.6147854995368341500 ) ) ;
#699 = EDGE_CURVE ( 'NONE', #3150, #111, #3305, .T. ) ;
#700 = VECTOR ( 'NONE', #2729, 1000.000000000000000 ) ;
#701 = CARTESIAN_POINT ( 'NONE',  ( 2.419103624469889800, 4.500000000000000900, 0.6147854995368341500 ) ) ;
#702 = VECTOR ( 'NONE', #1021, 1000.000000000000100 ) ;
#703 = FACE_OUTER_BOUND ( 'NONE', #3057, .T. ) ;
#704 = PLANE ( 'NONE',  #1830 ) ;
#705 = VERTEX_POINT ( 'NONE', #2691 ) ;
#706 = FACE_OUTER_BOUND ( 'NONE', #366, .T. ) ;
#707 = AXIS2_PLACEMENT_3D ( 'NONE', #2806, #697, #137 ) ;
#708 = DIRECTION ( 'NONE',  ( 0.9694306710832767400, 0.0000000000000000000, -0.2453653886819161500 ) ) ;
#709 = CARTESIAN_POINT ( 'NONE',  ( 2.145283572953284400, 2.500000000000000400, -1.275845581557933700 ) ) ;
#711 = FACE_BOUND ( 'NONE', #3431, .T. ) ;
#710 = CARTESIAN_POINT ( 'NONE',  ( 2.006039793558623600, 4.500000000000000900, -2.230651103749592900 ) ) ;
#712 = ADVANCED_FACE ( 'NONE', ( #2063 ), #2346, .F. ) ;
#713 = ORIENTED_EDGE ( 'NONE', *, *, #1414, .T. ) ;
#714 = EDGE_CURVE ( 'NONE', #876, #585, #207, .T. ) ;
#715 = ORIENTED_EDGE ( 'NONE', *, *, #1531, .F. ) ;
#716 = CARTESIAN_POINT ( 'NONE',  ( 0.0000000000000000000, 2.500000000000000400, 0.0000000000000000000 ) ) ;
#717 = LINE ( 'NONE', #1450, #810 ) ;
#718 = CARTESIAN_POINT ( 'NONE',  ( 2.763826037560813500, 4.500000000000000900, -1.166732888925693200 ) ) ;
#719 = AXIS2_PLACEMENT_3D ( 'NONE', #3671, #375, #450 ) ;
#720 = VECTOR ( 'NONE', #1213, 1000.000000000000000 ) ;
#721 = DIRECTION ( 'NONE',  ( -0.0000000000000000000, 1.000000000000000000, -0.0000000000000000000 ) ) ;
#722 = ORIENTED_EDGE ( 'NONE', *, *, #1781, .T. ) ;
#723 = ORIENTED_EDGE ( 'NONE', *, *, #3151, .T. ) ;
#724 = ORIENTED_EDGE ( 'NONE', *, *, #1675, .T. ) ;
#725 = VERTEX_POINT ( 'NONE', #252 ) ;
#726 = CARTESIAN_POINT ( 'NONE',  ( 1.836970198721029900E-016, 2.500000000000000000, 5.500000000000000000 ) ) ;
#727 = EDGE_CURVE ( 'NONE', #2409, #3744, #487, .T. ) ;
#728 = ORIENTED_EDGE ( 'NONE', *, *, #2380, .F. ) ;
#729 = ORIENTED_EDGE ( 'NONE', *, *, #319, .T. ) ;
#730 = DIRECTION ( 'NONE',  ( 0.0000000000000000000, 1.000000000000000000, 0.0000000000000000000 ) ) ;
#731 = PLANE ( 'NONE',  #1513 ) ;
#732 = VERTEX_POINT ( 'NONE', #1784 ) ;
#733 = AXIS2_PLACEMENT_3D ( 'NONE', #3457, #161, #2865 ) ;
#734 = ORIENTED_EDGE ( 'NONE', *, *, #1199, .F. ) ;
#735 = EDGE_CURVE ( 'NONE', #2223, #2214, #395, .T. ) ;
#736 = PLANE ( 'NONE',  #3190 ) ;
#737 = DIRECTION ( 'NONE',  ( 0.0000000000000000000, 1.000000000000000000, 0.0000000000000000000 ) ) ;
#738 = DIRECTION ( 'NONE',  ( 0.4999999999999996100, 0.0000000000000000000, 0.8660254037844388200 ) ) ;
#739 = ORIENTED_EDGE ( 'NONE', *, *, #2834, .F. ) ;
#740 = CARTESIAN_POINT ( 'NONE',  ( 1.166732888925722200, 2.500000000000000400, 2.763826037560801500 ) ) ;
#741 = DIRECTION ( 'NONE',  ( -0.4879118863882004900, 0.0000000000000000000, -0.8728928863962105400 ) ) ;
#742 = DIRECTION ( 'NONE',  ( 0.7168688940249478000, 0.0000000000000000000, -0.6972079953496288500 ) ) ;
#743 = ORIENTED_EDGE ( 'NONE', *, *, #2344, .F. ) ;
#744 = FACE_OUTER_BOUND ( 'NONE', #1146, .T. ) ;
#745 = PLANE ( 'NONE',  #2447 ) ;
#746 = VECTOR ( 'NONE', #1255, 1000.000000000000100 ) ;
#747 = AXIS2_PLACEMENT_3D ( 'NONE', #2036, #1727, #2947 ) ;
#748 = LINE ( 'NONE', #3115, #443 ) ;
#749 = VECTOR ( 'NONE', #3613, 1000.000000000000000 ) ;
#750 = CARTESIAN_POINT ( 'NONE',  ( 0.0000000000000000000, 0.0000000000000000000, 8.500000000000000000 ) ) ;
#751 = ADVANCED_FACE ( 'NONE', ( #2264 ), #853, .F. ) ;
#752 = CIRCLE ( 'NONE', #1014, 1.500000000000000400 ) ;
#753 = VECTOR ( 'NONE', #2805, 1000.000000000000200 ) ;
#754 = AXIS2_PLACEMENT_3D ( 'NONE', #698, #85, #3103 ) ;
#755 = LINE ( 'NONE', #3026, #851 ) ;
#756 = ORIENTED_EDGE ( 'NONE', *, *, #1107, .T. ) ;
#757 = CARTESIAN_POINT ( 'NONE',  ( 2.279110702019175900, 2.500000000000000400, -1.044050194584732000 ) ) ;
#758 = VECTOR ( 'NONE', #202, 1000.000000000000100 ) ;
#759 = CARTESIAN_POINT ( 'NONE',  ( 1.741971672712170600, 2.500000000000000400, -1.787612443409498200 ) ) ;
#760 = CARTESIAN_POINT ( 'NONE',  ( -0.9287806260476397800, 2.500000000000000400, -2.852606974099053200 ) ) ;
#761 = CARTESIAN_POINT ( 'NONE',  ( 0.8733196599825898700, 4.500000000000000900, -2.349829604962592200 ) ) ;
#762 = LINE ( 'NONE', #1070, #3276 ) ;
#763 = ORIENTED_EDGE ( 'NONE', *, *, #634, .T. ) ;
#764 = EDGE_CURVE ( 'NONE', #2802, #2409, #120, .T. ) ;
#765 = PLANE ( 'NONE',  #227 ) ;
#766 = CARTESIAN_POINT ( 'NONE',  ( 2.495792863277958200, 2.500000000000000400, -0.03227289845865635700 ) ) ;
#767 = DIRECTION ( 'NONE',  ( -0.9999033575959427300, 0.0000000000000000000, -0.01390235477753795800 ) ) ;
#768 = ORIENTED_EDGE ( 'NONE', *, *, #3233, .F. ) ;
#769 = EDGE_LOOP ( 'NONE', ( #1373, #2221, #3232, #2189 ) ) ;
#770 = AXIS2_PLACEMENT_3D ( 'NONE', #1432, #3255, #2336 ) ;
#771 = ADVANCED_FACE ( 'NONE', ( #661 ), #840, .T. ) ;
#772 = CARTESIAN_POINT ( 'NONE',  ( -2.279110702019168800, 2.500000000000000400, 1.044050194584748000 ) ) ;
#773 = ORIENTED_EDGE ( 'NONE', *, *, #1818, .T. ) ;
#774 = DIRECTION ( 'NONE',  ( 0.0000000000000000000, 1.000000000000000000, 0.0000000000000000000 ) ) ;
#775 = ORIENTED_EDGE ( 'NONE', *, *, #3595, .F. ) ;
#776 = EDGE_CURVE ( 'NONE', #3642, #1283, #3768, .T. ) ;
#777 = CARTESIAN_POINT ( 'NONE',  ( 0.0000000000000000000, 2.500000000000000400, 0.0000000000000000000 ) ) ;
#778 = ORIENTED_EDGE ( 'NONE', *, *, #1004, .T. ) ;
#779 = CARTESIAN_POINT ( 'NONE',  ( 0.0000000000000000000, 0.0000000000000000000, 7.000000000000000000 ) ) ;
#780 = ORIENTED_EDGE ( 'NONE', *, *, #902, .T. ) ;
#781 = CARTESIAN_POINT ( 'NONE',  ( 0.2353813596731180700, 4.500000000000000900, -2.495792863277958700 ) ) ;
#782 = VERTEX_POINT ( 'NONE', #278 ) ;
#783 = EDGE_CURVE ( 'NONE', #3642, #511, #1125, .T. ) ;
#784 = CIRCLE ( 'NONE', #2331, 3.000000000000000000 ) ;
#785 = CARTESIAN_POINT ( 'NONE',  ( 1.044050194584755800, 4.500000000000000900, 2.279110702019165200 ) ) ;
#786 = DIRECTION ( 'NONE',  ( -0.0000000000000000000, 1.000000000000000000, -0.0000000000000000000 ) ) ;
#787 = ADVANCED_FACE ( 'NONE', ( #2602 ), #2720, .T. ) ;
#788 = FACE_OUTER_BOUND ( 'NONE', #589, .T. ) ;
#789 = CARTESIAN_POINT ( 'NONE',  ( -2.392333340020873500, 4.500000000000000900, -1.810177115705690700 ) ) ;
#790 = CARTESIAN_POINT ( 'NONE',  ( 2.471671962453652500, 2.500000000000000400, -0.4185977913119793300 ) ) ;
#791 = AXIS2_PLACEMENT_3D ( 'NONE', #3568, #282, #2682 ) ;
#792 = VECTOR ( 'NONE', #2574, 1000.000000000000100 ) ;
#793 = LINE ( 'NONE', #1277, #3657 ) ;
#794 = ORIENTED_EDGE ( 'NONE', *, *, #2970, .T. ) ;
#795 = EDGE_CURVE ( 'NONE', #2640, #639, #2357, .T. ) ;
#796 = LINE ( 'NONE', #1061, #3179 ) ;
#797 = VECTOR ( 'NONE', #3143, 1000.000000000000000 ) ;
#798 = CARTESIAN_POINT ( 'NONE',  ( -0.8733196599825733300, 2.500000000000000400, 2.349829604962598000 ) ) ;
#799 = DIRECTION ( 'NONE',  ( 0.2722226757336472200, 0.0000000000000000000, -0.9622342827068746100 ) ) ;
#800 = ORIENTED_EDGE ( 'NONE', *, *, #2138, .F. ) ;
#801 = ORIENTED_EDGE ( 'NONE', *, *, #2260, .F. ) ;
#802 = VECTOR ( 'NONE', #3822, 1000.000000000000200 ) ;
#803 = CIRCLE ( 'NONE', #100, 3.000000000000000400 ) ;
#804 = DIRECTION ( 'NONE',  ( 0.0000000000000000000, 1.000000000000000000, 0.0000000000000000000 ) ) ;
#805 = DIRECTION ( 'NONE',  ( -0.0000000000000000000, 1.000000000000000000, -0.0000000000000000000 ) ) ;
#806 = VERTEX_POINT ( 'NONE', #920 ) ;
#807 = AXIS2_PLACEMENT_3D ( 'NONE', #69, #2418, #2149 ) ;
#808 = ORIENTED_EDGE ( 'NONE', *, *, #1174, .F. ) ;
#809 = ADVANCED_FACE ( 'NONE', ( #1554 ), #2732, .F. ) ;
#810 = VECTOR ( 'NONE', #1785, 1000.000000000000000 ) ;
#811 = DIRECTION ( 'NONE',  ( 0.9694306710832767400, 0.0000000000000000000, -0.2453653886819161500 ) ) ;
#812 = EDGE_CURVE ( 'NONE', #90, #1712, #567, .T. ) ;
#813 = LINE ( 'NONE', #2505, #2327 ) ;
#814 = ORIENTED_EDGE ( 'NONE', *, *, #297, .F. ) ;
#815 = ORIENTED_EDGE ( 'NONE', *, *, #646, .T. ) ;
#816 = CARTESIAN_POINT ( 'NONE',  ( 0.0000000000000000000, 2.500000000000000000, -9.999999999999998200 ) ) ;
#817 = DIRECTION ( 'NONE',  ( 0.7071067811865449100, 0.0000000000000000000, -0.7071067811865501300 ) ) ;
#818 = EDGE_CURVE ( 'NONE', #1522, #1509, #2690, .T. ) ;
#819 = ORIENTED_EDGE ( 'NONE', *, *, #408, .F. ) ;
#820 = ORIENTED_EDGE ( 'NONE', *, *, #126, .F. ) ;
#821 = CARTESIAN_POINT ( 'NONE',  ( -1.451742668693209800, 4.500000000000000900, 2.043729342346063800 ) ) ;
#822 = CARTESIAN_POINT ( 'NONE',  ( 1.810177115705699400, 2.500000000000000400, -2.392333340020866800 ) ) ;
#823 = VERTEX_POINT ( 'NONE', #3629 ) ;
#824 = AXIS2_PLACEMENT_3D ( 'NONE', #3587, #2076, #1852 ) ;
#825 = CARTESIAN_POINT ( 'NONE',  ( -2.971623641251621300, 2.500000000000000400, 0.4116466139232275400 ) ) ;
#826 = ORIENTED_EDGE ( 'NONE', *, *, #3748, .T. ) ;
#827 = DIRECTION ( 'NONE',  ( 0.7168688940249502400, 0.0000000000000000000, -0.6972079953496264100 ) ) ;
#828 = EDGE_CURVE ( 'NONE', #1915, #3249, #1221, .T. ) ;
#829 = ORIENTED_EDGE ( 'NONE', *, *, #1447, .F. ) ;
#830 = ADVANCED_FACE ( 'NONE', ( #2978 ), #2099, .F. ) ;
#831 = DIRECTION ( 'NONE',  ( 0.0000000000000000000, 1.000000000000000000, 0.0000000000000000000 ) ) ;
#832 = CARTESIAN_POINT ( 'NONE',  ( 1.166732888925722200, 4.500000000000000900, 2.763826037560801500 ) ) ;
#833 = ORIENTED_EDGE ( 'NONE', *, *, #1668, .T. ) ;
#834 = VERTEX_POINT ( 'NONE', #51 ) ;
#835 = DIRECTION ( 'NONE',  ( 0.0000000000000000000, 0.0000000000000000000, 1.000000000000000000 ) ) ;
#836 = EDGE_LOOP ( 'NONE', ( #2605, #1708, #2480, #724, #3157, #2051, #1468, #2823, #2055, #2512, #3067, #2420, #1205, #3839, #3819, #3795, #3803, #3877, #466, #2232, #342, #3871, #3389, #2437, #3520, #2738, #2210, #2679, #3606, #446, #908, #729, #1433, #1961, #2856, #1185, #3234, #1631, #2681, #1751, #2549, #3799, #2963, #3098, #431, #2374, #1038, #3831, #3834, #2571, #995, #2824 ) ) ;
#837 = PRODUCT_RELATED_PRODUCT_CATEGORY ( 'part', '', ( #1713 ) ) ;
#838 = FACE_OUTER_BOUND ( 'NONE', #1374, .T. ) ;
#839 = EDGE_CURVE ( 'NONE', #3472, #3802, #1783, .T. ) ;
#840 = PLANE ( 'NONE',  #2673 ) ;
#841 = LINE ( 'NONE', #316, #608 ) ;
#842 = FACE_OUTER_BOUND ( 'NONE', #3130, .T. ) ;
#843 = CARTESIAN_POINT ( 'NONE',  ( -1.219947281720006800, 2.500000000000000400, 2.177556471411953500 ) ) ;
#844 = ORIENTED_EDGE ( 'NONE', *, *, #1025, .F. ) ;
#845 = ORIENTED_EDGE ( 'NONE', *, *, #524, .F. ) ;
#846 = ADVANCED_FACE ( 'NONE', ( #3409 ), #335, .T. ) ;
#847 = CIRCLE ( 'NONE', #2171, 3.000000000000000400 ) ;
#848 = FACE_OUTER_BOUND ( 'NONE', #3570, .T. ) ;
#849 = CARTESIAN_POINT ( 'NONE',  ( -0.8733196599825733300, 4.500000000000000900, 2.349829604962598000 ) ) ;
#850 = EDGE_CURVE ( 'NONE', #2047, #1456, #986, .T. ) ;
#851 = VECTOR ( 'NONE', #1779, 1000.000000000000100 ) ;
#852 = ORIENTED_EDGE ( 'NONE', *, *, #2845, .F. ) ;
#853 = PLANE ( 'NONE',  #2388 ) ;
#854 = VECTOR ( 'NONE', #1655, 1000.000000000000000 ) ;
#855 = CARTESIAN_POINT ( 'NONE',  ( 2.006039793558623600, 2.500000000000000400, -2.230651103749592900 ) ) ;
#857 = FACE_OUTER_BOUND ( 'NONE', #3248, .T. ) ;
#856 = CARTESIAN_POINT ( 'NONE',  ( -0.6771319517577181200, 2.500000000000000400, -2.402397942946359300 ) ) ;
#858 = ORIENTED_EDGE ( 'NONE', *, *, #3766, .T. ) ;
#859 = VERTEX_POINT ( 'NONE', #885 ) ;
#860 = DIRECTION ( 'NONE',  ( 0.0000000000000000000, 1.000000000000000000, 0.0000000000000000000 ) ) ;
#861 = ORIENTED_EDGE ( 'NONE', *, *, #2520, .F. ) ;
#862 = EDGE_CURVE ( 'NONE', #1763, #76, #3639, .T. ) ;
#863 = ORIENTED_EDGE ( 'NONE', *, *, #1194, .F. ) ;
#864 = ORIENTED_EDGE ( 'NONE', *, *, #3403, .F. ) ;
#865 = ADVANCED_FACE ( 'NONE', ( #888 ), #2392, .F. ) ;
#866 = AXIS2_PLACEMENT_3D ( 'NONE', #1695, #2594, #2304 ) ;
#867 = ORIENTED_EDGE ( 'NONE', *, *, #1835, .T. ) ;
#868 = CARTESIAN_POINT ( 'NONE',  ( -2.006039793558608100, 2.500000000000000400, 2.230651103749607100 ) ) ;
#869 = ORIENTED_EDGE ( 'NONE', *, *, #3720, .T. ) ;
#870 = EDGE_CURVE ( 'NONE', #2152, #2708, #2163, .T. ) ;
#871 = ORIENTED_EDGE ( 'NONE', *, *, #387, .T. ) ;
#872 = DIRECTION ( 'NONE',  ( 1.000000000000000000, 0.0000000000000000000, -3.491481338843133400E-015 ) ) ;
#873 = DIRECTION ( 'NONE',  ( 0.9694306710832767400, 0.0000000000000000000, -0.2453653886819161500 ) ) ;
#874 = ORIENTED_EDGE ( 'NONE', *, *, #2201, .F. ) ;
#875 = CARTESIAN_POINT ( 'NONE',  ( -2.349829604962595300, 4.500000000000000900, -0.8733196599825816500 ) ) ;
#876 = VERTEX_POINT ( 'NONE', #1780 ) ;
#877 = FACE_BOUND ( 'NONE', #538, .T. ) ;
#878 = AXIS2_PLACEMENT_3D ( 'NONE', #2872, #459, #1043 ) ;
#879 = DIRECTION ( 'NONE',  ( 0.0000000000000000000, 1.000000000000000000, 0.0000000000000000000 ) ) ;
#880 = CARTESIAN_POINT ( 'NONE',  ( 0.0000000000000000000, 2.500000000000000400, 0.0000000000000000000 ) ) ;
#881 = CARTESIAN_POINT ( 'NONE',  ( -2.515020633791208700, 2.500000000000000400, 1.635442206745463300 ) ) ;
#882 = EDGE_CURVE ( 'NONE', #33, #280, #2555, .T. ) ;
#883 = LINE ( 'NONE', #3868, #1494 ) ;
#884 = ADVANCED_FACE ( 'NONE', ( #351 ), #3340, .F. ) ;
#885 = CARTESIAN_POINT ( 'NONE',  ( 0.8733196599825898700, 4.500000000000000900, -2.349829604962592200 ) ) ;
#886 = CARTESIAN_POINT ( 'NONE',  ( -2.392333340020873500, 2.500000000000000400, -1.810177115705690700 ) ) ;
#887 = VECTOR ( 'NONE', #1279, 1000.000000000000100 ) ;
#888 = FACE_OUTER_BOUND ( 'NONE', #1254, .T. ) ;
#889 = EDGE_CURVE ( 'NONE', #3330, #3281, #3264, .T. ) ;
#890 = DIRECTION ( 'NONE',  ( 0.0000000000000000000, 1.000000000000000000, 0.0000000000000000000 ) ) ;
#891 = ORIENTED_EDGE ( 'NONE', *, *, #764, .T. ) ;
#892 = CIRCLE ( 'NONE', #3052, 3.000000000000000400 ) ;
#893 = LINE ( 'NONE', #1057, #2694 ) ;
#894 = ORIENTED_EDGE ( 'NONE', *, *, #1543, .T. ) ;
#895 = PLANE ( 'NONE',  #281 ) ;
#896 = PLANE ( 'NONE',  #3378 ) ;
#897 = CYLINDRICAL_SURFACE ( 'NONE', #2155, 1.500000000000000200 ) ;
#898 = CARTESIAN_POINT ( 'NONE',  ( 1.044050194584755800, 4.500000000000000900, 2.279110702019165200 ) ) ;
#899 = FACE_OUTER_BOUND ( 'NONE', #1388, .T. ) ;
#900 = CARTESIAN_POINT ( 'NONE',  ( 0.0000000000000000000, 2.500000000000000000, 0.0000000000000000000 ) ) ;
#901 = DIRECTION ( 'NONE',  ( 0.0000000000000000000, 1.000000000000000000, 0.0000000000000000000 ) ) ;
#902 = EDGE_CURVE ( 'NONE', #3550, #638, #2307, .T. ) ;
#903 = VECTOR ( 'NONE', #2112, 1000.000000000000000 ) ;
#904 = DIRECTION ( 'NONE',  ( 0.0000000000000000000, 1.000000000000000000, 0.0000000000000000000 ) ) ;
#905 = ORIENTED_EDGE ( 'NONE', *, *, #2730, .F. ) ;
#906 = VECTOR ( 'NONE', #1201, 1000.000000000000000 ) ;
#907 = ORIENTED_EDGE ( 'NONE', *, *, #1485, .T. ) ;
#908 = ORIENTED_EDGE ( 'NONE', *, *, #1893, .F. ) ;
#909 = ORIENTED_EDGE ( 'NONE', *, *, #93, .F. ) ;
#910 = DIRECTION ( 'NONE',  ( -0.7071067811865536800, 0.0000000000000000000, -0.7071067811865414700 ) ) ;
#911 = DIRECTION ( 'NONE',  ( -0.9999033575959425100, 0.0000000000000000000, -0.01390235477754839400 ) ) ;
#912 = CARTESIAN_POINT ( 'NONE',  ( -2.279110702019168800, 2.500000000000000400, 1.044050194584748000 ) ) ;
#913 = AXIS2_PLACEMENT_3D ( 'NONE', #686, #3722, #3406 ) ;
#914 = ORIENTED_EDGE ( 'NONE', *, *, #3299, .T. ) ;
#915 = ORIENTED_EDGE ( 'NONE', *, *, #862, .F. ) ;
#916 = CARTESIAN_POINT ( 'NONE',  ( -0.4116466139232172200, 4.500000000000000900, -2.971623641251622600 ) ) ;
#917 = CARTESIAN_POINT ( 'NONE',  ( -0.4116466139232172700, 2.500000000000000400, -2.971623641251623000 ) ) ;
#918 = EDGE_CURVE ( 'NONE', #3710, #2650, #3220, .T. ) ;
#919 = EDGE_LOOP ( 'NONE', ( #1416, #1728, #1622, #1680 ) ) ;
#920 = CARTESIAN_POINT ( 'NONE',  ( -7.000000000000000000, 0.0000000000000000000, -1.500000000000000700 ) ) ;
#921 = CARTESIAN_POINT ( 'NONE',  ( 2.145283572953284400, 4.500000000000000900, -1.275845581557933700 ) ) ;
#922 = ORIENTED_EDGE ( 'NONE', *, *, #3114, .F. ) ;
#923 = ORIENTED_EDGE ( 'NONE', *, *, #2436, .F. ) ;
#924 = CARTESIAN_POINT ( 'NONE',  ( -2.177556471411949500, 2.500000000000000400, -1.219947281720014300 ) ) ;
#925 = EDGE_CURVE ( 'NONE', #1606, #122, #1600, .T. ) ;
#926 = CARTESIAN_POINT ( 'NONE',  ( 0.0000000000000000000, 2.500000000000000400, 0.0000000000000000000 ) ) ;
#927 = CARTESIAN_POINT ( 'NONE',  ( -1.166732888925702900, 2.500000000000000400, -2.763826037560809900 ) ) ;
#928 = VERTEX_POINT ( 'NONE', #302 ) ;
#929 = DIRECTION ( 'NONE',  ( -0.0000000000000000000, 1.000000000000000000, -0.0000000000000000000 ) ) ;
#930 = ORIENTED_EDGE ( 'NONE', *, *, #568, .T. ) ;
#931 = DIRECTION ( 'NONE',  ( 0.8660254037844371500, 0.0000000000000000000, -0.5000000000000026600 ) ) ;
#932 = VECTOR ( 'NONE', #1062, 1000.000000000000000 ) ;
#933 = AXIS2_PLACEMENT_3D ( 'NONE', #716, #3131, #1303 ) ;
#934 = LINE ( 'NONE', #982, #3537 ) ;
#935 = DIRECTION ( 'NONE',  ( 0.0000000000000000000, 0.0000000000000000000, -1.000000000000000000 ) ) ;
#936 = CARTESIAN_POINT ( 'NONE',  ( 0.0000000000000000000, 4.500000000000000900, 0.0000000000000000000 ) ) ;
#937 = DIRECTION ( 'NONE',  ( 0.0000000000000000000, 1.000000000000000000, 0.0000000000000000000 ) ) ;
#938 = EDGE_CURVE ( 'NONE', #725, #2120, #1328, .T. ) ;
#939 = APPLICATION_CONTEXT ( 'automotive_design' ) ;
#940 = LINE ( 'NONE', #3445, #2114 ) ;
#941 = LINE ( 'NONE', #798, #1833 ) ;
#942 = DIRECTION ( 'NONE',  ( 0.01390235477754145200, 0.0000000000000000000, -0.9999033575959426200 ) ) ;
#943 = ORIENTED_EDGE ( 'NONE', *, *, #217, .F. ) ;
#944 = LINE ( 'NONE', #2066, #2792 ) ;
#945 = VECTOR ( 'NONE', #3283, 1000.000000000000000 ) ;
#946 = DIRECTION ( 'NONE',  ( 0.0000000000000000000, 1.000000000000000000, 0.0000000000000000000 ) ) ;
#947 = VECTOR ( 'NONE', #3612, 1000.000000000000000 ) ;
#948 = VERTEX_POINT ( 'NONE', #1160 ) ;
#949 = ORIENTED_EDGE ( 'NONE', *, *, #1363, .F. ) ;
#950 = CARTESIAN_POINT ( 'NONE',  ( 0.0000000000000000000, 0.0000000000000000000, -7.000000000000000000 ) ) ;
#951 = PLANE ( 'NONE',  #2002 ) ;
#952 = AXIS2_PLACEMENT_3D ( 'NONE', #2763, #946, #377 ) ;
#954 = FACE_OUTER_BOUND ( 'NONE', #1474, .T. ) ;
#953 = CARTESIAN_POINT ( 'NONE',  ( 2.779324870771939300, 2.500000000000000400, 1.129315395586434300 ) ) ;
#955 = APPLICATION_PROTOCOL_DEFINITION ( 'draft international standard', 'automotive_design', 1998, #939 ) ;
#956 = DIRECTION ( 'NONE',  ( 0.0000000000000000000, 0.0000000000000000000, 1.000000000000000000 ) ) ;
#957 = VECTOR ( 'NONE', #3524, 999.9999999999998900 ) ;
#958 = CARTESIAN_POINT ( 'NONE',  ( 2.419103624469889800, 2.500000000000000400, 0.6147854995368341500 ) ) ;
#959 = ORIENTED_EDGE ( 'NONE', *, *, #1835, .F. ) ;
#960 = VERTEX_POINT ( 'NONE', #1796 ) ;
#961 = ORIENTED_EDGE ( 'NONE', *, *, #3253, .T. ) ;
#962 = CARTESIAN_POINT ( 'NONE',  ( -2.852606974099049600, 2.500000000000000400, 0.9287806260476497700 ) ) ;
#963 = EDGE_LOOP ( 'NONE', ( #2945, #1089, #833, #2075 ) ) ;
#964 = VERTEX_POINT ( 'NONE', #1461 ) ;
#965 = DIRECTION ( 'NONE',  ( -0.9659258262890654300, 0.0000000000000000000, 0.2588190451025314500 ) ) ;
#966 = CARTESIAN_POINT ( 'NONE',  ( 2.971623641251623900, 2.500000000000000400, -0.4116466139232069500 ) ) ;
#967 = DIRECTION ( 'NONE',  ( 0.0000000000000000000, 1.000000000000000000, 0.0000000000000000000 ) ) ;
#968 = ORIENTED_EDGE ( 'NONE', *, *, #591, .T. ) ;
#969 = DIRECTION ( 'NONE',  ( 0.0000000000000000000, 1.000000000000000000, 0.0000000000000000000 ) ) ;
#970 = DIRECTION ( 'NONE',  ( 0.0000000000000000000, 0.0000000000000000000, 1.000000000000000000 ) ) ;
#971 = DIRECTION ( 'NONE',  ( 0.0000000000000000000, 0.0000000000000000000, 1.000000000000000000 ) ) ;
#972 = EDGE_CURVE ( 'NONE', #928, #2843, #1946, .T. ) ;
#973 = VERTEX_POINT ( 'NONE', #3043 ) ;
#974 = EDGE_LOOP ( 'NONE', ( #2816, #2430, #722, #104 ) ) ;
#975 = AXIS2_PLACEMENT_3D ( 'NONE', #1391, #3266, #539 ) ;
#976 =( NAMED_UNIT ( * ) PLANE_ANGLE_UNIT ( ) SI_UNIT ( $, .RADIAN. ) );
#977 = DIRECTION ( 'NONE',  ( -0.8660254037844336000, 0.0000000000000000000, 0.5000000000000086600 ) ) ;
#978 = EDGE_LOOP ( 'NONE', ( #380, #519, #518, #3746 ) ) ;
#979 = CIRCLE ( 'NONE', #2121, 3.000000000000000400 ) ;
#980 = EDGE_CURVE ( 'NONE', #337, #462, #3049, .T. ) ;
#981 = DIRECTION ( 'NONE',  ( 0.0000000000000000000, 1.000000000000000000, 0.0000000000000000000 ) ) ;
#982 = CARTESIAN_POINT ( 'NONE',  ( 2.043729342346068700, 4.500000000000000900, 1.451742668693202700 ) ) ;
#983 = LINE ( 'NONE', #3529, #3404 ) ;
#984 = DIRECTION ( 'NONE',  ( 0.0000000000000000000, 1.000000000000000000, 0.0000000000000000000 ) ) ;
#985 = CYLINDRICAL_SURFACE ( 'NONE', #1688, 1.500000000000000700 ) ;
#986 = CIRCLE ( 'NONE', #3632, 3.000000000000000400 ) ;
#987 = AXIS2_PLACEMENT_3D ( 'NONE', #2275, #474, #3199 ) ;
#988 = DIRECTION ( 'NONE',  ( 0.0000000000000000000, 1.000000000000000000, 0.0000000000000000000 ) ) ;
#989 = CARTESIAN_POINT ( 'NONE',  ( -1.129315395586443900, 2.500000000000000400, 2.779324870771935800 ) ) ;
#990 = ORIENTED_EDGE ( 'NONE', *, *, #3726, .F. ) ;
#991 = VECTOR ( 'NONE', #1994, 1000.000000000000000 ) ;
#992 = CIRCLE ( 'NONE', #2855, 3.000000000000000400 ) ;
#993 = CARTESIAN_POINT ( 'NONE',  ( 0.0000000000000000000, 2.500000000000000400, 0.0000000000000000000 ) ) ;
#994 = EDGE_CURVE ( 'NONE', #823, #122, #1235, .T. ) ;
#995 = ORIENTED_EDGE ( 'NONE', *, *, #2355, .F. ) ;
#996 = DIRECTION ( 'NONE',  ( -0.8660254037844442600, 0.0000000000000000000, -0.4999999999999902300 ) ) ;
#997 = VECTOR ( 'NONE', #981, 1000.000000000000000 ) ;
#998 = CARTESIAN_POINT ( 'NONE',  ( -2.779324870771931800, 2.500000000000000400, -1.129315395586453700 ) ) ;
#999 = CIRCLE ( 'NONE', #2160, 1.500000000000000400 ) ;
#1000 = AXIS2_PLACEMENT_3D ( 'NONE', #3836, #831, #910 ) ;
#1001 = CARTESIAN_POINT ( 'NONE',  ( 1.598352302471079700, 2.500000000000000400, 1.931231813650592200 ) ) ;
#1002 = CIRCLE ( 'NONE', #975, 3.000000000000000400 ) ;
#1003 = ORIENTED_EDGE ( 'NONE', *, *, #344, .T. ) ;
#1004 = EDGE_CURVE ( 'NONE', #3459, #2640, #2525, .T. ) ;
#1005 = PLANE ( 'NONE',  #2511 ) ;
#1006 = LINE ( 'NONE', #1267, #1136 ) ;
#1007 = VERTEX_POINT ( 'NONE', #346 ) ;
#1008 = ORIENTED_EDGE ( 'NONE', *, *, #463, .T. ) ;
#1009 = CARTESIAN_POINT ( 'NONE',  ( -0.6219558703494383300, 2.500000000000000400, 2.934820419606261100 ) ) ;
#1010 = DIRECTION ( 'NONE',  ( 0.0000000000000000000, 1.000000000000000000, 0.0000000000000000000 ) ) ;
#1011 = ORIENTED_EDGE ( 'NONE', *, *, #2308, .T. ) ;
#1012 = ADVANCED_FACE ( 'NONE', ( #3468 ), #1821, .T. ) ;
#1013 = CARTESIAN_POINT ( 'NONE',  ( 0.2353813596731180700, 2.500000000000000400, -2.495792863277958700 ) ) ;
#1014 = AXIS2_PLACEMENT_3D ( 'NONE', #576, #3579, #3880 ) ;
#1015 = ORIENTED_EDGE ( 'NONE', *, *, #3444, .T. ) ;
#1016 = EDGE_CURVE ( 'NONE', #638, #111, #3700, .T. ) ;
#1017 = DIRECTION ( 'NONE',  ( -0.7168688940249551300, 0.0000000000000000000, 0.6972079953496214100 ) ) ;
#1018 = ORIENTED_EDGE ( 'NONE', *, *, #3692, .F. ) ;
#1019 = PRODUCT_DEFINITION_SHAPE ( 'NONE', 'NONE',  #2253 ) ;
#1020 = CARTESIAN_POINT ( 'NONE',  ( 2.230651103749613700, 2.500000000000000400, 2.006039793558600500 ) ) ;
#1021 = DIRECTION ( 'NONE',  ( 0.9999033575959424000, 0.0000000000000000000, 0.01390235477754489400 ) ) ;
#1022 = EDGE_LOOP ( 'NONE', ( #1774, #1570, #1271, #871 ) ) ;
#1023 = DIRECTION ( 'NONE',  ( -0.9622342827068736100, 0.0000000000000000000, -0.2722226757336505500 ) ) ;
#1024 = CARTESIAN_POINT ( 'NONE',  ( 2.471671962453652500, 2.500000000000000400, -0.4185977913119793300 ) ) ;
#1025 = EDGE_CURVE ( 'NONE', #1340, #3112, #3097, .T. ) ;
#1026 = ORIENTED_EDGE ( 'NONE', *, *, #263, .F. ) ;
#1027 = CARTESIAN_POINT ( 'NONE',  ( 0.0000000000000000000, 1.500000000000000400, 3.000000000000000400 ) ) ;
#1028 = AXIS2_PLACEMENT_3D ( 'NONE', #3373, #2182, #94 ) ;
#1029 = VERTEX_POINT ( 'NONE', #75 ) ;
#1030 = LINE ( 'NONE', #3284, #2498 ) ;
#1031 = DIRECTION ( 'NONE',  ( -0.0000000000000000000, -1.000000000000000000, -0.0000000000000000000 ) ) ;
#1032 = EDGE_CURVE ( 'NONE', #2557, #561, #2759, .T. ) ;
#1033 = LINE ( 'NONE', #1378, #1404 ) ;
#1034 = DIRECTION ( 'NONE',  ( 0.4879118863881913300, 0.0000000000000000000, 0.8728928863962155400 ) ) ;
#1035 = CARTESIAN_POINT ( 'NONE',  ( 0.0000000000000000000, 0.0000000000000000000, 0.0000000000000000000 ) ) ;
#1036 = LINE ( 'NONE', #1956, #660 ) ;
#1037 = LINE ( 'NONE', #3501, #3359 ) ;
#1038 = ORIENTED_EDGE ( 'NONE', *, *, #2383, .F. ) ;
#1039 = ORIENTED_EDGE ( 'NONE', *, *, #2302, .T. ) ;
#1040 = ORIENTED_EDGE ( 'NONE', *, *, #263, .T. ) ;
#1041 = DIRECTION ( 'NONE',  ( 0.6972079953496237400, 0.0000000000000000000, 0.7168688940249526900 ) ) ;
#1042 = DIRECTION ( 'NONE',  ( 0.8589905316186690100, 0.0000000000000000000, 0.5119914712077500200 ) ) ;
#1044 = FACE_OUTER_BOUND ( 'NONE', #2237, .T. ) ;
#1043 = DIRECTION ( 'NONE',  ( 0.0000000000000000000, 0.0000000000000000000, 1.000000000000000000 ) ) ;
#1045 = ORIENTED_EDGE ( 'NONE', *, *, #1991, .T. ) ;
#1046 = EDGE_CURVE ( 'NONE', #1095, #269, #1802, .T. ) ;
#1047 = ORIENTED_EDGE ( 'NONE', *, *, #1781, .F. ) ;
#1048 = DIRECTION ( 'NONE',  ( 0.7168688940249502400, 0.0000000000000000000, -0.6972079953496264100 ) ) ;
#1049 = FACE_OUTER_BOUND ( 'NONE', #1410, .T. ) ;
#1050 = DIRECTION ( 'NONE',  ( 0.0000000000000000000, 0.0000000000000000000, 1.000000000000000000 ) ) ;
#1051 = ADVANCED_FACE ( 'NONE', ( #583 ), #2948, .F. ) ;
#1052 = VECTOR ( 'NONE', #1990, 1000.000000000000000 ) ;
#1053 = ORIENTED_EDGE ( 'NONE', *, *, #612, .F. ) ;
#1054 = EDGE_LOOP ( 'NONE', ( #1814, #197, #2460, #1504 ) ) ;
#1055 = VERTEX_POINT ( 'NONE', #1888 ) ;
#1056 = ORIENTED_EDGE ( 'NONE', *, *, #157, .F. ) ;
#1057 = CARTESIAN_POINT ( 'NONE',  ( -0.3714926975399209200, 2.500000000000000400, 2.976910004631398500 ) ) ;
#1058 = PLANE ( 'NONE',  #2603 ) ;
#1059 = EDGE_CURVE ( 'NONE', #2620, #1193, #1006, .T. ) ;
#1060 = ORIENTED_EDGE ( 'NONE', *, *, #1750, .F. ) ;
#1061 = CARTESIAN_POINT ( 'NONE',  ( 1.635442206745471700, 2.500000000000000400, 2.515020633791202400 ) ) ;
#1062 = DIRECTION ( 'NONE',  ( -0.6972079953496288500, 0.0000000000000000000, -0.7168688940249478000 ) ) ;
#1063 = VERTEX_POINT ( 'NONE', #89 ) ;
#1064 = CARTESIAN_POINT ( 'NONE',  ( 2.349829604962601100, 2.500000000000000400, 0.8733196599825652200 ) ) ;
#1065 = ORIENTED_EDGE ( 'NONE', *, *, #3135, .T. ) ;
#1066 = AXIS2_PLACEMENT_3D ( 'NONE', #1297, #1031, #675 ) ;
#1067 = VERTEX_POINT ( 'NONE', #3078 ) ;
#1068 = EDGE_CURVE ( 'NONE', #2986, #2675, #813, .T. ) ;
#1069 = CARTESIAN_POINT ( 'NONE',  ( -0.2353813596731006700, 4.500000000000000900, 2.495792863277960500 ) ) ;
#1070 = CARTESIAN_POINT ( 'NONE',  ( -2.763826037560805500, 2.500000000000000400, 1.166732888925712700 ) ) ;
#1071 = DIRECTION ( 'NONE',  ( 0.2453653886819195700, 0.0000000000000000000, 0.9694306710832758500 ) ) ;
#1072 = ORIENTED_EDGE ( 'NONE', *, *, #3662, .F. ) ;
#1073 = ADVANCED_FACE ( 'NONE', ( #2707 ), #3387, .T. ) ;
#1074 = CARTESIAN_POINT ( 'NONE',  ( -7.000000000000000000, 0.0000000000000000000, 1.500000000000000700 ) ) ;
#1075 = CARTESIAN_POINT ( 'NONE',  ( 0.0000000000000000000, 4.500000000000000900, 0.0000000000000000000 ) ) ;
#1076 = ORIENTED_EDGE ( 'NONE', *, *, #2834, .T. ) ;
#1077 = EDGE_CURVE ( 'NONE', #235, #1336, #2904, .T. ) ;
#1078 = LINE ( 'NONE', #709, #3627 ) ;
#1079 = CARTESIAN_POINT ( 'NONE',  ( 2.515020633791219300, 2.500000000000000400, -1.635442206745445300 ) ) ;
#1080 = FACE_BOUND ( 'NONE', #1244, .T. ) ;
#1081 = EDGE_CURVE ( 'NONE', #3281, #2286, #3557, .T. ) ;
#1082 = LINE ( 'NONE', #2610, #1782 ) ;
#1083 = VECTOR ( 'NONE', #2060, 999.9999999999998900 ) ;
#1084 = CARTESIAN_POINT ( 'NONE',  ( -2.043729342346059000, 2.500000000000000400, -1.451742668693216900 ) ) ;
#1085 = LINE ( 'NONE', #1009, #3033 ) ;
#1086 = FACE_OUTER_BOUND ( 'NONE', #3091, .T. ) ;
#1087 = DIRECTION ( 'NONE',  ( 0.6972079953496264100, -0.0000000000000000000, 0.7168688940249502400 ) ) ;
#1088 = AXIS2_PLACEMENT_3D ( 'NONE', #2852, #2573, #3437 ) ;
#1089 = ORIENTED_EDGE ( 'NONE', *, *, #1881, .F. ) ;
#1090 = ADVANCED_FACE ( 'NONE', ( #2085 ), #3352, .T. ) ;
#1091 = CIRCLE ( 'NONE', #2695, 1.500000000000000200 ) ;
#1092 = CARTESIAN_POINT ( 'NONE',  ( 0.0000000000000000000, 2.500000000000000400, 0.0000000000000000000 ) ) ;
#1093 = EDGE_CURVE ( 'NONE', #557, #964, #2423, .T. ) ;
#1094 = VECTOR ( 'NONE', #811, 1000.000000000000000 ) ;
#1095 = VERTEX_POINT ( 'NONE', #3683 ) ;
#1096 = CARTESIAN_POINT ( 'NONE',  ( -2.279110702019168800, 2.500000000000000400, 1.044050194584748000 ) ) ;
#1097 = LINE ( 'NONE', #2973, #1993 ) ;
#1098 = EDGE_CURVE ( 'NONE', #92, #3014, #365, .T. ) ;
#1099 = DIRECTION ( 'NONE',  ( 0.0000000000000000000, 1.000000000000000000, 0.0000000000000000000 ) ) ;
#1100 = VECTOR ( 'NONE', #2142, 1000.000000000000100 ) ;
#1101 = ORIENTED_EDGE ( 'NONE', *, *, #93, .T. ) ;
#1102 = ORIENTED_EDGE ( 'NONE', *, *, #107, .F. ) ;
#1103 = DIRECTION ( 'NONE',  ( 0.0000000000000000000, 1.000000000000000000, 0.0000000000000000000 ) ) ;
#1104 = ORIENTED_EDGE ( 'NONE', *, *, #1233, .F. ) ;
#1105 = CARTESIAN_POINT ( 'NONE',  ( 7.000000000000000000, 2.500000000000000000, -1.499999999999999800 ) ) ;
#1106 = ORIENTED_EDGE ( 'NONE', *, *, #188, .F. ) ;
#1107 = EDGE_CURVE ( 'NONE', #2301, #2718, #3787, .T. ) ;
#1108 = ADVANCED_FACE ( 'NONE', ( #3148 ), #2453, .T. ) ;
#1109 = VERTEX_POINT ( 'NONE', #60 ) ;
#1110 = CLOSED_SHELL ( 'NONE', ( #2957, #3760, #3474, #2918, #527, #2259, #3544, #1538, #187, #2116, #3017, #3603, #2317, #2940, #1051, #256, #1604, #3812, #3168, #3185, #3221, #3274, #2413, #809, #2582, #3335, #1758, #1979, #677, #1875, #3777, #3582, #1300, #1734, #512, #2899, #3374, #1121, #3622, #712, #1916, #3491, #3646, #2354, #1398, #220, #3723, #560, #2994, #1815, #1715, #274, #2034, #2276, #496, #637, #3526, #1420, #1140, #865, #2676, #1962, #3796, #2052, #3400, #1090, #846, #2338, #787, #2735, #438, #2016, #291, #2000, #1896, #3883, #2524, #2638, #3351, #1451, #3847, #1012, #2625, #201, #2975, #131, #3256, #3508, #1108, #3121, #1515, #830, #1380, #2296, #1677, #2604, #3832, #46, #1697, #239, #1073, #692, #3242, #884, #3202, #771, #3147, #3566, #3074, #2238, #545, #1438, #2563, #2131, #2657, #751 ) ) ;
#1111 = DIRECTION ( 'NONE',  ( 0.01390235477754139800, 0.0000000000000000000, -0.9999033575959426200 ) ) ;
#1112 = ORIENTED_EDGE ( 'NONE', *, *, #972, .F. ) ;
#1113 = EDGE_CURVE ( 'NONE', #2838, #973, #541, .T. ) ;
#1114 = CARTESIAN_POINT ( 'NONE',  ( 7.000000000000000000, 0.0000000000000000000, 1.499999999999999800 ) ) ;
#1115 = PLANE ( 'NONE',  #3194 ) ;
#1116 = EDGE_LOOP ( 'NONE', ( #3334, #905, #1999, #2724 ) ) ;
#1117 = LINE ( 'NONE', #1776, #343 ) ;
#1118 = CARTESIAN_POINT ( 'NONE',  ( -1.129315395586443900, 2.500000000000000400, 2.779324870771935800 ) ) ;
#1119 = CARTESIAN_POINT ( 'NONE',  ( 2.673844814358463200, 2.500000000000000400, 1.360350656532482100 ) ) ;
#1120 = LINE ( 'NONE', #1889, #887 ) ;
#1121 = ADVANCED_FACE ( 'NONE', ( #1706 ), #3704, .T. ) ;
#1122 = PLANE ( 'NONE',  #3731 ) ;
#1123 = EDGE_CURVE ( 'NONE', #1514, #2281, #3829, .T. ) ;
#1124 = CIRCLE ( 'NONE', #544, 1.499999999999999800 ) ;
#1125 = LINE ( 'NONE', #3616, #3177 ) ;
#1126 = CARTESIAN_POINT ( 'NONE',  ( 2.976910004631395000, 2.500000000000000400, 0.3714926975399520700 ) ) ;
#1127 = CARTESIAN_POINT ( 'NONE',  ( -1.598352302471066400, 4.500000000000000900, -1.931231813650603300 ) ) ;
#1128 = ORIENTED_EDGE ( 'NONE', *, *, #2688, .F. ) ;
#1129 = ORIENTED_EDGE ( 'NONE', *, *, #505, .F. ) ;
#1130 = ORIENTED_EDGE ( 'NONE', *, *, #1401, .F. ) ;
#1131 = LINE ( 'NONE', #825, #29 ) ;
#1132 = ORIENTED_EDGE ( 'NONE', *, *, #2225, .T. ) ;
#1133 = ORIENTED_EDGE ( 'NONE', *, *, #1630, .T. ) ;
#1134 = VECTOR ( 'NONE', #1862, 1000.000000000000000 ) ;
#1135 = EDGE_CURVE ( 'NONE', #244, #2565, #1517, .T. ) ;
#1136 = VECTOR ( 'NONE', #2468, 1000.000000000000000 ) ;
#1137 = ORIENTED_EDGE ( 'NONE', *, *, #1093, .F. ) ;
#1138 = ORIENTED_EDGE ( 'NONE', *, *, #3125, .F. ) ;
#1139 = DIRECTION ( 'NONE',  ( 0.8589905316186762200, 0.0000000000000000000, 0.5119914712077381400 ) ) ;
#1140 = ADVANCED_FACE ( 'NONE', ( #139 ), #1376, .T. ) ;
#1141 = AXIS2_PLACEMENT_3D ( 'NONE', #2135, #353, #2446 ) ;
#1142 = ORIENTED_EDGE ( 'NONE', *, *, #3489, .F. ) ;
#1143 = CARTESIAN_POINT ( 'NONE',  ( -1.360350656532491700, 2.500000000000000400, 2.673844814358459200 ) ) ;
#1144 = PLANE ( 'NONE',  #272 ) ;
#1145 = VERTEX_POINT ( 'NONE', #785 ) ;
#1146 = EDGE_LOOP ( 'NONE', ( #1760, #2954 ) ) ;
#1147 = PLANE ( 'NONE',  #369 ) ;
#1148 = EDGE_LOOP ( 'NONE', ( #3282, #684, #815, #3004 ) ) ;
#1149 = DIRECTION ( 'NONE',  ( -0.8660254037844336000, 0.0000000000000000000, 0.5000000000000086600 ) ) ;
#1150 = ORIENTED_EDGE ( 'NONE', *, *, #3500, .F. ) ;
#1151 = AXIS2_PLACEMENT_3D ( 'NONE', #912, #1884, #2516 ) ;
#1152 = DIRECTION ( 'NONE',  ( -0.6972079953496287400, 0.0000000000000000000, -0.7168688940249479100 ) ) ;
#1153 = DIRECTION ( 'NONE',  ( 0.9659258262890686500, 0.0000000000000000000, 0.2588190451025194600 ) ) ;
#1154 = ORIENTED_EDGE ( 'NONE', *, *, #3685, .T. ) ;
#1155 = CARTESIAN_POINT ( 'NONE',  ( 1.044050194584755800, 2.500000000000000400, 2.279110702019165200 ) ) ;
#1156 = VECTOR ( 'NONE', #1640, 1000.000000000000100 ) ;
#1157 = DIRECTION ( 'NONE',  ( 0.9659258262890667600, 0.0000000000000000000, -0.2588190451025265100 ) ) ;
#1158 = ORIENTED_EDGE ( 'NONE', *, *, #1520, .F. ) ;
#1159 = PRESENTATION_LAYER_ASSIGNMENT (  '', '', ( #641 ) ) ;
#1160 = CARTESIAN_POINT ( 'NONE',  ( -2.419103624469885800, 4.500000000000000900, -0.6147854995368511300 ) ) ;
#1161 = EDGE_CURVE ( 'NONE', #2807, #633, #3428, .T. ) ;
#1162 = CARTESIAN_POINT ( 'NONE',  ( 2.763826037560813500, 2.500000000000000400, -1.166732888925693200 ) ) ;
#1163 = CARTESIAN_POINT ( 'NONE',  ( -2.971623641251621300, 4.500000000000000900, 0.4116466139232275400 ) ) ;
#1164 = LINE ( 'NONE', #2313, #523 ) ;
#1165 = LINE ( 'NONE', #1939, #249 ) ;
#1166 = FACE_OUTER_BOUND ( 'NONE', #694, .T. ) ;
#1167 = CARTESIAN_POINT ( 'NONE',  ( 0.0000000000000000000, 1.500000000000000400, 0.0000000000000000000 ) ) ;
#1168 = DIRECTION ( 'NONE',  ( 0.0000000000000000000, 1.000000000000000000, 0.0000000000000000000 ) ) ;
#1169 = CARTESIAN_POINT ( 'NONE',  ( -1.360350656532491400, 4.500000000000000900, 2.673844814358458300 ) ) ;
#1170 = VECTOR ( 'NONE', #1182, 999.9999999999998900 ) ;
#1171 = CIRCLE ( 'NONE', #3461, 3.000000000000000400 ) ;
#1172 = CARTESIAN_POINT ( 'NONE',  ( 2.177556471411958000, 4.500000000000000900, 1.219947281719999200 ) ) ;
#1173 = CARTESIAN_POINT ( 'NONE',  ( 2.976910004631395000, 2.500000000000000400, 0.3714926975399520700 ) ) ;
#1174 = EDGE_CURVE ( 'NONE', #1007, #2301, #2808, .T. ) ;
#1175 = ORIENTED_EDGE ( 'NONE', *, *, #2719, .T. ) ;
#1176 = ORIENTED_EDGE ( 'NONE', *, *, #1327, .F. ) ;
#1177 = DIRECTION ( 'NONE',  ( 0.0000000000000000000, 0.0000000000000000000, 1.000000000000000000 ) ) ;
#1178 = FACE_OUTER_BOUND ( 'NONE', #1189, .T. ) ;
#1179 = ORIENTED_EDGE ( 'NONE', *, *, #505, .T. ) ;
#1180 = CARTESIAN_POINT ( 'NONE',  ( -1.451742668693209800, 2.500000000000000400, 2.043729342346063800 ) ) ;
#1181 = CARTESIAN_POINT ( 'NONE',  ( 0.0000000000000000000, 2.500000000000000400, 0.0000000000000000000 ) ) ;
#1183 = VECTOR ( 'NONE', #321, 1000.000000000000100 ) ;
#1182 = DIRECTION ( 'NONE',  ( 0.2588190451025198500, 0.0000000000000000000, 0.9659258262890686500 ) ) ;
#1184 = AXIS2_PLACEMENT_3D ( 'NONE', #1075, #485, #2219 ) ;
#1185 = ORIENTED_EDGE ( 'NONE', *, *, #839, .T. ) ;
#1186 = LINE ( 'NONE', #760, #224 ) ;
#1187 = DIRECTION ( 'NONE',  ( 0.0000000000000000000, 1.000000000000000000, 0.0000000000000000000 ) ) ;
#1189 = EDGE_LOOP ( 'NONE', ( #3441, #1836, #1747, #2493 ) ) ;
#1188 = CARTESIAN_POINT ( 'NONE',  ( -1.598352302471066400, 2.500000000000000400, -1.931231813650603300 ) ) ;
#1190 = EDGE_LOOP ( 'NONE', ( #3436, #152, #3756, #632 ) ) ;
#1191 = EDGE_CURVE ( 'NONE', #617, #503, #3512, .T. ) ;
#1192 = CARTESIAN_POINT ( 'NONE',  ( 0.0000000000000000000, 2.500000000000000400, 0.0000000000000000000 ) ) ;
#1193 = VERTEX_POINT ( 'NONE', #1955 ) ;
#1194 = EDGE_CURVE ( 'NONE', #2136, #3882, #1186, .T. ) ;
#1195 = ORIENTED_EDGE ( 'NONE', *, *, #2421, .F. ) ;
#1196 = CARTESIAN_POINT ( 'NONE',  ( 2.279110702019175900, 2.500000000000000400, -1.044050194584732000 ) ) ;
#1197 = CARTESIAN_POINT ( 'NONE',  ( 2.495792863277957800, 2.500000000000000400, 0.2353813596731267900 ) ) ;
#1198 = ORIENTED_EDGE ( 'NONE', *, *, #783, .F. ) ;
#1199 = EDGE_CURVE ( 'NONE', #1522, #2196, #2619, .T. ) ;
#1200 = DIRECTION ( 'NONE',  ( 0.0000000000000000000, 1.000000000000000000, 0.0000000000000000000 ) ) ;
#1201 = DIRECTION ( 'NONE',  ( 0.0000000000000000000, 1.000000000000000000, 0.0000000000000000000 ) ) ;
#1202 = PLANE ( 'NONE',  #1764 ) ;
#1203 = ORIENTED_EDGE ( 'NONE', *, *, #2470, .F. ) ;
#1204 = DIRECTION ( 'NONE',  ( -0.5000000000000069900, 0.0000000000000000000, -0.8660254037844344900 ) ) ;
#1205 = ORIENTED_EDGE ( 'NONE', *, *, #2380, .T. ) ;
#1206 = AXIS2_PLACEMENT_3D ( 'NONE', #101, #1263, #2491 ) ;
#1207 = DIRECTION ( 'NONE',  ( -0.0000000000000000000, 1.000000000000000000, -0.0000000000000000000 ) ) ;
#1208 = DIRECTION ( 'NONE',  ( 0.0000000000000000000, 1.000000000000000000, 0.0000000000000000000 ) ) ;
#1209 = DIRECTION ( 'NONE',  ( 0.8589905316186761100, 0.0000000000000000000, 0.5119914712077380200 ) ) ;
#1210 = ORIENTED_EDGE ( 'NONE', *, *, #1194, .T. ) ;
#1211 = EDGE_CURVE ( 'NONE', #2842, #1514, #3743, .T. ) ;
#1212 = LINE ( 'NONE', #2627, #3258 ) ;
#1213 = DIRECTION ( 'NONE',  ( 0.0000000000000000000, 1.000000000000000000, 0.0000000000000000000 ) ) ;
#1214 = DIRECTION ( 'NONE',  ( 0.0000000000000000000, 1.000000000000000000, 0.0000000000000000000 ) ) ;
#1215 = VECTOR ( 'NONE', #1959, 1000.000000000000000 ) ;
#1216 = EDGE_CURVE ( 'NONE', #806, #2933, #629, .T. ) ;
#1217 = CARTESIAN_POINT ( 'NONE',  ( 0.0000000000000000000, 2.500000000000000400, 0.0000000000000000000 ) ) ;
#1218 = CARTESIAN_POINT ( 'NONE',  ( 1.598352302471079700, 2.500000000000000400, 1.931231813650592200 ) ) ;
#1219 = ORIENTED_EDGE ( 'NONE', *, *, #685, .T. ) ;
#1220 = VECTOR ( 'NONE', #599, 1000.000000000000000 ) ;
#1221 = LINE ( 'NONE', #320, #2503 ) ;
#1222 = VERTEX_POINT ( 'NONE', #2897 ) ;
#1223 = DIRECTION ( 'NONE',  ( 0.0000000000000000000, 1.000000000000000000, 0.0000000000000000000 ) ) ;
#1224 = DIRECTION ( 'NONE',  ( 0.0000000000000000000, 0.0000000000000000000, 1.000000000000000000 ) ) ;
#1225 = ORIENTED_EDGE ( 'NONE', *, *, #3383, .F. ) ;
#1226 =( NAMED_UNIT ( * ) PLANE_ANGLE_UNIT ( ) SI_UNIT ( $, .RADIAN. ) );
#1227 = VECTOR ( 'NONE', #3010, 1000.000000000000100 ) ;
#1228 = CARTESIAN_POINT ( 'NONE',  ( -2.779324870771931800, 2.500000000000000400, -1.129315395586453700 ) ) ;
#1229 = ORIENTED_EDGE ( 'NONE', *, *, #2048, .F. ) ;
#1230 = CARTESIAN_POINT ( 'NONE',  ( 0.0000000000000000000, 2.500000000000000400, 0.0000000000000000000 ) ) ;
#1231 = CARTESIAN_POINT ( 'NONE',  ( 1.129315395586463400, 2.500000000000000400, -2.779324870771927800 ) ) ;
#1232 = ORIENTED_EDGE ( 'NONE', *, *, #1808, .T. ) ;
#1233 = EDGE_CURVE ( 'NONE', #2382, #1906, #2037, .T. ) ;
#1234 = CIRCLE ( 'NONE', #3418, 1.500000000000000700 ) ;
#1235 = LINE ( 'NONE', #3027, #906 ) ;
#1236 = ORIENTED_EDGE ( 'NONE', *, *, #3172, .F. ) ;
#1237 = ORIENTED_EDGE ( 'NONE', *, *, #70, .F. ) ;
#1238 = DIRECTION ( 'NONE',  ( -0.7071067811865389100, 0.0000000000000000000, 0.7071067811865562300 ) ) ;
#1239 = ORIENTED_EDGE ( 'NONE', *, *, #1571, .F. ) ;
#1240 = CARTESIAN_POINT ( 'NONE',  ( 0.03227289845868249600, 4.500000000000000900, 2.495792863277957800 ) ) ;
#1241 = CARTESIAN_POINT ( 'NONE',  ( 3.673940397442060400E-016, 1.500000000000000400, -3.000000000000000400 ) ) ;
#1242 = DIRECTION ( 'NONE',  ( -0.7168688940249430300, 0.0000000000000000000, 0.6972079953496338500 ) ) ;
#1243 = EDGE_CURVE ( 'NONE', #1029, #1340, #2857, .T. ) ;
#1244 = EDGE_LOOP ( 'NONE', ( #1320, #3875 ) ) ;
#1245 = CARTESIAN_POINT ( 'NONE',  ( -0.1588241805672347400, 2.500000000000000400, -2.995792863277957800 ) ) ;
#1246 = ORIENTED_EDGE ( 'NONE', *, *, #1174, .T. ) ;
#1247 = AXIS2_PLACEMENT_3D ( 'NONE', #268, #559, #2634 ) ;
#1248 = DIRECTION ( 'NONE',  ( 0.0000000000000000000, 1.000000000000000000, 0.0000000000000000000 ) ) ;
#1249 = DIRECTION ( 'NONE',  ( -0.01390235477754839200, 0.0000000000000000000, 0.9999033575959424000 ) ) ;
#1250 = VERTEX_POINT ( 'NONE', #2257 ) ;
#1251 = CARTESIAN_POINT ( 'NONE',  ( -2.471671962453649800, 2.500000000000000400, 0.4185977913119965400 ) ) ;
#1252 = EDGE_CURVE ( 'NONE', #1007, #3459, #762, .T. ) ;
#1253 = CARTESIAN_POINT ( 'NONE',  ( -2.995792863277958200, 4.500000000000000900, 0.1588241805672242800 ) ) ;
#1254 = EDGE_LOOP ( 'NONE', ( #3835, #477, #102, #1707 ) ) ;
#1255 = DIRECTION ( 'NONE',  ( -0.4879118863881974400, 0.0000000000000000000, -0.8728928863962121000 ) ) ;
#1256 = FACE_OUTER_BOUND ( 'NONE', #1334, .T. ) ;
#1257 = ORIENTED_EDGE ( 'NONE', *, *, #1286, .T. ) ;
#1258 = CARTESIAN_POINT ( 'NONE',  ( 0.0000000000000000000, 2.500000000000000400, 0.0000000000000000000 ) ) ;
#1259 = LINE ( 'NONE', #1865, #479 ) ;
#1260 = AXIS2_PLACEMENT_3D ( 'NONE', #880, #3006, #2351 ) ;
#1261 = LINE ( 'NONE', #3272, #3025 ) ;
#1262 = CARTESIAN_POINT ( 'NONE',  ( 2.402397942946360700, 2.500000000000000400, -0.6771319517577096800 ) ) ;
#1263 = DIRECTION ( 'NONE',  ( 0.0000000000000000000, 1.000000000000000000, 0.0000000000000000000 ) ) ;
#1264 = EDGE_CURVE ( 'NONE', #3737, #1109, #34, .T. ) ;
#1265 = CIRCLE ( 'NONE', #1352, 3.000000000000000000 ) ;
#1266 = LINE ( 'NONE', #1418, #73 ) ;
#1267 = CARTESIAN_POINT ( 'NONE',  ( 0.1588241805672556700, 2.500000000000000400, 2.995792863277956500 ) ) ;
#1268 = LINE ( 'NONE', #2546, #3308 ) ;
#1269 = LINE ( 'NONE', #429, #3859 ) ;
#1270 = AXIS2_PLACEMENT_3D ( 'NONE', #2552, #2530, #1657 ) ;
#1271 = ORIENTED_EDGE ( 'NONE', *, *, #3840, .T. ) ;
#1272 = VECTOR ( 'NONE', #804, 1000.000000000000000 ) ;
#1273 = CARTESIAN_POINT ( 'NONE',  ( -1.166732888925702900, 2.500000000000000400, -2.763826037560809900 ) ) ;
#1274 = DIRECTION ( 'NONE',  ( 0.8660254037844371500, 0.0000000000000000000, -0.5000000000000026600 ) ) ;
#1275 = VECTOR ( 'NONE', #155, 1000.000000000000000 ) ;
#1276 = ORIENTED_EDGE ( 'NONE', *, *, #699, .F. ) ;
#1277 = CARTESIAN_POINT ( 'NONE',  ( -0.6771319517577181200, 2.500000000000000400, -2.402397942946359300 ) ) ;
#1278 = VECTOR ( 'NONE', #336, 1000.000000000000100 ) ;
#1279 = DIRECTION ( 'NONE',  ( -0.4879118863881974400, 0.0000000000000000000, -0.8728928863962122100 ) ) ;
#1280 = ORIENTED_EDGE ( 'NONE', *, *, #1337, .T. ) ;
#1281 = VECTOR ( 'NONE', #1937, 1000.000000000000000 ) ;
#1282 = DIRECTION ( 'NONE',  ( -0.0000000000000000000, 1.000000000000000000, -0.0000000000000000000 ) ) ;
#1283 = VERTEX_POINT ( 'NONE', #1670 ) ;
#1284 = AXIS2_PLACEMENT_3D ( 'NONE', #2309, #2991, #3869 ) ;
#1285 = EDGE_LOOP ( 'NONE', ( #3872, #2631, #1344, #3826 ) ) ;
#1286 = EDGE_CURVE ( 'NONE', #3112, #3623, #2900, .T. ) ;
#1287 = CARTESIAN_POINT ( 'NONE',  ( 0.0000000000000000000, 0.0000000000000000000, 0.0000000000000000000 ) ) ;
#1288 = CARTESIAN_POINT ( 'NONE',  ( 1.451742668693224000, 2.500000000000000400, -2.043729342346053600 ) ) ;
#1289 = ORIENTED_EDGE ( 'NONE', *, *, #3828, .F. ) ;
#1290 = CARTESIAN_POINT ( 'NONE',  ( 2.367678256848715800, 2.500000000000000400, -1.842308245665156700 ) ) ;
#1291 = DIRECTION ( 'NONE',  ( 0.0000000000000000000, -0.0000000000000000000, 1.000000000000000000 ) ) ;
#1292 = EDGE_CURVE ( 'NONE', #633, #3710, #134, .T. ) ;
#1293 = ORIENTED_EDGE ( 'NONE', *, *, #1543, .F. ) ;
#1294 = DIRECTION ( 'NONE',  ( 0.0000000000000000000, 1.000000000000000000, 0.0000000000000000000 ) ) ;
#1295 = ORIENTED_EDGE ( 'NONE', *, *, #436, .T. ) ;
#1296 = DIRECTION ( 'NONE',  ( 0.0000000000000000000, 0.0000000000000000000, 1.000000000000000000 ) ) ;
#1297 = CARTESIAN_POINT ( 'NONE',  ( 0.0000000000000000000, 4.500000000000000900, 0.0000000000000000000 ) ) ;
#1298 = DIRECTION ( 'NONE',  ( 0.0000000000000000000, 0.0000000000000000000, 1.000000000000000000 ) ) ;
#1299 = ORIENTED_EDGE ( 'NONE', *, *, #2960, .T. ) ;
#1300 = ADVANCED_FACE ( 'NONE', ( #3509 ), #1058, .T. ) ;
#1301 = FACE_BOUND ( 'NONE', #1508, .T. ) ;
#1302 = EDGE_CURVE ( 'NONE', #2809, #1934, #1097, .T. ) ;
#1303 = DIRECTION ( 'NONE',  ( 0.9659258262890673100, 0.0000000000000000000, -0.2588190451025246800 ) ) ;
#1304 = PLANE ( 'NONE',  #3123 ) ;
#1305 = VERTEX_POINT ( 'NONE', #1966 ) ;
#1306 = VECTOR ( 'NONE', #3189, 1000.000000000000200 ) ;
#1307 = DIRECTION ( 'NONE',  ( -0.7071067811865474600, 0.0000000000000000000, 0.7071067811865476800 ) ) ;
#1308 = LINE ( 'NONE', #434, #2836 ) ;
#1309 = PLANE ( 'NONE',  #2010 ) ;
#1310 = ORIENTED_EDGE ( 'NONE', *, *, #3366, .F. ) ;
#1311 = VECTOR ( 'NONE', #3206, 1000.000000000000000 ) ;
#1312 = CYLINDRICAL_SURFACE ( 'NONE', #2028, 1.500000000000000400 ) ;
#1313 = CARTESIAN_POINT ( 'NONE',  ( -7.000000000000000000, 0.0000000000000000000, 0.0000000000000000000 ) ) ;
#1314 = EDGE_CURVE ( 'NONE', #2152, #1536, #3046, .T. ) ;
#1315 = ORIENTED_EDGE ( 'NONE', *, *, #925, .T. ) ;
#1316 = LINE ( 'NONE', #855, #2698 ) ;
#1317 = APPLICATION_PROTOCOL_DEFINITION ( 'draft international standard', 'automotive_design', 1998, #57 ) ;
#1318 = DIRECTION ( 'NONE',  ( -0.6972079953496288500, 0.0000000000000000000, -0.7168688940249478000 ) ) ;
#1319 = VECTOR ( 'NONE', #3410, 1000.000000000000000 ) ;
#1320 = ORIENTED_EDGE ( 'NONE', *, *, #3058, .T. ) ;
#1321 = DIRECTION ( 'NONE',  ( -0.4879118863881883300, 0.0000000000000000000, -0.8728928863962173200 ) ) ;
#1322 = ORIENTED_EDGE ( 'NONE', *, *, #2180, .T. ) ;
#1323 = LINE ( 'NONE', #2858, #1365 ) ;
#1324 = EDGE_LOOP ( 'NONE', ( #25, #1322 ) ) ;
#1325 = CARTESIAN_POINT ( 'NONE',  ( 0.0000000000000000000, 1.500000000000000400, 1.500000000000000200 ) ) ;
#1326 = FILL_AREA_STYLE_COLOUR ( '', #65 ) ;
#1327 = EDGE_CURVE ( 'NONE', #732, #960, #1002, .T. ) ;
#1328 = LINE ( 'NONE', #2703, #678 ) ;
#1329 = ORIENTED_EDGE ( 'NONE', *, *, #1356, .F. ) ;
#1330 = ORIENTED_EDGE ( 'NONE', *, *, #3807, .T. ) ;
#1331 = DIRECTION ( 'NONE',  ( 0.8660254037844371500, 0.0000000000000000000, -0.5000000000000026600 ) ) ;
#1332 = CARTESIAN_POINT ( 'NONE',  ( -2.367678256848702900, 2.500000000000000400, 1.842308245665173600 ) ) ;
#1333 = CARTESIAN_POINT ( 'NONE',  ( 0.6771319517577347700, 4.500000000000000900, 2.402397942946354400 ) ) ;
#1334 = EDGE_LOOP ( 'NONE', ( #18, #1592, #864, #471 ) ) ;
#1335 = AXIS2_PLACEMENT_3D ( 'NONE', #208, #786, #2595 ) ;
#1336 = VERTEX_POINT ( 'NONE', #2024 ) ;
#1337 = EDGE_CURVE ( 'NONE', #2611, #2565, #88, .T. ) ;
#1338 = CARTESIAN_POINT ( 'NONE',  ( 0.0000000000000000000, 0.0000000000000000000, -9.999999999999998200 ) ) ;
#1339 = DIRECTION ( 'NONE',  ( -0.8589905316186724500, 0.0000000000000000000, -0.5119914712077442400 ) ) ;
#1340 = VERTEX_POINT ( 'NONE', #3552 ) ;
#1341 = ORIENTED_EDGE ( 'NONE', *, *, #87, .T. ) ;
#1342 = CARTESIAN_POINT ( 'NONE',  ( 5.388445916248354000E-016, 2.500000000000000000, 4.400000000000000400 ) ) ;
#1343 = EDGE_CURVE ( 'NONE', #1467, #1055, #3375, .T. ) ;
#1344 = ORIENTED_EDGE ( 'NONE', *, *, #3797, .T. ) ;
#1345 = CARTESIAN_POINT ( 'NONE',  ( 5.388445916248354000E-016, 4.500000000000000900, 4.400000000000000400 ) ) ;
#1346 = AXIS2_PLACEMENT_3D ( 'NONE', #3656, #360, #2438 ) ;
#1347 = ORIENTED_EDGE ( 'NONE', *, *, #2334, .T. ) ;
#1348 = VECTOR ( 'NONE', #418, 1000.000000000000200 ) ;
#1349 = CARTESIAN_POINT ( 'NONE',  ( -0.3714926975399209200, 2.500000000000000400, 2.976910004631398500 ) ) ;
#1350 = DIRECTION ( 'NONE',  ( -0.0000000000000000000, 1.000000000000000000, -0.0000000000000000000 ) ) ;
#1351 = VECTOR ( 'NONE', #681, 1000.000000000000000 ) ;
#1352 = AXIS2_PLACEMENT_3D ( 'NONE', #993, #3089, #1598 ) ;
#1353 = VECTOR ( 'NONE', #738, 1000.000000000000000 ) ;
#1354 = VECTOR ( 'NONE', #1, 1000.000000000000000 ) ;
#1355 = CARTESIAN_POINT ( 'NONE',  ( 2.995792863277958200, 4.500000000000000900, -0.1588241805672242800 ) ) ;
#1356 = EDGE_CURVE ( 'NONE', #1483, #3371, #1847, .T. ) ;
#1357 = FACE_OUTER_BOUND ( 'NONE', #2204, .T. ) ;
#1358 = CIRCLE ( 'NONE', #1141, 4.400000000000000400 ) ;
#1359 =( GEOMETRIC_REPRESENTATION_CONTEXT ( 3 ) GLOBAL_UNCERTAINTY_ASSIGNED_CONTEXT ( ( #1385 ) ) GLOBAL_UNIT_ASSIGNED_CONTEXT ( ( #144, #1226, #1927 ) ) REPRESENTATION_CONTEXT ( 'NONE', 'WORKASPACE' ) );
#1360 = CARTESIAN_POINT ( 'NONE',  ( 0.0000000000000000000, 4.500000000000000900, 0.0000000000000000000 ) ) ;
#1361 = ORIENTED_EDGE ( 'NONE', *, *, #2004, .F. ) ;
#1362 = VERTEX_POINT ( 'NONE', #516 ) ;
#1363 = EDGE_CURVE ( 'NONE', #1067, #1109, #1464, .T. ) ;
#1364 = PLANE ( 'NONE',  #1284 ) ;
#1365 = VECTOR ( 'NONE', #3111, 1000.000000000000100 ) ;
#1366 = PLANE ( 'NONE',  #1551 ) ;
#1367 = ORIENTED_EDGE ( 'NONE', *, *, #619, .F. ) ;
#1368 = EDGE_LOOP ( 'NONE', ( #1526, #2097, #867, #1739 ) ) ;
#1369 = AXIS2_PLACEMENT_3D ( 'NONE', #3333, #594, #2385 ) ;
#1370 = LINE ( 'NONE', #3535, #2474 ) ;
#1371 = DIRECTION ( 'NONE',  ( 0.4999999999999996100, 0.0000000000000000000, 0.8660254037844389300 ) ) ;
#1372 = VECTOR ( 'NONE', #288, 1000.000000000000100 ) ;
#1373 = ORIENTED_EDGE ( 'NONE', *, *, #2596, .F. ) ;
#1374 = EDGE_LOOP ( 'NONE', ( #1837, #2764, #521, #3369 ) ) ;
#1375 = CARTESIAN_POINT ( 'NONE',  ( 1.219947281720022100, 2.500000000000000400, -2.177556471411945100 ) ) ;
#1376 = PLANE ( 'NONE',  #193 ) ;
#1377 = EDGE_CURVE ( 'NONE', #244, #3472, #3323, .T. ) ;
#1378 = CARTESIAN_POINT ( 'NONE',  ( -2.673844814358453900, 2.500000000000000400, -1.360350656532500500 ) ) ;
#1379 = ORIENTED_EDGE ( 'NONE', *, *, #3208, .F. ) ;
#1380 = ADVANCED_FACE ( 'NONE', ( #2617 ), #253, .T. ) ;
#1381 = ORIENTED_EDGE ( 'NONE', *, *, #1059, .F. ) ;
#1382 = DIRECTION ( 'NONE',  ( 0.0000000000000000000, 1.000000000000000000, 0.0000000000000000000 ) ) ;
#1383 = CARTESIAN_POINT ( 'NONE',  ( -1.741971672712157900, 2.500000000000000400, 1.787612443409510200 ) ) ;
#1384 = DIRECTION ( 'NONE',  ( 0.7168688940249502400, 0.0000000000000000000, -0.6972079953496264100 ) ) ;
#1385 = UNCERTAINTY_MEASURE_WITH_UNIT (LENGTH_MEASURE( 1.000000000000000100E-005 ), #144, 'distance_accuracy_value', 'NONE');
#1386 = VERTEX_POINT ( 'NONE', #1105 ) ;
#1387 = CARTESIAN_POINT ( 'NONE',  ( -2.995792863277959100, 2.500000000000000400, 0.1588241805672243000 ) ) ;
#1388 = EDGE_LOOP ( 'NONE', ( #195, #3100, #176, #1898 ) ) ;
#1389 = EDGE_CURVE ( 'NONE', #2482, #542, #1892, .T. ) ;
#1390 = DIRECTION ( 'NONE',  ( -0.0000000000000000000, 1.000000000000000000, -0.0000000000000000000 ) ) ;
#1391 = CARTESIAN_POINT ( 'NONE',  ( 0.0000000000000000000, 2.500000000000000400, 0.0000000000000000000 ) ) ;
#1392 = ORIENTED_EDGE ( 'NONE', *, *, #1718, .F. ) ;
#1393 = CARTESIAN_POINT ( 'NONE',  ( 2.043729342346068700, 4.500000000000000900, 1.451742668693202700 ) ) ;
#1394 = DIRECTION ( 'NONE',  ( 0.5119914712077470200, 0.0000000000000000000, -0.8589905316186707800 ) ) ;
#1395 = ORIENTED_EDGE ( 'NONE', *, *, #2244, .F. ) ;
#1396 = AXIS2_PLACEMENT_3D ( 'NONE', #2711, #3634, #1789 ) ;
#1397 = LINE ( 'NONE', #121, #603 ) ;
#1398 = ADVANCED_FACE ( 'NONE', ( #2325 ), #2041, .T. ) ;
#1399 = EDGE_LOOP ( 'NONE', ( #3045, #728, #3228, #1899 ) ) ;
#1400 = LINE ( 'NONE', #554, #2254 ) ;
#1401 = EDGE_CURVE ( 'NONE', #2214, #2482, #3426, .T. ) ;
#1402 = CARTESIAN_POINT ( 'NONE',  ( -2.419103624469885800, 2.500000000000000400, -0.6147854995368511300 ) ) ;
#1403 = CARTESIAN_POINT ( 'NONE',  ( -1.598352302471066400, 2.500000000000000400, -1.931231813650603300 ) ) ;
#1404 = VECTOR ( 'NONE', #14, 1000.000000000000000 ) ;
#1405 = VERTEX_POINT ( 'NONE', #232 ) ;
#1406 = LINE ( 'NONE', #856, #613 ) ;
#1407 = CIRCLE ( 'NONE', #866, 1.500000000000000700 ) ;
#1408 = CARTESIAN_POINT ( 'NONE',  ( 1.044050194584755800, 2.500000000000000400, 2.279110702019165200 ) ) ;
#1409 = DIRECTION ( 'NONE',  ( -0.2588190451025264600, 0.0000000000000000000, -0.9659258262890666500 ) ) ;
#1410 = EDGE_LOOP ( 'NONE', ( #3105, #1195, #298, #2314 ) ) ;
#1411 = ORIENTED_EDGE ( 'NONE', *, *, #3383, .T. ) ;
#1412 = ORIENTED_EDGE ( 'NONE', *, *, #1599, .T. ) ;
#1413 = PLANE ( 'NONE',  #747 ) ;
#1414 = EDGE_CURVE ( 'NONE', #2017, #537, #3870, .T. ) ;
#1415 = VECTOR ( 'NONE', #2715, 1000.000000000000100 ) ;
#1416 = ORIENTED_EDGE ( 'NONE', *, *, #3453, .F. ) ;
#1417 = VERTEX_POINT ( 'NONE', #3515 ) ;
#1418 = CARTESIAN_POINT ( 'NONE',  ( -1.810177115705682500, 4.500000000000000900, 2.392333340020879300 ) ) ;
#1419 = CARTESIAN_POINT ( 'NONE',  ( 0.3714926975399416900, 2.500000000000000400, -2.976910004631396300 ) ) ;
#1420 = ADVANCED_FACE ( 'NONE', ( #1512 ), #3235, .T. ) ;
#1421 = VECTOR ( 'NONE', #3122, 1000.000000000000000 ) ;
#1422 = EDGE_CURVE ( 'NONE', #1606, #3086, #2082, .T. ) ;
#1423 = DIRECTION ( 'NONE',  ( 0.0000000000000000000, 1.000000000000000000, 0.0000000000000000000 ) ) ;
#1424 = DIRECTION ( 'NONE',  ( 0.0000000000000000000, 0.0000000000000000000, 1.000000000000000000 ) ) ;
#1425 = EDGE_LOOP ( 'NONE', ( #3701, #3063, #3543, #2751 ) ) ;
#1426 = VECTOR ( 'NONE', #2371, 1000.000000000000000 ) ;
#1427 = ORIENTED_EDGE ( 'NONE', *, *, #3654, .F. ) ;
#1428 = ORIENTED_EDGE ( 'NONE', *, *, #2535, .F. ) ;
#1429 = AXIS2_PLACEMENT_3D ( 'NONE', #118, #132, #2539 ) ;
#1430 = EDGE_LOOP ( 'NONE', ( #3210, #808, #3050, #1998 ) ) ;
#1431 = CARTESIAN_POINT ( 'NONE',  ( -1.635442206745454400, 2.500000000000000400, -2.515020633791214400 ) ) ;
#1432 = CARTESIAN_POINT ( 'NONE',  ( 0.0000000000000000000, 4.500000000000000900, 0.0000000000000000000 ) ) ;
#1433 = ORIENTED_EDGE ( 'NONE', *, *, #2730, .T. ) ;
#1434 = EDGE_CURVE ( 'NONE', #3399, #3673, #1370, .T. ) ;
#1435 = ORIENTED_EDGE ( 'NONE', *, *, #882, .F. ) ;
#1436 = CARTESIAN_POINT ( 'NONE',  ( -2.471671962453649800, 2.500000000000000400, 0.4185977913119965400 ) ) ;
#1437 = ORIENTED_EDGE ( 'NONE', *, *, #1068, .F. ) ;
#1438 = ADVANCED_FACE ( 'NONE', ( #2704 ), #1115, .F. ) ;
#1439 = CARTESIAN_POINT ( 'NONE',  ( -0.6147854995368424700, 4.500000000000000900, 2.419103624469888000 ) ) ;
#1440 = PRODUCT_DEFINITION_FORMATION_WITH_SPECIFIED_SOURCE ( '任何', '', #1713, .NOT_KNOWN. ) ;
#1441 = EDGE_LOOP ( 'NONE', ( #260, #156, #127, #3127 ) ) ;
#1442 = EDGE_CURVE ( 'NONE', #1467, #2611, #1799, .T. ) ;
#1443 = ORIENTED_EDGE ( 'NONE', *, *, #3110, .F. ) ;
#1444 = LINE ( 'NONE', #989, #655 ) ;
#1445 = PLANE ( 'NONE',  #662 ) ;
#1446 = CIRCLE ( 'NONE', #2916, 1.500000000000000700 ) ;
#1447 = EDGE_CURVE ( 'NONE', #2557, #3281, #717, .T. ) ;
#1448 = LINE ( 'NONE', #953, #3358 ) ;
#1449 = VECTOR ( 'NONE', #3564, 1000.000000000000000 ) ;
#1450 = CARTESIAN_POINT ( 'NONE',  ( 2.495792863277957800, 2.500000000000000400, 0.2353813596731267900 ) ) ;
#1451 = ADVANCED_FACE ( 'NONE', ( #857 ), #2, .F. ) ;
#1452 = LINE ( 'NONE', #1969, #1651 ) ;
#1453 = VECTOR ( 'NONE', #2186, 1000.000000000000000 ) ;
#1454 = FACE_OUTER_BOUND ( 'NONE', #978, .T. ) ;
#1455 = CARTESIAN_POINT ( 'NONE',  ( 0.0000000000000000000, 2.500000000000000400, 3.000000000000000000 ) ) ;
#1456 = VERTEX_POINT ( 'NONE', #3317 ) ;
#1457 = EDGE_LOOP ( 'NONE', ( #598, #96, #3738, #2090 ) ) ;
#1458 = AXIS2_PLACEMENT_3D ( 'NONE', #1510, #84, #1224 ) ;
#1459 = FACE_OUTER_BOUND ( 'NONE', #334, .T. ) ;
#1460 = DIRECTION ( 'NONE',  ( 0.8589905316186708900, -0.0000000000000000000, 0.5119914712077471300 ) ) ;
#1461 = CARTESIAN_POINT ( 'NONE',  ( -0.4185977913119879300, 2.500000000000000400, -2.471671962453651600 ) ) ;
#1462 = EDGE_CURVE ( 'NONE', #2564, #3737, #2177, .T. ) ;
#1463 = ORIENTED_EDGE ( 'NONE', *, *, #1211, .F. ) ;
#1464 = LINE ( 'NONE', #2953, #957 ) ;
#1465 = DIRECTION ( 'NONE',  ( 0.0000000000000000000, 1.000000000000000000, 0.0000000000000000000 ) ) ;
#1466 = CARTESIAN_POINT ( 'NONE',  ( 2.852606974099056300, 2.500000000000000400, -0.9287806260476302300 ) ) ;
#1467 = VERTEX_POINT ( 'NONE', #3630 ) ;
#1468 = ORIENTED_EDGE ( 'NONE', *, *, #2811, .F. ) ;
#1469 = VECTOR ( 'NONE', #385, 1000.000000000000100 ) ;
#1470 = ORIENTED_EDGE ( 'NONE', *, *, #2394, .F. ) ;
#1471 = ORIENTED_EDGE ( 'NONE', *, *, #2201, .T. ) ;
#1472 = DIRECTION ( 'NONE',  ( -0.2588190451025194600, 0.0000000000000000000, 0.9659258262890686500 ) ) ;
#1473 = DIRECTION ( 'NONE',  ( 0.0000000000000000000, 1.000000000000000000, 0.0000000000000000000 ) ) ;
#1474 = EDGE_LOOP ( 'NONE', ( #3243, #2038, #3251, #3164 ) ) ;
#1475 = EDGE_CURVE ( 'NONE', #2620, #1522, #3191, .T. ) ;
#1476 = CARTESIAN_POINT ( 'NONE',  ( 1.842308245665181400, 4.500000000000000900, 2.367678256848696700 ) ) ;
#1477 = VERTEX_POINT ( 'NONE', #2705 ) ;
#1478 = ORIENTED_EDGE ( 'NONE', *, *, #1718, .T. ) ;
#1479 = CARTESIAN_POINT ( 'NONE',  ( 2.145283572953284400, 2.500000000000000400, -1.275845581557933700 ) ) ;
#1480 = ORIENTED_EDGE ( 'NONE', *, *, #2895, .T. ) ;
#1481 = AXIS2_PLACEMENT_3D ( 'NONE', #2825, #1616, #3412 ) ;
#1482 = DIRECTION ( 'NONE',  ( 0.7071067811865449100, 0.0000000000000000000, -0.7071067811865501300 ) ) ;
#1483 = VERTEX_POINT ( 'NONE', #569 ) ;
#1484 = DIRECTION ( 'NONE',  ( 1.000000000000000000, 0.0000000000000000000, -1.871178818639351400E-015 ) ) ;
#1485 = EDGE_CURVE ( 'NONE', #2584, #3195, #2369, .T. ) ;
#1486 = CARTESIAN_POINT ( 'NONE',  ( 2.419103624469889800, 4.500000000000000900, 0.6147854995368341500 ) ) ;
#1487 = VERTEX_POINT ( 'NONE', #1466 ) ;
#1488 = CARTESIAN_POINT ( 'NONE',  ( 2.177556471411958000, 2.500000000000000400, 1.219947281719999200 ) ) ;
#1489 = LINE ( 'NONE', #610, #693 ) ;
#1490 = VERTEX_POINT ( 'NONE', #875 ) ;
#1491 = EDGE_CURVE ( 'NONE', #2843, #277, #1704, .T. ) ;
#1492 = CARTESIAN_POINT ( 'NONE',  ( 0.0000000000000000000, 0.0000000000000000000, 8.500000000000000000 ) ) ;
#1493 = DIRECTION ( 'NONE',  ( -0.7071067811865526800, 0.0000000000000000000, -0.7071067811865424700 ) ) ;
#1494 = VECTOR ( 'NONE', #2065, 1000.000000000000000 ) ;
#1495 = LINE ( 'NONE', #2519, #659 ) ;
#1496 = DIRECTION ( 'NONE',  ( 0.0000000000000000000, 1.000000000000000000, 0.0000000000000000000 ) ) ;
#1497 = AXIS2_PLACEMENT_3D ( 'NONE', #3703, #3066, #1900 ) ;
#1498 = CARTESIAN_POINT ( 'NONE',  ( 2.471671962453652500, 2.500000000000000400, -0.4185977913119793300 ) ) ;
#1499 = ORIENTED_EDGE ( 'NONE', *, *, #2678, .F. ) ;
#1500 = LINE ( 'NONE', #740, #2311 ) ;
#1501 = DIRECTION ( 'NONE',  ( 0.0000000000000000000, 1.000000000000000000, 0.0000000000000000000 ) ) ;
#1502 = DIRECTION ( 'NONE',  ( 0.0000000000000000000, 1.000000000000000000, 0.0000000000000000000 ) ) ;
#1503 = EDGE_CURVE ( 'NONE', #1563, #106, #3827, .T. ) ;
#1504 = ORIENTED_EDGE ( 'NONE', *, *, #3874, .T. ) ;
#1505 = VERTEX_POINT ( 'NONE', #621 ) ;
#1506 = DIRECTION ( 'NONE',  ( -0.9622342827068736100, 0.0000000000000000000, -0.2722226757336505500 ) ) ;
#1507 = FACE_OUTER_BOUND ( 'NONE', #3660, .T. ) ;
#1508 = EDGE_LOOP ( 'NONE', ( #461, #2869, #3665, #52, #2830, #77, #1257, #49, #1395, #1717, #723, #3676, #1880, #2851, #1807, #3463, #1811, #1330, #2074, #1411, #1524, #914, #1299, #3240, #2332, #2322, #2873, #1855, #2939, #2959, #1040, #3565, #3394, #3843, #255, #453, #2039, #3313, #1740, #1755, #2043, #1347, #3878, #756, #1379, #2577, #1948, #149, #1935, #2087, #3186, #3070, #2432, #1341, #1803, #1232, #183, #2538, #3146, #1662, #943, #2572, #3597, #2025, #1293, #907, #3611, #266, #1310, #3155, #3192, #3116, #1951, #421, #2870, #1612, #3391, #2236, #2113, #2251, #3679, #2949, #1929, #3292, #2173, #2289, #1003, #401, #170, #2151, #1280, #3830, #2003, #1315, #869, #2391 ) ) ;
#1509 = VERTEX_POINT ( 'NONE', #3291 ) ;
#1510 = CARTESIAN_POINT ( 'NONE',  ( 7.000000000000000000, 0.0000000000000000000, 0.0000000000000000000 ) ) ;
#1512 = FACE_OUTER_BOUND ( 'NONE', #3542, .T. ) ;
#1511 = CARTESIAN_POINT ( 'NONE',  ( -1.635442206745454400, 4.500000000000000900, -2.515020633791214400 ) ) ;
#1513 = AXIS2_PLACEMENT_3D ( 'NONE', #179, #1629, #2837 ) ;
#1514 = VERTEX_POINT ( 'NONE', #2692 ) ;
#1515 = ADVANCED_FACE ( 'NONE', ( #410 ), #2372, .T. ) ;
#1516 = CARTESIAN_POINT ( 'NONE',  ( 1.810177115705699400, 4.500000000000000900, -2.392333340020866800 ) ) ;
#1517 = LINE ( 'NONE', #2294, #2996 ) ;
#1518 = EDGE_LOOP ( 'NONE', ( #3458, #240, #2766, #1175 ) ) ;
#1519 = ORIENTED_EDGE ( 'NONE', *, *, #2714, .T. ) ;
#1520 = EDGE_CURVE ( 'NONE', #2966, #2986, #1569, .T. ) ;
#1521 = CARTESIAN_POINT ( 'NONE',  ( 2.392333340020885900, 2.500000000000000400, 1.810177115705674300 ) ) ;
#1522 = VERTEX_POINT ( 'NONE', #3301 ) ;
#1523 = EDGE_LOOP ( 'NONE', ( #3294, #3590, #226, #3709 ) ) ;
#1524 = ORIENTED_EDGE ( 'NONE', *, *, #3324, .F. ) ;
#1525 = AXIS2_PLACEMENT_3D ( 'NONE', #3059, #3047, #63 ) ;
#1526 = ORIENTED_EDGE ( 'NONE', *, *, #870, .F. ) ;
#1527 = CARTESIAN_POINT ( 'NONE',  ( -2.495792863277957800, 4.500000000000000900, -0.2353813596731267900 ) ) ;
#1528 = CARTESIAN_POINT ( 'NONE',  ( -0.03227289845866507200, 2.500000000000000400, -2.495792863277958200 ) ) ;
#1529 = CARTESIAN_POINT ( 'NONE',  ( 2.279110702019175900, 4.500000000000000900, -1.044050194584732000 ) ) ;
#1530 = ORIENTED_EDGE ( 'NONE', *, *, #2013, .F. ) ;
#1531 = EDGE_CURVE ( 'NONE', #81, #617, #3236, .T. ) ;
#1532 = CARTESIAN_POINT ( 'NONE',  ( 2.471671962453652500, 2.500000000000000400, -0.4185977913119793300 ) ) ;
#1533 = DIRECTION ( 'NONE',  ( 0.0000000000000000000, 1.000000000000000000, 0.0000000000000000000 ) ) ;
#1534 = DIRECTION ( 'NONE',  ( 0.9659258262890695300, -0.0000000000000000000, 0.2588190451025161300 ) ) ;
#1535 = DIRECTION ( 'NONE',  ( -0.6972079953496312900, 0.0000000000000000000, -0.7168688940249454700 ) ) ;
#1536 = VERTEX_POINT ( 'NONE', #1163 ) ;
#1537 = CARTESIAN_POINT ( 'NONE',  ( -2.145283572953275500, 2.500000000000000400, 1.275845581557949000 ) ) ;
#1538 = ADVANCED_FACE ( 'NONE', ( #2518 ), #3094, .F. ) ;
#1539 = VERTEX_POINT ( 'NONE', #3357 ) ;
#1540 = AXIS2_PLACEMENT_3D ( 'NONE', #3307, #1738, #3845 ) ;
#1541 = DIRECTION ( 'NONE',  ( -0.01390235477753443100, 0.0000000000000000000, 0.9999033575959427300 ) ) ;
#1542 = ORIENTED_EDGE ( 'NONE', *, *, #2799, .F. ) ;
#1543 = EDGE_CURVE ( 'NONE', #2584, #328, #2570, .T. ) ;
#1544 = VECTOR ( 'NONE', #1274, 1000.000000000000100 ) ;
#1545 = CARTESIAN_POINT ( 'NONE',  ( -0.9287806260476397800, 4.500000000000000900, -2.852606974099053200 ) ) ;
#1546 = CARTESIAN_POINT ( 'NONE',  ( 1.787612443409516200, 4.500000000000000900, 1.741971672712151700 ) ) ;
#1547 = DIRECTION ( 'NONE',  ( 0.2453653886819330300, 0.0000000000000000000, 0.9694306710832724100 ) ) ;
#1548 = DIRECTION ( 'NONE',  ( 0.6972079953496338500, 0.0000000000000000000, 0.7168688940249430300 ) ) ;
#1549 = LINE ( 'NONE', #3079, #746 ) ;
#1550 =( GEOMETRIC_REPRESENTATION_CONTEXT ( 3 ) GLOBAL_UNCERTAINTY_ASSIGNED_CONTEXT ( ( #2922 ) ) GLOBAL_UNIT_ASSIGNED_CONTEXT ( ( #2248, #373, #3152 ) ) REPRESENTATION_CONTEXT ( 'NONE', 'WORKASPACE' ) );
#1551 = AXIS2_PLACEMENT_3D ( 'NONE', #3528, #191, #2274 ) ;
#1552 = CARTESIAN_POINT ( 'NONE',  ( 0.4116466139232379800, 2.500000000000000400, 2.971623641251619500 ) ) ;
#1553 = FACE_OUTER_BOUND ( 'NONE', #3833, .T. ) ;
#1554 = FACE_OUTER_BOUND ( 'NONE', #3003, .T. ) ;
#1555 = CARTESIAN_POINT ( 'NONE',  ( -2.976910004631395000, 2.500000000000000400, -0.3714926975399520700 ) ) ;
#1556 = CARTESIAN_POINT ( 'NONE',  ( -0.6147854995368424700, 4.500000000000000900, 2.419103624469888000 ) ) ;
#1557 = AXIS2_PLACEMENT_3D ( 'NONE', #3601, #890, #582 ) ;
#1558 = VECTOR ( 'NONE', #2901, 1000.000000000000100 ) ;
#1559 = VECTOR ( 'NONE', #2863, 1000.000000000000000 ) ;
#1560 = DIRECTION ( 'NONE',  ( 0.0000000000000000000, 1.000000000000000000, 0.0000000000000000000 ) ) ;
#1561 = FACE_BOUND ( 'NONE', #1788, .T. ) ;
#1562 = CARTESIAN_POINT ( 'NONE',  ( -0.9287806260476397800, 2.500000000000000400, -2.852606974099053200 ) ) ;
#1563 = VERTEX_POINT ( 'NONE', #2170 ) ;
#1564 = CARTESIAN_POINT ( 'NONE',  ( 1.451742668693224000, 2.500000000000000400, -2.043729342346053600 ) ) ;
#1565 = VECTOR ( 'NONE', #1103, 1000.000000000000000 ) ;
#1566 = DIRECTION ( 'NONE',  ( 0.0000000000000000000, 1.000000000000000000, 0.0000000000000000000 ) ) ;
#1567 = AXIS2_PLACEMENT_3D ( 'NONE', #2086, #1535, #2096 ) ;
#1568 = EDGE_LOOP ( 'NONE', ( #2629, #642 ) ) ;
#1569 = CIRCLE ( 'NONE', #3261, 3.000000000000000000 ) ;
#1570 = ORIENTED_EDGE ( 'NONE', *, *, #3874, .F. ) ;
#1571 = EDGE_CURVE ( 'NONE', #964, #2120, #1615, .T. ) ;
#1572 = ORIENTED_EDGE ( 'NONE', *, *, #2283, .T. ) ;
#1573 = DIRECTION ( 'NONE',  ( -0.8728928863962173200, 0.0000000000000000000, 0.4879118863881883300 ) ) ;
#1574 = CARTESIAN_POINT ( 'NONE',  ( -1.044050194584740000, 4.500000000000000900, -2.279110702019172800 ) ) ;
#1575 = VERTEX_POINT ( 'NONE', #2496 ) ;
#1576 = ORIENTED_EDGE ( 'NONE', *, *, #3435, .F. ) ;
#1577 = DIRECTION ( 'NONE',  ( 0.0000000000000000000, 1.000000000000000000, 0.0000000000000000000 ) ) ;
#1578 = CARTESIAN_POINT ( 'NONE',  ( 0.0000000000000000000, 4.500000000000000900, 0.0000000000000000000 ) ) ;
#1579 = EDGE_CURVE ( 'NONE', #2807, #2612, #580, .T. ) ;
#1580 = EDGE_LOOP ( 'NONE', ( #2956, #1361, #3277, #2008 ) ) ;
#1581 = CARTESIAN_POINT ( 'NONE',  ( -2.852606974099049600, 4.500000000000000900, 0.9287806260476495500 ) ) ;
#1582 = VERTEX_POINT ( 'NONE', #962 ) ;
#1583 = AXIS2_PLACEMENT_3D ( 'NONE', #1403, #2015, #817 ) ;
#1584 = DIRECTION ( 'NONE',  ( 0.0000000000000000000, 1.000000000000000000, 0.0000000000000000000 ) ) ;
#1585 = PLANE ( 'NONE',  #913 ) ;
#1586 = EDGE_LOOP ( 'NONE', ( #2148, #2271, #2810, #2485 ) ) ;
#1587 = DIRECTION ( 'NONE',  ( 0.01390235477754145000, 0.0000000000000000000, -0.9999033575959426200 ) ) ;
#1588 = EDGE_CURVE ( 'NONE', #561, #2286, #2419, .T. ) ;
#1589 = CARTESIAN_POINT ( 'NONE',  ( 0.0000000000000000000, 2.500000000000000400, 0.0000000000000000000 ) ) ;
#1590 = VERTEX_POINT ( 'NONE', #3084 ) ;
#1591 = CARTESIAN_POINT ( 'NONE',  ( -7.000000000000000000, 0.0000000000000000000, 0.0000000000000000000 ) ) ;
#1592 = ORIENTED_EDGE ( 'NONE', *, *, #2021, .F. ) ;
#1593 = DIRECTION ( 'NONE',  ( -0.4879118863881974400, 0.0000000000000000000, -0.8728928863962121000 ) ) ;
#1594 = FACE_OUTER_BOUND ( 'NONE', #3254, .T. ) ;
#1595 = CYLINDRICAL_SURFACE ( 'NONE', #2817, 1.500000000000000400 ) ;
#1596 = DIRECTION ( 'NONE',  ( 0.2588190451025212900, 0.0000000000000000000, 0.9659258262890680900 ) ) ;
#1597 = DIRECTION ( 'NONE',  ( 0.2453653886819195700, 0.0000000000000000000, 0.9694306710832758500 ) ) ;
#1598 = DIRECTION ( 'NONE',  ( -0.2588190451025078600, 0.0000000000000000000, 0.9659258262890717500 ) ) ;
#1599 = EDGE_CURVE ( 'NONE', #2838, #2486, #540, .T. ) ;
#1600 = LINE ( 'NONE', #2424, #460 ) ;
#1601 = CARTESIAN_POINT ( 'NONE',  ( -1.810177115705682700, 2.500000000000000400, 2.392333340020879300 ) ) ;
#1602 = VECTOR ( 'NONE', #3493, 1000.000000000000000 ) ;
#1603 = LINE ( 'NONE', #1555, #1453 ) ;
#1604 = ADVANCED_FACE ( 'NONE', ( #954 ), #2615, .T. ) ;
#1605 = CARTESIAN_POINT ( 'NONE',  ( 0.0000000000000000000, 4.500000000000000900, 0.0000000000000000000 ) ) ;
#1606 = VERTEX_POINT ( 'NONE', #683 ) ;
#1607 = ORIENTED_EDGE ( 'NONE', *, *, #1874, .T. ) ;
#1608 = CARTESIAN_POINT ( 'NONE',  ( -1.166732888925702900, 4.500000000000000900, -2.763826037560809900 ) ) ;
#1609 = DIRECTION ( 'NONE',  ( 0.6972079953496337400, 0.0000000000000000000, 0.7168688940249430300 ) ) ;
#1610 = EDGE_CURVE ( 'NONE', #2933, #2328, #1234, .T. ) ;
#1611 = LINE ( 'NONE', #2123, #80 ) ;
#1612 = ORIENTED_EDGE ( 'NONE', *, *, #3029, .T. ) ;
#1613 = VERTEX_POINT ( 'NONE', #2457 ) ;
#1614 = PLANE ( 'NONE',  #3319 ) ;
#1615 = LINE ( 'NONE', #2775, #3784 ) ;
#1616 = DIRECTION ( 'NONE',  ( 0.2588190451025128000, 0.0000000000000000000, -0.9659258262890705300 ) ) ;
#1617 = VECTOR ( 'NONE', #3411, 1000.000000000000100 ) ;
#1618 = DIRECTION ( 'NONE',  ( -0.4879118863881974400, 0.0000000000000000000, -0.8728928863962122100 ) ) ;
#1619 = ORIENTED_EDGE ( 'NONE', *, *, #1434, .F. ) ;
#1620 = EDGE_LOOP ( 'NONE', ( #3619, #1443, #355, #2231 ) ) ;
#1621 = VERTEX_POINT ( 'NONE', #3687 ) ;
#1622 = ORIENTED_EDGE ( 'NONE', *, *, #1211, .T. ) ;
#1623 = EDGE_CURVE ( 'NONE', #337, #2534, #2853, .T. ) ;
#1624 = DIRECTION ( 'NONE',  ( 0.0000000000000000000, 1.000000000000000000, 0.0000000000000000000 ) ) ;
#1625 = DIRECTION ( 'NONE',  ( 0.0000000000000000000, 1.000000000000000000, 0.0000000000000000000 ) ) ;
#1626 = CARTESIAN_POINT ( 'NONE',  ( -2.495792863277957800, 2.500000000000000400, -0.2353813596731267900 ) ) ;
#1627 = ORIENTED_EDGE ( 'NONE', *, *, #2288, .T. ) ;
#1628 = DIRECTION ( 'NONE',  ( -0.0000000000000000000, 1.000000000000000000, -0.0000000000000000000 ) ) ;
#1629 = DIRECTION ( 'NONE',  ( 0.9622342827068747200, -0.0000000000000000000, 0.2722226757336472800 ) ) ;
#1630 = EDGE_CURVE ( 'NONE', #1514, #3399, #3506, .T. ) ;
#1631 = ORIENTED_EDGE ( 'NONE', *, *, #1343, .T. ) ;
#1632 = PLANE ( 'NONE',  #1429 ) ;
#1633 = EDGE_LOOP ( 'NONE', ( #1289, #3329, #2914, #1642, #2721, #909, #1039, #1210, #2649, #1142, #3227, #1714, #894, #687, #1696, #378, #97, #3759, #679, #794, #1649, #3650, #3576, #961, #1045, #682, #3142, #3099, #3212, #3525, #3432, #3166, #3054, #2544, #778, #352, #1219, #553, #1471, #780, #381, #1276, #2844, #3513, #1008, #1106, #2712, #1011, #2386, #2917, #3479, #133 ) ) ;
#1634 = AXIS2_PLACEMENT_3D ( 'NONE', #1258, #2443, #400 ) ;
#1635 = CARTESIAN_POINT ( 'NONE',  ( -2.673844814358453900, 4.500000000000000900, -1.360350656532500500 ) ) ;
#1636 = CARTESIAN_POINT ( 'NONE',  ( 2.419103624469889800, 2.500000000000000400, 0.6147854995368341500 ) ) ;
#1637 = VERTEX_POINT ( 'NONE', #1581 ) ;
#1638 = EDGE_CURVE ( 'NONE', #876, #3439, #2175, .T. ) ;
#1639 = PLANE ( 'NONE',  #607 ) ;
#1640 = DIRECTION ( 'NONE',  ( -0.5000000000000056600, 0.0000000000000000000, -0.8660254037844352700 ) ) ;
#1641 = DIRECTION ( 'NONE',  ( -0.0000000000000000000, 1.000000000000000000, -0.0000000000000000000 ) ) ;
#1642 = ORIENTED_EDGE ( 'NONE', *, *, #1579, .T. ) ;
#1643 = CIRCLE ( 'NONE', #1458, 1.499999999999999800 ) ;
#1644 = FACE_OUTER_BOUND ( 'NONE', #1861, .T. ) ;
#1645 = CARTESIAN_POINT ( 'NONE',  ( 0.0000000000000000000, 2.500000000000000400, 0.0000000000000000000 ) ) ;
#1646 = CYLINDRICAL_SURFACE ( 'NONE', #2710, 1.499999999999999800 ) ;
#1647 = CIRCLE ( 'NONE', #1984, 3.000000000000000000 ) ;
#1648 = EDGE_CURVE ( 'NONE', #59, #2017, #3372, .T. ) ;
#1649 = ORIENTED_EDGE ( 'NONE', *, *, #1801, .T. ) ;
#1650 = CARTESIAN_POINT ( 'NONE',  ( -2.177556471411949500, 2.500000000000000400, -1.219947281720014300 ) ) ;
#1651 = VECTOR ( 'NONE', #1034, 1000.000000000000200 ) ;
#1652 = VECTOR ( 'NONE', #3607, 1000.000000000000200 ) ;
#1653 = VECTOR ( 'NONE', #1111, 1000.000000000000000 ) ;
#1654 = ORIENTED_EDGE ( 'NONE', *, *, #3135, .F. ) ;
#1655 = DIRECTION ( 'NONE',  ( 0.0000000000000000000, 1.000000000000000000, 0.0000000000000000000 ) ) ;
#1656 = FACE_OUTER_BOUND ( 'NONE', #1116, .T. ) ;
#1657 = DIRECTION ( 'NONE',  ( 0.0000000000000000000, 0.0000000000000000000, 1.000000000000000000 ) ) ;
#1658 = DIRECTION ( 'NONE',  ( 0.0000000000000000000, 1.000000000000000000, 0.0000000000000000000 ) ) ;
#1659 = DIRECTION ( 'NONE',  ( 1.620302520203781800E-015, 0.0000000000000000000, -1.000000000000000000 ) ) ;
#1660 = VECTOR ( 'NONE', #737, 1000.000000000000000 ) ;
#1661 = ORIENTED_EDGE ( 'NONE', *, *, #2744, .T. ) ;
#1662 = ORIENTED_EDGE ( 'NONE', *, *, #157, .T. ) ;
#1663 = EDGE_LOOP ( 'NONE', ( #2242, #3193, #2190, #2746, #2342 ) ) ;
#1664 = DIRECTION ( 'NONE',  ( -0.4879118863881974400, 0.0000000000000000000, -0.8728928863962122100 ) ) ;
#1665 = ORIENTED_EDGE ( 'NONE', *, *, #656, .F. ) ;
#1666 = DIRECTION ( 'NONE',  ( 0.0000000000000000000, 0.0000000000000000000, 1.000000000000000000 ) ) ;
#1667 = ORIENTED_EDGE ( 'NONE', *, *, #3040, .T. ) ;
#1668 = EDGE_CURVE ( 'NONE', #367, #548, #2224, .T. ) ;
#1669 = DIRECTION ( 'NONE',  ( 0.0000000000000000000, 0.0000000000000000000, 1.000000000000000000 ) ) ;
#1670 = CARTESIAN_POINT ( 'NONE',  ( 0.4116466139232379800, 2.500000000000000400, 2.971623641251619500 ) ) ;
#1671 = ORIENTED_EDGE ( 'NONE', *, *, #3817, .F. ) ;
#1672 = CARTESIAN_POINT ( 'NONE',  ( 0.9287806260476598700, 2.500000000000000400, 2.852606974099047000 ) ) ;
#1673 = CARTESIAN_POINT ( 'NONE',  ( 2.043729342346068700, 2.500000000000000400, 1.451742668693202700 ) ) ;
#1674 = ORIENTED_EDGE ( 'NONE', *, *, #2383, .T. ) ;
#1675 = EDGE_CURVE ( 'NONE', #76, #2620, #577, .T. ) ;
#1676 = ORIENTED_EDGE ( 'NONE', *, *, #568, .F. ) ;
#1677 = ADVANCED_FACE ( 'NONE', ( #3653 ), #2472, .T. ) ;
#1678 = PLANE ( 'NONE',  #3464 ) ;
#1679 = EDGE_CURVE ( 'NONE', #2776, #2046, #3696, .T. ) ;
#1680 = ORIENTED_EDGE ( 'NONE', *, *, #1123, .T. ) ;
#1681 = FACE_BOUND ( 'NONE', #1324, .T. ) ;
#1682 = CARTESIAN_POINT ( 'NONE',  ( 0.0000000000000000000, 2.500000000000000000, -7.000000000000000000 ) ) ;
#1683 = DIRECTION ( 'NONE',  ( 0.2453653886819195700, 0.0000000000000000000, 0.9694306710832758500 ) ) ;
#1684 = DIRECTION ( 'NONE',  ( 0.0000000000000000000, 1.000000000000000000, 0.0000000000000000000 ) ) ;
#1685 = VECTOR ( 'NONE', #1641, 1000.000000000000000 ) ;
#1686 = CARTESIAN_POINT ( 'NONE',  ( -1.451742668693209800, 2.500000000000000400, 2.043729342346063800 ) ) ;
#1687 = DIRECTION ( 'NONE',  ( 0.2453653886819331100, 0.0000000000000000000, 0.9694306710832725200 ) ) ;
#1688 = AXIS2_PLACEMENT_3D ( 'NONE', #1313, #3490, #1978 ) ;
#1689 = FACE_OUTER_BOUND ( 'NONE', #1399, .T. ) ;
#1690 = CIRCLE ( 'NONE', #574, 1.500000000000000700 ) ;
#1691 = CARTESIAN_POINT ( 'NONE',  ( -2.673844814358454300, 2.500000000000000400, -1.360350656532500800 ) ) ;
#1692 = EDGE_CURVE ( 'NONE', #2762, #3014, #2988, .T. ) ;
#1693 = FACE_OUTER_BOUND ( 'NONE', #3244, .T. ) ;
#1694 = LINE ( 'NONE', #2499, #753 ) ;
#1695 = CARTESIAN_POINT ( 'NONE',  ( -7.000000000000000000, 0.0000000000000000000, 0.0000000000000000000 ) ) ;
#1696 = ORIENTED_EDGE ( 'NONE', *, *, #478, .T. ) ;
#1697 = ADVANCED_FACE ( 'NONE', ( #2566 ), #3138, .T. ) ;
#1698 = LINE ( 'NONE', #2943, #129 ) ;
#1699 = EDGE_CURVE ( 'NONE', #1250, #2216, #2273, .T. ) ;
#1700 = DIRECTION ( 'NONE',  ( 0.0000000000000000000, 1.000000000000000000, 0.0000000000000000000 ) ) ;
#1701 = LINE ( 'NONE', #2639, #2270 ) ;
#1702 = DIRECTION ( 'NONE',  ( 0.0000000000000000000, 0.0000000000000000000, 1.000000000000000000 ) ) ;
#1703 = AXIS2_PLACEMENT_3D ( 'NONE', #2932, #556, #275 ) ;
#1704 = LINE ( 'NONE', #307, #1278 ) ;
#1705 = DIRECTION ( 'NONE',  ( 0.4879118863881944900, -0.0000000000000000000, 0.8728928863962139900 ) ) ;
#1706 = FACE_OUTER_BOUND ( 'NONE', #1518, .T. ) ;
#1707 = ORIENTED_EDGE ( 'NONE', *, *, #735, .F. ) ;
#1708 = ORIENTED_EDGE ( 'NONE', *, *, #3444, .F. ) ;
#1709 = PLANE ( 'NONE',  #2056 ) ;
#1710 = CARTESIAN_POINT ( 'NONE',  ( -0.3714926975399209200, 2.500000000000000400, 2.976910004631398500 ) ) ;
#1711 = EDGE_CURVE ( 'NONE', #1637, #92, #363, .T. ) ;
#1712 = VERTEX_POINT ( 'NONE', #3416 ) ;
#1713 = PRODUCT ( '金属主舵盘', '金属主舵盘', '', ( #3681 ) ) ;
#1714 = ORIENTED_EDGE ( 'NONE', *, *, #579, .T. ) ;
#1715 = ADVANCED_FACE ( 'NONE', ( #1749 ), #1632, .T. ) ;
#1716 = DIRECTION ( 'NONE',  ( 0.8660254037844408200, -0.0000000000000000000, 0.4999999999999962800 ) ) ;
#1717 = ORIENTED_EDGE ( 'NONE', *, *, #3654, .T. ) ;
#1718 = EDGE_CURVE ( 'NONE', #3399, #3348, #3465, .T. ) ;
#1719 = DIRECTION ( 'NONE',  ( -0.0000000000000000000, 1.000000000000000000, -0.0000000000000000000 ) ) ;
#1720 = DIRECTION ( 'NONE',  ( 0.4879118863882035400, 0.0000000000000000000, 0.8728928863962087700 ) ) ;
#1721 = EDGE_LOOP ( 'NONE', ( #2462, #2134, #3338, #1470 ) ) ;
#1722 = EDGE_LOOP ( 'NONE', ( #2387, #3119, #852, #739 ) ) ;
#1723 = CARTESIAN_POINT ( 'NONE',  ( -1.166732888925702700, 4.500000000000000900, -2.763826037560809500 ) ) ;
#1724 = DIRECTION ( 'NONE',  ( 0.0000000000000000000, 0.0000000000000000000, 1.000000000000000000 ) ) ;
#1725 = ORIENTED_EDGE ( 'NONE', *, *, #1599, .F. ) ;
#1726 = AXIS2_PLACEMENT_3D ( 'NONE', #3290, #1748, #581 ) ;
#1727 = DIRECTION ( 'NONE',  ( 0.0000000000000000000, 1.000000000000000000, 0.0000000000000000000 ) ) ;
#1728 = ORIENTED_EDGE ( 'NONE', *, *, #2408, .F. ) ;
#1729 = VECTOR ( 'NONE', #2081, 1000.000000000000000 ) ;
#1730 = EDGE_CURVE ( 'NONE', #1539, #2523, #1323, .T. ) ;
#1731 = CARTESIAN_POINT ( 'NONE',  ( 0.0000000000000000000, 2.500000000000000400, 0.0000000000000000000 ) ) ;
#1732 = CARTESIAN_POINT ( 'NONE',  ( 2.763826037560813500, 2.500000000000000400, -1.166732888925693200 ) ) ;
#1733 = LINE ( 'NONE', #3134, #3811 ) ;
#1734 = ADVANCED_FACE ( 'NONE', ( #1459 ), #704, .T. ) ;
#1735 = LINE ( 'NONE', #761, #3767 ) ;
#1736 = VECTOR ( 'NONE', #47, 1000.000000000000000 ) ;
#1737 = DIRECTION ( 'NONE',  ( 0.0000000000000000000, 1.000000000000000000, 0.0000000000000000000 ) ) ;
#1738 = DIRECTION ( 'NONE',  ( -0.0000000000000000000, -1.000000000000000000, -0.0000000000000000000 ) ) ;
#1739 = ORIENTED_EDGE ( 'NONE', *, *, #3521, .T. ) ;
#1740 = ORIENTED_EDGE ( 'NONE', *, *, #1363, .T. ) ;
#1741 = LINE ( 'NONE', #1155, #3858 ) ;
#1742 = FACE_OUTER_BOUND ( 'NONE', #427, .T. ) ;
#1743 = DIRECTION ( 'NONE',  ( 0.0000000000000000000, 1.000000000000000000, 0.0000000000000000000 ) ) ;
#1744 = EDGE_CURVE ( 'NONE', #1613, #1575, #671, .T. ) ;
#1745 = VECTOR ( 'NONE', #2406, 1000.000000000000000 ) ;
#1746 = ORIENTED_EDGE ( 'NONE', *, *, #994, .F. ) ;
#1747 = ORIENTED_EDGE ( 'NONE', *, *, #2845, .T. ) ;
#1748 = DIRECTION ( 'NONE',  ( -0.0000000000000000000, 1.000000000000000000, 0.0000000000000000000 ) ) ;
#1749 = FACE_OUTER_BOUND ( 'NONE', #3571, .T. ) ;
#1750 = EDGE_CURVE ( 'NONE', #3710, #1863, #3596, .T. ) ;
#1751 = ORIENTED_EDGE ( 'NONE', *, *, #3692, .T. ) ;
#1752 = CARTESIAN_POINT ( 'NONE',  ( -1.810177115705682700, 4.500000000000000900, 2.392333340020879300 ) ) ;
#1753 = CARTESIAN_POINT ( 'NONE',  ( 0.4185977913120052500, 2.500000000000000400, 2.471671962453648500 ) ) ;
#1754 = VECTOR ( 'NONE', #1139, 999.9999999999998900 ) ;
#1755 = ORIENTED_EDGE ( 'NONE', *, *, #196, .T. ) ;
#1756 = ORIENTED_EDGE ( 'NONE', *, *, #2078, .F. ) ;
#1757 = AXIS2_PLACEMENT_3D ( 'NONE', #927, #301, #2422 ) ;
#1758 = ADVANCED_FACE ( 'NONE', ( #1656 ), #745, .T. ) ;
#1759 = DIRECTION ( 'NONE',  ( 0.0000000000000000000, 0.0000000000000000000, 1.000000000000000000 ) ) ;
#1760 = ORIENTED_EDGE ( 'NONE', *, *, #3203, .T. ) ;
#1761 = ORIENTED_EDGE ( 'NONE', *, *, #552, .T. ) ;
#1762 = DIRECTION ( 'NONE',  ( 0.01390235477754139800, 0.0000000000000000000, -0.9999033575959426200 ) ) ;
#1763 = VERTEX_POINT ( 'NONE', #2841 ) ;
#1764 = AXIS2_PLACEMENT_3D ( 'NONE', #3327, #1242, #1548 ) ;
#1765 = ORIENTED_EDGE ( 'NONE', *, *, #3013, .F. ) ;
#1766 = DIRECTION ( 'NONE',  ( 0.2722226757336472200, 0.0000000000000000000, -0.9622342827068746100 ) ) ;
#1767 = CARTESIAN_POINT ( 'NONE',  ( 0.4185977913120052500, 2.500000000000000400, 2.471671962453648500 ) ) ;
#1768 = EDGE_CURVE ( 'NONE', #542, #328, #456, .T. ) ;
#1769 = ORIENTED_EDGE ( 'NONE', *, *, #2394, .T. ) ;
#1770 = DIRECTION ( 'NONE',  ( 0.0000000000000000000, 0.0000000000000000000, 1.000000000000000000 ) ) ;
#1771 = VERTEX_POINT ( 'NONE', #454 ) ;
#1772 = EDGE_CURVE ( 'NONE', #1222, #76, #628, .T. ) ;
#1773 = CARTESIAN_POINT ( 'NONE',  ( -1.787612443409504200, 2.500000000000000400, -1.741971672712163900 ) ) ;
#1774 = ORIENTED_EDGE ( 'NONE', *, *, #1077, .F. ) ;
#1775 = DIRECTION ( 'NONE',  ( 0.2588190451025161300, 0.0000000000000000000, -0.9659258262890695300 ) ) ;
#1776 = CARTESIAN_POINT ( 'NONE',  ( -2.779324870771931800, 2.500000000000000400, -1.129315395586453700 ) ) ;
#1777 = DIRECTION ( 'NONE',  ( 0.0000000000000000000, 1.000000000000000000, 0.0000000000000000000 ) ) ;
#1778 = LINE ( 'NONE', #3321, #2397 ) ;
#1779 = DIRECTION ( 'NONE',  ( -0.9622342827068755000, 0.0000000000000000000, -0.2722226757336438400 ) ) ;
#1780 = CARTESIAN_POINT ( 'NONE',  ( 2.392333340020885900, 2.500000000000000400, 1.810177115705674300 ) ) ;
#1781 = EDGE_CURVE ( 'NONE', #1563, #2145, #2658, .T. ) ;
#1782 = VECTOR ( 'NONE', #1684, 1000.000000000000000 ) ;
#1783 = CIRCLE ( 'NONE', #2828, 3.000000000000000000 ) ;
#1784 = CARTESIAN_POINT ( 'NONE',  ( 1.129315395586463400, 2.500000000000000400, -2.779324870771927800 ) ) ;
#1785 = DIRECTION ( 'NONE',  ( 0.0000000000000000000, 1.000000000000000000, 0.0000000000000000000 ) ) ;
#1786 = VECTOR ( 'NONE', #1541, 999.9999999999998900 ) ;
#1787 = CIRCLE ( 'NONE', #2976, 1.500000000000000200 ) ;
#1788 = EDGE_LOOP ( 'NONE', ( #990, #2240 ) ) ;
#1789 = DIRECTION ( 'NONE',  ( 0.0000000000000000000, 0.0000000000000000000, 1.000000000000000000 ) ) ;
#1790 = CARTESIAN_POINT ( 'NONE',  ( -2.495792863277958200, 2.500000000000000400, 0.03227289845865635700 ) ) ;
#1791 = VERTEX_POINT ( 'NONE', #3716 ) ;
#1792 = VECTOR ( 'NONE', #1152, 1000.000000000000100 ) ;
#1793 = FACE_BOUND ( 'NONE', #2890, .T. ) ;
#1794 = PLANE ( 'NONE',  #489 ) ;
#1795 = UNCERTAINTY_MEASURE_WITH_UNIT (LENGTH_MEASURE( 1.000000000000000100E-005 ), #3144, 'distance_accuracy_value', 'NONE');
#1796 = CARTESIAN_POINT ( 'NONE',  ( 0.6219558703494590900, 2.500000000000000400, -2.934820419606257500 ) ) ;
#1797 = CARTESIAN_POINT ( 'NONE',  ( 2.763826037560813500, 4.500000000000000900, -1.166732888925693200 ) ) ;
#1798 = EDGE_CURVE ( 'NONE', #2429, #3648, #2894, .T. ) ;
#1799 = LINE ( 'NONE', #921, #1183 ) ;
#1800 = DIRECTION ( 'NONE',  ( 0.0000000000000000000, 0.0000000000000000000, 1.000000000000000000 ) ) ;
#1801 = EDGE_CURVE ( 'NONE', #532, #3385, #2800, .T. ) ;
#1802 = LINE ( 'NONE', #1241, #2181 ) ;
#1803 = ORIENTED_EDGE ( 'NONE', *, *, #61, .T. ) ;
#1804 = VERTEX_POINT ( 'NONE', #2906 ) ;
#1805 = DIRECTION ( 'NONE',  ( 1.871178818639351400E-015, -0.0000000000000000000, 1.000000000000000000 ) ) ;
#1806 = DIRECTION ( 'NONE',  ( 0.0000000000000000000, 1.000000000000000000, 0.0000000000000000000 ) ) ;
#1807 = ORIENTED_EDGE ( 'NONE', *, *, #2048, .T. ) ;
#1808 = EDGE_CURVE ( 'NONE', #1490, #3385, #1890, .T. ) ;
#1809 = DIRECTION ( 'NONE',  ( 0.0000000000000000000, 1.000000000000000000, 0.0000000000000000000 ) ) ;
#1810 = DIRECTION ( 'NONE',  ( 0.5119914712077470200, 0.0000000000000000000, -0.8589905316186707800 ) ) ;
#1811 = ORIENTED_EDGE ( 'NONE', *, *, #850, .F. ) ;
#1812 = DIRECTION ( 'NONE',  ( 0.0000000000000000000, 1.000000000000000000, 0.0000000000000000000 ) ) ;
#1813 = DIRECTION ( 'NONE',  ( -0.2453653886819262800, 0.0000000000000000000, -0.9694306710832740800 ) ) ;
#1814 = ORIENTED_EDGE ( 'NONE', *, *, #2362, .F. ) ;
#1815 = ADVANCED_FACE ( 'NONE', ( #1049 ), #1678, .T. ) ;
#1816 = DIRECTION ( 'NONE',  ( 0.0000000000000000000, 1.000000000000000000, 0.0000000000000000000 ) ) ;
#1817 = ORIENTED_EDGE ( 'NONE', *, *, #3403, .T. ) ;
#1818 = EDGE_CURVE ( 'NONE', #973, #2137, #2077, .T. ) ;
#1819 = CARTESIAN_POINT ( 'NONE',  ( 2.495792863277958200, 2.500000000000000400, -0.03227289845865635700 ) ) ;
#1820 = ORIENTED_EDGE ( 'NONE', *, *, #150, .T. ) ;
#1821 = PLANE ( 'NONE',  #3754 ) ;
#1822 = CARTESIAN_POINT ( 'NONE',  ( 1.931231813650609000, 2.500000000000000400, -1.598352302471059500 ) ) ;
#1823 = LINE ( 'NONE', #1845, #3447 ) ;
#1824 = ORIENTED_EDGE ( 'NONE', *, *, #1199, .T. ) ;
#1825 = EDGE_CURVE ( 'NONE', #371, #1582, #1987, .T. ) ;
#1826 = DIRECTION ( 'NONE',  ( 0.0000000000000000000, 1.000000000000000000, 0.0000000000000000000 ) ) ;
#1827 = LINE ( 'NONE', #3226, #1873 ) ;
#1828 = VECTOR ( 'NONE', #1214, 1000.000000000000000 ) ;
#1829 = CARTESIAN_POINT ( 'NONE',  ( -0.8733196599825733300, 4.500000000000000900, 2.349829604962598000 ) ) ;
#1830 = AXIS2_PLACEMENT_3D ( 'NONE', #2206, #1307, #3429 ) ;
#1831 = ORIENTED_EDGE ( 'NONE', *, *, #600, .T. ) ;
#1832 = LINE ( 'NONE', #3735, #2022 ) ;
#1833 = VECTOR ( 'NONE', #2643, 1000.000000000000000 ) ;
#1834 = CARTESIAN_POINT ( 'NONE',  ( -2.471671962453649800, 4.500000000000000900, 0.4185977913119965400 ) ) ;
#1835 = EDGE_CURVE ( 'NONE', #1854, #3792, #407, .T. ) ;
#1836 = ORIENTED_EDGE ( 'NONE', *, *, #3766, .F. ) ;
#1837 = ORIENTED_EDGE ( 'NONE', *, *, #2908, .F. ) ;
#1838 = CIRCLE ( 'NONE', #2366, 3.000000000000000000 ) ;
#1839 = DIRECTION ( 'NONE',  ( 0.8660254037844389300, 0.0000000000000000000, 0.4999999999999993300 ) ) ;
#1840 = DIRECTION ( 'NONE',  ( -0.0000000000000000000, 1.000000000000000000, -0.0000000000000000000 ) ) ;
#1841 = VECTOR ( 'NONE', #2919, 1000.000000000000000 ) ;
#1842 = ORIENTED_EDGE ( 'NONE', *, *, #1081, .F. ) ;
#1843 = EDGE_LOOP ( 'NONE', ( #91, #775, #2859, #2315 ) ) ;
#1844 = VECTOR ( 'NONE', #2630, 1000.000000000000100 ) ;
#1845 = CARTESIAN_POINT ( 'NONE',  ( -2.495792863277957800, 2.500000000000000400, -0.2353813596731267900 ) ) ;
#1846 = CARTESIAN_POINT ( 'NONE',  ( -1.787612443409504200, 2.500000000000000400, -1.741971672712163900 ) ) ;
#1847 = LINE ( 'NONE', #2644, #1754 ) ;
#1849 = ORIENTED_EDGE ( 'NONE', *, *, #1113, .F. ) ;
#1848 = DIRECTION ( 'NONE',  ( 0.8660254037844397100, 0.0000000000000000000, 0.4999999999999980000 ) ) ;
#1850 = VERTEX_POINT ( 'NONE', #3156 ) ;
#1851 = EDGE_CURVE ( 'NONE', #639, #1007, #3275, .T. ) ;
#1852 = DIRECTION ( 'NONE',  ( 0.0000000000000000000, 0.0000000000000000000, 1.000000000000000000 ) ) ;
#1853 = EDGE_LOOP ( 'NONE', ( #2183, #3559, #1203, #1756 ) ) ;
#1854 = VERTEX_POINT ( 'NONE', #1387 ) ;
#1855 = ORIENTED_EDGE ( 'NONE', *, *, #2073, .T. ) ;
#1856 = CARTESIAN_POINT ( 'NONE',  ( -1.275845581557941500, 2.500000000000000400, -2.145283572953280900 ) ) ;
#1857 = CARTESIAN_POINT ( 'NONE',  ( -0.4116466139232172700, 4.500000000000000900, -2.971623641251623000 ) ) ;
#1858 = ORIENTED_EDGE ( 'NONE', *, *, #1503, .T. ) ;
#1859 = EDGE_CURVE ( 'NONE', #3802, #1467, #3741, .T. ) ;
#1860 = CARTESIAN_POINT ( 'NONE',  ( 2.043729342346068700, 2.500000000000000400, 1.451742668693202700 ) ) ;
#1861 = EDGE_LOOP ( 'NONE', ( #1885, #2167, #3154, #95 ) ) ;
#1862 = DIRECTION ( 'NONE',  ( -0.7071067811865400200, 0.0000000000000000000, 0.7071067811865550100 ) ) ;
#1863 = VERTEX_POINT ( 'NONE', #781 ) ;
#1864 = AXIS2_PLACEMENT_3D ( 'NONE', #2653, #2250, #2925 ) ;
#1865 = CARTESIAN_POINT ( 'NONE',  ( 1.275845581557956100, 4.500000000000000900, 2.145283572953271100 ) ) ;
#1866 = CARTESIAN_POINT ( 'NONE',  ( -2.763826037560805500, 4.500000000000000900, 1.166732888925712700 ) ) ;
#1867 = VERTEX_POINT ( 'NONE', #1691 ) ;
#1868 = EDGE_CURVE ( 'NONE', #2137, #1055, #3188, .T. ) ;
#1869 = FACE_OUTER_BOUND ( 'NONE', #2905, .T. ) ;
#1870 = CARTESIAN_POINT ( 'NONE',  ( 0.8733196599825898700, 2.500000000000000400, -2.349829604962592200 ) ) ;
#1871 = CARTESIAN_POINT ( 'NONE',  ( -2.349829604962595300, 2.500000000000000400, -0.8733196599825816500 ) ) ;
#1872 = DIRECTION ( 'NONE',  ( -0.2722226757336540000, 0.0000000000000000000, 0.9622342827068727200 ) ) ;
#1873 = VECTOR ( 'NONE', #1394, 1000.000000000000100 ) ;
#1874 = EDGE_CURVE ( 'NONE', #636, #2046, #2367, .T. ) ;
#1875 = ADVANCED_FACE ( 'NONE', ( #1178 ), #3791, .T. ) ;
#1876 = CARTESIAN_POINT ( 'NONE',  ( 0.0000000000000000000, 4.500000000000000900, 0.0000000000000000000 ) ) ;
#1877 = FACE_OUTER_BOUND ( 'NONE', #1721, .T. ) ;
#1878 = VECTOR ( 'NONE', #3864, 1000.000000000000000 ) ;
#1879 = DIRECTION ( 'NONE',  ( -0.2453653886819262600, 0.0000000000000000000, -0.9694306710832740800 ) ) ;
#1880 = ORIENTED_EDGE ( 'NONE', *, *, #2553, .F. ) ;
#1881 = EDGE_CURVE ( 'NONE', #367, #3195, #2466, .T. ) ;
#1882 = CIRCLE ( 'NONE', #933, 3.000000000000000400 ) ;
#1883 = FACE_OUTER_BOUND ( 'NONE', #1903, .T. ) ;
#1884 = DIRECTION ( 'NONE',  ( 0.8660254037844354900, 0.0000000000000000000, -0.5000000000000056600 ) ) ;
#1885 = ORIENTED_EDGE ( 'NONE', *, *, #2589, .F. ) ;
#1886 = DIRECTION ( 'NONE',  ( 0.0000000000000000000, 1.000000000000000000, 0.0000000000000000000 ) ) ;
#1887 = FACE_OUTER_BOUND ( 'NONE', #3273, .T. ) ;
#1888 = CARTESIAN_POINT ( 'NONE',  ( 2.367678256848715800, 4.500000000000000900, -1.842308245665156700 ) ) ;
#1889 = CARTESIAN_POINT ( 'NONE',  ( 0.6771319517577347700, 2.500000000000000400, 2.402397942946354400 ) ) ;
#1890 = LINE ( 'NONE', #488, #1844 ) ;
#1891 = ORIENTED_EDGE ( 'NONE', *, *, #1491, .T. ) ;
#1892 = LINE ( 'NONE', #1127, #312 ) ;
#1893 = EDGE_CURVE ( 'NONE', #3693, #2216, #2749, .T. ) ;
#1894 = DIRECTION ( 'NONE',  ( -0.6972079953496288500, 0.0000000000000000000, -0.7168688940249478000 ) ) ;
#1895 = DIRECTION ( 'NONE',  ( 0.0000000000000000000, 1.000000000000000000, 0.0000000000000000000 ) ) ;
#1896 = ADVANCED_FACE ( 'NONE', ( #1044 ), #3779, .T. ) ;
#1897 = VECTOR ( 'NONE', #3171, 1000.000000000000000 ) ;
#1898 = ORIENTED_EDGE ( 'NONE', *, *, #3489, .T. ) ;
#1899 = ORIENTED_EDGE ( 'NONE', *, *, #3599, .T. ) ;
#1900 = DIRECTION ( 'NONE',  ( 0.0000000000000000000, 0.0000000000000000000, 1.000000000000000000 ) ) ;
#1901 = CARTESIAN_POINT ( 'NONE',  ( 0.0000000000000000000, 4.500000000000000900, 0.0000000000000000000 ) ) ;
#1902 = EDGE_CURVE ( 'NONE', #39, #3330, #3776, .T. ) ;
#1903 = EDGE_LOOP ( 'NONE', ( #1765, #820, #184, #1412 ) ) ;
#1904 = ORIENTED_EDGE ( 'NONE', *, *, #2211, .F. ) ;
#1905 = DIRECTION ( 'NONE',  ( -0.2453653886819262800, 0.0000000000000000000, -0.9694306710832740800 ) ) ;
#1906 = VERTEX_POINT ( 'NONE', #1355 ) ;
#1907 = DIRECTION ( 'NONE',  ( -0.9694306710832758500, 0.0000000000000000000, 0.2453653886819195700 ) ) ;
#1908 = ORIENTED_EDGE ( 'NONE', *, *, #1630, .F. ) ;
#1909 = CARTESIAN_POINT ( 'NONE',  ( 2.852606974099055400, 2.500000000000000400, -0.9287806260476297900 ) ) ;
#1910 = EDGE_CURVE ( 'NONE', #1483, #3623, #2517, .T. ) ;
#1911 = CARTESIAN_POINT ( 'NONE',  ( -2.279110702019168800, 4.500000000000000900, 1.044050194584748000 ) ) ;
#1912 = EDGE_LOOP ( 'NONE', ( #923, #1381, #647, #1824 ) ) ;
#1913 = SURFACE_STYLE_USAGE ( .BOTH. , #2560 ) ;
#1914 = PLANE ( 'NONE',  #987 ) ;
#1915 = VERTEX_POINT ( 'NONE', #1345 ) ;
#1916 = ADVANCED_FACE ( 'NONE', ( #2029 ), #1122, .T. ) ;
#1917 = CARTESIAN_POINT ( 'NONE',  ( -1.219947281720006800, 4.500000000000000900, 2.177556471411953500 ) ) ;
#1918 = ORIENTED_EDGE ( 'NONE', *, *, #1025, .T. ) ;
#1919 = AXIS2_PLACEMENT_3D ( 'NONE', #2754, #652, #3362 ) ;
#1920 = LINE ( 'NONE', #718, #1306 ) ;
#1921 = DIRECTION ( 'NONE',  ( 0.0000000000000000000, 0.0000000000000000000, 1.000000000000000000 ) ) ;
#1922 = DIRECTION ( 'NONE',  ( -0.6972079953496214100, 0.0000000000000000000, -0.7168688940249551300 ) ) ;
#1923 = CARTESIAN_POINT ( 'NONE',  ( 7.000000000000000000, 0.0000000000000000000, 0.0000000000000000000 ) ) ;
#1924 = EDGE_CURVE ( 'NONE', #1386, #2282, #175, .T. ) ;
#1925 = LINE ( 'NONE', #1231, #119 ) ;
#1926 = PLANE ( 'NONE',  #426 ) ;
#1927 =( NAMED_UNIT ( * ) SI_UNIT ( $, .STERADIAN. ) SOLID_ANGLE_UNIT ( ) );
#1928 = DIRECTION ( 'NONE',  ( -0.9659258262890685300, 0.0000000000000000000, 0.2588190451025197400 ) ) ;
#1929 = ORIENTED_EDGE ( 'NONE', *, *, #812, .T. ) ;
#1930 = CIRCLE ( 'NONE', #878, 3.000000000000000400 ) ;
#1931 = CIRCLE ( 'NONE', #3214, 1.500000000000000400 ) ;
#1932 = AXIS2_PLACEMENT_3D ( 'NONE', #1871, #1534, #3068 ) ;
#1933 = ORIENTED_EDGE ( 'NONE', *, *, #306, .F. ) ;
#1934 = VERTEX_POINT ( 'NONE', #194 ) ;
#1935 = ORIENTED_EDGE ( 'NONE', *, *, #1314, .F. ) ;
#1936 = DIRECTION ( 'NONE',  ( 0.2722226757336439500, 0.0000000000000000000, -0.9622342827068756100 ) ) ;
#1937 = DIRECTION ( 'NONE',  ( 0.0000000000000000000, 1.000000000000000000, 0.0000000000000000000 ) ) ;
#1938 = EDGE_CURVE ( 'NONE', #555, #1386, #130, .T. ) ;
#1940 = CIRCLE ( 'NONE', #3064, 3.000000000000000400 ) ;
#1939 = CARTESIAN_POINT ( 'NONE',  ( -2.763826037560805500, 2.500000000000000400, 1.166732888925712700 ) ) ;
#1941 = ORIENTED_EDGE ( 'NONE', *, *, #3104, .T. ) ;
#1942 = CARTESIAN_POINT ( 'NONE',  ( -1.044050194584740000, 2.500000000000000400, -2.279110702019172800 ) ) ;
#1943 = VECTOR ( 'NONE', #1282, 1000.000000000000000 ) ;
#1944 = CARTESIAN_POINT ( 'NONE',  ( -2.279110702019168800, 4.500000000000000900, 1.044050194584748000 ) ) ;
#1945 = DIRECTION ( 'NONE',  ( -0.2722226757336506100, 0.0000000000000000000, 0.9622342827068737200 ) ) ;
#1946 = LINE ( 'NONE', #3583, #1372 ) ;
#1947 = CARTESIAN_POINT ( 'NONE',  ( 2.971623641251623900, 4.500000000000000900, -0.4116466139232069500 ) ) ;
#1948 = ORIENTED_EDGE ( 'NONE', *, *, #1098, .T. ) ;
#1949 = ORIENTED_EDGE ( 'NONE', *, *, #2774, .T. ) ;
#1950 = AXIS2_PLACEMENT_3D ( 'NONE', #2813, #2166, #3118 ) ;
#1951 = ORIENTED_EDGE ( 'NONE', *, *, #3615, .F. ) ;
#1952 = ORIENTED_EDGE ( 'NONE', *, *, #1216, .F. ) ;
#1953 = EDGE_CURVE ( 'NONE', #1505, #328, #3462, .T. ) ;
#1954 = PLANE ( 'NONE',  #672 ) ;
#1955 = CARTESIAN_POINT ( 'NONE',  ( 0.1588241805672556700, 4.500000000000000900, 2.995792863277956500 ) ) ;
#1956 = CARTESIAN_POINT ( 'NONE',  ( 0.4116466139232379800, 2.500000000000000400, 2.971623641251619500 ) ) ;
#1957 = VERTEX_POINT ( 'NONE', #2968 ) ;
#1958 = DIRECTION ( 'NONE',  ( -8.854141496325618900E-015, 0.0000000000000000000, -1.000000000000000000 ) ) ;
#1959 = DIRECTION ( 'NONE',  ( 0.0000000000000000000, 1.000000000000000000, 0.0000000000000000000 ) ) ;
#1960 = AXIS2_PLACEMENT_3D ( 'NONE', #2416, #879, #324 ) ;
#1961 = ORIENTED_EDGE ( 'NONE', *, *, #1422, .T. ) ;
#1962 = ADVANCED_FACE ( 'NONE', ( #1454 ), #1147, .T. ) ;
#1963 = DIRECTION ( 'NONE',  ( 0.2588190451025231800, -0.0000000000000000000, 0.9659258262890676500 ) ) ;
#1964 = VERTEX_POINT ( 'NONE', #849 ) ;
#1965 = AXIS2_PLACEMENT_3D ( 'NONE', #644, #1200, #2452 ) ;
#1966 = CARTESIAN_POINT ( 'NONE',  ( 1.275845581557956100, 2.500000000000000400, 2.145283572953271100 ) ) ;
#1967 = CARTESIAN_POINT ( 'NONE',  ( 1.741971672712170600, 2.500000000000000400, -1.787612443409498200 ) ) ;
#1968 = VERTEX_POINT ( 'NONE', #3252 ) ;
#1969 = CARTESIAN_POINT ( 'NONE',  ( -0.6771319517577181200, 4.500000000000000900, -2.402397942946359300 ) ) ;
#1970 = ORIENTED_EDGE ( 'NONE', *, *, #646, .F. ) ;
#1971 = SURFACE_STYLE_FILL_AREA ( #2187 ) ;
#1972 = AXIS2_PLACEMENT_3D ( 'NONE', #3620, #326, #1209 ) ;
#1973 = EDGE_CURVE ( 'NONE', #2636, #2838, #2562, .T. ) ;
#1974 = LINE ( 'NONE', #3569, #3216 ) ;
#1975 = CARTESIAN_POINT ( 'NONE',  ( -0.03227289845866507200, 2.500000000000000400, -2.495792863277958200 ) ) ;
#1976 = VECTOR ( 'NONE', #138, 1000.000000000000000 ) ;
#1977 = VECTOR ( 'NONE', #1989, 1000.000000000000000 ) ;
#1978 = DIRECTION ( 'NONE',  ( 0.0000000000000000000, 0.0000000000000000000, 1.000000000000000000 ) ) ;
#1979 = ADVANCED_FACE ( 'NONE', ( #2320 ), #3262, .F. ) ;
#1980 = EDGE_CURVE ( 'NONE', #257, #2286, #1940, .T. ) ;
#1981 = LINE ( 'NONE', #1498, #1170 ) ;
#1982 = VECTOR ( 'NONE', #625, 1000.000000000000000 ) ;
#1983 = ORIENTED_EDGE ( 'NONE', *, *, #1264, .F. ) ;
#1984 = AXIS2_PLACEMENT_3D ( 'NONE', #1731, #2909, #2005 ) ;
#1985 = EDGE_LOOP ( 'NONE', ( #673, #3808, #3614, #3873 ) ) ;
#1986 = CARTESIAN_POINT ( 'NONE',  ( 2.971623641251623900, 2.500000000000000400, -0.4116466139232069500 ) ) ;
#1987 = CIRCLE ( 'NONE', #2981, 3.000000000000000400 ) ;
#1988 = VERTEX_POINT ( 'NONE', #2330 ) ;
#1989 = DIRECTION ( 'NONE',  ( 0.0000000000000000000, 1.000000000000000000, 0.0000000000000000000 ) ) ;
#1990 = DIRECTION ( 'NONE',  ( -0.2588190451025094200, 0.0000000000000000000, 0.9659258262890713100 ) ) ;
#1991 = EDGE_CURVE ( 'NONE', #3286, #1336, #3861, .T. ) ;
#1992 = DIRECTION ( 'NONE',  ( 0.0000000000000000000, 1.000000000000000000, 0.0000000000000000000 ) ) ;
#1993 = VECTOR ( 'NONE', #2347, 1000.000000000000000 ) ;
#1994 = DIRECTION ( 'NONE',  ( 0.0000000000000000000, 1.000000000000000000, 0.0000000000000000000 ) ) ;
#1995 = CARTESIAN_POINT ( 'NONE',  ( 0.0000000000000000000, 0.0000000000000000000, -5.500000000000000000 ) ) ;
#1996 = DIRECTION ( 'NONE',  ( 0.9622342827068737200, 0.0000000000000000000, 0.2722226757336505500 ) ) ;
#1997 = VECTOR ( 'NONE', #2484, 1000.000000000000100 ) ;
#1998 = ORIENTED_EDGE ( 'NONE', *, *, #2788, .T. ) ;
#1999 = ORIENTED_EDGE ( 'NONE', *, *, #419, .T. ) ;
#2000 = ADVANCED_FACE ( 'NONE', ( #668 ), #2677, .T. ) ;
#2001 = CARTESIAN_POINT ( 'NONE',  ( 0.0000000000000000000, 4.500000000000000900, 0.0000000000000000000 ) ) ;
#2002 = AXIS2_PLACEMENT_3D ( 'NONE', #354, #54, #2159 ) ;
#2003 = ORIENTED_EDGE ( 'NONE', *, *, #1422, .F. ) ;
#2004 = EDGE_CURVE ( 'NONE', #182, #2429, #1701, .T. ) ;
#2005 = DIRECTION ( 'NONE',  ( 0.0000000000000000000, 0.0000000000000000000, 1.000000000000000000 ) ) ;
#2006 = DIRECTION ( 'NONE',  ( 0.4999999999999996100, 0.0000000000000000000, 0.8660254037844388200 ) ) ;
#2007 = ORIENTED_EDGE ( 'NONE', *, *, #116, .F. ) ;
#2008 = ORIENTED_EDGE ( 'NONE', *, *, #2535, .T. ) ;
#2009 = DIRECTION ( 'NONE',  ( 0.0000000000000000000, 1.000000000000000000, 0.0000000000000000000 ) ) ;
#2010 = AXIS2_PLACEMENT_3D ( 'NONE', #480, #1936, #3442 ) ;
#2011 = EDGE_LOOP ( 'NONE', ( #2866, #2950, #273, #3048 ) ) ;
#2012 = CARTESIAN_POINT ( 'NONE',  ( -1.275845581557941500, 2.500000000000000400, -2.145283572953280900 ) ) ;
#2013 = EDGE_CURVE ( 'NONE', #422, #3643, #2942, .T. ) ;
#2014 = ORIENTED_EDGE ( 'NONE', *, *, #1462, .F. ) ;
#2015 = DIRECTION ( 'NONE',  ( 0.7071067811865501300, -0.0000000000000000000, 0.7071067811865449100 ) ) ;
#2016 = ADVANCED_FACE ( 'NONE', ( #1507 ), #1413, .F. ) ;
#2017 = VERTEX_POINT ( 'NONE', #3546 ) ;
#2018 = LINE ( 'NONE', #2600, #695 ) ;
#2019 = LINE ( 'NONE', #3175, #1215 ) ;
#2020 = DIRECTION ( 'NONE',  ( -0.0000000000000000000, 1.000000000000000000, -0.0000000000000000000 ) ) ;
#2021 = EDGE_CURVE ( 'NONE', #2762, #371, #1131, .T. ) ;
#2022 = VECTOR ( 'NONE', #3145, 1000.000000000000000 ) ;
#2023 = FACE_OUTER_BOUND ( 'NONE', #1457, .T. ) ;
#2024 = CARTESIAN_POINT ( 'NONE',  ( -2.976910004631395000, 4.500000000000000900, -0.3714926975399520700 ) ) ;
#2025 = ORIENTED_EDGE ( 'NONE', *, *, #1768, .T. ) ;
#2026 = ORIENTED_EDGE ( 'NONE', *, *, #2960, .F. ) ;
#2027 = ORIENTED_EDGE ( 'NONE', *, *, #1851, .T. ) ;
#2028 = AXIS2_PLACEMENT_3D ( 'NONE', #3306, #1207, #2146 ) ;
#2029 = FACE_OUTER_BOUND ( 'NONE', #2467, .T. ) ;
#2030 = CARTESIAN_POINT ( 'NONE',  ( 0.3714926975399416900, 4.500000000000000900, -2.976910004631396300 ) ) ;
#2031 = EDGE_LOOP ( 'NONE', ( #3241, #147, #768, #1053 ) ) ;
#2032 = ORIENTED_EDGE ( 'NONE', *, *, #882, .T. ) ;
#2033 = AXIS2_PLACEMENT_3D ( 'NONE', #2001, #3510, #1666 ) ;
#2034 = ADVANCED_FACE ( 'NONE', ( #899 ), #3310, .T. ) ;
#2035 = VECTOR ( 'NONE', #1294, 1000.000000000000000 ) ;
#2036 = CARTESIAN_POINT ( 'NONE',  ( 0.0000000000000000000, 2.500000000000000400, 0.0000000000000000000 ) ) ;
#2037 = LINE ( 'NONE', #3794, #502 ) ;
#2038 = ORIENTED_EDGE ( 'NONE', *, *, #3203, .F. ) ;
#2039 = ORIENTED_EDGE ( 'NONE', *, *, #1016, .F. ) ;
#2040 = CARTESIAN_POINT ( 'NONE',  ( -1.810177115705682500, 2.500000000000000400, 2.392333340020879300 ) ) ;
#2041 = PLANE ( 'NONE',  #467 ) ;
#2042 = EDGE_CURVE ( 'NONE', #257, #3112, #258, .T. ) ;
#2043 = ORIENTED_EDGE ( 'NONE', *, *, #685, .F. ) ;
#2044 = ORIENTED_EDGE ( 'NONE', *, *, #276, .T. ) ;
#2045 = PLANE ( 'NONE',  #791 ) ;
#2046 = VERTEX_POINT ( 'NONE', #1516 ) ;
#2047 = VERTEX_POINT ( 'NONE', #2141 ) ;
#2048 = EDGE_CURVE ( 'NONE', #2281, #3348, #2122, .T. ) ;
#2049 = DIRECTION ( 'NONE',  ( -0.7071067811865400200, 0.0000000000000000000, 0.7071067811865550100 ) ) ;
#2050 = CARTESIAN_POINT ( 'NONE',  ( -1.787612443409504200, 2.500000000000000400, -1.741971672712163900 ) ) ;
#2051 = ORIENTED_EDGE ( 'NONE', *, *, #2768, .T. ) ;
#2052 = ADVANCED_FACE ( 'NONE', ( #536 ), #345, .F. ) ;
#2053 = DIRECTION ( 'NONE',  ( 0.9999033575959424000, 0.0000000000000000000, 0.01390235477754489400 ) ) ;
#2054 = DIRECTION ( 'NONE',  ( 0.0000000000000000000, 1.000000000000000000, 0.0000000000000000000 ) ) ;
#2055 = ORIENTED_EDGE ( 'NONE', *, *, #3595, .T. ) ;
#2056 = AXIS2_PLACEMENT_3D ( 'NONE', #3818, #774, #219 ) ;
#2057 = LINE ( 'NONE', #2548, #3295 ) ;
#2058 = ORIENTED_EDGE ( 'NONE', *, *, #3114, .T. ) ;
#2059 = EDGE_CURVE ( 'NONE', #3348, #1456, #3085, .T. ) ;
#2060 = DIRECTION ( 'NONE',  ( -0.01390235477753443100, 0.0000000000000000000, 0.9999033575959427300 ) ) ;
#2061 = FACE_OUTER_BOUND ( 'NONE', #3382, .T. ) ;
#2062 = FACE_OUTER_BOUND ( 'NONE', #623, .T. ) ;
#2063 = FACE_OUTER_BOUND ( 'NONE', #2031, .T. ) ;
#2064 = DIRECTION ( 'NONE',  ( -0.0000000000000000000, 1.000000000000000000, -0.0000000000000000000 ) ) ;
#2065 = DIRECTION ( 'NONE',  ( 0.0000000000000000000, 1.000000000000000000, 0.0000000000000000000 ) ) ;
#2066 = CARTESIAN_POINT ( 'NONE',  ( 0.6771319517577347700, 2.500000000000000400, 2.402397942946354400 ) ) ;
#2067 = AXIS2_PLACEMENT_3D ( 'NONE', #2262, #1945, #2561 ) ;
#2068 = VERTEX_POINT ( 'NONE', #3640 ) ;
#2069 = VECTOR ( 'NONE', #3209, 1000.000000000000000 ) ;
#2070 = FACE_OUTER_BOUND ( 'NONE', #2011, .T. ) ;
#2071 = DIRECTION ( 'NONE',  ( 0.4999999999999962800, 0.0000000000000000000, -0.8660254037844408200 ) ) ;
#2072 = DIRECTION ( 'NONE',  ( 0.7071067811865439100, 0.0000000000000000000, -0.7071067811865512400 ) ) ;
#2073 = EDGE_CURVE ( 'NONE', #3530, #2246, #218, .T. ) ;
#2074 = ORIENTED_EDGE ( 'NONE', *, *, #2641, .T. ) ;
#2075 = ORIENTED_EDGE ( 'NONE', *, *, #2700, .T. ) ;
#2076 = DIRECTION ( 'NONE',  ( -0.0000000000000000000, 1.000000000000000000, -0.0000000000000000000 ) ) ;
#2077 = LINE ( 'NONE', #476, #498 ) ;
#2078 = EDGE_CURVE ( 'NONE', #585, #3096, #755, .T. ) ;
#2079 = EDGE_LOOP ( 'NONE', ( #2185, #922, #773, #154 ) ) ;
#2080 = CARTESIAN_POINT ( 'NONE',  ( 1.219947281720022100, 4.500000000000000900, -2.177556471411945100 ) ) ;
#2081 = DIRECTION ( 'NONE',  ( -0.9659258262890658700, 0.0000000000000000000, 0.2588190451025299000 ) ) ;
#2082 = CIRCLE ( 'NONE', #1369, 3.000000000000000400 ) ;
#2083 = EDGE_CURVE ( 'NONE', #3149, #3385, #359, .T. ) ;
#2084 = ADVANCED_BREP_SHAPE_REPRESENTATION ( '金属主舵盘', ( #3782, #2592 ), #1550 ) ;
#2085 = FACE_OUTER_BOUND ( 'NONE', #3430, .T. ) ;
#2087 = ORIENTED_EDGE ( 'NONE', *, *, #870, .T. ) ;
#2086 = CARTESIAN_POINT ( 'NONE',  ( -1.810177115705682500, 2.500000000000000400, 2.392333340020879300 ) ) ;
#2088 = DIRECTION ( 'NONE',  ( -0.4999999999999889000, 0.0000000000000000000, 0.8660254037844450400 ) ) ;
#2089 = ORIENTED_EDGE ( 'NONE', *, *, #1292, .T. ) ;
#2090 = ORIENTED_EDGE ( 'NONE', *, *, #2999, .T. ) ;
#2091 = DIRECTION ( 'NONE',  ( 0.0000000000000000000, 0.0000000000000000000, 1.000000000000000000 ) ) ;
#2092 = EDGE_CURVE ( 'NONE', #3522, #1055, #1611, .T. ) ;
#2093 = ORIENTED_EDGE ( 'NONE', *, *, #3828, .T. ) ;
#2094 = DIRECTION ( 'NONE',  ( -0.9659258262890713100, 0.0000000000000000000, -0.2588190451025094200 ) ) ;
#2095 = DIRECTION ( 'NONE',  ( 0.0000000000000000000, 0.0000000000000000000, 1.000000000000000000 ) ) ;
#2096 = DIRECTION ( 'NONE',  ( -0.7168688940249454700, 0.0000000000000000000, 0.6972079953496312900 ) ) ;
#2097 = ORIENTED_EDGE ( 'NONE', *, *, #472, .F. ) ;
#2098 = EDGE_CURVE ( 'NONE', #1934, #2068, #452, .T. ) ;
#2099 = PLANE ( 'NONE',  #1525 ) ;
#2100 = DIRECTION ( 'NONE',  ( -0.9659258262890708700, 0.0000000000000000000, -0.2588190451025111900 ) ) ;
#2101 = EDGE_LOOP ( 'NONE', ( #1018, #3669, #1849, #2911 ) ) ;
#2102 = FACE_OUTER_BOUND ( 'NONE', #31, .T. ) ;
#2103 = AXIS2_PLACEMENT_3D ( 'NONE', #3670, #1886, #2758 ) ;
#2104 = PLANE ( 'NONE',  #1151 ) ;
#2105 = VERTEX_POINT ( 'NONE', #916 ) ;
#2106 = CYLINDRICAL_SURFACE ( 'NONE', #1540, 9.999999999999998200 ) ;
#2107 = CARTESIAN_POINT ( 'NONE',  ( -0.3714926975399209200, 4.500000000000000900, 2.976910004631398500 ) ) ;
#2108 = CARTESIAN_POINT ( 'NONE',  ( 2.495792863277957800, 4.500000000000000900, 0.2353813596731267900 ) ) ;
#2109 = EDGE_CURVE ( 'NONE', #2650, #269, #3184, .T. ) ;
#2110 = VECTOR ( 'NONE', #1010, 1000.000000000000000 ) ;
#2111 = DIRECTION ( 'NONE',  ( -0.9999033575959427300, 0.0000000000000000000, -0.01390235477753443100 ) ) ;
#2112 = DIRECTION ( 'NONE',  ( 0.0000000000000000000, 1.000000000000000000, 0.0000000000000000000 ) ) ;
#2113 = ORIENTED_EDGE ( 'NONE', *, *, #2883, .T. ) ;
#2114 = VECTOR ( 'NONE', #2228, 1000.000000000000000 ) ;
#2115 = CIRCLE ( 'NONE', #2575, 3.000000000000000000 ) ;
#2116 = ADVANCED_FACE ( 'NONE', ( #2363, #711, #1561, #2985, #2172, #1793 ), #30, .T. ) ;
#2117 = VERTEX_POINT ( 'NONE', #1172 ) ;
#2118 = CARTESIAN_POINT ( 'NONE',  ( 0.0000000000000000000, 4.500000000000000900, 0.0000000000000000000 ) ) ;
#2119 = DIRECTION ( 'NONE',  ( 0.01390235477754145000, 0.0000000000000000000, -0.9999033575959426200 ) ) ;
#2120 = VERTEX_POINT ( 'NONE', #3296 ) ;
#2121 = AXIS2_PLACEMENT_3D ( 'NONE', #936, #1208, #68 ) ;
#2122 = LINE ( 'NONE', #615, #1745 ) ;
#2123 = CARTESIAN_POINT ( 'NONE',  ( 2.367678256848715800, 4.500000000000000900, -1.842308245665156700 ) ) ;
#2124 = ORIENTED_EDGE ( 'NONE', *, *, #535, .F. ) ;
#2125 = CARTESIAN_POINT ( 'NONE',  ( -2.006039793558607600, 2.500000000000000400, 2.230651103749606600 ) ) ;
#2126 = EDGE_CURVE ( 'NONE', #1621, #636, #3231, .T. ) ;
#2127 = ORIENTED_EDGE ( 'NONE', *, *, #2632, .F. ) ;
#2128 = FACE_OUTER_BOUND ( 'NONE', #963, .T. ) ;
#2129 = CARTESIAN_POINT ( 'NONE',  ( -2.419103624469885800, 2.500000000000000400, -0.6147854995368511300 ) ) ;
#2130 = CARTESIAN_POINT ( 'NONE',  ( 1.836970198721030200E-016, 0.0000000000000000000, -1.500000000000000200 ) ) ;
#2131 = ADVANCED_FACE ( 'NONE', ( #3736 ), #1794, .T. ) ;
#2132 = VECTOR ( 'NONE', #1350, 1000.000000000000000 ) ;
#2133 = ORIENTED_EDGE ( 'NONE', *, *, #3354, .T. ) ;
#2134 = ORIENTED_EDGE ( 'NONE', *, *, #1216, .T. ) ;
#2135 = CARTESIAN_POINT ( 'NONE',  ( 0.0000000000000000000, 2.500000000000000000, 0.0000000000000000000 ) ) ;
#2136 = VERTEX_POINT ( 'NONE', #1562 ) ;
#2137 = VERTEX_POINT ( 'NONE', #1290 ) ;
#2138 = EDGE_CURVE ( 'NONE', #2382, #39, #3547, .T. ) ;
#2139 = FILL_AREA_STYLE ('',( #3655 ) ) ;
#2140 = ORIENTED_EDGE ( 'NONE', *, *, #2799, .T. ) ;
#2141 = CARTESIAN_POINT ( 'NONE',  ( 1.635442206745471700, 4.500000000000000900, 2.515020633791202400 ) ) ;
#2142 = DIRECTION ( 'NONE',  ( -0.9622342827068736100, 0.0000000000000000000, -0.2722226757336505500 ) ) ;
#2143 = ORIENTED_EDGE ( 'NONE', *, *, #1243, .F. ) ;
#2144 = DIRECTION ( 'NONE',  ( 0.0000000000000000000, 1.000000000000000000, 0.0000000000000000000 ) ) ;
#2145 = VERTEX_POINT ( 'NONE', #3368 ) ;
#2146 = DIRECTION ( 'NONE',  ( 0.0000000000000000000, 0.0000000000000000000, 1.000000000000000000 ) ) ;
#2147 = CARTESIAN_POINT ( 'NONE',  ( 0.6147854995368595700, 2.500000000000000400, -2.419103624469883600 ) ) ;
#2148 = ORIENTED_EDGE ( 'NONE', *, *, #1808, .F. ) ;
#2149 = DIRECTION ( 'NONE',  ( 0.5119914712077470200, 0.0000000000000000000, -0.8589905316186707800 ) ) ;
#2150 = EDGE_CURVE ( 'NONE', #1968, #1490, #622, .T. ) ;
#2151 = ORIENTED_EDGE ( 'NONE', *, *, #1442, .T. ) ;
#2152 = VERTEX_POINT ( 'NONE', #1253 ) ;
#2153 = DIRECTION ( 'NONE',  ( -0.5000000000000071100, 0.0000000000000000000, -0.8660254037844344900 ) ) ;
#2154 = ORIENTED_EDGE ( 'NONE', *, *, #2811, .T. ) ;
#2155 = AXIS2_PLACEMENT_3D ( 'NONE', #3250, #2064, #2376 ) ;
#2156 = LINE ( 'NONE', #405, #3717 ) ;
#2157 = VECTOR ( 'NONE', #1502, 1000.000000000000000 ) ;
#2158 = CARTESIAN_POINT ( 'NONE',  ( -0.6219558703494383300, 4.500000000000000900, 2.934820419606261100 ) ) ;
#2159 = DIRECTION ( 'NONE',  ( -0.2722226757336540000, 0.0000000000000000000, 0.9622342827068727200 ) ) ;
#2160 = AXIS2_PLACEMENT_3D ( 'NONE', #3093, #74, #3425 ) ;
#2161 = DIRECTION ( 'NONE',  ( 0.0000000000000000000, 1.000000000000000000, 0.0000000000000000000 ) ) ;
#2162 = LINE ( 'NONE', #2243, #1353 ) ;
#2163 = LINE ( 'NONE', #3298, #3539 ) ;
#2164 = DIRECTION ( 'NONE',  ( 0.0000000000000000000, 1.000000000000000000, 0.0000000000000000000 ) ) ;
#2165 = DIRECTION ( 'NONE',  ( -0.9694306710832724100, 0.0000000000000000000, 0.2453653886819330300 ) ) ;
#2166 = DIRECTION ( 'NONE',  ( -0.0000000000000000000, 1.000000000000000000, -0.0000000000000000000 ) ) ;
#2167 = ORIENTED_EDGE ( 'NONE', *, *, #213, .F. ) ;
#2168 = CIRCLE ( 'NONE', #499, 3.000000000000000400 ) ;
#2169 = LINE ( 'NONE', #1262, #2361 ) ;
#2170 = CARTESIAN_POINT ( 'NONE',  ( 0.6147854995368595700, 2.500000000000000400, -2.419103624469883600 ) ) ;
#2171 = AXIS2_PLACEMENT_3D ( 'NONE', #777, #285, #2378 ) ;
#2172 = FACE_BOUND ( 'NONE', #1568, .T. ) ;
#2173 = ORIENTED_EDGE ( 'NONE', *, *, #1679, .F. ) ;
#2174 = EDGE_CURVE ( 'NONE', #254, #2802, #999, .T. ) ;
#2175 = LINE ( 'NONE', #1521, #262 ) ;
#2176 = EDGE_LOOP ( 'NONE', ( #1072, #1239, #1949, #1101 ) ) ;
#2177 = LINE ( 'NONE', #3001, #500 ) ;
#2178 = DIRECTION ( 'NONE',  ( 0.9659258262890675400, 0.0000000000000000000, -0.2588190451025231300 ) ) ;
#2179 = PLANE ( 'NONE',  #3718 ) ;
#2180 = EDGE_CURVE ( 'NONE', #1613, #33, #3647, .T. ) ;
#2181 = VECTOR ( 'NONE', #3095, 1000.000000000000000 ) ;
#2182 = DIRECTION ( 'NONE',  ( -0.0000000000000000000, -1.000000000000000000, -0.0000000000000000000 ) ) ;
#2183 = ORIENTED_EDGE ( 'NONE', *, *, #714, .F. ) ;
#2184 = AXIS2_PLACEMENT_3D ( 'NONE', #2284, #2952, #2623 ) ;
#2185 = ORIENTED_EDGE ( 'NONE', *, *, #2092, .F. ) ;
#2186 = DIRECTION ( 'NONE',  ( 0.0000000000000000000, 1.000000000000000000, 0.0000000000000000000 ) ) ;
#2187 = FILL_AREA_STYLE ('',( #1326 ) ) ;
#2188 = CARTESIAN_POINT ( 'NONE',  ( 0.0000000000000000000, 0.0000000000000000000, 0.0000000000000000000 ) ) ;
#2189 = ORIENTED_EDGE ( 'NONE', *, *, #2292, .F. ) ;
#2190 = ORIENTED_EDGE ( 'NONE', *, *, #1292, .F. ) ;
#2191 = EDGE_CURVE ( 'NONE', #3150, #182, #26, .T. ) ;
#2192 = DIRECTION ( 'NONE',  ( -0.7071067811865536800, 0.0000000000000000000, -0.7071067811865413600 ) ) ;
#2193 = PLANE ( 'NONE',  #3621 ) ;
#2194 = ORIENTED_EDGE ( 'NONE', *, *, #35, .T. ) ;
#2195 = CARTESIAN_POINT ( 'NONE',  ( -1.842308245665165200, 4.500000000000000900, -2.367678256848709600 ) ) ;
#2196 = VERTEX_POINT ( 'NONE', #1240 ) ;
#2197 = AXIS2_PLACEMENT_3D ( 'NONE', #2147, #911, #1249 ) ;
#2198 = DIRECTION ( 'NONE',  ( 0.0000000000000000000, 1.000000000000000000, 0.0000000000000000000 ) ) ;
#2199 = CARTESIAN_POINT ( 'NONE',  ( -2.495792863277958200, 4.500000000000000900, 0.03227289845865635700 ) ) ;
#2200 = EDGE_LOOP ( 'NONE', ( #1026, #3446, #1295, #968 ) ) ;
#2201 = EDGE_CURVE ( 'NONE', #3470, #3550, #1838, .T. ) ;
#2202 = VECTOR ( 'NONE', #1625, 1000.000000000000000 ) ;
#2203 = DIRECTION ( 'NONE',  ( -0.4999999999999902300, 0.0000000000000000000, 0.8660254037844442600 ) ) ;
#2204 = EDGE_LOOP ( 'NONE', ( #465, #2279, #1480, #2586 ) ) ;
#2205 = VECTOR ( 'NONE', #2965, 1000.000000000000000 ) ;
#2206 = CARTESIAN_POINT ( 'NONE',  ( 1.931231813650609000, 2.500000000000000400, -1.598352302471059500 ) ) ;
#2207 = LINE ( 'NONE', #1564, #792 ) ;
#2208 = CARTESIAN_POINT ( 'NONE',  ( -2.367678256848702900, 4.500000000000000900, 1.842308245665173600 ) ) ;
#2209 = CARTESIAN_POINT ( 'NONE',  ( -2.495792863277958200, 2.500000000000000400, 0.03227289845865635700 ) ) ;
#2210 = ORIENTED_EDGE ( 'NONE', *, *, #1588, .F. ) ;
#2211 = EDGE_CURVE ( 'NONE', #1906, #3330, #2607, .T. ) ;
#2212 = FACE_OUTER_BOUND ( 'NONE', #3008, .T. ) ;
#2213 = FACE_OUTER_BOUND ( 'NONE', #1368, .T. ) ;
#2214 = VERTEX_POINT ( 'NONE', #1846 ) ;
#2215 = DIRECTION ( 'NONE',  ( 0.5000000000000026600, -0.0000000000000000000, 0.8660254037844371500 ) ) ;
#2216 = VERTEX_POINT ( 'NONE', #2812 ) ;
#2217 = ORIENTED_EDGE ( 'NONE', *, *, #3341, .F. ) ;
#2218 = DIRECTION ( 'NONE',  ( 0.0000000000000000000, 0.0000000000000000000, 1.000000000000000000 ) ) ;
#2219 = DIRECTION ( 'NONE',  ( 0.0000000000000000000, 0.0000000000000000000, 1.000000000000000000 ) ) ;
#2220 = VECTOR ( 'NONE', #2381, 1000.000000000000000 ) ;
#2221 = ORIENTED_EDGE ( 'NONE', *, *, #3527, .F. ) ;
#2222 = DIRECTION ( 'NONE',  ( 0.9999033575959424000, 0.0000000000000000000, 0.01390235477754486700 ) ) ;
#2223 = VERTEX_POINT ( 'NONE', #374 ) ;
#2224 = LINE ( 'NONE', #635, #2701 ) ;
#2225 = EDGE_CURVE ( 'NONE', #2136, #557, #793, .T. ) ;
#2226 = DIRECTION ( 'NONE',  ( 0.0000000000000000000, 1.000000000000000000, 0.0000000000000000000 ) ) ;
#2227 = SURFACE_SIDE_STYLE ('',( #1971 ) ) ;
#2228 = DIRECTION ( 'NONE',  ( 0.0000000000000000000, 1.000000000000000000, 0.0000000000000000000 ) ) ;
#2229 = ORIENTED_EDGE ( 'NONE', *, *, #2927, .F. ) ;
#2230 = VECTOR ( 'NONE', #670, 1000.000000000000100 ) ;
#2231 = ORIENTED_EDGE ( 'NONE', *, *, #1953, .T. ) ;
#2232 = ORIENTED_EDGE ( 'NONE', *, *, #714, .T. ) ;
#2233 = CARTESIAN_POINT ( 'NONE',  ( 2.976910004631395000, 4.500000000000000900, 0.3714926975399520700 ) ) ;
#2234 = CARTESIAN_POINT ( 'NONE',  ( 1.836970198721030200E-016, 0.0000000000000000000, 5.500000000000000000 ) ) ;
#2235 = EDGE_CURVE ( 'NONE', #422, #2246, #2992, .T. ) ;
#2236 = ORIENTED_EDGE ( 'NONE', *, *, #306, .T. ) ;
#2237 = EDGE_LOOP ( 'NONE', ( #3602, #384, #3841, #3325 ) ) ;
#2238 = ADVANCED_FACE ( 'NONE', ( #3239 ), #3077, .T. ) ;
#2239 = CARTESIAN_POINT ( 'NONE',  ( -2.402397942946356700, 4.500000000000000900, 0.6771319517577263400 ) ) ;
#2240 = ORIENTED_EDGE ( 'NONE', *, *, #1924, .F. ) ;
#2241 = DIRECTION ( 'NONE',  ( 0.2453653886819161500, -0.0000000000000000000, 0.9694306710832767400 ) ) ;
#2242 = ORIENTED_EDGE ( 'NONE', *, *, #2109, .F. ) ;
#2243 = CARTESIAN_POINT ( 'NONE',  ( 2.279110702019175900, 2.500000000000000400, -1.044050194584732000 ) ) ;
#2244 = EDGE_CURVE ( 'NONE', #317, #424, #803, .T. ) ;
#2245 = DIRECTION ( 'NONE',  ( 0.0000000000000000000, 1.000000000000000000, 0.0000000000000000000 ) ) ;
#2246 = VERTEX_POINT ( 'NONE', #3386 ) ;
#2247 = ORIENTED_EDGE ( 'NONE', *, *, #1032, .F. ) ;
#2248 =( LENGTH_UNIT ( ) NAMED_UNIT ( * ) SI_UNIT ( .MILLI., .METRE. ) );
#2249 = CARTESIAN_POINT ( 'NONE',  ( -2.145283572953275500, 2.500000000000000400, 1.275845581557949000 ) ) ;
#2250 = DIRECTION ( 'NONE',  ( 0.0000000000000000000, 1.000000000000000000, 0.0000000000000000000 ) ) ;
#2251 = ORIENTED_EDGE ( 'NONE', *, *, #3480, .T. ) ;
#2252 = ORIENTED_EDGE ( 'NONE', *, *, #3797, .F. ) ;
#2253 = PRODUCT_DEFINITION ( '未知', '', #1440, #2405 ) ;
#2254 = VECTOR ( 'NONE', #626, 1000.000000000000000 ) ;
#2255 = ORIENTED_EDGE ( 'NONE', *, *, #3029, .F. ) ;
#2256 = CARTESIAN_POINT ( 'NONE',  ( 0.4185977913120052500, 4.500000000000000900, 2.471671962453648500 ) ) ;
#2257 = CARTESIAN_POINT ( 'NONE',  ( 2.471671962453652500, 4.500000000000000900, -0.4185977913119793300 ) ) ;
#2258 = DIRECTION ( 'NONE',  ( 0.0000000000000000000, 1.000000000000000000, 0.0000000000000000000 ) ) ;
#2259 = ADVANCED_FACE ( 'NONE', ( #3821 ), #2647, .F. ) ;
#2260 = EDGE_CURVE ( 'NONE', #2145, #859, #3865, .T. ) ;
#2261 = FACE_OUTER_BOUND ( 'NONE', #919, .T. ) ;
#2262 = CARTESIAN_POINT ( 'NONE',  ( 2.976910004631395000, 2.500000000000000400, 0.3714926975399520700 ) ) ;
#2263 = VECTOR ( 'NONE', #2794, 1000.000000000000000 ) ;
#2264 = FACE_OUTER_BOUND ( 'NONE', #3081, .T. ) ;
#2265 = FACE_OUTER_BOUND ( 'NONE', #1430, .T. ) ;
#2266 = CIRCLE ( 'NONE', #166, 3.000000000000000400 ) ;
#2267 = DIRECTION ( 'NONE',  ( -0.7168688940249454700, 0.0000000000000000000, 0.6972079953496312900 ) ) ;
#2268 = DIRECTION ( 'NONE',  ( 0.0000000000000000000, 1.000000000000000000, 0.0000000000000000000 ) ) ;
#2269 = EDGE_CURVE ( 'NONE', #3737, #3470, #674, .T. ) ;
#2270 = VECTOR ( 'NONE', #578, 1000.000000000000000 ) ;
#2271 = ORIENTED_EDGE ( 'NONE', *, *, #2150, .F. ) ;
#2272 = DIRECTION ( 'NONE',  ( 0.0000000000000000000, 1.000000000000000000, 0.0000000000000000000 ) ) ;
#2273 = LINE ( 'NONE', #1947, #308 ) ;
#2274 = DIRECTION ( 'NONE',  ( -0.9659258262890658700, 0.0000000000000000000, 0.2588190451025299000 ) ) ;
#2275 = CARTESIAN_POINT ( 'NONE',  ( 2.495792863277957800, 2.500000000000000400, 0.2353813596731267900 ) ) ;
#2276 = ADVANCED_FACE ( 'NONE', ( #2128 ), #163, .T. ) ;
#2277 = VECTOR ( 'NONE', #2864, 999.9999999999998900 ) ;
#2278 = AXIS2_PLACEMENT_3D ( 'NONE', #24, #3651, #3618 ) ;
#2279 = ORIENTED_EDGE ( 'NONE', *, *, #3413, .F. ) ;
#2280 = VECTOR ( 'NONE', #1577, 1000.000000000000000 ) ;
#2281 = VERTEX_POINT ( 'NONE', #1546 ) ;
#2282 = VERTEX_POINT ( 'NONE', #396 ) ;
#2283 = EDGE_CURVE ( 'NONE', #928, #1539, #2403, .T. ) ;
#2284 = CARTESIAN_POINT ( 'NONE',  ( 0.0000000000000000000, 2.500000000000000400, 0.0000000000000000000 ) ) ;
#2285 = CARTESIAN_POINT ( 'NONE',  ( 7.000000000000000000, 0.0000000000000000000, 0.0000000000000000000 ) ) ;
#2286 = VERTEX_POINT ( 'NONE', #2233 ) ;
#2287 = CARTESIAN_POINT ( 'NONE',  ( 1.598352302471079700, 2.500000000000000400, 1.931231813650592200 ) ) ;
#2288 = EDGE_CURVE ( 'NONE', #225, #337, #1500, .T. ) ;
#2289 = ORIENTED_EDGE ( 'NONE', *, *, #3013, .T. ) ;
#2290 = DIRECTION ( 'NONE',  ( 0.0000000000000000000, 1.000000000000000000, 0.0000000000000000000 ) ) ;
#2291 = EDGE_LOOP ( 'NONE', ( #949, #189, #455, #3023 ) ) ;
#2292 = EDGE_CURVE ( 'NONE', #287, #1957, #3727, .T. ) ;
#2293 = CARTESIAN_POINT ( 'NONE',  ( 1.810177115705699400, 2.500000000000000400, -2.392333340020866800 ) ) ;
#2294 = CARTESIAN_POINT ( 'NONE',  ( 2.279110702019175900, 2.500000000000000400, -1.044050194584732000 ) ) ;
#2295 = ORIENTED_EDGE ( 'NONE', *, *, #727, .T. ) ;
#2296 = ADVANCED_FACE ( 'NONE', ( #1693 ), #1926, .T. ) ;
#2297 = DIRECTION ( 'NONE',  ( -0.2453653886819297000, 0.0000000000000000000, -0.9694306710832733000 ) ) ;
#2298 = PLANE ( 'NONE',  #3497 ) ;
#2299 = EDGE_LOOP ( 'NONE', ( #3109, #2007, #2089, #3567 ) ) ;
#2300 = CIRCLE ( 'NONE', #2893, 3.000000000000000000 ) ;
#2301 = VERTEX_POINT ( 'NONE', #1911 ) ;
#2302 = EDGE_CURVE ( 'NONE', #2706, #2136, #1882, .T. ) ;
#2303 = LINE ( 'NONE', #790, #437 ) ;
#2304 = DIRECTION ( 'NONE',  ( 0.0000000000000000000, 0.0000000000000000000, 1.000000000000000000 ) ) ;
#2305 = DIRECTION ( 'NONE',  ( 0.9694306710832748500, 0.0000000000000000000, -0.2453653886819228400 ) ) ;
#2306 = VECTOR ( 'NONE', #48, 999.9999999999998900 ) ;
#2307 = LINE ( 'NONE', #2125, #2399 ) ;
#2308 = EDGE_CURVE ( 'NONE', #2986, #422, #1085, .T. ) ;
#2309 = CARTESIAN_POINT ( 'NONE',  ( 2.495792863277958200, 2.500000000000000400, -0.03227289845865635700 ) ) ;
#2310 = ORIENTED_EDGE ( 'NONE', *, *, #3110, .T. ) ;
#2311 = VECTOR ( 'NONE', #3163, 999.9999999999998900 ) ;
#2312 = FACE_OUTER_BOUND ( 'NONE', #3533, .T. ) ;
#2313 = CARTESIAN_POINT ( 'NONE',  ( 2.495792863277957800, 2.500000000000000400, 0.2353813596731267900 ) ) ;
#2314 = ORIENTED_EDGE ( 'NONE', *, *, #1571, .T. ) ;
#2315 = ORIENTED_EDGE ( 'NONE', *, *, #2500, .T. ) ;
#2316 = AXIS2_PLACEMENT_3D ( 'NONE', #2771, #688, #956 ) ;
#2317 = ADVANCED_FACE ( 'NONE', ( #2212 ), #3690, .F. ) ;
#2318 = ORIENTED_EDGE ( 'NONE', *, *, #3289, .F. ) ;
#2319 = DIRECTION ( 'NONE',  ( 0.0000000000000000000, 1.000000000000000000, 0.0000000000000000000 ) ) ;
#2320 = FACE_OUTER_BOUND ( 'NONE', #1523, .T. ) ;
#2321 = ORIENTED_EDGE ( 'NONE', *, *, #690, .T. ) ;
#2322 = ORIENTED_EDGE ( 'NONE', *, *, #2436, .T. ) ;
#2323 = CARTESIAN_POINT ( 'NONE',  ( 2.279110702019175900, 4.500000000000000900, -1.044050194584732000 ) ) ;
#2324 = EDGE_CURVE ( 'NONE', #3377, #3249, #211, .T. ) ;
#2325 = FACE_OUTER_BOUND ( 'NONE', #3749, .T. ) ;
#2326 = DIRECTION ( 'NONE',  ( 0.0000000000000000000, 1.000000000000000000, 0.0000000000000000000 ) ) ;
#2327 = VECTOR ( 'NONE', #411, 1000.000000000000000 ) ;
#2328 = VERTEX_POINT ( 'NONE', #3481 ) ;
#2329 = ORIENTED_EDGE ( 'NONE', *, *, #776, .F. ) ;
#2330 = CARTESIAN_POINT ( 'NONE',  ( -2.402397942946356700, 2.500000000000000400, 0.6771319517577263400 ) ) ;
#2331 = AXIS2_PLACEMENT_3D ( 'NONE', #3380, #1816, #3037 ) ;
#2332 = ORIENTED_EDGE ( 'NONE', *, *, #2768, .F. ) ;
#2333 = ORIENTED_EDGE ( 'NONE', *, *, #818, .T. ) ;
#2334 = EDGE_CURVE ( 'NONE', #3198, #2533, #1268, .T. ) ;
#2335 = DIRECTION ( 'NONE',  ( -0.7168688940249454700, 0.0000000000000000000, 0.6972079953496312900 ) ) ;
#2336 = DIRECTION ( 'NONE',  ( 0.0000000000000000000, 0.0000000000000000000, 1.000000000000000000 ) ) ;
#2337 = EDGE_LOOP ( 'NONE', ( #3449, #3101, #1076, #858 ) ) ;
#2338 = ADVANCED_FACE ( 'NONE', ( #123 ), #1614, .F. ) ;
#2339 = EDGE_LOOP ( 'NONE', ( #1229, #2373, #1133, #1478 ) ) ;
#2340 = CARTESIAN_POINT ( 'NONE',  ( 1.836970198721030200E-016, 0.0000000000000000000, -1.500000000000000200 ) ) ;
#2341 = DIRECTION ( 'NONE',  ( -0.8589905316186724500, 0.0000000000000000000, -0.5119914712077442400 ) ) ;
#2342 = ORIENTED_EDGE ( 'NONE', *, *, #234, .F. ) ;
#2343 = DIRECTION ( 'NONE',  ( 0.0000000000000000000, 1.000000000000000000, 0.0000000000000000000 ) ) ;
#2344 = EDGE_CURVE ( 'NONE', #3882, #725, #1452, .T. ) ;
#2345 = ORIENTED_EDGE ( 'NONE', *, *, #2821, .F. ) ;
#2346 = PLANE ( 'NONE',  #1726 ) ;
#2347 = DIRECTION ( 'NONE',  ( 0.0000000000000000000, 1.000000000000000000, 0.0000000000000000000 ) ) ;
#2348 = ORIENTED_EDGE ( 'NONE', *, *, #501, .F. ) ;
#2349 = LINE ( 'NONE', #1574, #1544 ) ;
#2350 = DIRECTION ( 'NONE',  ( 0.0000000000000000000, 0.0000000000000000000, 1.000000000000000000 ) ) ;
#2351 = DIRECTION ( 'NONE',  ( 0.5000000000000010000, 0.0000000000000000000, 0.8660254037844380400 ) ) ;
#2352 = AXIS2_PLACEMENT_3D ( 'NONE', #2249, #1087, #1384 ) ;
#2353 = FACE_OUTER_BOUND ( 'NONE', #3666, .T. ) ;
#2354 = ADVANCED_FACE ( 'NONE', ( #3082 ), #1639, .F. ) ;
#2355 = EDGE_CURVE ( 'NONE', #2650, #3417, #2888, .T. ) ;
#2356 = LINE ( 'NONE', #924, #1220 ) ;
#2357 = LINE ( 'NONE', #1537, #2840 ) ;
#2358 = DIRECTION ( 'NONE',  ( 0.0000000000000000000, 1.000000000000000000, 0.0000000000000000000 ) ) ;
#2359 = DIRECTION ( 'NONE',  ( -0.9622342827068766100, 0.0000000000000000000, -0.2722226757336405600 ) ) ;
#2360 = LINE ( 'NONE', #1686, #2069 ) ;
#2361 = VECTOR ( 'NONE', #1573, 1000.000000000000000 ) ;
#2362 = EDGE_CURVE ( 'NONE', #2708, #235, #3588, .T. ) ;
#2363 = FACE_OUTER_BOUND ( 'NONE', #2475, .T. ) ;
#2364 = PLANE ( 'NONE',  #1260 ) ;
#2365 = ORIENTED_EDGE ( 'NONE', *, *, #3599, .F. ) ;
#2366 = AXIS2_PLACEMENT_3D ( 'NONE', #1589, #969, #2192 ) ;
#2367 = LINE ( 'NONE', #2879, #854 ) ;
#2368 = DIRECTION ( 'NONE',  ( -0.5119914712077532300, 0.0000000000000000000, 0.8589905316186672300 ) ) ;
#2369 = LINE ( 'NONE', #36, #221 ) ;
#2370 = EDGE_LOOP ( 'NONE', ( #1820, #713 ) ) ;
#2371 = DIRECTION ( 'NONE',  ( 0.7071067811865476800, 0.0000000000000000000, 0.7071067811865474600 ) ) ;
#2372 = PLANE ( 'NONE',  #3609 ) ;
#2373 = ORIENTED_EDGE ( 'NONE', *, *, #1123, .F. ) ;
#2374 = ORIENTED_EDGE ( 'NONE', *, *, #2098, .T. ) ;
#2375 = AXIS2_PLACEMENT_3D ( 'NONE', #341, #1806, #2435 ) ;
#2376 = DIRECTION ( 'NONE',  ( 0.0000000000000000000, 0.0000000000000000000, 1.000000000000000000 ) ) ;
#2377 = CARTESIAN_POINT ( 'NONE',  ( 0.0000000000000000000, 2.500000000000000400, 0.0000000000000000000 ) ) ;
#2378 = DIRECTION ( 'NONE',  ( 0.8660254037844363800, 0.0000000000000000000, -0.5000000000000041100 ) ) ;
#2379 = EDGE_LOOP ( 'NONE', ( #715, #402, #1154, #689 ) ) ;
#2380 = EDGE_CURVE ( 'NONE', #2534, #2047, #796, .T. ) ;
#2381 = DIRECTION ( 'NONE',  ( 0.0000000000000000000, 1.000000000000000000, 0.0000000000000000000 ) ) ;
#2382 = VERTEX_POINT ( 'NONE', #2980 ) ;
#2383 = EDGE_CURVE ( 'NONE', #732, #2068, #2558, .T. ) ;
#2384 = CARTESIAN_POINT ( 'NONE',  ( 0.0000000000000000000, 4.500000000000000900, 0.0000000000000000000 ) ) ;
#2385 = DIRECTION ( 'NONE',  ( 0.0000000000000000000, 0.0000000000000000000, 1.000000000000000000 ) ) ;
#2386 = ORIENTED_EDGE ( 'NONE', *, *, #2235, .T. ) ;
#2387 = ORIENTED_EDGE ( 'NONE', *, *, #839, .F. ) ;
#2388 = AXIS2_PLACEMENT_3D ( 'NONE', #2656, #1465, #2961 ) ;
#2389 = DIRECTION ( 'NONE',  ( 0.0000000000000000000, 1.000000000000000000, 0.0000000000000000000 ) ) ;
#2390 = DIRECTION ( 'NONE',  ( -0.9694306710832767400, -0.0000000000000000000, 0.2453653886819161500 ) ) ;
#2391 = ORIENTED_EDGE ( 'NONE', *, *, #1699, .T. ) ;
#2392 = PLANE ( 'NONE',  #3824 ) ;
#2393 = CIRCLE ( 'NONE', #2278, 9.999999999999998200 ) ;
#2394 = EDGE_CURVE ( 'NONE', #2626, #2328, #3772, .T. ) ;
#2395 = DIRECTION ( 'NONE',  ( -0.5000000000000087700, 0.0000000000000000000, -0.8660254037844337100 ) ) ;
#2396 = CARTESIAN_POINT ( 'NONE',  ( 0.0000000000000000000, 2.500000000000000400, 0.0000000000000000000 ) ) ;
#2397 = VECTOR ( 'NONE', #7, 1000.000000000000000 ) ;
#2398 = LINE ( 'NONE', #1822, #1351 ) ;
#2399 = VECTOR ( 'NONE', #330, 1000.000000000000000 ) ;
#2400 = CARTESIAN_POINT ( 'NONE',  ( 0.0000000000000000000, 2.500000000000000400, 0.0000000000000000000 ) ) ;
#2401 = CARTESIAN_POINT ( 'NONE',  ( 1.931231813650609000, 4.500000000000000900, -1.598352302471059500 ) ) ;
#2402 = CARTESIAN_POINT ( 'NONE',  ( 0.0000000000000000000, 4.500000000000000900, 0.0000000000000000000 ) ) ;
#2403 = LINE ( 'NONE', #1650, #3363 ) ;
#2404 = LINE ( 'NONE', #1069, #2793 ) ;
#2405 = PRODUCT_DEFINITION_CONTEXT ( 'detailed design', #57, 'design' ) ;
#2406 = DIRECTION ( 'NONE',  ( -0.7071067811865400200, 0.0000000000000000000, 0.7071067811865550100 ) ) ;
#2407 = DIRECTION ( 'NONE',  ( -0.8728928863962173200, 0.0000000000000000000, 0.4879118863881883300 ) ) ;
#2408 = EDGE_CURVE ( 'NONE', #2842, #3518, #2508, .T. ) ;
#2409 = VERTEX_POINT ( 'NONE', #2674 ) ;
#2410 = ORIENTED_EDGE ( 'NONE', *, *, #1668, .F. ) ;
#2411 = ORIENTED_EDGE ( 'NONE', *, *, #2455, .T. ) ;
#2412 = CARTESIAN_POINT ( 'NONE',  ( 0.0000000000000000000, 2.500000000000000400, 0.0000000000000000000 ) ) ;
#2413 = ADVANCED_FACE ( 'NONE', ( #2606 ), #1364, .T. ) ;
#2414 = VECTOR ( 'NONE', #3860, 1000.000000000000000 ) ;
#2415 = ORIENTED_EDGE ( 'NONE', *, *, #1902, .F. ) ;
#2416 = CARTESIAN_POINT ( 'NONE',  ( 0.0000000000000000000, 2.500000000000000400, 0.0000000000000000000 ) ) ;
#2417 = CARTESIAN_POINT ( 'NONE',  ( 0.0000000000000000000, 2.500000000000000400, 0.0000000000000000000 ) ) ;
#2419 = LINE ( 'NONE', #2801, #3090 ) ;
#2418 = DIRECTION ( 'NONE',  ( 0.8589905316186708900, -0.0000000000000000000, 0.5119914712077471300 ) ) ;
#2420 = ORIENTED_EDGE ( 'NONE', *, *, #1623, .T. ) ;
#2421 = EDGE_CURVE ( 'NONE', #557, #725, #1406, .T. ) ;
#2422 = DIRECTION ( 'NONE',  ( -0.2453653886819262600, 0.0000000000000000000, -0.9694306710832740800 ) ) ;
#2423 = LINE ( 'NONE', #103, #314 ) ;
#2424 = CARTESIAN_POINT ( 'NONE',  ( 2.402397942946360700, 4.500000000000000900, -0.6771319517577096800 ) ) ;
#2426 = ORIENTED_EDGE ( 'NONE', *, *, #3757, .F. ) ;
#2425 = DIRECTION ( 'NONE',  ( 0.9999033575959426200, -0.0000000000000000000, 0.01390235477754145200 ) ) ;
#2427 = VERTEX_POINT ( 'NONE', #1393 ) ;
#2428 = CARTESIAN_POINT ( 'NONE',  ( 0.0000000000000000000, 2.500000000000000400, 0.0000000000000000000 ) ) ;
#2429 = VERTEX_POINT ( 'NONE', #1169 ) ;
#2430 = ORIENTED_EDGE ( 'NONE', *, *, #1503, .F. ) ;
#2431 = AXIS2_PLACEMENT_3D ( 'NONE', #917, #2425, #942 ) ;
#2432 = ORIENTED_EDGE ( 'NONE', *, *, #1991, .F. ) ;
#2433 = CARTESIAN_POINT ( 'NONE',  ( 0.2353813596731180700, 2.500000000000000400, -2.495792863277958700 ) ) ;
#2434 = CARTESIAN_POINT ( 'NONE',  ( 0.2353813596731180700, 2.500000000000000400, -2.495792863277958700 ) ) ;
#2435 = DIRECTION ( 'NONE',  ( -1.000000000000000000, 0.0000000000000000000, 1.047444401652940000E-014 ) ) ;
#2436 = EDGE_CURVE ( 'NONE', #1193, #2196, #2982, .T. ) ;
#2437 = ORIENTED_EDGE ( 'NONE', *, *, #2688, .T. ) ;
#2438 = DIRECTION ( 'NONE',  ( 0.4999999999999949500, 0.0000000000000000000, -0.8660254037844415900 ) ) ;
#2439 = CARTESIAN_POINT ( 'NONE',  ( -2.471671962453649800, 4.500000000000000900, 0.4185977913119965400 ) ) ;
#2440 = ORIENTED_EDGE ( 'NONE', *, *, #1902, .T. ) ;
#2441 = AXIS2_PLACEMENT_3D ( 'NONE', #2400, #6, #309 ) ;
#2442 = DIRECTION ( 'NONE',  ( 0.2722226757336506100, 0.0000000000000000000, -0.9622342827068737200 ) ) ;
#2443 = DIRECTION ( 'NONE',  ( 0.0000000000000000000, 1.000000000000000000, 0.0000000000000000000 ) ) ;
#2444 = ORIENTED_EDGE ( 'NONE', *, *, #358, .F. ) ;
#2445 = COLOUR_RGB ( '',1.000000000000000000, 1.000000000000000000, 1.000000000000000000 ) ;
#2446 = DIRECTION ( 'NONE',  ( 0.0000000000000000000, 0.0000000000000000000, 1.000000000000000000 ) ) ;
#2447 = AXIS2_PLACEMENT_3D ( 'NONE', #3755, #1321, #2526 ) ;
#2448 = PLANE ( 'NONE',  #2375 ) ;
#2449 = ORIENTED_EDGE ( 'NONE', *, *, #818, .F. ) ;
#2450 = VECTOR ( 'NONE', #767, 999.9999999999998900 ) ;
#2451 = PLANE ( 'NONE',  #3158 ) ;
#2452 = DIRECTION ( 'NONE',  ( 0.0000000000000000000, 0.0000000000000000000, 1.000000000000000000 ) ) ;
#2453 = PLANE ( 'NONE',  #719 ) ;
#2454 = CARTESIAN_POINT ( 'NONE',  ( -0.6219558703494384400, 2.500000000000000400, 2.934820419606261900 ) ) ;
#2455 = EDGE_CURVE ( 'NONE', #3744, #2409, #752, .T. ) ;
#2456 = FACE_OUTER_BOUND ( 'NONE', #2176, .T. ) ;
#2457 = CARTESIAN_POINT ( 'NONE',  ( 1.836970198721029900E-016, 0.0000000000000000000, -8.500000000000000000 ) ) ;
#2458 = FACE_OUTER_BOUND ( 'NONE', #2101, .T. ) ;
#2459 = LINE ( 'NONE', #1114, #3076 ) ;
#2460 = ORIENTED_EDGE ( 'NONE', *, *, #2874, .T. ) ;
#2461 = CARTESIAN_POINT ( 'NONE',  ( -2.971623641251621300, 2.500000000000000400, 0.4116466139232275400 ) ) ;
#2462 = ORIENTED_EDGE ( 'NONE', *, *, #549, .F. ) ;
#2463 = FACE_OUTER_BOUND ( 'NONE', #55, .T. ) ;
#2464 = LINE ( 'NONE', #3005, #1982 ) ;
#2465 = PLANE ( 'NONE',  #563 ) ;
#2466 = LINE ( 'NONE', #2012, #2654 ) ;
#2467 = EDGE_LOOP ( 'NONE', ( #2666, #801, #388, #1674 ) ) ;
#2468 = DIRECTION ( 'NONE',  ( 0.0000000000000000000, 1.000000000000000000, 0.0000000000000000000 ) ) ;
#2469 = CARTESIAN_POINT ( 'NONE',  ( -1.275845581557941500, 4.500000000000000900, -2.145283572953280900 ) ) ;
#2470 = EDGE_CURVE ( 'NONE', #3096, #2521, #3414, .T. ) ;
#2471 = VECTOR ( 'NONE', #1566, 1000.000000000000000 ) ;
#2472 = PLANE ( 'NONE',  #42 ) ;
#2473 = AXIS2_PLACEMENT_3D ( 'NONE', #630, #901, #2716 ) ;
#2474 = VECTOR ( 'NONE', #1720, 1000.000000000000100 ) ;
#2475 = EDGE_LOOP ( 'NONE', ( #2527, #3160 ) ) ;
#2476 = ORIENTED_EDGE ( 'NONE', *, *, #2355, .T. ) ;
#2477 = DIRECTION ( 'NONE',  ( 0.0000000000000000000, 0.0000000000000000000, 1.000000000000000000 ) ) ;
#2478 = DIRECTION ( 'NONE',  ( -0.9622342827068755000, 0.0000000000000000000, -0.2722226757336438400 ) ) ;
#2479 = CARTESIAN_POINT ( 'NONE',  ( 0.0000000000000000000, 4.500000000000000900, -4.400000000000000400 ) ) ;
#2480 = ORIENTED_EDGE ( 'NONE', *, *, #1772, .T. ) ;
#2481 = VERTEX_POINT ( 'NONE', #3222 ) ;
#2482 = VERTEX_POINT ( 'NONE', #508 ) ;
#2483 = EDGE_CURVE ( 'NONE', #1771, #1804, #847, .T. ) ;
#2484 = DIRECTION ( 'NONE',  ( 0.9622342827068736100, -0.0000000000000000000, 0.2722226757336505500 ) ) ;
#2485 = ORIENTED_EDGE ( 'NONE', *, *, #2083, .T. ) ;
#2486 = VERTEX_POINT ( 'NONE', #3285 ) ;
#2487 = AXIS2_PLACEMENT_3D ( 'NONE', #442, #2531, #2542 ) ;
#2488 = DIRECTION ( 'NONE',  ( -0.9999033575959426200, 0.0000000000000000000, -0.01390235477753795800 ) ) ;
#2489 = CARTESIAN_POINT ( 'NONE',  ( -1.275845581557941500, 2.500000000000000400, -2.145283572953280900 ) ) ;
#2490 = ORIENTED_EDGE ( 'NONE', *, *, #196, .F. ) ;
#2491 = DIRECTION ( 'NONE',  ( 0.0000000000000000000, 0.0000000000000000000, 1.000000000000000000 ) ) ;
#2492 = EDGE_CURVE ( 'NONE', #225, #1145, #1741, .T. ) ;
#2493 = ORIENTED_EDGE ( 'NONE', *, *, #1135, .T. ) ;
#2494 = DIRECTION ( 'NONE',  ( 0.0000000000000000000, 1.000000000000000000, 0.0000000000000000000 ) ) ;
#2495 = EDGE_LOOP ( 'NONE', ( #3328, #2124, #861, #1102 ) ) ;
#2496 = CARTESIAN_POINT ( 'NONE',  ( 1.836970198721029900E-016, 2.500000000000000000, -8.500000000000000000 ) ) ;
#2497 = VECTOR ( 'NONE', #2478, 1000.000000000000100 ) ;
#2498 = VECTOR ( 'NONE', #1482, 1000.000000000000000 ) ;
#2499 = CARTESIAN_POINT ( 'NONE',  ( -0.8733196599825733300, 2.500000000000000400, 2.349829604962598000 ) ) ;
#2500 = EDGE_CURVE ( 'NONE', #3207, #3762, #944, .T. ) ;
#2501 = DIRECTION ( 'NONE',  ( -0.0000000000000000000, -1.000000000000000000, -0.0000000000000000000 ) ) ;
#2502 = FACE_OUTER_BOUND ( 'NONE', #3360, .T. ) ;
#2503 = VECTOR ( 'NONE', #3644, 1000.000000000000000 ) ;
#2504 = CARTESIAN_POINT ( 'NONE',  ( 2.495792863277958200, 4.500000000000000900, -0.03227289845865635700 ) ) ;
#2505 = CARTESIAN_POINT ( 'NONE',  ( -0.6147854995368424700, 2.500000000000000400, 2.419103624469888000 ) ) ;
#2506 = DIRECTION ( 'NONE',  ( -0.8589905316186724500, 0.0000000000000000000, -0.5119914712077442400 ) ) ;
#2507 = VERTEX_POINT ( 'NONE', #789 ) ;
#2508 = LINE ( 'NONE', #222, #3815 ) ;
#2509 = LINE ( 'NONE', #1608, #571 ) ;
#2510 = CARTESIAN_POINT ( 'NONE',  ( 0.6771319517577347700, 2.500000000000000400, 2.402397942946354400 ) ) ;
#2511 = AXIS2_PLACEMENT_3D ( 'NONE', #125, #392, #3396 ) ;
#2512 = ORIENTED_EDGE ( 'NONE', *, *, #3324, .T. ) ;
#2513 = CIRCLE ( 'NONE', #3390, 1.500000000000000400 ) ;
#2514 = EDGE_CURVE ( 'NONE', #649, #3417, #892, .T. ) ;
#2515 = DIRECTION ( 'NONE',  ( -0.5119914712077411300, 0.0000000000000000000, 0.8589905316186743400 ) ) ;
#2517 = LINE ( 'NONE', #1064, #2220 ) ;
#2516 = DIRECTION ( 'NONE',  ( -0.5000000000000055500, 0.0000000000000000000, -0.8660254037844353800 ) ) ;
#2518 = FACE_OUTER_BOUND ( 'NONE', #475, .T. ) ;
#2519 = CARTESIAN_POINT ( 'NONE',  ( -2.349829604962595300, 2.500000000000000400, -0.8733196599825816500 ) ) ;
#2520 = EDGE_CURVE ( 'NONE', #543, #233, #2360, .T. ) ;
#2521 = VERTEX_POINT ( 'NONE', #3505 ) ;
#2522 = DIRECTION ( 'NONE',  ( -0.4999999999999993300, 0.0000000000000000000, 0.8660254037844390400 ) ) ;
#2523 = VERTEX_POINT ( 'NONE', #3798 ) ;
#2524 = ADVANCED_FACE ( 'NONE', ( #2265 ), #765, .T. ) ;
#2525 = CIRCLE ( 'NONE', #2878, 3.000000000000000000 ) ;
#2526 = DIRECTION ( 'NONE',  ( -0.8728928863962173200, 0.0000000000000000000, 0.4879118863881883300 ) ) ;
#2527 = ORIENTED_EDGE ( 'NONE', *, *, #213, .T. ) ;
#2528 = ORIENTED_EDGE ( 'NONE', *, *, #3218, .T. ) ;
#2529 = EDGE_LOOP ( 'NONE', ( #1015, #2093 ) ) ;
#2530 = DIRECTION ( 'NONE',  ( -0.0000000000000000000, 1.000000000000000000, -0.0000000000000000000 ) ) ;
#2531 = DIRECTION ( 'NONE',  ( 0.0000000000000000000, 1.000000000000000000, 0.0000000000000000000 ) ) ;
#2532 = CARTESIAN_POINT ( 'NONE',  ( -0.1588241805672347400, 2.500000000000000400, -2.995792863277958200 ) ) ;
#2533 = VERTEX_POINT ( 'NONE', #3347 ) ;
#2534 = VERTEX_POINT ( 'NONE', #3636 ) ;
#2535 = EDGE_CURVE ( 'NONE', #543, #3648, #3268, .T. ) ;
#2536 = DIRECTION ( 'NONE',  ( -1.000000000000000000, 0.0000000000000000000, 8.854141496325618900E-015 ) ) ;
#2537 = PLANE ( 'NONE',  #3178 ) ;
#2538 = ORIENTED_EDGE ( 'NONE', *, *, #3424, .T. ) ;
#2539 = DIRECTION ( 'NONE',  ( 0.4879118863881913300, 0.0000000000000000000, 0.8728928863962155400 ) ) ;
#2540 = VERTEX_POINT ( 'NONE', #3022 ) ;
#2541 = AXIS2_PLACEMENT_3D ( 'NONE', #1901, #3684, #971 ) ;
#2542 = DIRECTION ( 'NONE',  ( 0.0000000000000000000, 0.0000000000000000000, 1.000000000000000000 ) ) ;
#2543 = DIRECTION ( 'NONE',  ( 0.7071067811865487900, 0.0000000000000000000, 0.7071067811865463500 ) ) ;
#2544 = ORIENTED_EDGE ( 'NONE', *, *, #2788, .F. ) ;
#2545 = EDGE_CURVE ( 'NONE', #823, #3862, #1981, .T. ) ;
#2546 = CARTESIAN_POINT ( 'NONE',  ( -2.145283572953275500, 4.500000000000000900, 1.275845581557949000 ) ) ;
#2547 = CARTESIAN_POINT ( 'NONE',  ( 1.931231813650609000, 2.500000000000000400, -1.598352302471059500 ) ) ;
#2548 = CARTESIAN_POINT ( 'NONE',  ( 2.779324870771939300, 4.500000000000000900, 1.129315395586434300 ) ) ;
#2549 = ORIENTED_EDGE ( 'NONE', *, *, #126, .T. ) ;
#2550 = FACE_OUTER_BOUND ( 'NONE', #3132, .T. ) ;
#2551 = CYLINDRICAL_SURFACE ( 'NONE', #1335, 3.000000000000000400 ) ;
#2552 = CARTESIAN_POINT ( 'NONE',  ( 7.000000000000000000, 0.0000000000000000000, 0.0000000000000000000 ) ) ;
#2553 = EDGE_CURVE ( 'NONE', #3518, #3439, #2168, .T. ) ;
#2554 = VECTOR ( 'NONE', #1659, 1000.000000000000000 ) ;
#2555 = LINE ( 'NONE', #3311, #1736 ) ;
#2556 = CARTESIAN_POINT ( 'NONE',  ( 1.360350656532510100, 2.500000000000000400, -2.673844814358449500 ) ) ;
#2557 = VERTEX_POINT ( 'NONE', #1197 ) ;
#2558 = LINE ( 'NONE', #2598, #78 ) ;
#2559 = LINE ( 'NONE', #1383, #3593 ) ;
#2560 = SURFACE_SIDE_STYLE ('',( #2967 ) ) ;
#2561 = DIRECTION ( 'NONE',  ( 0.9622342827068736100, 0.0000000000000000000, 0.2722226757336505500 ) ) ;
#2562 = LINE ( 'NONE', #546, #3041 ) ;
#2563 = ADVANCED_FACE ( 'NONE', ( #3223 ), #43, .T. ) ;
#2564 = VERTEX_POINT ( 'NONE', #370 ) ;
#2565 = VERTEX_POINT ( 'NONE', #1529 ) ;
#2566 = FACE_OUTER_BOUND ( 'NONE', #1843, .T. ) ;
#2567 = EDGE_CURVE ( 'NONE', #834, #1863, #19, .T. ) ;
#2568 = CARTESIAN_POINT ( 'NONE',  ( 2.367678256848715800, 2.500000000000000400, -1.842308245665156700 ) ) ;
#2569 = DIRECTION ( 'NONE',  ( -0.7168688940249551300, 0.0000000000000000000, 0.6972079953496214100 ) ) ;
#2570 = CIRCLE ( 'NONE', #3395, 3.000000000000000400 ) ;
#2571 = ORIENTED_EDGE ( 'NONE', *, *, #2514, .T. ) ;
#2572 = ORIENTED_EDGE ( 'NONE', *, *, #3573, .T. ) ;
#2573 = DIRECTION ( 'NONE',  ( 0.0000000000000000000, 1.000000000000000000, 0.0000000000000000000 ) ) ;
#2574 = DIRECTION ( 'NONE',  ( 0.8660254037844389300, 0.0000000000000000000, 0.4999999999999993300 ) ) ;
#2575 = AXIS2_PLACEMENT_3D ( 'NONE', #2753, #2722, #935 ) ;
#2576 = ORIENTED_EDGE ( 'NONE', *, *, #2609, .F. ) ;
#2577 = ORIENTED_EDGE ( 'NONE', *, *, #1711, .T. ) ;
#2578 = EDGE_LOOP ( 'NONE', ( #2926, #3617 ) ) ;
#2579 = CARTESIAN_POINT ( 'NONE',  ( -1.219947281720006800, 2.500000000000000400, 2.177556471411953500 ) ) ;
#2580 = DIRECTION ( 'NONE',  ( 0.0000000000000000000, 1.000000000000000000, 0.0000000000000000000 ) ) ;
#2581 = ORIENTED_EDGE ( 'NONE', *, *, #2292, .T. ) ;
#2582 = ADVANCED_FACE ( 'NONE', ( #1357 ), #3610, .T. ) ;
#2583 = CARTESIAN_POINT ( 'NONE',  ( 0.03227289845868249600, 4.500000000000000900, 2.495792863277957800 ) ) ;
#2584 = VERTEX_POINT ( 'NONE', #1511 ) ;
#2585 = CARTESIAN_POINT ( 'NONE',  ( -2.971623641251621300, 4.500000000000000900, 0.4116466139232275400 ) ) ;
#2586 = ORIENTED_EDGE ( 'NONE', *, *, #1893, .T. ) ;
#2587 = DIRECTION ( 'NONE',  ( 0.9659258262890675400, 0.0000000000000000000, -0.2588190451025231300 ) ) ;
#2588 = LINE ( 'NONE', #1944, #1156 ) ;
#2589 = EDGE_CURVE ( 'NONE', #81, #782, #2693, .T. ) ;
#2590 = EDGE_LOOP ( 'NONE', ( #1225, #2635, #1627, #3419 ) ) ;
#2591 = ORIENTED_EDGE ( 'NONE', *, *, #1447, .T. ) ;
#2592 = AXIS2_PLACEMENT_3D ( 'NONE', #1035, #2218, #2770 ) ;
#2593 = FACE_OUTER_BOUND ( 'NONE', #3484, .T. ) ;
#2594 = DIRECTION ( 'NONE',  ( 0.0000000000000000000, 1.000000000000000000, 0.0000000000000000000 ) ) ;
#2595 = DIRECTION ( 'NONE',  ( 0.0000000000000000000, 0.0000000000000000000, 1.000000000000000000 ) ) ;
#2596 = EDGE_CURVE ( 'NONE', #3149, #287, #299, .T. ) ;
#2597 = CIRCLE ( 'NONE', #1184, 3.000000000000000400 ) ;
#2598 = CARTESIAN_POINT ( 'NONE',  ( 1.129315395586463400, 2.500000000000000400, -2.779324870771927800 ) ) ;
#2599 = CARTESIAN_POINT ( 'NONE',  ( -2.402397942946356700, 2.500000000000000400, 0.6771319517577263400 ) ) ;
#2600 = CARTESIAN_POINT ( 'NONE',  ( 1.787612443409516200, 4.500000000000000900, 1.741971672712151700 ) ) ;
#2601 = LINE ( 'NONE', #898, #3408 ) ;
#2602 = FACE_OUTER_BOUND ( 'NONE', #1022, .T. ) ;
#2603 = AXIS2_PLACEMENT_3D ( 'NONE', #2568, #3183, #3478 ) ;
#2604 = ADVANCED_FACE ( 'NONE', ( #2463 ), #2448, .F. ) ;
#2605 = ORIENTED_EDGE ( 'NONE', *, *, #1046, .F. ) ;
#2606 = FACE_OUTER_BOUND ( 'NONE', #22, .T. ) ;
#2607 = LINE ( 'NONE', #2504, #2740 ) ;
#2608 = DIRECTION ( 'NONE',  ( -0.5119914712077500200, 0.0000000000000000000, 0.8589905316186690100 ) ) ;
#2609 = EDGE_CURVE ( 'NONE', #1867, #928, #2356, .T. ) ;
#2611 = VERTEX_POINT ( 'NONE', #2755 ) ;
#2610 = CARTESIAN_POINT ( 'NONE',  ( -2.971623641251621300, 2.500000000000000400, 0.4116466139232275400 ) ) ;
#2612 = VERTEX_POINT ( 'NONE', #56 ) ;
#2613 = VECTOR ( 'NONE', #3554, 1000.000000000000000 ) ;
#2614 = CARTESIAN_POINT ( 'NONE',  ( 0.0000000000000000000, 4.500000000000000900, 0.0000000000000000000 ) ) ;
#2615 = CYLINDRICAL_SURFACE ( 'NONE', #1028, 4.400000000000000400 ) ;
#2616 = CARTESIAN_POINT ( 'NONE',  ( 0.0000000000000000000, 2.500000000000000000, -4.400000000000000400 ) ) ;
#2617 = FACE_OUTER_BOUND ( 'NONE', #592, .T. ) ;
#2618 = DIRECTION ( 'NONE',  ( -0.2588190451025280100, 0.0000000000000000000, -0.9659258262890663100 ) ) ;
#2619 = LINE ( 'NONE', #3217, #3326 ) ;
#2620 = VERTEX_POINT ( 'NONE', #3365 ) ;
#2621 = ORIENTED_EDGE ( 'NONE', *, *, #243, .T. ) ;
#2622 = EDGE_CURVE ( 'NONE', #511, #1405, #398, .T. ) ;
#2623 = DIRECTION ( 'NONE',  ( 1.000000000000000000, 0.0000000000000000000, -3.491481338843133400E-015 ) ) ;
#2624 = DIRECTION ( 'NONE',  ( 0.0000000000000000000, 1.000000000000000000, 0.0000000000000000000 ) ) ;
#2625 = ADVANCED_FACE ( 'NONE', ( #3498 ), #2737, .T. ) ;
#2626 = VERTEX_POINT ( 'NONE', #27 ) ;
#2627 = CARTESIAN_POINT ( 'NONE',  ( -2.177556471411949500, 4.500000000000000900, -1.219947281720014300 ) ) ;
#2628 = AXIS2_PLACEMENT_3D ( 'NONE', #2129, #348, #2997 ) ;
#2629 = ORIENTED_EDGE ( 'NONE', *, *, #727, .F. ) ;
#2630 = DIRECTION ( 'NONE',  ( -0.8589905316186725600, 0.0000000000000000000, -0.5119914712077441300 ) ) ;
#2631 = ORIENTED_EDGE ( 'NONE', *, *, #579, .F. ) ;
#2632 = EDGE_CURVE ( 'NONE', #1915, #2778, #2786, .T. ) ;
#2633 = DIRECTION ( 'NONE',  ( -0.2722226757336540000, 0.0000000000000000000, 0.9622342827068727200 ) ) ;
#2634 = DIRECTION ( 'NONE',  ( 0.0000000000000000000, 0.0000000000000000000, 1.000000000000000000 ) ) ;
#2635 = ORIENTED_EDGE ( 'NONE', *, *, #2492, .F. ) ;
#2636 = VERTEX_POINT ( 'NONE', #3053 ) ;
#2637 = AXIS2_PLACEMENT_3D ( 'NONE', #357, #587, #8 ) ;
#2638 = ADVANCED_FACE ( 'NONE', ( #528 ), #2104, .T. ) ;
#2639 = CARTESIAN_POINT ( 'NONE',  ( -1.360350656532491400, 2.500000000000000400, 2.673844814358458300 ) ) ;
#2640 = VERTEX_POINT ( 'NONE', #881 ) ;
#2641 = EDGE_CURVE ( 'NONE', #2481, #1145, #2601, .T. ) ;
#2642 = LINE ( 'NONE', #2234, #1685 ) ;
#2643 = DIRECTION ( 'NONE',  ( 0.0000000000000000000, 1.000000000000000000, 0.0000000000000000000 ) ) ;
#2644 = CARTESIAN_POINT ( 'NONE',  ( 2.779324870771939300, 2.500000000000000400, 1.129315395586434300 ) ) ;
#2645 = LINE ( 'NONE', #631, #526 ) ;
#2646 = CIRCLE ( 'NONE', #3649, 9.999999999999998200 ) ;
#2647 = CYLINDRICAL_SURFACE ( 'NONE', #292, 1.500000000000000400 ) ;
#2648 = DIRECTION ( 'NONE',  ( 0.6972079953496264100, -0.0000000000000000000, 0.7168688940249502400 ) ) ;
#2649 = ORIENTED_EDGE ( 'NONE', *, *, #3366, .T. ) ;
#2650 = VERTEX_POINT ( 'NONE', #3073 ) ;
#2651 = AXIS2_PLACEMENT_3D ( 'NONE', #757, #513, #1371 ) ;
#2652 = LINE ( 'NONE', #236, #618 ) ;
#2653 = CARTESIAN_POINT ( 'NONE',  ( 0.0000000000000000000, 1.500000000000000400, 0.0000000000000000000 ) ) ;
#2654 = VECTOR ( 'NONE', #2290, 1000.000000000000000 ) ;
#2655 = ORIENTED_EDGE ( 'NONE', *, *, #3354, .F. ) ;
#2656 = CARTESIAN_POINT ( 'NONE',  ( 0.0000000000000000000, 2.500000000000000400, 0.0000000000000000000 ) ) ;
#2657 = ADVANCED_FACE ( 'NONE', ( #2062 ), #110, .T. ) ;
#2658 = LINE ( 'NONE', #2829, #2756 ) ;
#2659 = DIRECTION ( 'NONE',  ( -0.8660254037844424800, 0.0000000000000000000, -0.4999999999999933400 ) ) ;
#2660 = DIRECTION ( 'NONE',  ( 0.5119914712077470200, 0.0000000000000000000, -0.8589905316186707800 ) ) ;
#2661 = VECTOR ( 'NONE', #2006, 1000.000000000000000 ) ;
#2662 = ORIENTED_EDGE ( 'NONE', *, *, #2545, .T. ) ;
#2663 = ORIENTED_EDGE ( 'NONE', *, *, #2951, .F. ) ;
#2664 = DIRECTION ( 'NONE',  ( 0.0000000000000000000, 1.000000000000000000, 0.0000000000000000000 ) ) ;
#2665 = ORIENTED_EDGE ( 'NONE', *, *, #11, .F. ) ;
#2666 = ORIENTED_EDGE ( 'NONE', *, *, #3480, .F. ) ;
#2667 = EDGE_CURVE ( 'NONE', #2778, #3377, #3538, .T. ) ;
#2668 = DIRECTION ( 'NONE',  ( 0.0000000000000000000, 1.000000000000000000, 0.0000000000000000000 ) ) ;
#2669 = ORIENTED_EDGE ( 'NONE', *, *, #35, .F. ) ;
#2670 = ORIENTED_EDGE ( 'NONE', *, *, #2774, .F. ) ;
#2671 = CARTESIAN_POINT ( 'NONE',  ( -0.03227289845866507200, 2.500000000000000400, -2.495792863277958200 ) ) ;
#2672 = CARTESIAN_POINT ( 'NONE',  ( 0.8733196599825898700, 2.500000000000000400, -2.349829604962592200 ) ) ;
#2673 = AXIS2_PLACEMENT_3D ( 'NONE', #3265, #3851, #2049 ) ;
#2674 = CARTESIAN_POINT ( 'NONE',  ( 0.0000000000000000000, 2.500000000000000000, 8.500000000000000000 ) ) ;
#2675 = VERTEX_POINT ( 'NONE', #3711 ) ;
#2676 = ADVANCED_FACE ( 'NONE', ( #1553 ), #1005, .T. ) ;
#2677 = PLANE ( 'NONE',  #3581 ) ;
#2678 = EDGE_CURVE ( 'NONE', #503, #782, #2646, .T. ) ;
#2679 = ORIENTED_EDGE ( 'NONE', *, *, #656, .T. ) ;
#2680 = DIRECTION ( 'NONE',  ( 0.0000000000000000000, 1.000000000000000000, 0.0000000000000000000 ) ) ;
#2681 = ORIENTED_EDGE ( 'NONE', *, *, #1868, .F. ) ;
#2682 = DIRECTION ( 'NONE',  ( -0.8660254037844424800, 0.0000000000000000000, -0.4999999999999933900 ) ) ;
#2683 = DIRECTION ( 'NONE',  ( 0.0000000000000000000, 1.000000000000000000, 0.0000000000000000000 ) ) ;
#2684 = AXIS2_PLACEMENT_3D ( 'NONE', #3434, #1922, #1017 ) ;
#2685 = LINE ( 'NONE', #1119, #482 ) ;
#2686 = DIRECTION ( 'NONE',  ( 0.5119914712077470200, 0.0000000000000000000, -0.8589905316186707800 ) ) ;
#2687 = CARTESIAN_POINT ( 'NONE',  ( -1.931231813650597700, 2.500000000000000400, 1.598352302471073100 ) ) ;
#2688 = EDGE_CURVE ( 'NONE', #3371, #1029, #1265, .T. ) ;
#2689 = LINE ( 'NONE', #151, #566 ) ;
#2690 = LINE ( 'NONE', #16, #294 ) ;
#2691 = CARTESIAN_POINT ( 'NONE',  ( -1.044050194584740000, 4.500000000000000900, -2.279110702019172800 ) ) ;
#2692 = CARTESIAN_POINT ( 'NONE',  ( 1.787612443409516200, 2.500000000000000400, 1.741971672712151700 ) ) ;
#2693 = LINE ( 'NONE', #611, #490 ) ;
#2694 = VECTOR ( 'NONE', #2832, 1000.000000000000100 ) ;
#2695 = AXIS2_PLACEMENT_3D ( 'NONE', #1167, #3271, #2350 ) ;
#2696 = ORIENTED_EDGE ( 'NONE', *, *, #2269, .F. ) ;
#2697 = DIRECTION ( 'NONE',  ( 0.8728928863962123200, 0.0000000000000000000, -0.4879118863881975500 ) ) ;
#2698 = VECTOR ( 'NONE', #3578, 1000.000000000000000 ) ;
#2699 = DIRECTION ( 'NONE',  ( 0.0000000000000000000, 1.000000000000000000, 0.0000000000000000000 ) ) ;
#2700 = EDGE_CURVE ( 'NONE', #548, #705, #748, .T. ) ;
#2701 = VECTOR ( 'NONE', #931, 1000.000000000000100 ) ;
#2702 = CARTESIAN_POINT ( 'NONE',  ( 1.810177115705699400, 2.500000000000000400, -2.392333340020866800 ) ) ;
#2703 = CARTESIAN_POINT ( 'NONE',  ( -0.4185977913119879300, 4.500000000000000900, -2.471671962453651600 ) ) ;
#2704 = FACE_OUTER_BOUND ( 'NONE', #1853, .T. ) ;
#2705 = CARTESIAN_POINT ( 'NONE',  ( -2.495792863277957800, 2.500000000000000400, -0.2353813596731267900 ) ) ;
#2706 = VERTEX_POINT ( 'NONE', #420 ) ;
#2707 = FACE_OUTER_BOUND ( 'NONE', #2590, .T. ) ;
#2708 = VERTEX_POINT ( 'NONE', #2199 ) ;
#2709 = ORIENTED_EDGE ( 'NONE', *, *, #2970, .F. ) ;
#2710 = AXIS2_PLACEMENT_3D ( 'NONE', #2285, #2912, #494 ) ;
#2711 = CARTESIAN_POINT ( 'NONE',  ( 0.0000000000000000000, 2.500000000000000000, 0.0000000000000000000 ) ) ;
#2712 = ORIENTED_EDGE ( 'NONE', *, *, #1520, .T. ) ;
#2713 = ORIENTED_EDGE ( 'NONE', *, *, #2150, .T. ) ;
#2714 = EDGE_CURVE ( 'NONE', #2521, #876, #2739, .T. ) ;
#2715 = DIRECTION ( 'NONE',  ( -0.2722226757336405100, 0.0000000000000000000, 0.9622342827068765000 ) ) ;
#2716 = DIRECTION ( 'NONE',  ( -0.8660254037844328200, 0.0000000000000000000, 0.5000000000000101000 ) ) ;
#2717 = CARTESIAN_POINT ( 'NONE',  ( -1.129315395586443900, 4.500000000000000900, 2.779324870771935800 ) ) ;
#2718 = VERTEX_POINT ( 'NONE', #1866 ) ;
#2719 = EDGE_CURVE ( 'NONE', #1621, #1712, #3584, .T. ) ;
#2720 = PLANE ( 'NONE',  #3440 ) ;
#2721 = ORIENTED_EDGE ( 'NONE', *, *, #3615, .T. ) ;
#2722 = DIRECTION ( 'NONE',  ( 0.0000000000000000000, 1.000000000000000000, 0.0000000000000000000 ) ) ;
#2723 = PLANE ( 'NONE',  #2197 ) ;
#2724 = ORIENTED_EDGE ( 'NONE', *, *, #994, .T. ) ;
#2725 = DIRECTION ( 'NONE',  ( 0.0000000000000000000, 0.0000000000000000000, 1.000000000000000000 ) ) ;
#2726 = DIRECTION ( 'NONE',  ( 0.8728928863962139900, 0.0000000000000000000, -0.4879118863881944400 ) ) ;
#2727 = ORIENTED_EDGE ( 'NONE', *, *, #828, .T. ) ;
#2728 = DIRECTION ( 'NONE',  ( 0.9659258262890675400, 0.0000000000000000000, -0.2588190451025231300 ) ) ;
#2729 = DIRECTION ( 'NONE',  ( 0.0000000000000000000, 1.000000000000000000, 0.0000000000000000000 ) ) ;
#2730 = EDGE_CURVE ( 'NONE', #1487, #1606, #3853, .T. ) ;
#2731 = ORIENTED_EDGE ( 'NONE', *, *, #150, .F. ) ;
#2732 = PLANE ( 'NONE',  #146 ) ;
#2733 = CARTESIAN_POINT ( 'NONE',  ( -0.6147854995368424700, 2.500000000000000400, 2.419103624469888000 ) ) ;
#2734 = LINE ( 'NONE', #1790, #2205 ) ;
#2735 = ADVANCED_FACE ( 'NONE', ( #3176 ), #2465, .T. ) ;
#2736 = LINE ( 'NONE', #3659, #3633 ) ;
#2737 = PLANE ( 'NONE',  #807 ) ;
#2738 = ORIENTED_EDGE ( 'NONE', *, *, #1980, .T. ) ;
#2739 = LINE ( 'NONE', #2777, #486 ) ;
#2740 = VECTOR ( 'NONE', #3712, 1000.000000000000000 ) ;
#2741 = CARTESIAN_POINT ( 'NONE',  ( 0.0000000000000000000, 2.500000000000000400, 0.0000000000000000000 ) ) ;
#2742 = CARTESIAN_POINT ( 'NONE',  ( 2.976910004631395000, 4.500000000000000900, 0.3714926975399520700 ) ) ;
#2743 = DIRECTION ( 'NONE',  ( 0.5119914712077470200, 0.0000000000000000000, -0.8589905316186707800 ) ) ;
#2744 = EDGE_CURVE ( 'NONE', #960, #1563, #350, .T. ) ;
#2745 = EDGE_LOOP ( 'NONE', ( #2998, #3042, #1667, #448 ) ) ;
#2746 = ORIENTED_EDGE ( 'NONE', *, *, #1161, .F. ) ;
#2747 = LINE ( 'NONE', #2989, #3038 ) ;
#2748 = CARTESIAN_POINT ( 'NONE',  ( 1.451742668693224000, 4.500000000000000900, -2.043729342346053600 ) ) ;
#2749 = LINE ( 'NONE', #1986, #1841 ) ;
#2750 = AXIS2_PLACEMENT_3D ( 'NONE', #1591, #929, #970 ) ;
#2751 = ORIENTED_EDGE ( 'NONE', *, *, #1401, .T. ) ;
#2752 = ORIENTED_EDGE ( 'NONE', *, *, #2744, .F. ) ;
#2753 = CARTESIAN_POINT ( 'NONE',  ( 0.0000000000000000000, 2.500000000000000400, 0.0000000000000000000 ) ) ;
#2754 = CARTESIAN_POINT ( 'NONE',  ( 0.0000000000000000000, 0.0000000000000000000, 0.0000000000000000000 ) ) ;
#2756 = VECTOR ( 'NONE', #425, 1000.000000000000000 ) ;
#2755 = CARTESIAN_POINT ( 'NONE',  ( 2.145283572953284400, 4.500000000000000900, -1.275845581557933700 ) ) ;
#2757 = EDGE_CURVE ( 'NONE', #3371, #424, #1448, .T. ) ;
#2758 = DIRECTION ( 'NONE',  ( -0.8660254037844432600, 0.0000000000000000000, -0.4999999999999920100 ) ) ;
#2759 = LINE ( 'NONE', #1173, #2230 ) ;
#2761 = ORIENTED_EDGE ( 'NONE', *, *, #2059, .F. ) ;
#2760 = DIRECTION ( 'NONE',  ( -0.0000000000000000000, -1.000000000000000000, -0.0000000000000000000 ) ) ;
#2762 = VERTEX_POINT ( 'NONE', #1251 ) ;
#2763 = CARTESIAN_POINT ( 'NONE',  ( 0.0000000000000000000, 2.500000000000000400, 0.0000000000000000000 ) ) ;
#2764 = ORIENTED_EDGE ( 'NONE', *, *, #1579, .F. ) ;
#2765 = AXIS2_PLACEMENT_3D ( 'NONE', #3555, #2009, #1424 ) ;
#2766 = ORIENTED_EDGE ( 'NONE', *, *, #3233, .T. ) ;
#2767 = CARTESIAN_POINT ( 'NONE',  ( 0.6147854995368595700, 2.500000000000000400, -2.419103624469883600 ) ) ;
#2768 = EDGE_CURVE ( 'NONE', #1193, #1405, #1930, .T. ) ;
#2769 = ORIENTED_EDGE ( 'NONE', *, *, #2042, .F. ) ;
#2770 = DIRECTION ( 'NONE',  ( 1.000000000000000000, 0.0000000000000000000, 0.0000000000000000000 ) ) ;
#2771 = CARTESIAN_POINT ( 'NONE',  ( 0.0000000000000000000, 4.500000000000000900, 0.0000000000000000000 ) ) ;
#2772 = CARTESIAN_POINT ( 'NONE',  ( 0.0000000000000000000, 1.500000000000000400, 0.0000000000000000000 ) ) ;
#2773 = ORIENTED_EDGE ( 'NONE', *, *, #3055, .F. ) ;
#2774 = EDGE_CURVE ( 'NONE', #964, #2706, #3455, .T. ) ;
#2775 = CARTESIAN_POINT ( 'NONE',  ( -0.4185977913119879300, 2.500000000000000400, -2.471671962453651600 ) ) ;
#2776 = VERTEX_POINT ( 'NONE', #710 ) ;
#2777 = CARTESIAN_POINT ( 'NONE',  ( 2.392333340020885900, 2.500000000000000400, 1.810177115705674300 ) ) ;
#2778 = VERTEX_POINT ( 'NONE', #2848 ) ;
#2779 = VECTOR ( 'NONE', #1023, 1000.000000000000100 ) ;
#2780 = CARTESIAN_POINT ( 'NONE',  ( 0.0000000000000000000, 4.500000000000000900, 0.0000000000000000000 ) ) ;
#2781 = CARTESIAN_POINT ( 'NONE',  ( 0.0000000000000000000, 4.500000000000000900, 0.0000000000000000000 ) ) ;
#2782 = CARTESIAN_POINT ( 'NONE',  ( -2.515020633791208200, 4.500000000000000900, 1.635442206745462800 ) ) ;
#2783 = LINE ( 'NONE', #3742, #932 ) ;
#2784 = CARTESIAN_POINT ( 'NONE',  ( 1.741971672712170600, 2.500000000000000400, -1.787612443409498200 ) ) ;
#2785 = AXIS2_PLACEMENT_3D ( 'NONE', #3747, #2886, #2543 ) ;
#2786 = CIRCLE ( 'NONE', #1206, 4.400000000000000400 ) ;
#2787 = CIRCLE ( 'NONE', #3035, 3.000000000000000400 ) ;
#2788 = EDGE_CURVE ( 'NONE', #3459, #2718, #1165, .T. ) ;
#2789 = DIRECTION ( 'NONE',  ( 0.7071067811865476800, 0.0000000000000000000, 0.7071067811865474600 ) ) ;
#2790 = PLANE ( 'NONE',  #707 ) ;
#2791 = ORIENTED_EDGE ( 'NONE', *, *, #2421, .T. ) ;
#2792 = VECTOR ( 'NONE', #1473, 1000.000000000000000 ) ;
#2793 = VECTOR ( 'NONE', #3783, 1000.000000000000000 ) ;
#2794 = DIRECTION ( 'NONE',  ( -0.01390235477754838900, 0.0000000000000000000, 0.9999033575959424000 ) ) ;
#2795 = EDGE_LOOP ( 'NONE', ( #3051, #1654, #3381, #9 ) ) ;
#2796 = LINE ( 'NONE', #1408, #802 ) ;
#2797 = DIRECTION ( 'NONE',  ( 0.0000000000000000000, 0.0000000000000000000, 1.000000000000000000 ) ) ;
#2798 = PLANE ( 'NONE',  #1481 ) ;
#2799 = EDGE_CURVE ( 'NONE', #555, #1362, #1124, .T. ) ;
#2800 = CIRCLE ( 'NONE', #2033, 3.000000000000000400 ) ;
#2801 = CARTESIAN_POINT ( 'NONE',  ( 2.976910004631395000, 2.500000000000000400, 0.3714926975399520700 ) ) ;
#2802 = VERTEX_POINT ( 'NONE', #750 ) ;
#2803 = AXIS2_PLACEMENT_3D ( 'NONE', #1162, #289, #3015 ) ;
#2804 = VECTOR ( 'NONE', #648, 1000.000000000000000 ) ;
#2805 = DIRECTION ( 'NONE',  ( -0.9659258262890704200, 0.0000000000000000000, -0.2588190451025127500 ) ) ;
#2806 = CARTESIAN_POINT ( 'NONE',  ( 0.0000000000000000000, 4.500000000000000900, 0.0000000000000000000 ) ) ;
#2807 = VERTEX_POINT ( 'NONE', #2532 ) ;
#2808 = LINE ( 'NONE', #1096, #38 ) ;
#2809 = VERTEX_POINT ( 'NONE', #2556 ) ;
#2810 = ORIENTED_EDGE ( 'NONE', *, *, #3527, .T. ) ;
#2811 = EDGE_CURVE ( 'NONE', #1283, #1405, #1036, .T. ) ;
#2812 = CARTESIAN_POINT ( 'NONE',  ( 2.971623641251623900, 4.500000000000000900, -0.4116466139232069500 ) ) ;
#2813 = CARTESIAN_POINT ( 'NONE',  ( 0.0000000000000000000, 1.500000000000000400, 0.0000000000000000000 ) ) ;
#2814 = EDGE_LOOP ( 'NONE', ( #361, #2140 ) ) ;
#2815 = CARTESIAN_POINT ( 'NONE',  ( -2.471671962453649800, 2.500000000000000400, 0.4185977913119965400 ) ) ;
#2816 = ORIENTED_EDGE ( 'NONE', *, *, #2883, .F. ) ;
#2817 = AXIS2_PLACEMENT_3D ( 'NONE', #779, #805, #1724 ) ;
#2818 = CARTESIAN_POINT ( 'NONE',  ( 0.6147854995368595700, 4.500000000000000900, -2.419103624469883600 ) ) ;
#2819 = DIRECTION ( 'NONE',  ( 0.0000000000000000000, 1.000000000000000000, 0.0000000000000000000 ) ) ;
#2820 = ORIENTED_EDGE ( 'NONE', *, *, #230, .T. ) ;
#2821 = EDGE_CURVE ( 'NONE', #639, #2533, #1832, .T. ) ;
#2822 = DIRECTION ( 'NONE',  ( 1.620302520203781800E-015, 0.0000000000000000000, -1.000000000000000000 ) ) ;
#2823 = ORIENTED_EDGE ( 'NONE', *, *, #408, .T. ) ;
#2824 = ORIENTED_EDGE ( 'NONE', *, *, #2109, .T. ) ;
#2825 = CARTESIAN_POINT ( 'NONE',  ( -0.8733196599825733300, 2.500000000000000400, 2.349829604962598000 ) ) ;
#2826 = DIRECTION ( 'NONE',  ( 0.8660254037844390400, 0.0000000000000000000, 0.4999999999999993300 ) ) ;
#2827 = ORIENTED_EDGE ( 'NONE', *, *, #3863, .F. ) ;
#2828 = AXIS2_PLACEMENT_3D ( 'NONE', #2428, #1812, #3356 ) ;
#2829 = CARTESIAN_POINT ( 'NONE',  ( 0.8733196599825898700, 2.500000000000000400, -2.349829604962592200 ) ) ;
#2830 = ORIENTED_EDGE ( 'NONE', *, *, #1980, .F. ) ;
#2831 = VECTOR ( 'NONE', #1687, 999.9999999999998900 ) ;
#2832 = DIRECTION ( 'NONE',  ( -0.2722226757336405100, 0.0000000000000000000, 0.9622342827068765000 ) ) ;
#2833 = DIRECTION ( 'NONE',  ( -0.2588190451025094200, 0.0000000000000000000, 0.9659258262890713100 ) ) ;
#2834 = EDGE_CURVE ( 'NONE', #3802, #3820, #2934, .T. ) ;
#2835 = CARTESIAN_POINT ( 'NONE',  ( -7.000000000000000000, 2.500000000000000000, -1.500000000000000700 ) ) ;
#2836 = VECTOR ( 'NONE', #3153, 1000.000000000000000 ) ;
#2837 = DIRECTION ( 'NONE',  ( 0.2722226757336472200, 0.0000000000000000000, -0.9622342827068746100 ) ) ;
#2838 = VERTEX_POINT ( 'NONE', #1967 ) ;
#2839 = VECTOR ( 'NONE', #1992, 1000.000000000000000 ) ;
#2840 = VECTOR ( 'NONE', #3332, 1000.000000000000100 ) ;
#2841 = CARTESIAN_POINT ( 'NONE',  ( -0.3714926975399209200, 2.500000000000000400, 2.976910004631398500 ) ) ;
#2842 = VERTEX_POINT ( 'NONE', #1020 ) ;
#2843 = VERTEX_POINT ( 'NONE', #3161 ) ;
#2844 = ORIENTED_EDGE ( 'NONE', *, *, #2191, .T. ) ;
#2845 = EDGE_CURVE ( 'NONE', #3820, #244, #2162, .T. ) ;
#2846 = DIRECTION ( 'NONE',  ( -0.7168688940249528000, 0.0000000000000000000, 0.6972079953496238500 ) ) ;
#2847 = CARTESIAN_POINT ( 'NONE',  ( 2.177556471411958000, 2.500000000000000400, 1.219947281719999200 ) ) ;
#2849 = VECTOR ( 'NONE', #2020, 1000.000000000000000 ) ;
#2848 = CARTESIAN_POINT ( 'NONE',  ( 0.0000000000000000000, 4.500000000000000900, -4.400000000000000400 ) ) ;
#2850 = VERTEX_POINT ( 'NONE', #1672 ) ;
#2851 = ORIENTED_EDGE ( 'NONE', *, *, #3453, .T. ) ;
#2852 = CARTESIAN_POINT ( 'NONE',  ( 0.0000000000000000000, 2.500000000000000000, 0.0000000000000000000 ) ) ;
#2853 = CIRCLE ( 'NONE', #1634, 3.000000000000000400 ) ;
#2854 = CARTESIAN_POINT ( 'NONE',  ( -2.934820419606258800, 4.500000000000000900, -0.6219558703494487700 ) ) ;
#2855 = AXIS2_PLACEMENT_3D ( 'NONE', #2118, #1496, #2091 ) ;
#2856 = ORIENTED_EDGE ( 'NONE', *, *, #2999, .F. ) ;
#2857 = LINE ( 'NONE', #1636, #2277 ) ;
#2858 = CARTESIAN_POINT ( 'NONE',  ( -2.043729342346059000, 4.500000000000000900, -1.451742668693216900 ) ) ;
#2859 = ORIENTED_EDGE ( 'NONE', *, *, #3172, .T. ) ;
#2860 = ORIENTED_EDGE ( 'NONE', *, *, #2324, .F. ) ;
#2861 = AXIS2_PLACEMENT_3D ( 'NONE', #3230, #1705, #3486 ) ;
#2862 = ORIENTED_EDGE ( 'NONE', *, *, #612, .T. ) ;
#2863 = DIRECTION ( 'NONE',  ( 0.0000000000000000000, 1.000000000000000000, 0.0000000000000000000 ) ) ;
#2864 = DIRECTION ( 'NONE',  ( -0.9999033575959427300, 0.0000000000000000000, -0.01390235477753795800 ) ) ;
#2865 = DIRECTION ( 'NONE',  ( 0.0000000000000000000, 0.0000000000000000000, 1.000000000000000000 ) ) ;
#2866 = ORIENTED_EDGE ( 'NONE', *, *, #3331, .F. ) ;
#2867 = DIRECTION ( 'NONE',  ( 0.0000000000000000000, 0.0000000000000000000, 1.000000000000000000 ) ) ;
#2868 = CARTESIAN_POINT ( 'NONE',  ( 1.275845581557956100, 2.500000000000000400, 2.145283572953271100 ) ) ;
#2869 = ORIENTED_EDGE ( 'NONE', *, *, #2211, .T. ) ;
#2870 = ORIENTED_EDGE ( 'NONE', *, *, #2567, .T. ) ;
#2871 = CARTESIAN_POINT ( 'NONE',  ( 0.2353813596731180700, 2.500000000000000400, -2.495792863277958700 ) ) ;
#2872 = CARTESIAN_POINT ( 'NONE',  ( 0.0000000000000000000, 4.500000000000000900, 0.0000000000000000000 ) ) ;
#2873 = ORIENTED_EDGE ( 'NONE', *, *, #501, .T. ) ;
#2874 = EDGE_CURVE ( 'NONE', #3792, #1477, #3495, .T. ) ;
#2875 = CARTESIAN_POINT ( 'NONE',  ( 0.0000000000000000000, 2.500000000000000400, 0.0000000000000000000 ) ) ;
#2876 = ORIENTED_EDGE ( 'NONE', *, *, #3058, .F. ) ;
#2877 = PRESENTATION_STYLE_ASSIGNMENT (( #3699 ) ) ;
#2878 = AXIS2_PLACEMENT_3D ( 'NONE', #1230, #3658, #2153 ) ;
#2879 = CARTESIAN_POINT ( 'NONE',  ( 1.810177115705699400, 2.500000000000000400, -2.392333340020866800 ) ) ;
#2880 = VECTOR ( 'NONE', #1872, 1000.000000000000100 ) ;
#2881 = PLANE ( 'NONE',  #3775 ) ;
#2882 = CARTESIAN_POINT ( 'NONE',  ( -7.000000000000000000, 0.0000000000000000000, -1.500000000000000700 ) ) ;
#2883 = EDGE_CURVE ( 'NONE', #106, #859, #1735, .T. ) ;
#2884 = VECTOR ( 'NONE', #2501, 1000.000000000000000 ) ;
#2885 = VECTOR ( 'NONE', #2633, 1000.000000000000100 ) ;
#2886 = DIRECTION ( 'NONE',  ( -0.0000000000000000000, 1.000000000000000000, 0.0000000000000000000 ) ) ;
#2887 = ORIENTED_EDGE ( 'NONE', *, *, #2073, .F. ) ;
#2888 = LINE ( 'NONE', #190, #3128 ) ;
#2889 = FACE_OUTER_BOUND ( 'NONE', #1285, .T. ) ;
#2890 = EDGE_LOOP ( 'NONE', ( #2860, #265 ) ) ;
#2891 = VECTOR ( 'NONE', #1766, 1000.000000000000100 ) ;
#2892 = DIRECTION ( 'NONE',  ( 0.0000000000000000000, 1.000000000000000000, 0.0000000000000000000 ) ) ;
#2893 = AXIS2_PLACEMENT_3D ( 'NONE', #2417, #3062, #1238 ) ;
#2894 = LINE ( 'NONE', #1917, #3781 ) ;
#2895 = EDGE_CURVE ( 'NONE', #3862, #3693, #2689, .T. ) ;
#2896 = CARTESIAN_POINT ( 'NONE',  ( -0.2353813596731006700, 2.500000000000000400, 2.495792863277960500 ) ) ;
#2897 = CARTESIAN_POINT ( 'NONE',  ( 0.0000000000000000000, 1.500000000000000400, 3.000000000000000400 ) ) ;
#2898 = CARTESIAN_POINT ( 'NONE',  ( 0.4185977913120052500, 4.500000000000000900, 2.471671962453648500 ) ) ;
#2899 = ADVANCED_FACE ( 'NONE', ( #2458 ), #186, .F. ) ;
#2900 = LINE ( 'NONE', #3205, #1052 ) ;
#2901 = DIRECTION ( 'NONE',  ( -0.2453653886819262800, 0.0000000000000000000, -0.9694306710832740800 ) ) ;
#2902 = CARTESIAN_POINT ( 'NONE',  ( 2.763826037560813500, 2.500000000000000400, -1.166732888925693200 ) ) ;
#2903 = AXIS2_PLACEMENT_3D ( 'NONE', #2433, #1805, #41 ) ;
#2904 = LINE ( 'NONE', #3056, #1100 ) ;
#2905 = EDGE_LOOP ( 'NONE', ( #2127, #2727, #2621, #3516 ) ) ;
#2906 = CARTESIAN_POINT ( 'NONE',  ( -1.635442206745454400, 2.500000000000000400, -2.515020633791214400 ) ) ;
#2907 = ORIENTED_EDGE ( 'NONE', *, *, #1648, .F. ) ;
#2908 = EDGE_CURVE ( 'NONE', #2612, #834, #394, .T. ) ;
#2909 = DIRECTION ( 'NONE',  ( 0.0000000000000000000, 1.000000000000000000, 0.0000000000000000000 ) ) ;
#2910 = CARTESIAN_POINT ( 'NONE',  ( 0.0000000000000000000, 2.500000000000000000, -9.999999999999998200 ) ) ;
#2911 = ORIENTED_EDGE ( 'NONE', *, *, #1973, .F. ) ;
#2912 = DIRECTION ( 'NONE',  ( -0.0000000000000000000, 1.000000000000000000, -0.0000000000000000000 ) ) ;
#2913 = DIRECTION ( 'NONE',  ( -0.9694306710832733000, 0.0000000000000000000, 0.2453653886819297000 ) ) ;
#2914 = ORIENTED_EDGE ( 'NONE', *, *, #234, .T. ) ;
#2915 = CARTESIAN_POINT ( 'NONE',  ( 2.392333340020885900, 4.500000000000000900, 1.810177115705674300 ) ) ;
#2916 = AXIS2_PLACEMENT_3D ( 'NONE', #3370, #3625, #3028 ) ;
#2917 = ORIENTED_EDGE ( 'NONE', *, *, #445, .F. ) ;
#2918 = ADVANCED_FACE ( 'NONE', ( #1877 ), #985, .F. ) ;
#2919 = DIRECTION ( 'NONE',  ( 0.0000000000000000000, 1.000000000000000000, 0.0000000000000000000 ) ) ;
#2920 = EDGE_CURVE ( 'NONE', #1906, #2216, #167, .T. ) ;
#2921 = ORIENTED_EDGE ( 'NONE', *, *, #918, .T. ) ;
#2922 = UNCERTAINTY_MEASURE_WITH_UNIT (LENGTH_MEASURE( 1.000000000000000100E-005 ), #2248, 'distance_accuracy_value', 'NONE');
#2923 = FACE_OUTER_BOUND ( 'NONE', #2337, .T. ) ;
#2924 = CARTESIAN_POINT ( 'NONE',  ( 0.0000000000000000000, 4.500000000000000900, 0.0000000000000000000 ) ) ;
#2925 = DIRECTION ( 'NONE',  ( 0.0000000000000000000, 0.0000000000000000000, 1.000000000000000000 ) ) ;
#2926 = ORIENTED_EDGE ( 'NONE', *, *, #690, .F. ) ;
#2927 = EDGE_CURVE ( 'NONE', #1029, #257, #940, .T. ) ;
#2928 = CIRCLE ( 'NONE', #327, 3.000000000000000400 ) ;
#2929 = CARTESIAN_POINT ( 'NONE',  ( -2.763826037560805500, 2.500000000000000400, 1.166732888925712700 ) ) ;
#2930 = LINE ( 'NONE', #1860, #2110 ) ;
#2931 = AXIS2_PLACEMENT_3D ( 'NONE', #2412, #3280, #1204 ) ;
#2932 = CARTESIAN_POINT ( 'NONE',  ( 0.0000000000000000000, 2.500000000000000400, 0.0000000000000000000 ) ) ;
#2933 = VERTEX_POINT ( 'NONE', #2835 ) ;
#2934 = LINE ( 'NONE', #174, #2977 ) ;
#2935 = VECTOR ( 'NONE', #3842, 1000.000000000000000 ) ;
#2936 = CARTESIAN_POINT ( 'NONE',  ( -0.6771319517577181200, 2.500000000000000400, -2.402397942946359300 ) ) ;
#2937 = EDGE_CURVE ( 'NONE', #371, #1536, #1082, .T. ) ;
#2938 = ORIENTED_EDGE ( 'NONE', *, *, #1851, .F. ) ;
#2939 = ORIENTED_EDGE ( 'NONE', *, *, #2235, .F. ) ;
#2940 = ADVANCED_FACE ( 'NONE', ( #3263 ), #1646, .F. ) ;
#2941 = ORIENTED_EDGE ( 'NONE', *, *, #1302, .F. ) ;
#2942 = LINE ( 'NONE', #1439, #1653 ) ;
#2943 = CARTESIAN_POINT ( 'NONE',  ( -2.367678256848702900, 4.500000000000000900, 1.842308245665173600 ) ) ;
#2944 = EDGE_LOOP ( 'NONE', ( #1530, #305, #229, #3730 ) ) ;
#2945 = ORIENTED_EDGE ( 'NONE', *, *, #3793, .F. ) ;
#2946 = VECTOR ( 'NONE', #3451, 1000.000000000000000 ) ;
#2947 = DIRECTION ( 'NONE',  ( 0.0000000000000000000, 0.0000000000000000000, -1.000000000000000000 ) ) ;
#2948 = CYLINDRICAL_SURFACE ( 'NONE', #2750, 1.500000000000000700 ) ;
#2949 = ORIENTED_EDGE ( 'NONE', *, *, #3162, .T. ) ;
#2950 = ORIENTED_EDGE ( 'NONE', *, *, #1692, .F. ) ;
#2951 = EDGE_CURVE ( 'NONE', #2843, #2523, #72, .T. ) ;
#2952 = DIRECTION ( 'NONE',  ( 0.0000000000000000000, 1.000000000000000000, 0.0000000000000000000 ) ) ;
#2953 = CARTESIAN_POINT ( 'NONE',  ( -1.931231813650597700, 4.500000000000000900, 1.598352302471073100 ) ) ;
#2954 = ORIENTED_EDGE ( 'NONE', *, *, #2632, .T. ) ;
#2955 = CARTESIAN_POINT ( 'NONE',  ( 1.224646799147353100E-015, 2.500000000000000000, 9.999999999999998200 ) ) ;
#2956 = ORIENTED_EDGE ( 'NONE', *, *, #1798, .F. ) ;
#2957 = ADVANCED_FACE ( 'NONE', ( #293 ), #2551, .F. ) ;
#2958 = CARTESIAN_POINT ( 'NONE',  ( -2.471671962453649800, 2.500000000000000400, 0.4185977913119965400 ) ) ;
#2959 = ORIENTED_EDGE ( 'NONE', *, *, #2013, .T. ) ;
#2960 = EDGE_CURVE ( 'NONE', #3762, #511, #206, .T. ) ;
#2961 = DIRECTION ( 'NONE',  ( -0.2588190451025078100, 0.0000000000000000000, 0.9659258262890716400 ) ) ;
#2962 = DIRECTION ( 'NONE',  ( 0.9622342827068747200, -0.0000000000000000000, 0.2722226757336472800 ) ) ;
#2963 = ORIENTED_EDGE ( 'NONE', *, *, #1874, .F. ) ;
#2964 = CARTESIAN_POINT ( 'NONE',  ( 2.402397942946360700, 4.500000000000000900, -0.6771319517577096800 ) ) ;
#2965 = DIRECTION ( 'NONE',  ( 0.0000000000000000000, 1.000000000000000000, 0.0000000000000000000 ) ) ;
#2966 = VERTEX_POINT ( 'NONE', #616 ) ;
#2967 = SURFACE_STYLE_FILL_AREA ( #2139 ) ;
#2968 = CARTESIAN_POINT ( 'NONE',  ( -2.419103624469885800, 2.500000000000000400, -0.6147854995368511300 ) ) ;
#2969 = EDGE_LOOP ( 'NONE', ( #3469, #2665, #1817, #3604 ) ) ;
#2970 = EDGE_CURVE ( 'NONE', #1867, #532, #1033, .T. ) ;
#2971 = LINE ( 'NONE', #3393, #2497 ) ;
#2972 = DIRECTION ( 'NONE',  ( 0.0000000000000000000, 1.000000000000000000, 0.0000000000000000000 ) ) ;
#2973 = CARTESIAN_POINT ( 'NONE',  ( 1.360350656532509900, 2.500000000000000400, -2.673844814358449000 ) ) ;
#2974 = FACE_OUTER_BOUND ( 'NONE', #2529, .T. ) ;
#2975 = ADVANCED_FACE ( 'NONE', ( #3304 ), #362, .T. ) ;
#2976 = AXIS2_PLACEMENT_3D ( 'NONE', #1287, #3678, #2477 ) ;
#2977 = VECTOR ( 'NONE', #2569, 1000.000000000000100 ) ;
#2978 = FACE_OUTER_BOUND ( 'NONE', #3257, .T. ) ;
#2979 = CARTESIAN_POINT ( 'NONE',  ( 0.6147854995368595700, 4.500000000000000900, -2.419103624469883600 ) ) ;
#2980 = CARTESIAN_POINT ( 'NONE',  ( 2.995792863277959100, 2.500000000000000400, -0.1588241805672243000 ) ) ;
#2981 = AXIS2_PLACEMENT_3D ( 'NONE', #1092, #3519, #2618 ) ;
#2982 = LINE ( 'NONE', #2583, #1558 ) ;
#2983 = CIRCLE ( 'NONE', #3707, 3.000000000000000000 ) ;
#2984 = CARTESIAN_POINT ( 'NONE',  ( -1.842308245665165200, 2.500000000000000400, -2.367678256848709600 ) ) ;
#2985 = FACE_BOUND ( 'NONE', #2578, .T. ) ;
#2986 = VERTEX_POINT ( 'NONE', #2454 ) ;
#2987 = DIRECTION ( 'NONE',  ( 0.9999033575959426200, -0.0000000000000000000, 0.01390235477754139800 ) ) ;
#2988 = LINE ( 'NONE', #2815, #1275 ) ;
#2989 = CARTESIAN_POINT ( 'NONE',  ( -2.419103624469885800, 4.500000000000000900, -0.6147854995368511300 ) ) ;
#2990 = CARTESIAN_POINT ( 'NONE',  ( 2.230651103749613300, 4.500000000000000900, 2.006039793558600100 ) ) ;
#2992 = CIRCLE ( 'NONE', #2316, 3.000000000000000400 ) ;
#2991 = DIRECTION ( 'NONE',  ( -0.2453653886819161500, 0.0000000000000000000, -0.9694306710832767400 ) ) ;
#2993 = EDGE_CURVE ( 'NONE', #2640, #3198, #162, .T. ) ;
#2994 = ADVANCED_FACE ( 'NONE', ( #2456 ), #3353, .T. ) ;
#2995 = DIRECTION ( 'NONE',  ( 0.0000000000000000000, -0.0000000000000000000, 1.000000000000000000 ) ) ;
#2996 = VECTOR ( 'NONE', #2580, 1000.000000000000000 ) ;
#2997 = DIRECTION ( 'NONE',  ( 0.9999033575959424000, 0.0000000000000000000, 0.01390235477754489400 ) ) ;
#2998 = ORIENTED_EDGE ( 'NONE', *, *, #3549, .F. ) ;
#2999 = EDGE_CURVE ( 'NONE', #3472, #3086, #2736, .T. ) ;
#3000 = CARTESIAN_POINT ( 'NONE',  ( 0.0000000000000000000, 2.500000000000000000, 7.000000000000000000 ) ) ;
#3001 = CARTESIAN_POINT ( 'NONE',  ( -1.931231813650597700, 2.500000000000000400, 1.598352302471073100 ) ) ;
#3002 = ORIENTED_EDGE ( 'NONE', *, *, #2288, .F. ) ;
#3003 = EDGE_LOOP ( 'NONE', ( #1665, #2247, #2655, #800 ) ) ;
#3004 = ORIENTED_EDGE ( 'NONE', *, *, #3726, .T. ) ;
#3005 = CARTESIAN_POINT ( 'NONE',  ( 1.842308245665181400, 2.500000000000000400, 2.367678256848696700 ) ) ;
#3006 = DIRECTION ( 'NONE',  ( -0.0000000000000000000, 1.000000000000000000, 0.0000000000000000000 ) ) ;
#3007 = AXIS2_PLACEMENT_3D ( 'NONE', #1710, #2359, #550 ) ;
#3008 = EDGE_LOOP ( 'NONE', ( #3423, #814, #2032, #1179 ) ) ;
#3009 = ORIENTED_EDGE ( 'NONE', *, *, #2334, .F. ) ;
#3010 = DIRECTION ( 'NONE',  ( 0.7168688940249502400, 0.0000000000000000000, -0.6972079953496264100 ) ) ;
#3011 = CARTESIAN_POINT ( 'NONE',  ( 0.0000000000000000000, 4.500000000000000900, 0.0000000000000000000 ) ) ;
#3012 = DIRECTION ( 'NONE',  ( -0.5119914712077411300, 0.0000000000000000000, 0.8589905316186743400 ) ) ;
#3013 = EDGE_CURVE ( 'NONE', #2776, #2486, #3852, .T. ) ;
#3014 = VERTEX_POINT ( 'NONE', #2439 ) ;
#3015 = DIRECTION ( 'NONE',  ( 0.9694306710832748500, 0.0000000000000000000, -0.2453653886819228400 ) ) ;
#3016 = CARTESIAN_POINT ( 'NONE',  ( 0.6147854995368595700, 2.500000000000000400, -2.419103624469883600 ) ) ;
#3017 = ADVANCED_FACE ( 'NONE', ( #1644 ), #247, .T. ) ;
#3018 = ORIENTED_EDGE ( 'NONE', *, *, #1491, .F. ) ;
#3019 = CYLINDRICAL_SURFACE ( 'NONE', #1066, 4.400000000000000400 ) ;
#3020 = CARTESIAN_POINT ( 'NONE',  ( -2.934820419606259700, 2.500000000000000400, -0.6219558703494488800 ) ) ;
#3021 = DIRECTION ( 'NONE',  ( -0.8589905316186725600, 0.0000000000000000000, -0.5119914712077441300 ) ) ;
#3022 = CARTESIAN_POINT ( 'NONE',  ( 1.219947281720022100, 2.500000000000000400, -2.177556471411945100 ) ) ;
#3023 = ORIENTED_EDGE ( 'NONE', *, *, #1264, .T. ) ;
#3024 = AXIS2_PLACEMENT_3D ( 'NONE', #1578, #3774, #1050 ) ;
#3025 = VECTOR ( 'NONE', #2660, 1000.000000000000100 ) ;
#3026 = CARTESIAN_POINT ( 'NONE',  ( 2.177556471411958000, 2.500000000000000400, 1.219947281719999200 ) ) ;
#3027 = CARTESIAN_POINT ( 'NONE',  ( 2.402397942946360700, 2.500000000000000400, -0.6771319517577096800 ) ) ;
#3028 = DIRECTION ( 'NONE',  ( 0.0000000000000000000, 0.0000000000000000000, 1.000000000000000000 ) ) ;
#3029 = EDGE_CURVE ( 'NONE', #1863, #3417, #841, .T. ) ;
#3030 = FACE_OUTER_BOUND ( 'NONE', #2200, .T. ) ;
#3031 = DIRECTION ( 'NONE',  ( -1.000000000000000000, 0.0000000000000000000, 8.854141496325618900E-015 ) ) ;
#3032 = DIRECTION ( 'NONE',  ( -0.4999999999999888400, 0.0000000000000000000, 0.8660254037844449200 ) ) ;
#3033 = VECTOR ( 'NONE', #143, 1000.000000000000000 ) ;
#3034 = VECTOR ( 'NONE', #2789, 1000.000000000000000 ) ;
#3035 = AXIS2_PLACEMENT_3D ( 'NONE', #2384, #2668, #1177 ) ;
#3036 = ORIENTED_EDGE ( 'NONE', *, *, #3253, .F. ) ;
#3037 = DIRECTION ( 'NONE',  ( 0.7071067811865487900, 0.0000000000000000000, 0.7071067811865462400 ) ) ;
#3038 = VECTOR ( 'NONE', #2053, 1000.000000000000100 ) ;
#3039 = CARTESIAN_POINT ( 'NONE',  ( 0.4116466139232379800, 4.500000000000000900, 2.971623641251619500 ) ) ;
#3040 = EDGE_CURVE ( 'NONE', #3550, #2564, #2645, .T. ) ;
#3041 = VECTOR ( 'NONE', #2368, 999.9999999999998900 ) ;
#3042 = ORIENTED_EDGE ( 'NONE', *, *, #902, .F. ) ;
#3043 = CARTESIAN_POINT ( 'NONE',  ( 1.931231813650609000, 2.500000000000000400, -1.598352302471059500 ) ) ;
#3044 = CARTESIAN_POINT ( 'NONE',  ( 0.0000000000000000000, 2.500000000000000000, 0.0000000000000000000 ) ) ;
#3045 = ORIENTED_EDGE ( 'NONE', *, *, #3807, .F. ) ;
#3046 = CIRCLE ( 'NONE', #770, 3.000000000000000400 ) ;
#3047 = DIRECTION ( 'NONE',  ( 0.0000000000000000000, 1.000000000000000000, 0.0000000000000000000 ) ) ;
#3048 = ORIENTED_EDGE ( 'NONE', *, *, #2937, .T. ) ;
#3049 = LINE ( 'NONE', #590, #720 ) ;
#3050 = ORIENTED_EDGE ( 'NONE', *, *, #1252, .T. ) ;
#3051 = ORIENTED_EDGE ( 'NONE', *, *, #667, .F. ) ;
#3052 = AXIS2_PLACEMENT_3D ( 'NONE', #2614, #1382, #3517 ) ;
#3053 = CARTESIAN_POINT ( 'NONE',  ( 2.006039793558623600, 2.500000000000000400, -2.230651103749592900 ) ) ;
#3054 = ORIENTED_EDGE ( 'NONE', *, *, #3208, .T. ) ;
#3055 = EDGE_CURVE ( 'NONE', #2145, #732, #1925, .T. ) ;
#3056 = CARTESIAN_POINT ( 'NONE',  ( -2.976910004631395000, 4.500000000000000900, -0.3714926975399520700 ) ) ;
#3057 = EDGE_LOOP ( 'NONE', ( #1427, #1576, #3, #826 ) ) ;
#3058 = EDGE_CURVE ( 'NONE', #2626, #806, #1446, .T. ) ;
#3059 = CARTESIAN_POINT ( 'NONE',  ( 0.0000000000000000000, 2.500000000000000400, 0.0000000000000000000 ) ) ;
#3060 = EDGE_LOOP ( 'NONE', ( #3558, #1198, #3801, #2154 ) ) ;
#3061 = PLANE ( 'NONE',  #2441 ) ;
#3062 = DIRECTION ( 'NONE',  ( 0.0000000000000000000, 1.000000000000000000, 0.0000000000000000000 ) ) ;
#3063 = ORIENTED_EDGE ( 'NONE', *, *, #50, .F. ) ;
#3064 = AXIS2_PLACEMENT_3D ( 'NONE', #248, #2664, #1759 ) ;
#3065 = CARTESIAN_POINT ( 'NONE',  ( 0.0000000000000000000, 2.500000000000000400, 0.0000000000000000000 ) ) ;
#3066 = DIRECTION ( 'NONE',  ( 0.0000000000000000000, 1.000000000000000000, 0.0000000000000000000 ) ) ;
#3067 = ORIENTED_EDGE ( 'NONE', *, *, #980, .F. ) ;
#3068 = DIRECTION ( 'NONE',  ( 0.2588190451025161300, 0.0000000000000000000, -0.9659258262890695300 ) ) ;
#3069 = DIRECTION ( 'NONE',  ( 0.2722226757336472200, 0.0000000000000000000, -0.9622342827068746100 ) ) ;
#3070 = ORIENTED_EDGE ( 'NONE', *, *, #1077, .T. ) ;
#3071 = LINE ( 'NONE', #886, #1828 ) ;
#3072 = CARTESIAN_POINT ( 'NONE',  ( -1.219947281720006800, 4.500000000000000900, 2.177556471411953500 ) ) ;
#3073 = CARTESIAN_POINT ( 'NONE',  ( 0.3714926975399416900, 2.500000000000000400, -2.976910004631396300 ) ) ;
#3074 = ADVANCED_FACE ( 'NONE', ( #3355 ), #1202, .T. ) ;
#3075 = VECTOR ( 'NONE', #2161, 1000.000000000000000 ) ;
#3076 = VECTOR ( 'NONE', #1390, 1000.000000000000000 ) ;
#3077 = PLANE ( 'NONE',  #440 ) ;
#3078 = CARTESIAN_POINT ( 'NONE',  ( -1.741971672712157900, 4.500000000000000900, 1.787612443409510200 ) ) ;
#3079 = CARTESIAN_POINT ( 'NONE',  ( -1.842308245665165200, 2.500000000000000400, -2.367678256848709600 ) ) ;
#3080 = EDGE_CURVE ( 'NONE', #636, #2809, #3452, .T. ) ;
#3081 = EDGE_LOOP ( 'NONE', ( #1128, #1329, #2426, #2143 ) ) ;
#3082 = FACE_OUTER_BOUND ( 'NONE', #595, .T. ) ;
#3083 = FACE_OUTER_BOUND ( 'NONE', #145, .T. ) ;
#3084 = CARTESIAN_POINT ( 'NONE',  ( 0.0000000000000000000, 0.0000000000000000000, 1.500000000000000200 ) ) ;
#3085 = LINE ( 'NONE', #1476, #3270 ) ;
#3086 = VERTEX_POINT ( 'NONE', #1797 ) ;
#3087 = CARTESIAN_POINT ( 'NONE',  ( 0.0000000000000000000, 0.0000000000000000000, 0.0000000000000000000 ) ) ;
#3088 = CARTESIAN_POINT ( 'NONE',  ( -2.852606974099049600, 2.500000000000000400, 0.9287806260476495500 ) ) ;
#3090 = VECTOR ( 'NONE', #3645, 1000.000000000000000 ) ;
#3089 = DIRECTION ( 'NONE',  ( 0.0000000000000000000, 1.000000000000000000, 0.0000000000000000000 ) ) ;
#3091 = EDGE_LOOP ( 'NONE', ( #2217, #1237, #891, #2295 ) ) ;
#3092 = EDGE_CURVE ( 'NONE', #1964, #1850, #67, .T. ) ;
#3093 = CARTESIAN_POINT ( 'NONE',  ( 0.0000000000000000000, 0.0000000000000000000, 7.000000000000000000 ) ) ;
#3094 = CYLINDRICAL_SURFACE ( 'NONE', #824, 1.500000000000000200 ) ;
#3095 = DIRECTION ( 'NONE',  ( -0.0000000000000000000, 1.000000000000000000, -0.0000000000000000000 ) ) ;
#3096 = VERTEX_POINT ( 'NONE', #1488 ) ;
#3097 = LINE ( 'NONE', #958, #2280 ) ;
#3098 = ORIENTED_EDGE ( 'NONE', *, *, #3080, .T. ) ;
#3099 = ORIENTED_EDGE ( 'NONE', *, *, #472, .T. ) ;
#3100 = ORIENTED_EDGE ( 'NONE', *, *, #2700, .F. ) ;
#3101 = ORIENTED_EDGE ( 'NONE', *, *, #1859, .F. ) ;
#3102 = CARTESIAN_POINT ( 'NONE',  ( -1.598352302471066400, 2.500000000000000400, -1.931231813650603300 ) ) ;
#3103 = DIRECTION ( 'NONE',  ( -0.9999033575959426200, 0.0000000000000000000, -0.01390235477753795800 ) ) ;
#3104 = EDGE_CURVE ( 'NONE', #277, #2507, #3071, .T. ) ;
#3105 = ORIENTED_EDGE ( 'NONE', *, *, #938, .F. ) ;
#3106 = CARTESIAN_POINT ( 'NONE',  ( -2.367678256848702900, 2.500000000000000400, 1.842308245665173600 ) ) ;
#3107 = CARTESIAN_POINT ( 'NONE',  ( -2.763826037560805500, 4.500000000000000900, 1.166732888925712700 ) ) ;
#3108 = CARTESIAN_POINT ( 'NONE',  ( 1.219947281720022100, 4.500000000000000900, -2.177556471411945100 ) ) ;
#3109 = ORIENTED_EDGE ( 'NONE', *, *, #2567, .F. ) ;
#3110 = EDGE_CURVE ( 'NONE', #3790, #542, #3219, .T. ) ;
#3111 = DIRECTION ( 'NONE',  ( 0.4999999999999962800, 0.0000000000000000000, -0.8660254037844408200 ) ) ;
#3112 = VERTEX_POINT ( 'NONE', #701 ) ;
#3113 = PLANE ( 'NONE',  #3770 ) ;
#3114 = EDGE_CURVE ( 'NONE', #973, #3522, #2398, .T. ) ;
#3115 = CARTESIAN_POINT ( 'NONE',  ( -1.044050194584740000, 2.500000000000000400, -2.279110702019172800 ) ) ;
#3116 = ORIENTED_EDGE ( 'NONE', *, *, #3662, .T. ) ;
#3117 = VECTOR ( 'NONE', #3635, 1000.000000000000000 ) ;
#3118 = DIRECTION ( 'NONE',  ( 0.0000000000000000000, 0.0000000000000000000, 1.000000000000000000 ) ) ;
#3119 = ORIENTED_EDGE ( 'NONE', *, *, #1377, .F. ) ;
#3120 = LINE ( 'NONE', #1767, #1729 ) ;
#3121 = ADVANCED_FACE ( 'NONE', ( #3030 ), #2798, .T. ) ;
#3122 = DIRECTION ( 'NONE',  ( 0.8728928863962139900, 0.0000000000000000000, -0.4879118863881944900 ) ) ;
#3123 = AXIS2_PLACEMENT_3D ( 'NONE', #397, #3438, #2506 ) ;
#3124 = LINE ( 'NONE', #3108, #2880 ) ;
#3125 = EDGE_CURVE ( 'NONE', #2521, #2427, #2930, .T. ) ;
#3126 = CARTESIAN_POINT ( 'NONE',  ( 1.166732888925722200, 4.500000000000000900, 2.763826037560801500 ) ) ;
#3127 = ORIENTED_EDGE ( 'NONE', *, *, #3125, .T. ) ;
#3128 = VECTOR ( 'NONE', #2272, 1000.000000000000000 ) ;
#3129 = CYLINDRICAL_SURFACE ( 'NONE', #1270, 1.499999999999999800 ) ;
#3130 = EDGE_LOOP ( 'NONE', ( #3788, #2365, #2194, #3476 ) ) ;
#3131 = DIRECTION ( 'NONE',  ( 0.0000000000000000000, 1.000000000000000000, 0.0000000000000000000 ) ) ;
#3132 = EDGE_LOOP ( 'NONE', ( #140, #3267, #2411, #3846 ) ) ;
#3133 = LINE ( 'NONE', #295, #945 ) ;
#3134 = CARTESIAN_POINT ( 'NONE',  ( -1.451742668693209800, 2.500000000000000400, 2.043729342346063800 ) ) ;
#3135 = EDGE_CURVE ( 'NONE', #233, #1791, #1733, .T. ) ;
#3136 = VECTOR ( 'NONE', #2390, 1000.000000000000000 ) ;
#3137 = ORIENTED_EDGE ( 'NONE', *, *, #1675, .F. ) ;
#3138 = PLANE ( 'NONE',  #311 ) ;
#3139 = EDGE_LOOP ( 'NONE', ( #105, #844, #3288, #3562 ) ) ;
#3140 = AXIS2_PLACEMENT_3D ( 'NONE', #3572, #1743, #1770 ) ;
#3141 = VECTOR ( 'NONE', #2305, 1000.000000000000200 ) ;
#3142 = ORIENTED_EDGE ( 'NONE', *, *, #251, .T. ) ;
#3143 = DIRECTION ( 'NONE',  ( 0.0000000000000000000, 1.000000000000000000, 0.0000000000000000000 ) ) ;
#3144 =( LENGTH_UNIT ( ) NAMED_UNIT ( * ) SI_UNIT ( .MILLI., .METRE. ) );
#3145 = DIRECTION ( 'NONE',  ( 0.0000000000000000000, 1.000000000000000000, 0.0000000000000000000 ) ) ;
#3146 = ORIENTED_EDGE ( 'NONE', *, *, #1730, .T. ) ;
#3147 = ADVANCED_FACE ( 'NONE', ( #2261 ), #1304, .T. ) ;
#3148 = FACE_OUTER_BOUND ( 'NONE', #1985, .T. ) ;
#3149 = VERTEX_POINT ( 'NONE', #998 ) ;
#3150 = VERTEX_POINT ( 'NONE', #1601 ) ;
#3151 = EDGE_CURVE ( 'NONE', #2117, #2427, #934, .T. ) ;
#3152 =( NAMED_UNIT ( * ) SI_UNIT ( $, .STERADIAN. ) SOLID_ANGLE_UNIT ( ) );
#3153 = DIRECTION ( 'NONE',  ( 0.8728928863962139900, 0.0000000000000000000, -0.4879118863881944900 ) ) ;
#3154 = ORIENTED_EDGE ( 'NONE', *, *, #1191, .T. ) ;
#3155 = ORIENTED_EDGE ( 'NONE', *, *, #2344, .T. ) ;
#3156 = CARTESIAN_POINT ( 'NONE',  ( -1.129315395586443900, 4.500000000000000900, 2.779324870771935800 ) ) ;
#3157 = ORIENTED_EDGE ( 'NONE', *, *, #1059, .T. ) ;
#3158 = AXIS2_PLACEMENT_3D ( 'NONE', #1332, #741, #657 ) ;
#3159 =( NAMED_UNIT ( * ) SI_UNIT ( $, .STERADIAN. ) SOLID_ANGLE_UNIT ( ) );
#3160 = ORIENTED_EDGE ( 'NONE', *, *, #1531, .T. ) ;
#3161 = CARTESIAN_POINT ( 'NONE',  ( -2.043729342346059000, 2.500000000000000400, -1.451742668693216900 ) ) ;
#3162 = EDGE_CURVE ( 'NONE', #1934, #90, #3124, .T. ) ;
#3163 = DIRECTION ( 'NONE',  ( 0.2453653886819331100, 0.0000000000000000000, 0.9694306710832725200 ) ) ;
#3164 = ORIENTED_EDGE ( 'NONE', *, *, #2324, .T. ) ;
#3165 = CARTESIAN_POINT ( 'NONE',  ( 2.495792863277958200, 4.500000000000000900, -0.03227289845865635700 ) ) ;
#3166 = ORIENTED_EDGE ( 'NONE', *, *, #3702, .T. ) ;
#3167 = AXIS2_PLACEMENT_3D ( 'NONE', #3695, #2165, #1547 ) ;
#3168 = ADVANCED_FACE ( 'NONE', ( #2974, #3260 ), #2179, .T. ) ;
#3169 = ORIENTED_EDGE ( 'NONE', *, *, #1113, .T. ) ;
#3170 = CARTESIAN_POINT ( 'NONE',  ( -1.275845581557941500, 2.500000000000000400, -2.145283572953280900 ) ) ;
#3171 = DIRECTION ( 'NONE',  ( -0.0000000000000000000, -1.000000000000000000, -0.0000000000000000000 ) ) ;
#3172 = EDGE_CURVE ( 'NONE', #2850, #3207, #1120, .T. ) ;
#3173 = DIRECTION ( 'NONE',  ( 0.9659258262890686500, 0.0000000000000000000, 0.2588190451025195200 ) ) ;
#3174 = CIRCLE ( 'NONE', #2541, 4.400000000000000400 ) ;
#3175 = CARTESIAN_POINT ( 'NONE',  ( -2.934820419606258800, 2.500000000000000400, -0.6219558703494487700 ) ) ;
#3176 = FACE_OUTER_BOUND ( 'NONE', #1054, .T. ) ;
#3177 = VECTOR ( 'NONE', #904, 1000.000000000000000 ) ;
#3178 = AXIS2_PLACEMENT_3D ( 'NONE', #2868, #742, #1318 ) ;
#3179 = VECTOR ( 'NONE', #3187, 1000.000000000000000 ) ;
#3180 = LINE ( 'NONE', #2818, #124 ) ;
#3181 = EDGE_CURVE ( 'NONE', #3790, #1505, #1549, .T. ) ;
#3182 = CARTESIAN_POINT ( 'NONE',  ( -1.810177115705682500, 2.500000000000000400, 2.392333340020879300 ) ) ;
#3183 = DIRECTION ( 'NONE',  ( 0.4879118863881944400, -0.0000000000000000000, 0.8728928863962139900 ) ) ;
#3184 = CIRCLE ( 'NONE', #3531, 3.000000000000000000 ) ;
#3185 = ADVANCED_FACE ( 'NONE', ( #564 ), #3765, .F. ) ;
#3186 = ORIENTED_EDGE ( 'NONE', *, *, #2362, .T. ) ;
#3187 = DIRECTION ( 'NONE',  ( 0.0000000000000000000, 1.000000000000000000, 0.0000000000000000000 ) ) ;
#3188 = LINE ( 'NONE', #181, #1565 ) ;
#3189 = DIRECTION ( 'NONE',  ( 0.9694306710832748500, 0.0000000000000000000, -0.2453653886819228400 ) ) ;
#3190 = AXIS2_PLACEMENT_3D ( 'NONE', #441, #2241, #708 ) ;
#3191 = LINE ( 'NONE', #605, #264 ) ;
#3192 = ORIENTED_EDGE ( 'NONE', *, *, #938, .T. ) ;
#3193 = ORIENTED_EDGE ( 'NONE', *, *, #918, .F. ) ;
#3194 = AXIS2_PLACEMENT_3D ( 'NONE', #2396, #2680, #3032 ) ;
#3195 = VERTEX_POINT ( 'NONE', #2469 ) ;
#3196 = DIRECTION ( 'NONE',  ( 0.0000000000000000000, 1.000000000000000000, 0.0000000000000000000 ) ) ;
#3197 = DIRECTION ( 'NONE',  ( -0.9694306710832733000, 0.0000000000000000000, 0.2453653886819297000 ) ) ;
#3198 = VERTEX_POINT ( 'NONE', #2782 ) ;
#3199 = DIRECTION ( 'NONE',  ( -1.620302520203781800E-015, 0.0000000000000000000, 1.000000000000000000 ) ) ;
#3200 = AXIS2_PLACEMENT_3D ( 'NONE', #3044, #2760, #3641 ) ;
#3201 = ORIENTED_EDGE ( 'NONE', *, *, #3040, .F. ) ;
#3202 = ADVANCED_FACE ( 'NONE', ( #2353 ), #2193, .T. ) ;
#3203 = EDGE_CURVE ( 'NONE', #2778, #1915, #3174, .T. ) ;
#3204 = ORIENTED_EDGE ( 'NONE', *, *, #3563, .F. ) ;
#3205 = CARTESIAN_POINT ( 'NONE',  ( 2.349829604962601100, 4.500000000000000900, 0.8733196599825652200 ) ) ;
#3206 = DIRECTION ( 'NONE',  ( -0.9659258262890658700, 0.0000000000000000000, 0.2588190451025299000 ) ) ;
#3207 = VERTEX_POINT ( 'NONE', #115 ) ;
#3208 = EDGE_CURVE ( 'NONE', #1637, #2718, #3686, .T. ) ;
#3209 = DIRECTION ( 'NONE',  ( -0.8660254037844424800, 0.0000000000000000000, -0.4999999999999933400 ) ) ;
#3210 = ORIENTED_EDGE ( 'NONE', *, *, #1107, .F. ) ;
#3211 = DIRECTION ( 'NONE',  ( 0.0000000000000000000, 1.000000000000000000, 0.0000000000000000000 ) ) ;
#3212 = ORIENTED_EDGE ( 'NONE', *, *, #1314, .T. ) ;
#3213 = FACE_BOUND ( 'NONE', #2814, .T. ) ;
#3214 = AXIS2_PLACEMENT_3D ( 'NONE', #1682, #515, #205 ) ;
#3215 = CARTESIAN_POINT ( 'NONE',  ( -2.495792863277958200, 2.500000000000000400, 0.03227289845865635700 ) ) ;
#3216 = VECTOR ( 'NONE', #586, 1000.000000000000000 ) ;
#3217 = CARTESIAN_POINT ( 'NONE',  ( 0.03227289845868249600, 2.500000000000000400, 2.495792863277957800 ) ) ;
#3218 = EDGE_CURVE ( 'NONE', #1957, #1968, #1495, .T. ) ;
#3219 = LINE ( 'NONE', #1188, #2157 ) ;
#3220 = LINE ( 'NONE', #13, #15 ) ;
#3221 = ADVANCED_FACE ( 'NONE', ( #2502 ), #3448, .T. ) ;
#3222 = CARTESIAN_POINT ( 'NONE',  ( 1.275845581557956100, 4.500000000000000900, 2.145283572953271100 ) ) ;
#3223 = FACE_OUTER_BOUND ( 'NONE', #1190, .T. ) ;
#3224 = LINE ( 'NONE', #1273, #529 ) ;
#3225 = CARTESIAN_POINT ( 'NONE',  ( -2.230651103749600000, 2.500000000000000400, -2.006039793558615200 ) ) ;
#3226 = CARTESIAN_POINT ( 'NONE',  ( 1.129315395586463400, 4.500000000000000900, -2.779324870771927800 ) ) ;
#3227 = ORIENTED_EDGE ( 'NONE', *, *, #2483, .T. ) ;
#3228 = ORIENTED_EDGE ( 'NONE', *, *, #3289, .T. ) ;
#3229 = LINE ( 'NONE', #1118, #215 ) ;
#3230 = CARTESIAN_POINT ( 'NONE',  ( -2.402397942946356700, 2.500000000000000400, 0.6771319517577263400 ) ) ;
#3231 = LINE ( 'NONE', #2702, #1227 ) ;
#3232 = ORIENTED_EDGE ( 'NONE', *, *, #3218, .F. ) ;
#3233 = EDGE_CURVE ( 'NONE', #2540, #1621, #2207, .T. ) ;
#3234 = ORIENTED_EDGE ( 'NONE', *, *, #1859, .T. ) ;
#3235 = PLANE ( 'NONE',  #1583 ) ;
#3236 = CIRCLE ( 'NONE', #1557, 9.999999999999998200 ) ;
#3237 = DIRECTION ( 'NONE',  ( -1.620302520203781800E-015, -0.0000000000000000000, 1.000000000000000000 ) ) ;
#3238 = AXIS2_PLACEMENT_3D ( 'NONE', #1192, #3316, #2088 ) ;
#3239 = FACE_OUTER_BOUND ( 'NONE', #1441, .T. ) ;
#3240 = ORIENTED_EDGE ( 'NONE', *, *, #2622, .T. ) ;
#3241 = ORIENTED_EDGE ( 'NONE', *, *, #3080, .F. ) ;
#3242 = ADVANCED_FACE ( 'NONE', ( #1689 ), #2537, .T. ) ;
#3243 = ORIENTED_EDGE ( 'NONE', *, *, #828, .F. ) ;
#3244 = EDGE_LOOP ( 'NONE', ( #2348, #734, #2333, #1761 ) ) ;
#3245 = EDGE_CURVE ( 'NONE', #1582, #1988, #1308, .T. ) ;
#3246 = CARTESIAN_POINT ( 'NONE',  ( 0.6219558703494589800, 4.500000000000000900, -2.934820419606256600 ) ) ;
#3247 = DIRECTION ( 'NONE',  ( 0.7071067811865449100, 0.0000000000000000000, -0.7071067811865501300 ) ) ;
#3248 = EDGE_LOOP ( 'NONE', ( #3729, #3473, #2938, #372 ) ) ;
#3249 = VERTEX_POINT ( 'NONE', #1342 ) ;
#3250 = CARTESIAN_POINT ( 'NONE',  ( 0.0000000000000000000, 0.0000000000000000000, 0.0000000000000000000 ) ) ;
#3251 = ORIENTED_EDGE ( 'NONE', *, *, #2667, .T. ) ;
#3252 = CARTESIAN_POINT ( 'NONE',  ( -2.349829604962595300, 2.500000000000000400, -0.8733196599825816500 ) ) ;
#3253 = EDGE_CURVE ( 'NONE', #287, #3286, #2019, .T. ) ;
#3254 = EDGE_LOOP ( 'NONE', ( #270, #2941, #2862, #547 ) ) ;
#3255 = DIRECTION ( 'NONE',  ( 0.0000000000000000000, 1.000000000000000000, 0.0000000000000000000 ) ) ;
#3256 = ADVANCED_FACE ( 'NONE', ( #347 ), #731, .T. ) ;
#3257 = EDGE_LOOP ( 'NONE', ( #1158, #1671, #415, #1437 ) ) ;
#3258 = VECTOR ( 'NONE', #1996, 1000.000000000000000 ) ;
#3259 = CARTESIAN_POINT ( 'NONE',  ( 0.0000000000000000000, 0.0000000000000000000, 7.000000000000000000 ) ) ;
#3260 = FACE_BOUND ( 'NONE', #2370, .T. ) ;
#3261 = AXIS2_PLACEMENT_3D ( 'NONE', #279, #17, #2100 ) ;
#3262 = PLANE ( 'NONE',  #1703 ) ;
#3263 = FACE_OUTER_BOUND ( 'NONE', #1148, .T. ) ;
#3264 = LINE ( 'NONE', #2108, #749 ) ;
#3265 = CARTESIAN_POINT ( 'NONE',  ( 1.598352302471079700, 2.500000000000000400, 1.931231813650592200 ) ) ;
#3266 = DIRECTION ( 'NONE',  ( 0.0000000000000000000, 1.000000000000000000, 0.0000000000000000000 ) ) ;
#3267 = ORIENTED_EDGE ( 'NONE', *, *, #3341, .T. ) ;
#3268 = LINE ( 'NONE', #3785, #991 ) ;
#3269 = VECTOR ( 'NONE', #1223, 1000.000000000000000 ) ;
#3270 = VECTOR ( 'NONE', #329, 1000.000000000000100 ) ;
#3271 = DIRECTION ( 'NONE',  ( -0.0000000000000000000, -1.000000000000000000, -0.0000000000000000000 ) ) ;
#3272 = CARTESIAN_POINT ( 'NONE',  ( -1.741971672712157900, 4.500000000000000900, 1.787612443409510200 ) ) ;
#3273 = EDGE_LOOP ( 'NONE', ( #2907, #3719, #1831, #3314 ) ) ;
#3274 = ADVANCED_FACE ( 'NONE', ( #439 ), #1914, .T. ) ;
#3275 = LINE ( 'NONE', #772, #758 ) ;
#3276 = VECTOR ( 'NONE', #3197, 1000.000000000000100 ) ;
#3277 = ORIENTED_EDGE ( 'NONE', *, *, #107, .T. ) ;
#3278 = ORIENTED_EDGE ( 'NONE', *, *, #344, .F. ) ;
#3279 = EDGE_CURVE ( 'NONE', #2565, #3086, #1920, .T. ) ;
#3280 = DIRECTION ( 'NONE',  ( 0.0000000000000000000, 1.000000000000000000, 0.0000000000000000000 ) ) ;
#3281 = VERTEX_POINT ( 'NONE', #165 ) ;
#3282 = ORIENTED_EDGE ( 'NONE', *, *, #1938, .F. ) ;
#3283 = DIRECTION ( 'NONE',  ( 0.0000000000000000000, 1.000000000000000000, 0.0000000000000000000 ) ) ;
#3284 = CARTESIAN_POINT ( 'NONE',  ( -1.598352302471066400, 2.500000000000000400, -1.931231813650603300 ) ) ;
#3285 = CARTESIAN_POINT ( 'NONE',  ( 1.741971672712170600, 4.500000000000000900, -1.787612443409498200 ) ) ;
#3286 = VERTEX_POINT ( 'NONE', #2854 ) ;
#3287 = CARTESIAN_POINT ( 'NONE',  ( 0.0000000000000000000, 2.500000000000000400, 0.0000000000000000000 ) ) ;
#3288 = ORIENTED_EDGE ( 'NONE', *, *, #3757, .T. ) ;
#3289 = EDGE_CURVE ( 'NONE', #2534, #1305, #2783, .T. ) ;
#3290 = CARTESIAN_POINT ( 'NONE',  ( 0.0000000000000000000, 2.500000000000000400, 0.0000000000000000000 ) ) ;
#3291 = CARTESIAN_POINT ( 'NONE',  ( -0.2353813596731006700, 2.500000000000000400, 2.495792863277960500 ) ) ;
#3292 = ORIENTED_EDGE ( 'NONE', *, *, #619, .T. ) ;
#3293 = DIRECTION ( 'NONE',  ( -0.7071067811865389100, 0.0000000000000000000, 0.7071067811865561200 ) ) ;
#3294 = ORIENTED_EDGE ( 'NONE', *, *, #319, .F. ) ;
#3295 = VECTOR ( 'NONE', #643, 999.9999999999998900 ) ;
#3296 = CARTESIAN_POINT ( 'NONE',  ( -0.4185977913119879300, 4.500000000000000900, -2.471671962453651600 ) ) ;
#3297 = ORIENTED_EDGE ( 'NONE', *, *, #889, .F. ) ;
#3298 = CARTESIAN_POINT ( 'NONE',  ( -2.495792863277958200, 4.500000000000000900, 0.03227289845865635700 ) ) ;
#3299 = EDGE_CURVE ( 'NONE', #3315, #3762, #3450, .T. ) ;
#3300 = FACE_OUTER_BOUND ( 'NONE', #3574, .T. ) ;
#3301 = CARTESIAN_POINT ( 'NONE',  ( 0.03227289845868249600, 2.500000000000000400, 2.495792863277957800 ) ) ;
#3302 = VECTOR ( 'NONE', #1664, 1000.000000000000100 ) ;
#3303 = AXIS2_PLACEMENT_3D ( 'NONE', #950, #1248, #3433 ) ;
#3304 = FACE_OUTER_BOUND ( 'NONE', #2795, .T. ) ;
#3305 = LINE ( 'NONE', #2040, #1449 ) ;
#3306 = CARTESIAN_POINT ( 'NONE',  ( 0.0000000000000000000, 0.0000000000000000000, 7.000000000000000000 ) ) ;
#3307 = CARTESIAN_POINT ( 'NONE',  ( 0.0000000000000000000, 2.500000000000000000, 0.0000000000000000000 ) ) ;
#3308 = VECTOR ( 'NONE', #1048, 1000.000000000000100 ) ;
#3309 = CIRCLE ( 'NONE', #3303, 1.500000000000000400 ) ;
#3310 = PLANE ( 'NONE',  #1757 ) ;
#3311 = CARTESIAN_POINT ( 'NONE',  ( 0.0000000000000000000, 0.0000000000000000000, -5.500000000000000000 ) ) ;
#3312 = CARTESIAN_POINT ( 'NONE',  ( 1.741971672712170600, 4.500000000000000900, -1.787612443409498200 ) ) ;
#3313 = ORIENTED_EDGE ( 'NONE', *, *, #3549, .T. ) ;
#3314 = ORIENTED_EDGE ( 'NONE', *, *, #1414, .F. ) ;
#3315 = VERTEX_POINT ( 'NONE', #3483 ) ;
#3316 = DIRECTION ( 'NONE',  ( 0.0000000000000000000, 1.000000000000000000, 0.0000000000000000000 ) ) ;
#3317 = CARTESIAN_POINT ( 'NONE',  ( 1.842308245665181800, 4.500000000000000900, 2.367678256848697100 ) ) ;
#3318 = VECTOR ( 'NONE', #2319, 1000.000000000000000 ) ;
#3319 = AXIS2_PLACEMENT_3D ( 'NONE', #432, #730, #3740 ) ;
#3320 = PLANE ( 'NONE',  #2903 ) ;
#3321 = CARTESIAN_POINT ( 'NONE',  ( 1.219947281720022100, 2.500000000000000400, -2.177556471411945100 ) ) ;
#3323 = LINE ( 'NONE', #1732, #3141 ) ;
#3322 = DIRECTION ( 'NONE',  ( -0.0000000000000000000, -1.000000000000000000, -0.0000000000000000000 ) ) ;
#3324 = EDGE_CURVE ( 'NONE', #3315, #462, #2597, .T. ) ;
#3325 = ORIENTED_EDGE ( 'NONE', *, *, #11, .T. ) ;
#3326 = VECTOR ( 'NONE', #1658, 1000.000000000000000 ) ;
#3328 = ORIENTED_EDGE ( 'NONE', *, *, #2191, .F. ) ;
#3327 = CARTESIAN_POINT ( 'NONE',  ( 2.392333340020885900, 2.500000000000000400, 1.810177115705674300 ) ) ;
#3329 = ORIENTED_EDGE ( 'NONE', *, *, #1046, .T. ) ;
#3330 = VERTEX_POINT ( 'NONE', #3165 ) ;
#3331 = EDGE_CURVE ( 'NONE', #3014, #1536, #390, .T. ) ;
#3332 = DIRECTION ( 'NONE',  ( 0.7168688940249502400, 0.0000000000000000000, -0.6972079953496264100 ) ) ;
#3333 = CARTESIAN_POINT ( 'NONE',  ( 0.0000000000000000000, 4.500000000000000900, 0.0000000000000000000 ) ) ;
#3334 = ORIENTED_EDGE ( 'NONE', *, *, #925, .F. ) ;
#3335 = ADVANCED_FACE ( 'NONE', ( #788 ), #3494, .T. ) ;
#3336 = ORIENTED_EDGE ( 'NONE', *, *, #3626, .F. ) ;
#3337 = CARTESIAN_POINT ( 'NONE',  ( 0.0000000000000000000, 2.500000000000000400, 0.0000000000000000000 ) ) ;
#3338 = ORIENTED_EDGE ( 'NONE', *, *, #1610, .T. ) ;
#3339 = DIRECTION ( 'NONE',  ( -0.9999033575959427300, 0.0000000000000000000, -0.01390235477753795800 ) ) ;
#3340 = PLANE ( 'NONE',  #2473 ) ;
#3341 = EDGE_CURVE ( 'NONE', #254, #3744, #2642, .T. ) ;
#3342 = ORIENTED_EDGE ( 'NONE', *, *, #70, .T. ) ;
#3343 = DIRECTION ( 'NONE',  ( 0.0000000000000000000, -0.0000000000000000000, 1.000000000000000000 ) ) ;
#3344 = ORIENTED_EDGE ( 'NONE', *, *, #2138, .T. ) ;
#3345 = CARTESIAN_POINT ( 'NONE',  ( 1.044050194584755800, 2.500000000000000400, 2.279110702019165200 ) ) ;
#3346 = PLANE ( 'NONE',  #3813 ) ;
#3347 = CARTESIAN_POINT ( 'NONE',  ( -2.145283572953275500, 4.500000000000000900, 1.275845581557949000 ) ) ;
#3348 = VERTEX_POINT ( 'NONE', #3471 ) ;
#3349 = AXIS2_PLACEMENT_3D ( 'NONE', #926, #164, #3751 ) ;
#3350 = FACE_OUTER_BOUND ( 'NONE', #2379, .T. ) ;
#3351 = ADVANCED_FACE ( 'NONE', ( #158 ), #3752, .T. ) ;
#3352 = PLANE ( 'NONE',  #1932 ) ;
#3353 = PLANE ( 'NONE',  #2431 ) ;
#3354 = EDGE_CURVE ( 'NONE', #39, #2557, #1164, .T. ) ;
#3355 = FACE_OUTER_BOUND ( 'NONE', #506, .T. ) ;
#3356 = DIRECTION ( 'NONE',  ( 0.5000000000000010000, 0.0000000000000000000, 0.8660254037844380400 ) ) ;
#3357 = CARTESIAN_POINT ( 'NONE',  ( -2.177556471411949500, 4.500000000000000900, -1.219947281720014300 ) ) ;
#3358 = VECTOR ( 'NONE', #967, 1000.000000000000000 ) ;
#3359 = VECTOR ( 'NONE', #827, 1000.000000000000100 ) ;
#3360 = EDGE_LOOP ( 'NONE', ( #1842, #829, #3628, #3825 ) ) ;
#3361 = PLANE ( 'NONE',  #3507 ) ;
#3362 = DIRECTION ( 'NONE',  ( 0.0000000000000000000, -0.0000000000000000000, 1.000000000000000000 ) ) ;
#3363 = VECTOR ( 'NONE', #2245, 1000.000000000000000 ) ;
#3364 = LINE ( 'NONE', #3855, #1792 ) ;
#3365 = CARTESIAN_POINT ( 'NONE',  ( 0.1588241805672557000, 2.500000000000000400, 2.995792863277957400 ) ) ;
#3366 = EDGE_CURVE ( 'NONE', #3882, #199, #2928, .T. ) ;
#3367 = VECTOR ( 'NONE', #58, 999.9999999999998900 ) ;
#3368 = CARTESIAN_POINT ( 'NONE',  ( 0.8733196599825898700, 2.500000000000000400, -2.349829604962592200 ) ) ;
#3369 = ORIENTED_EDGE ( 'NONE', *, *, #116, .T. ) ;
#3370 = CARTESIAN_POINT ( 'NONE',  ( -7.000000000000000000, 0.0000000000000000000, 0.0000000000000000000 ) ) ;
#3371 = VERTEX_POINT ( 'NONE', #510 ) ;
#3372 = LINE ( 'NONE', #2130, #178 ) ;
#3373 = CARTESIAN_POINT ( 'NONE',  ( 0.0000000000000000000, 4.500000000000000900, 0.0000000000000000000 ) ) ;
#3374 = ADVANCED_FACE ( 'NONE', ( #606 ), #2298, .T. ) ;
#3375 = CIRCLE ( 'NONE', #66, 3.000000000000000400 ) ;
#3376 = ORIENTED_EDGE ( 'NONE', *, *, #1938, .T. ) ;
#3377 = VERTEX_POINT ( 'NONE', #2616 ) ;
#3378 = AXIS2_PLACEMENT_3D ( 'NONE', #271, #2697, #597 ) ;
#3379 = DIRECTION ( 'NONE',  ( 0.0000000000000000000, 1.000000000000000000, 0.0000000000000000000 ) ) ;
#3380 = CARTESIAN_POINT ( 'NONE',  ( 0.0000000000000000000, 2.500000000000000400, 0.0000000000000000000 ) ) ;
#3381 = ORIENTED_EDGE ( 'NONE', *, *, #535, .T. ) ;
#3382 = EDGE_LOOP ( 'NONE', ( #3336, #1619, #1908, #1463 ) ) ;
#3383 = EDGE_CURVE ( 'NONE', #1145, #462, #117, .T. ) ;
#3384 = DIRECTION ( 'NONE',  ( 0.0000000000000000000, 1.000000000000000000, 0.0000000000000000000 ) ) ;
#3385 = VERTEX_POINT ( 'NONE', #223 ) ;
#3386 = CARTESIAN_POINT ( 'NONE',  ( -0.3714926975399209200, 4.500000000000000900, 2.976910004631398500 ) ) ;
#3387 = PLANE ( 'NONE',  #3167 ) ;
#3388 = DIRECTION ( 'NONE',  ( 0.2588190451025161300, 0.0000000000000000000, -0.9659258262890695300 ) ) ;
#3389 = ORIENTED_EDGE ( 'NONE', *, *, #2757, .F. ) ;
#3390 = AXIS2_PLACEMENT_3D ( 'NONE', #3259, #1737, #530 ) ;
#3391 = ORIENTED_EDGE ( 'NONE', *, *, #2514, .F. ) ;
#3392 = CARTESIAN_POINT ( 'NONE',  ( -2.367678256848702900, 2.500000000000000400, 1.842308245665173600 ) ) ;
#3393 = CARTESIAN_POINT ( 'NONE',  ( 2.177556471411958000, 4.500000000000000900, 1.219947281719999200 ) ) ;
#3394 = ORIENTED_EDGE ( 'NONE', *, *, #463, .F. ) ;
#3395 = AXIS2_PLACEMENT_3D ( 'NONE', #1876, #984, #349 ) ;
#3396 = DIRECTION ( 'NONE',  ( -0.6972079953496287400, 0.0000000000000000000, -0.7168688940249479100 ) ) ;
#3397 = DIRECTION ( 'NONE',  ( 0.0000000000000000000, 0.0000000000000000000, 1.000000000000000000 ) ) ;
#3398 = EDGE_LOOP ( 'NONE', ( #3664, #284, #763, #1435 ) ) ;
#3399 = VERTEX_POINT ( 'NONE', #2287 ) ;
#3400 = ADVANCED_FACE ( 'NONE', ( #10 ), #3800, .T. ) ;
#3401 = CARTESIAN_POINT ( 'NONE',  ( 0.03227289845868249600, 2.500000000000000400, 2.495792863277957800 ) ) ;
#3402 = AXIS2_PLACEMENT_3D ( 'NONE', #3065, #2699, #627 ) ;
#3403 = EDGE_CURVE ( 'NONE', #1988, #2762, #3492, .T. ) ;
#3404 = VECTOR ( 'NONE', #2326, 1000.000000000000000 ) ;
#3405 = CARTESIAN_POINT ( 'NONE',  ( 1.931231813650609000, 4.500000000000000900, -1.598352302471059500 ) ) ;
#3406 = DIRECTION ( 'NONE',  ( 0.9622342827068737200, 0.0000000000000000000, 0.2722226757336505500 ) ) ;
#3407 = CARTESIAN_POINT ( 'NONE',  ( -0.4116466139232172700, 2.500000000000000400, -2.971623641251623000 ) ) ;
#3408 = VECTOR ( 'NONE', #977, 1000.000000000000200 ) ;
#3409 = FACE_OUTER_BOUND ( 'NONE', #669, .T. ) ;
#3410 = DIRECTION ( 'NONE',  ( 0.0000000000000000000, 1.000000000000000000, 0.0000000000000000000 ) ) ;
#3411 = DIRECTION ( 'NONE',  ( -0.9694306710832733000, 0.0000000000000000000, 0.2453653886819297000 ) ) ;
#3412 = DIRECTION ( 'NONE',  ( -0.9659258262890704200, 0.0000000000000000000, -0.2588190451025127500 ) ) ;
#3413 = EDGE_CURVE ( 'NONE', #3862, #1250, #2303, .T. ) ;
#3414 = LINE ( 'NONE', #1673, #1602 ) ;
#3415 = LINE ( 'NONE', #159, #797 ) ;
#3416 = CARTESIAN_POINT ( 'NONE',  ( 1.451742668693224000, 4.500000000000000900, -2.043729342346053600 ) ) ;
#3417 = VERTEX_POINT ( 'NONE', #2030 ) ;
#3418 = AXIS2_PLACEMENT_3D ( 'NONE', #389, #364, #3675 ) ;
#3419 = ORIENTED_EDGE ( 'NONE', *, *, #980, .T. ) ;
#3420 = CARTESIAN_POINT ( 'NONE',  ( -1.842308245665165200, 4.500000000000000900, -2.367678256848709600 ) ) ;
#3422 = VECTOR ( 'NONE', #721, 1000.000000000000000 ) ;
#3421 = DIRECTION ( 'NONE',  ( 1.620302520203781800E-015, 0.0000000000000000000, -1.000000000000000000 ) ) ;
#3423 = ORIENTED_EDGE ( 'NONE', *, *, #1744, .F. ) ;
#3424 = EDGE_CURVE ( 'NONE', #532, #1539, #1212, .T. ) ;
#3425 = DIRECTION ( 'NONE',  ( 0.0000000000000000000, 0.0000000000000000000, 1.000000000000000000 ) ) ;
#3426 = LINE ( 'NONE', #2050, #180 ) ;
#3427 = CARTESIAN_POINT ( 'NONE',  ( 1.842308245665181400, 2.500000000000000400, 2.367678256848696700 ) ) ;
#3428 = LINE ( 'NONE', #1975, #3605 ) ;
#3429 = DIRECTION ( 'NONE',  ( 0.7071067811865476800, 0.0000000000000000000, 0.7071067811865474600 ) ) ;
#3430 = EDGE_LOOP ( 'NONE', ( #3482, #1676, #2528, #2713 ) ) ;
#3431 = EDGE_LOOP ( 'NONE', ( #1129, #128 ) ) ;
#3432 = ORIENTED_EDGE ( 'NONE', *, *, #1825, .T. ) ;
#3433 = DIRECTION ( 'NONE',  ( 0.0000000000000000000, 0.0000000000000000000, 1.000000000000000000 ) ) ;
#3434 = CARTESIAN_POINT ( 'NONE',  ( 2.145283572953284400, 2.500000000000000400, -1.275845581557933700 ) ) ;
#3435 = EDGE_CURVE ( 'NONE', #585, #317, #2685, .T. ) ;
#3436 = ORIENTED_EDGE ( 'NONE', *, *, #3885, .F. ) ;
#3437 = DIRECTION ( 'NONE',  ( 0.0000000000000000000, 0.0000000000000000000, 1.000000000000000000 ) ) ;
#3438 = DIRECTION ( 'NONE',  ( 0.5119914712077443500, 0.0000000000000000000, -0.8589905316186725600 ) ) ;
#3439 = VERTEX_POINT ( 'NONE', #2915 ) ;
#3440 = AXIS2_PLACEMENT_3D ( 'NONE', #620, #2442, #1506 ) ;
#3441 = ORIENTED_EDGE ( 'NONE', *, *, #1337, .F. ) ;
#3442 = DIRECTION ( 'NONE',  ( -0.9622342827068755000, 0.0000000000000000000, -0.2722226757336438900 ) ) ;
#3443 = CARTESIAN_POINT ( 'NONE',  ( 2.515020633791219800, 2.500000000000000400, -1.635442206745445700 ) ) ;
#3444 = EDGE_CURVE ( 'NONE', #1222, #1095, #3534, .T. ) ;
#3445 = CARTESIAN_POINT ( 'NONE',  ( 2.934820419606263700, 2.500000000000000400, 0.6219558703494282300 ) ) ;
#3446 = ORIENTED_EDGE ( 'NONE', *, *, #517, .F. ) ;
#3447 = VECTOR ( 'NONE', #3384, 1000.000000000000000 ) ;
#3448 = PLANE ( 'NONE',  #2067 ) ;
#3449 = ORIENTED_EDGE ( 'NONE', *, *, #1442, .F. ) ;
#3450 = LINE ( 'NONE', #1333, #3302 ) ;
#3451 = DIRECTION ( 'NONE',  ( 0.0000000000000000000, 1.000000000000000000, 0.0000000000000000000 ) ) ;
#3452 = CIRCLE ( 'NONE', #3789, 3.000000000000000000 ) ;
#3453 = EDGE_CURVE ( 'NONE', #3518, #2281, #2018, .T. ) ;
#3454 = DIRECTION ( 'NONE',  ( -0.8589905316186672300, 0.0000000000000000000, -0.5119914712077531200 ) ) ;
#3455 = LINE ( 'NONE', #3407, #3638 ) ;
#3456 = FACE_OUTER_BOUND ( 'NONE', #1663, .T. ) ;
#3457 = CARTESIAN_POINT ( 'NONE',  ( 0.0000000000000000000, 4.500000000000000900, 0.0000000000000000000 ) ) ;
#3458 = ORIENTED_EDGE ( 'NONE', *, *, #812, .F. ) ;
#3459 = VERTEX_POINT ( 'NONE', #2929 ) ;
#3460 = VECTOR ( 'NONE', #2659, 1000.000000000000000 ) ;
#3461 = AXIS2_PLACEMENT_3D ( 'NONE', #651, #1584, #1596 ) ;
#3462 = LINE ( 'NONE', #2984, #2414 ) ;
#3463 = ORIENTED_EDGE ( 'NONE', *, *, #2059, .T. ) ;
#3464 = AXIS2_PLACEMENT_3D ( 'NONE', #3475, #1963, #2587 ) ;
#3465 = LINE ( 'NONE', #1001, #2035 ) ;
#3466 = DIRECTION ( 'NONE',  ( 1.000000000000000000, 0.0000000000000000000, -1.871178818639351400E-015 ) ) ;
#3467 = CARTESIAN_POINT ( 'NONE',  ( -0.03227289845866507200, 4.500000000000000900, -2.495792863277958200 ) ) ;
#3468 = FACE_OUTER_BOUND ( 'NONE', #2291, .T. ) ;
#3469 = ORIENTED_EDGE ( 'NONE', *, *, #1098, .F. ) ;
#3470 = VERTEX_POINT ( 'NONE', #3541 ) ;
#3471 = CARTESIAN_POINT ( 'NONE',  ( 1.598352302471079700, 4.500000000000000900, 1.931231813650592200 ) ) ;
#3472 = VERTEX_POINT ( 'NONE', #2902 ) ;
#3473 = ORIENTED_EDGE ( 'NONE', *, *, #1252, .F. ) ;
#3474 = ADVANCED_FACE ( 'NONE', ( #2550 ), #1595, .F. ) ;
#3475 = CARTESIAN_POINT ( 'NONE',  ( -0.4185977913119879300, 2.500000000000000400, -2.471671962453651600 ) ) ;
#3476 = ORIENTED_EDGE ( 'NONE', *, *, #2492, .T. ) ;
#3477 = CARTESIAN_POINT ( 'NONE',  ( 0.0000000000000000000, 2.500000000000000000, -7.000000000000000000 ) ) ;
#3478 = DIRECTION ( 'NONE',  ( 0.8728928863962139900, 0.0000000000000000000, -0.4879118863881944400 ) ) ;
#3479 = ORIENTED_EDGE ( 'NONE', *, *, #862, .T. ) ;
#3480 = EDGE_CURVE ( 'NONE', #859, #2068, #1827, .T. ) ;
#3481 = CARTESIAN_POINT ( 'NONE',  ( -7.000000000000000000, 2.500000000000000000, 1.500000000000000700 ) ) ;
#3482 = ORIENTED_EDGE ( 'NONE', *, *, #61, .F. ) ;
#3483 = CARTESIAN_POINT ( 'NONE',  ( 0.9287806260476596500, 4.500000000000000900, 2.852606974099046500 ) ) ;
#3484 = EDGE_LOOP ( 'NONE', ( #1933, #45, #1661, #1858 ) ) ;
#3485 = AXIS2_PLACEMENT_3D ( 'NONE', #3000, #2358, #593 ) ;
#3486 = DIRECTION ( 'NONE',  ( 0.8728928863962139900, 0.0000000000000000000, -0.4879118863881944900 ) ) ;
#3487 = ORIENTED_EDGE ( 'NONE', *, *, #1623, .F. ) ;
#3488 = CARTESIAN_POINT ( 'NONE',  ( 1.787612443409516200, 2.500000000000000400, 1.741971672712151700 ) ) ;
#3489 = EDGE_CURVE ( 'NONE', #1771, #199, #983, .T. ) ;
#3490 = DIRECTION ( 'NONE',  ( -0.0000000000000000000, 1.000000000000000000, -0.0000000000000000000 ) ) ;
#3491 = ADVANCED_FACE ( 'NONE', ( #245 ), #1144, .T. ) ;
#3492 = LINE ( 'NONE', #1436, #3631 ) ;
#3493 = DIRECTION ( 'NONE',  ( -0.4999999999999902900, 0.0000000000000000000, 0.8660254037844442600 ) ) ;
#3494 = PLANE ( 'NONE',  #403 ) ;
#3495 = LINE ( 'NONE', #1626, #2554 ) ;
#3496 = LINE ( 'NONE', #1375, #2885 ) ;
#3497 = AXIS2_PLACEMENT_3D ( 'NONE', #822, #2648, #237 ) ;
#3498 = FACE_OUTER_BOUND ( 'NONE', #2745, .T. ) ;
#3499 = CIRCLE ( 'NONE', #596, 1.500000000000000400 ) ;
#3500 = EDGE_CURVE ( 'NONE', #277, #1867, #3721, .T. ) ;
#3501 = CARTESIAN_POINT ( 'NONE',  ( 1.810177115705699400, 4.500000000000000900, -2.392333340020866800 ) ) ;
#3502 = CARTESIAN_POINT ( 'NONE',  ( 1.787612443409516200, 2.500000000000000400, 1.741971672712151700 ) ) ;
#3503 = EDGE_LOOP ( 'NONE', ( #2490, #1983, #469, #2044 ) ) ;
#3504 = LINE ( 'NONE', #2599, #1272 ) ;
#3505 = CARTESIAN_POINT ( 'NONE',  ( 2.043729342346068700, 2.500000000000000400, 1.451742668693202700 ) ) ;
#3506 = LINE ( 'NONE', #1218, #1134 ) ;
#3507 = AXIS2_PLACEMENT_3D ( 'NONE', #3337, #640, #53 ) ;
#3508 = ADVANCED_FACE ( 'NONE', ( #3809 ), #283, .F. ) ;
#3509 = FACE_OUTER_BOUND ( 'NONE', #2079, .T. ) ;
#3510 = DIRECTION ( 'NONE',  ( 0.0000000000000000000, 1.000000000000000000, 0.0000000000000000000 ) ) ;
#3511 = EDGE_CURVE ( 'NONE', #2214, #3790, #1030, .T. ) ;
#3512 = LINE ( 'NONE', #2910, #1897 ) ;
#3513 = ORIENTED_EDGE ( 'NONE', *, *, #2004, .T. ) ;
#3514 = VERTEX_POINT ( 'NONE', #3608 ) ;
#3515 = CARTESIAN_POINT ( 'NONE',  ( -0.8733196599825733300, 2.500000000000000400, 2.349829604962598000 ) ) ;
#3516 = ORIENTED_EDGE ( 'NONE', *, *, #2667, .F. ) ;
#3517 = DIRECTION ( 'NONE',  ( 0.0000000000000000000, 0.0000000000000000000, 1.000000000000000000 ) ) ;
#3518 = VERTEX_POINT ( 'NONE', #2990 ) ;
#3519 = DIRECTION ( 'NONE',  ( 0.0000000000000000000, 1.000000000000000000, 0.0000000000000000000 ) ) ;
#3520 = ORIENTED_EDGE ( 'NONE', *, *, #2927, .T. ) ;
#3521 = EDGE_CURVE ( 'NONE', #3792, #2708, #2734, .T. ) ;
#3522 = VERTEX_POINT ( 'NONE', #2401 ) ;
#3523 = DIRECTION ( 'NONE',  ( 0.0000000000000000000, 1.000000000000000000, 0.0000000000000000000 ) ) ;
#3524 = DIRECTION ( 'NONE',  ( -0.7071067811865526800, 0.0000000000000000000, -0.7071067811865424700 ) ) ;
#3525 = ORIENTED_EDGE ( 'NONE', *, *, #2937, .F. ) ;
#3526 = ADVANCED_FACE ( 'NONE', ( #203 ), #896, .T. ) ;
#3527 = EDGE_CURVE ( 'NONE', #1968, #3149, #1117, .T. ) ;
#3528 = CARTESIAN_POINT ( 'NONE',  ( 0.4185977913120052500, 2.500000000000000400, 2.471671962453648500 ) ) ;
#3529 = CARTESIAN_POINT ( 'NONE',  ( -1.166732888925702900, 2.500000000000000400, -2.763826037560809900 ) ) ;
#3530 = VERTEX_POINT ( 'NONE', #296 ) ;
#3531 = AXIS2_PLACEMENT_3D ( 'NONE', #2741, #1809, #872 ) ;
#3532 = CARTESIAN_POINT ( 'NONE',  ( -2.043729342346059000, 2.500000000000000400, -1.451742668693216900 ) ) ;
#3533 = EDGE_LOOP ( 'NONE', ( #1542, #3376, #37, #1970 ) ) ;
#3534 = CIRCLE ( 'NONE', #2765, 3.000000000000000400 ) ;
#3535 = CARTESIAN_POINT ( 'NONE',  ( 1.842308245665181400, 2.500000000000000400, 2.367678256848696700 ) ) ;
#3536 = EDGE_CURVE ( 'NONE', #2540, #90, #1778, .T. ) ;
#3537 = VECTOR ( 'NONE', #386, 1000.000000000000000 ) ;
#3538 = LINE ( 'NONE', #2479, #2884 ) ;
#3539 = VECTOR ( 'NONE', #873, 1000.000000000000000 ) ;
#3540 = DIRECTION ( 'NONE',  ( -0.8728928863962105400, 0.0000000000000000000, 0.4879118863882004300 ) ) ;
#3541 = CARTESIAN_POINT ( 'NONE',  ( -2.367678256848702900, 2.500000000000000400, 1.842308245665173600 ) ) ;
#3542 = EDGE_LOOP ( 'NONE', ( #40, #1130, #514, #2310 ) ) ;
#3543 = ORIENTED_EDGE ( 'NONE', *, *, #735, .T. ) ;
#3544 = ADVANCED_FACE ( 'NONE', ( #3350 ), #2106, .T. ) ;
#3545 = LINE ( 'NONE', #2671, #2613 ) ;
#3546 = CARTESIAN_POINT ( 'NONE',  ( 1.836970198721030200E-016, 1.500000000000000400, -1.500000000000000200 ) ) ;
#3547 = LINE ( 'NONE', #1819, #3136 ) ;
#3548 = ORIENTED_EDGE ( 'NONE', *, *, #1475, .F. ) ;
#3549 = EDGE_CURVE ( 'NONE', #638, #1067, #1261, .T. ) ;
#3550 = VERTEX_POINT ( 'NONE', #868 ) ;
#3551 = CARTESIAN_POINT ( 'NONE',  ( 0.0000000000000000000, 0.0000000000000000000, 1.500000000000000200 ) ) ;
#3552 = CARTESIAN_POINT ( 'NONE',  ( 2.419103624469889800, 2.500000000000000400, 0.6147854995368341500 ) ) ;
#3553 = VECTOR ( 'NONE', #1593, 1000.000000000000100 ) ;
#3554 = DIRECTION ( 'NONE',  ( 0.0000000000000000000, 1.000000000000000000, 0.0000000000000000000 ) ) ;
#3555 = CARTESIAN_POINT ( 'NONE',  ( 0.0000000000000000000, 1.500000000000000400, 0.0000000000000000000 ) ) ;
#3556 = AXIS2_PLACEMENT_3D ( 'NONE', #3867, #2522, #2826 ) ;
#3557 = LINE ( 'NONE', #2742, #1997 ) ;
#3558 = ORIENTED_EDGE ( 'NONE', *, *, #2622, .F. ) ;
#3559 = ORIENTED_EDGE ( 'NONE', *, *, #2714, .F. ) ;
#3560 = CARTESIAN_POINT ( 'NONE',  ( 7.000000000000000000, 0.0000000000000000000, -1.499999999999999800 ) ) ;
#3561 = ORIENTED_EDGE ( 'NONE', *, *, #445, .T. ) ;
#3562 = ORIENTED_EDGE ( 'NONE', *, *, #1910, .T. ) ;
#3563 = EDGE_CURVE ( 'NONE', #3207, #3642, #3120, .T. ) ;
#3564 = DIRECTION ( 'NONE',  ( 0.0000000000000000000, 1.000000000000000000, 0.0000000000000000000 ) ) ;
#3565 = ORIENTED_EDGE ( 'NONE', *, *, #3092, .T. ) ;
#3566 = ADVANCED_FACE ( 'NONE', ( #2061 ), #1445, .F. ) ;
#3567 = ORIENTED_EDGE ( 'NONE', *, *, #1750, .T. ) ;
#3568 = CARTESIAN_POINT ( 'NONE',  ( -1.451742668693209800, 2.500000000000000400, 2.043729342346063800 ) ) ;
#3569 = CARTESIAN_POINT ( 'NONE',  ( -1.787612443409504200, 4.500000000000000900, -1.741971672712163900 ) ) ;
#3570 = EDGE_LOOP ( 'NONE', ( #3661, #2670, #1137, #44 ) ) ;
#3571 = EDGE_LOOP ( 'NONE', ( #743, #863, #1132, #2791 ) ) ;
#3572 = CARTESIAN_POINT ( 'NONE',  ( 7.000000000000000000, 2.500000000000000000, 0.0000000000000000000 ) ) ;
#3573 = EDGE_CURVE ( 'NONE', #1063, #2482, #1974, .T. ) ;
#3574 = EDGE_LOOP ( 'NONE', ( #3674, #2709, #507, #1572 ) ) ;
#3575 = DIRECTION ( 'NONE',  ( 0.6972079953496237400, 0.0000000000000000000, 0.7168688940249526900 ) ) ;
#3576 = ORIENTED_EDGE ( 'NONE', *, *, #2596, .T. ) ;
#3577 = LINE ( 'NONE', #433, #2779 ) ;
#3578 = DIRECTION ( 'NONE',  ( 0.0000000000000000000, 1.000000000000000000, 0.0000000000000000000 ) ) ;
#3579 = DIRECTION ( 'NONE',  ( 0.0000000000000000000, 1.000000000000000000, 0.0000000000000000000 ) ) ;
#3580 = FACE_BOUND ( 'NONE', #691, .T. ) ;
#3581 = AXIS2_PLACEMENT_3D ( 'NONE', #2958, #1157, #534 ) ;
#3582 = ADVANCED_FACE ( 'NONE', ( #290 ), #2364, .F. ) ;
#3583 = CARTESIAN_POINT ( 'NONE',  ( -2.043729342346059000, 2.500000000000000400, -1.451742668693216900 ) ) ;
#3584 = LINE ( 'NONE', #1288, #3075 ) ;
#3585 = LINE ( 'NONE', #1402, #1977 ) ;
#3586 = CARTESIAN_POINT ( 'NONE',  ( -7.000000000000000000, 2.500000000000000000, 0.0000000000000000000 ) ) ;
#3587 = CARTESIAN_POINT ( 'NONE',  ( 0.0000000000000000000, 0.0000000000000000000, 0.0000000000000000000 ) ) ;
#3588 = LINE ( 'NONE', #483, #570 ) ;
#3589 = VECTOR ( 'NONE', #3379, 1000.000000000000000 ) ;
#3590 = ORIENTED_EDGE ( 'NONE', *, *, #2895, .F. ) ;
#3591 = CARTESIAN_POINT ( 'NONE',  ( -2.402397942946356700, 4.500000000000000900, 0.6771319517577263400 ) ) ;
#3592 = DIRECTION ( 'NONE',  ( 0.4999999999999949500, 0.0000000000000000000, -0.8660254037844415900 ) ) ;
#3593 = VECTOR ( 'NONE', #509, 1000.000000000000000 ) ;
#3594 = DIRECTION ( 'NONE',  ( -0.0000000000000000000, 1.000000000000000000, -0.0000000000000000000 ) ) ;
#3595 = EDGE_CURVE ( 'NONE', #2850, #3315, #883, .T. ) ;
#3596 = LINE ( 'NONE', #1013, #2946 ) ;
#3597 = ORIENTED_EDGE ( 'NONE', *, *, #1389, .T. ) ;
#3598 = VECTOR ( 'NONE', #3466, 1000.000000000000000 ) ;
#3599 = EDGE_CURVE ( 'NONE', #1305, #2481, #1400, .T. ) ;
#3600 = CARTESIAN_POINT ( 'NONE',  ( 1.044050194584755800, 2.500000000000000400, 2.279110702019165200 ) ) ;
#3601 = CARTESIAN_POINT ( 'NONE',  ( 0.0000000000000000000, 2.500000000000000000, 0.0000000000000000000 ) ) ;
#3602 = ORIENTED_EDGE ( 'NONE', *, *, #1711, .F. ) ;
#3603 = ADVANCED_FACE ( 'NONE', ( #3580, #1080, #3213, #877, #1681, #2102 ), #325, .F. ) ;
#3604 = ORIENTED_EDGE ( 'NONE', *, *, #1692, .T. ) ;
#3605 = VECTOR ( 'NONE', #1683, 999.9999999999998900 ) ;
#3606 = ORIENTED_EDGE ( 'NONE', *, *, #1233, .T. ) ;
#3607 = DIRECTION ( 'NONE',  ( -0.9659258262890704200, 0.0000000000000000000, -0.2588190451025127500 ) ) ;
#3608 = CARTESIAN_POINT ( 'NONE',  ( -2.976910004631395000, 2.500000000000000400, -0.3714926975399520700 ) ) ;
#3609 = AXIS2_PLACEMENT_3D ( 'NONE', #2733, #2987, #1762 ) ;
#3610 = PLANE ( 'NONE',  #2637 ) ;
#3611 = ORIENTED_EDGE ( 'NONE', *, *, #3793, .T. ) ;
#3612 = DIRECTION ( 'NONE',  ( 0.0000000000000000000, 1.000000000000000000, 0.0000000000000000000 ) ) ;
#3613 = DIRECTION ( 'NONE',  ( -1.620302520203781800E-015, -0.0000000000000000000, 1.000000000000000000 ) ) ;
#3614 = ORIENTED_EDGE ( 'NONE', *, *, #3817, .T. ) ;
#3615 = EDGE_CURVE ( 'NONE', #2612, #2105, #979, .T. ) ;
#3616 = CARTESIAN_POINT ( 'NONE',  ( 0.4185977913120052500, 2.500000000000000400, 2.471671962453648500 ) ) ;
#3617 = ORIENTED_EDGE ( 'NONE', *, *, #1610, .F. ) ;
#3618 = DIRECTION ( 'NONE',  ( 0.0000000000000000000, 0.0000000000000000000, 1.000000000000000000 ) ) ;
#3619 = ORIENTED_EDGE ( 'NONE', *, *, #1768, .F. ) ;
#3620 = CARTESIAN_POINT ( 'NONE',  ( 2.779324870771939300, 2.500000000000000400, 1.129315395586434300 ) ) ;
#3621 = AXIS2_PLACEMENT_3D ( 'NONE', #3427, #412, #3714 ) ;
#3622 = ADVANCED_FACE ( 'NONE', ( #1594 ), #951, .T. ) ;
#3623 = VERTEX_POINT ( 'NONE', #573 ) ;
#3624 = CARTESIAN_POINT ( 'NONE',  ( 0.0000000000000000000, 2.500000000000000400, 0.0000000000000000000 ) ) ;
#3625 = DIRECTION ( 'NONE',  ( 0.0000000000000000000, 1.000000000000000000, 0.0000000000000000000 ) ) ;
#3626 = EDGE_CURVE ( 'NONE', #3673, #2842, #2300, .T. ) ;
#3627 = VECTOR ( 'NONE', #2819, 1000.000000000000000 ) ;
#3628 = ORIENTED_EDGE ( 'NONE', *, *, #1032, .T. ) ;
#3629 = CARTESIAN_POINT ( 'NONE',  ( 2.402397942946360700, 2.500000000000000400, -0.6771319517577096800 ) ) ;
#3630 = CARTESIAN_POINT ( 'NONE',  ( 2.515020633791219300, 4.500000000000000900, -1.635442206745445300 ) ) ;
#3631 = VECTOR ( 'NONE', #1409, 1000.000000000000100 ) ;
#3632 = AXIS2_PLACEMENT_3D ( 'NONE', #3011, #860, #2095 ) ;
#3633 = VECTOR ( 'NONE', #331, 1000.000000000000000 ) ;
#3634 = DIRECTION ( 'NONE',  ( 0.0000000000000000000, 1.000000000000000000, 0.0000000000000000000 ) ) ;
#3635 = DIRECTION ( 'NONE',  ( 0.0000000000000000000, 1.000000000000000000, 0.0000000000000000000 ) ) ;
#3636 = CARTESIAN_POINT ( 'NONE',  ( 1.635442206745472100, 2.500000000000000400, 2.515020633791202900 ) ) ;
#3637 = EDGE_CURVE ( 'NONE', #1362, #555, #1643, .T. ) ;
#3638 = VECTOR ( 'NONE', #1587, 1000.000000000000000 ) ;
#3639 = CIRCLE ( 'NONE', #531, 3.000000000000000000 ) ;
#3640 = CARTESIAN_POINT ( 'NONE',  ( 1.129315395586463400, 4.500000000000000900, -2.779324870771927800 ) ) ;
#3641 = DIRECTION ( 'NONE',  ( 0.0000000000000000000, 0.0000000000000000000, -1.000000000000000000 ) ) ;
#3642 = VERTEX_POINT ( 'NONE', #1753 ) ;
#3643 = VERTEX_POINT ( 'NONE', #1556 ) ;
#3644 = DIRECTION ( 'NONE',  ( -0.0000000000000000000, -1.000000000000000000, -0.0000000000000000000 ) ) ;
#3645 = DIRECTION ( 'NONE',  ( 0.0000000000000000000, 1.000000000000000000, 0.0000000000000000000 ) ) ;
#3646 = ADVANCED_FACE ( 'NONE', ( #2593 ), #2723, .T. ) ;
#3647 = CIRCLE ( 'NONE', #1497, 1.500000000000000400 ) ;
#3648 = VERTEX_POINT ( 'NONE', #3072 ) ;
#3649 = AXIS2_PLACEMENT_3D ( 'NONE', #2188, #1895, #1298 ) ;
#3650 = ORIENTED_EDGE ( 'NONE', *, *, #2083, .F. ) ;
#3651 = DIRECTION ( 'NONE',  ( 0.0000000000000000000, 1.000000000000000000, 0.0000000000000000000 ) ) ;
#3653 = FACE_OUTER_BOUND ( 'NONE', #1912, .T. ) ;
#3652 = CARTESIAN_POINT ( 'NONE',  ( 0.2353813596731180700, 4.500000000000000900, -2.495792863277958700 ) ) ;
#3654 = EDGE_CURVE ( 'NONE', #317, #2117, #2971, .T. ) ;
#3655 = FILL_AREA_STYLE_COLOUR ( '', #2445 ) ;
#3656 = CARTESIAN_POINT ( 'NONE',  ( 0.0000000000000000000, 2.500000000000000400, 0.0000000000000000000 ) ) ;
#3657 = VECTOR ( 'NONE', #113, 1000.000000000000200 ) ;
#3658 = DIRECTION ( 'NONE',  ( 0.0000000000000000000, 1.000000000000000000, 0.0000000000000000000 ) ) ;
#3660 = EDGE_LOOP ( 'NONE', ( #3866, #303, #3814, #959 ) ) ;
#3659 = CARTESIAN_POINT ( 'NONE',  ( 2.763826037560813500, 2.500000000000000400, -1.166732888925693200 ) ) ;
#3661 = ORIENTED_EDGE ( 'NONE', *, *, #2302, .F. ) ;
#3662 = EDGE_CURVE ( 'NONE', #2120, #2105, #200, .T. ) ;
#3663 = DIRECTION ( 'NONE',  ( 0.0000000000000000000, 1.000000000000000000, 0.0000000000000000000 ) ) ;
#3664 = ORIENTED_EDGE ( 'NONE', *, *, #2180, .F. ) ;
#3665 = ORIENTED_EDGE ( 'NONE', *, *, #889, .T. ) ;
#3666 = EDGE_LOOP ( 'NONE', ( #2761, #1392, #304, #2820 ) ) ;
#3667 = CARTESIAN_POINT ( 'NONE',  ( 3.673940397442060400E-016, 2.500000000000000400, -3.000000000000000000 ) ) ;
#3668 = AXIS2_PLACEMENT_3D ( 'NONE', #565, #2343, #835 ) ;
#3669 = ORIENTED_EDGE ( 'NONE', *, *, #1818, .F. ) ;
#3670 = CARTESIAN_POINT ( 'NONE',  ( 0.0000000000000000000, 2.500000000000000400, 0.0000000000000000000 ) ) ;
#3671 = CARTESIAN_POINT ( 'NONE',  ( -1.129315395586443900, 2.500000000000000400, 2.779324870771935800 ) ) ;
#3672 = DIRECTION ( 'NONE',  ( 0.0000000000000000000, 1.000000000000000000, 0.0000000000000000000 ) ) ;
#3673 = VERTEX_POINT ( 'NONE', #664 ) ;
#3674 = ORIENTED_EDGE ( 'NONE', *, *, #3424, .F. ) ;
#3675 = DIRECTION ( 'NONE',  ( 0.0000000000000000000, 0.0000000000000000000, 1.000000000000000000 ) ) ;
#3676 = ORIENTED_EDGE ( 'NONE', *, *, #3739, .T. ) ;
#3677 = SHAPE_DEFINITION_REPRESENTATION ( #1019, #2084 ) ;
#3678 = DIRECTION ( 'NONE',  ( 0.0000000000000000000, 1.000000000000000000, 0.0000000000000000000 ) ) ;
#3679 = ORIENTED_EDGE ( 'NONE', *, *, #2098, .F. ) ;
#3680 = CIRCLE ( 'NONE', #1864, 3.000000000000000400 ) ;
#3681 = PRODUCT_CONTEXT ( 'NONE', #939, 'mechanical' ) ;
#3682 = CARTESIAN_POINT ( 'NONE',  ( 0.0000000000000000000, 0.0000000000000000000, -7.000000000000000000 ) ) ;
#3683 = CARTESIAN_POINT ( 'NONE',  ( 3.673940397442060400E-016, 1.500000000000000400, -3.000000000000000400 ) ) ;
#3684 = DIRECTION ( 'NONE',  ( 0.0000000000000000000, 1.000000000000000000, 0.0000000000000000000 ) ) ;
#3685 = EDGE_CURVE ( 'NONE', #782, #503, #2393, .T. ) ;
#3686 = CIRCLE ( 'NONE', #3024, 3.000000000000000400 ) ;
#3687 = CARTESIAN_POINT ( 'NONE',  ( 1.451742668693224000, 2.500000000000000400, -2.043729342346053600 ) ) ;
#3688 = VECTOR ( 'NONE', #1071, 999.9999999999998900 ) ;
#3689 = LINE ( 'NONE', #1431, #168 ) ;
#3690 = CYLINDRICAL_SURFACE ( 'NONE', #21, 1.500000000000000400 ) ;
#3691 = LINE ( 'NONE', #1349, #1559 ) ;
#3692 = EDGE_CURVE ( 'NONE', #2137, #2636, #784, .T. ) ;
#3693 = VERTEX_POINT ( 'NONE', #966 ) ;
#3694 = LINE ( 'NONE', #843, #2891 ) ;
#3695 = CARTESIAN_POINT ( 'NONE',  ( 1.166732888925722200, 2.500000000000000400, 2.763826037560801500 ) ) ;
#3696 = CIRCLE ( 'NONE', #3780, 3.000000000000000400 ) ;
#3697 = VECTOR ( 'NONE', #3725, 1000.000000000000100 ) ;
#3698 = AXIS2_PLACEMENT_3D ( 'NONE', #1181, #2054, #3592 ) ;
#3699 = SURFACE_STYLE_USAGE ( .BOTH. , #2227 ) ;
#3700 = CIRCLE ( 'NONE', #650, 3.000000000000000400 ) ;
#3701 = ORIENTED_EDGE ( 'NONE', *, *, #3573, .F. ) ;
#3702 = EDGE_CURVE ( 'NONE', #1582, #1637, #5, .T. ) ;
#3703 = CARTESIAN_POINT ( 'NONE',  ( 0.0000000000000000000, 0.0000000000000000000, -7.000000000000000000 ) ) ;
#3704 = PLANE ( 'NONE',  #3556 ) ;
#3705 = DIRECTION ( 'NONE',  ( 0.0000000000000000000, 1.000000000000000000, 0.0000000000000000000 ) ) ;
#3706 = ORIENTED_EDGE ( 'NONE', *, *, #2483, .F. ) ;
#3707 = AXIS2_PLACEMENT_3D ( 'NONE', #663, #2198, #965 ) ;
#3708 = DIRECTION ( 'NONE',  ( 0.0000000000000000000, 1.000000000000000000, 0.0000000000000000000 ) ) ;
#3709 = ORIENTED_EDGE ( 'NONE', *, *, #419, .F. ) ;
#3710 = VERTEX_POINT ( 'NONE', #2434 ) ;
#3711 = CARTESIAN_POINT ( 'NONE',  ( -0.6147854995368424700, 2.500000000000000400, 2.419103624469888000 ) ) ;
#3712 = DIRECTION ( 'NONE',  ( -0.9694306710832767400, -0.0000000000000000000, 0.2453653886819161500 ) ) ;
#3713 = ORIENTED_EDGE ( 'NONE', *, *, #2821, .T. ) ;
#3714 = DIRECTION ( 'NONE',  ( 0.4879118863882035400, 0.0000000000000000000, 0.8728928863962087700 ) ) ;
#3715 = ORIENTED_EDGE ( 'NONE', *, *, #1648, .T. ) ;
#3716 = CARTESIAN_POINT ( 'NONE',  ( -1.451742668693209800, 4.500000000000000900, 2.043729342346063800 ) ) ;
#3717 = VECTOR ( 'NONE', #1609, 1000.000000000000100 ) ;
#3718 = AXIS2_PLACEMENT_3D ( 'NONE', #2772, #2494, #1291 ) ;
#3719 = ORIENTED_EDGE ( 'NONE', *, *, #393, .F. ) ;
#3720 = EDGE_CURVE ( 'NONE', #122, #1250, #1489, .T. ) ;
#3721 = CIRCLE ( 'NONE', #3698, 3.000000000000000000 ) ;
#3722 = DIRECTION ( 'NONE',  ( -0.2722226757336505500, 0.0000000000000000000, 0.9622342827068737200 ) ) ;
#3723 = ADVANCED_FACE ( 'NONE', ( #838 ), #3346, .T. ) ;
#3724 = VECTOR ( 'NONE', #3012, 1000.000000000000000 ) ;
#3725 = DIRECTION ( 'NONE',  ( -0.8728928863962105400, 0.0000000000000000000, 0.4879118863882004300 ) ) ;
#3726 = EDGE_CURVE ( 'NONE', #2282, #1386, #3804, .T. ) ;
#3727 = LINE ( 'NONE', #177, #702 ) ;
#3728 = LINE ( 'NONE', #2896, #2935 ) ;
#3729 = ORIENTED_EDGE ( 'NONE', *, *, #1004, .F. ) ;
#3730 = ORIENTED_EDGE ( 'NONE', *, *, #517, .T. ) ;
#3731 = AXIS2_PLACEMENT_3D ( 'NONE', #3848, #1460, #2686 ) ;
#3732 = EDGE_LOOP ( 'NONE', ( #3009, #333, #322, #3713 ) ) ;
#3733 = DIRECTION ( 'NONE',  ( 0.7071067811865439100, 0.0000000000000000000, -0.7071067811865511300 ) ) ;
#3734 = CARTESIAN_POINT ( 'NONE',  ( -1.931231813650597700, 2.500000000000000400, 1.598352302471073100 ) ) ;
#3736 = FACE_OUTER_BOUND ( 'NONE', #3139, .T. ) ;
#3735 = CARTESIAN_POINT ( 'NONE',  ( -2.145283572953275500, 2.500000000000000400, 1.275845581557949000 ) ) ;
#3737 = VERTEX_POINT ( 'NONE', #3734 ) ;
#3738 = ORIENTED_EDGE ( 'NONE', *, *, #1377, .T. ) ;
#3739 = EDGE_CURVE ( 'NONE', #2427, #3439, #2156, .T. ) ;
#3740 = DIRECTION ( 'NONE',  ( 0.2588190451025145800, 0.0000000000000000000, -0.9659258262890699800 ) ) ;
#3741 = LINE ( 'NONE', #1079, #86 ) ;
#3742 = CARTESIAN_POINT ( 'NONE',  ( 1.275845581557956100, 2.500000000000000400, 2.145283572953271100 ) ) ;
#3743 = LINE ( 'NONE', #3488, #413 ) ;
#3744 = VERTEX_POINT ( 'NONE', #726 ) ;
#3745 = ORIENTED_EDGE ( 'NONE', *, *, #3685, .F. ) ;
#3746 = ORIENTED_EDGE ( 'NONE', *, *, #2951, .T. ) ;
#3747 = CARTESIAN_POINT ( 'NONE',  ( 0.0000000000000000000, 2.500000000000000400, 0.0000000000000000000 ) ) ;
#3748 = EDGE_CURVE ( 'NONE', #3096, #2117, #562, .T. ) ;
#3749 = EDGE_LOOP ( 'NONE', ( #2255, #1060, #2921, #2476 ) ) ;
#3750 = DIRECTION ( 'NONE',  ( 0.9659258262890690900, 0.0000000000000000000, 0.2588190451025179600 ) ) ;
#3751 = DIRECTION ( 'NONE',  ( -0.2588190451025280700, 0.0000000000000000000, -0.9659258262890663100 ) ) ;
#3752 = PLANE ( 'NONE',  #2352 ) ;
#3753 = ORIENTED_EDGE ( 'NONE', *, *, #524, .T. ) ;
#3754 = AXIS2_PLACEMENT_3D ( 'NONE', #2687, #114, #680 ) ;
#3755 = CARTESIAN_POINT ( 'NONE',  ( 2.402397942946360700, 2.500000000000000400, -0.6771319517577096800 ) ) ;
#3756 = ORIENTED_EDGE ( 'NONE', *, *, #1356, .T. ) ;
#3757 = EDGE_CURVE ( 'NONE', #1340, #1483, #1397, .T. ) ;
#3758 = DIRECTION ( 'NONE',  ( 0.0000000000000000000, 1.000000000000000000, 0.0000000000000000000 ) ) ;
#3759 = ORIENTED_EDGE ( 'NONE', *, *, #3104, .F. ) ;
#3760 = ADVANCED_FACE ( 'NONE', ( #1869 ), #3019, .T. ) ;
#3761 = PRESENTATION_STYLE_ASSIGNMENT (( #1913 ) ) ;
#3762 = VERTEX_POINT ( 'NONE', #109 ) ;
#3763 = FACE_OUTER_BOUND ( 'NONE', #3060, .T. ) ;
#3764 = PRESENTATION_LAYER_ASSIGNMENT (  '', '', ( #135 ) ) ;
#3765 = CYLINDRICAL_SURFACE ( 'NONE', #1950, 3.000000000000000400 ) ;
#3766 = EDGE_CURVE ( 'NONE', #3820, #2611, #1078, .T. ) ;
#3767 = VECTOR ( 'NONE', #3173, 1000.000000000000000 ) ;
#3768 = LINE ( 'NONE', #267, #1083 ) ;
#3769 = DIRECTION ( 'NONE',  ( 0.0000000000000000000, 1.000000000000000000, 0.0000000000000000000 ) ) ;
#3770 = AXIS2_PLACEMENT_3D ( 'NONE', #1552, #2111, #451 ) ;
#3771 = CARTESIAN_POINT ( 'NONE',  ( 0.0000000000000000000, 0.0000000000000000000, -7.000000000000000000 ) ) ;
#3772 = LINE ( 'NONE', #1074, #171 ) ;
#3773 = CIRCLE ( 'NONE', #3844, 1.500000000000000200 ) ;
#3774 = DIRECTION ( 'NONE',  ( 0.0000000000000000000, 1.000000000000000000, 0.0000000000000000000 ) ) ;
#3775 = AXIS2_PLACEMENT_3D ( 'NONE', #3170, #2846, #1041 ) ;
#3776 = LINE ( 'NONE', #228, #3318 ) ;
#3777 = ADVANCED_FACE ( 'NONE', ( #2923 ), #99, .T. ) ;
#3778 = ORIENTED_EDGE ( 'NONE', *, *, #428, .F. ) ;
#3779 = PLANE ( 'NONE',  #2861 ) ;
#3780 = AXIS2_PLACEMENT_3D ( 'NONE', #1605, #3708, #414 ) ;
#3781 = VECTOR ( 'NONE', #520, 1000.000000000000100 ) ;
#3782 = MANIFOLD_SOLID_BREP ( '阵列(圆周)1', #1110 ) ;
#3783 = DIRECTION ( 'NONE',  ( -1.000000000000000000, 0.0000000000000000000, 8.854141496325618900E-015 ) ) ;
#3784 = VECTOR ( 'NONE', #3663, 1000.000000000000000 ) ;
#3785 = CARTESIAN_POINT ( 'NONE',  ( -1.219947281720006800, 2.500000000000000400, 2.177556471411953500 ) ) ;
#3786 = DIRECTION ( 'NONE',  ( 0.0000000000000000000, 1.000000000000000000, 0.0000000000000000000 ) ) ;
#3787 = LINE ( 'NONE', #3107, #1617 ) ;
#3788 = ORIENTED_EDGE ( 'NONE', *, *, #2641, .F. ) ;
#3789 = AXIS2_PLACEMENT_3D ( 'NONE', #32, #3672, #1848 ) ;
#3790 = VERTEX_POINT ( 'NONE', #3102 ) ;
#3791 = PLANE ( 'NONE',  #2651 ) ;
#3792 = VERTEX_POINT ( 'NONE', #2209 ) ;
#3793 = EDGE_CURVE ( 'NONE', #3195, #705, #2349, .T. ) ;
#3794 = CARTESIAN_POINT ( 'NONE',  ( 2.995792863277958200, 2.500000000000000400, -0.1588241805672242800 ) ) ;
#3795 = ORIENTED_EDGE ( 'NONE', *, *, #3626, .T. ) ;
#3796 = ADVANCED_FACE ( 'NONE', ( #3300 ), #1585, .T. ) ;
#3797 = EDGE_CURVE ( 'NONE', #1804, #367, #3850, .T. ) ;
#3798 = CARTESIAN_POINT ( 'NONE',  ( -2.043729342346059000, 4.500000000000000900, -1.451742668693216900 ) ) ;
#3799 = ORIENTED_EDGE ( 'NONE', *, *, #1679, .T. ) ;
#3800 = PLANE ( 'NONE',  #3881 ) ;
#3801 = ORIENTED_EDGE ( 'NONE', *, *, #776, .T. ) ;
#3802 = VERTEX_POINT ( 'NONE', #3443 ) ;
#3803 = ORIENTED_EDGE ( 'NONE', *, *, #2408, .T. ) ;
#3804 = CIRCLE ( 'NONE', #2487, 1.499999999999999800 ) ;
#3805 = CARTESIAN_POINT ( 'NONE',  ( 7.000000000000000000, 0.0000000000000000000, -1.499999999999999800 ) ) ;
#3806 = DIRECTION ( 'NONE',  ( 0.0000000000000000000, 0.0000000000000000000, 1.000000000000000000 ) ) ;
#3807 = EDGE_CURVE ( 'NONE', #2047, #2481, #1259, .T. ) ;
#3808 = ORIENTED_EDGE ( 'NONE', *, *, #591, .F. ) ;
#3809 = FACE_OUTER_BOUND ( 'NONE', #2495, .T. ) ;
#3810 = DIRECTION ( 'NONE',  ( 0.5119914712077441300, 0.0000000000000000000, -0.8589905316186725600 ) ) ;
#3811 = VECTOR ( 'NONE', #3705, 1000.000000000000000 ) ;
#3812 = ADVANCED_FACE ( 'NONE', ( #1301, #744 ), #2790, .T. ) ;
#3813 = AXIS2_PLACEMENT_3D ( 'NONE', #1528, #1907, #1597 ) ;
#3814 = ORIENTED_EDGE ( 'NONE', *, *, #2874, .F. ) ;
#3815 = VECTOR ( 'NONE', #1777, 1000.000000000000000 ) ;
#3816 = LINE ( 'NONE', #1829, #1652 ) ;
#3817 = EDGE_CURVE ( 'NONE', #1417, #2966, #1444, .T. ) ;
#3818 = CARTESIAN_POINT ( 'NONE',  ( 0.0000000000000000000, 2.500000000000000400, 0.0000000000000000000 ) ) ;
#3819 = ORIENTED_EDGE ( 'NONE', *, *, #230, .F. ) ;
#3820 = VERTEX_POINT ( 'NONE', #1479 ) ;
#3821 = FACE_OUTER_BOUND ( 'NONE', #3398, .T. ) ;
#3822 = DIRECTION ( 'NONE',  ( -0.8660254037844336000, 0.0000000000000000000, 0.5000000000000086600 ) ) ;
#3823 = CARTESIAN_POINT ( 'NONE',  ( -2.779324870771931800, 2.500000000000000400, -1.129315395586453700 ) ) ;
#3824 = AXIS2_PLACEMENT_3D ( 'NONE', #3287, #1501, #2072 ) ;
#3825 = ORIENTED_EDGE ( 'NONE', *, *, #1588, .T. ) ;
#3826 = ORIENTED_EDGE ( 'NONE', *, *, #1881, .T. ) ;
#3827 = LINE ( 'NONE', #3016, #903 ) ;
#3828 = EDGE_CURVE ( 'NONE', #1095, #1222, #3680, .T. ) ;
#3829 = LINE ( 'NONE', #3502, #1281 ) ;
#3830 = ORIENTED_EDGE ( 'NONE', *, *, #3279, .T. ) ;
#3831 = ORIENTED_EDGE ( 'NONE', *, *, #1327, .T. ) ;
#3832 = ADVANCED_FACE ( 'NONE', ( #3763 ), #3113, .T. ) ;
#3833 = EDGE_LOOP ( 'NONE', ( #1056, #2663, #1891, #1941 ) ) ;
#3834 = ORIENTED_EDGE ( 'NONE', *, *, #204, .T. ) ;
#3835 = ORIENTED_EDGE ( 'NONE', *, *, #478, .F. ) ;
#3836 = CARTESIAN_POINT ( 'NONE',  ( 0.0000000000000000000, 2.500000000000000400, 0.0000000000000000000 ) ) ;
#3837 = DIRECTION ( 'NONE',  ( -0.8589905316186725600, 0.0000000000000000000, -0.5119914712077441300 ) ) ;
#3838 = AXIS2_PLACEMENT_3D ( 'NONE', #1942, #2215, #1331 ) ;
#3839 = ORIENTED_EDGE ( 'NONE', *, *, #850, .T. ) ;
#3840 = EDGE_CURVE ( 'NONE', #1477, #3514, #3577, .T. ) ;
#3841 = ORIENTED_EDGE ( 'NONE', *, *, #3245, .T. ) ;
#3842 = DIRECTION ( 'NONE',  ( 0.0000000000000000000, 1.000000000000000000, 0.0000000000000000000 ) ) ;
#3843 = ORIENTED_EDGE ( 'NONE', *, *, #1798, .T. ) ;
#3844 = AXIS2_PLACEMENT_3D ( 'NONE', #3087, #988, #1296 ) ;
#3845 = DIRECTION ( 'NONE',  ( 0.0000000000000000000, 0.0000000000000000000, -1.000000000000000000 ) ) ;
#3846 = ORIENTED_EDGE ( 'NONE', *, *, #764, .F. ) ;
#3847 = ADVANCED_FACE ( 'NONE', ( #338 ), #2451, .T. ) ;
#3848 = CARTESIAN_POINT ( 'NONE',  ( 1.129315395586463400, 2.500000000000000400, -2.779324870771927800 ) ) ;
#3849 = EDGE_LOOP ( 'NONE', ( #3487, #3002, #2669, #2318 ) ) ;
#3850 = LINE ( 'NONE', #2489, #1348 ) ;
#3851 = DIRECTION ( 'NONE',  ( -0.7071067811865550100, 0.0000000000000000000, -0.7071067811865400200 ) ) ;
#3852 = LINE ( 'NONE', #3312, #2306 ) ;
#3853 = LINE ( 'NONE', #1909, #1976 ) ;
#3854 = VECTOR ( 'NONE', #1719, 1000.000000000000000 ) ;
#3855 = CARTESIAN_POINT ( 'NONE',  ( -2.392333340020873500, 4.500000000000000900, -1.810177115705690700 ) ) ;
#3856 = CARTESIAN_POINT ( 'NONE',  ( 0.0000000000000000000, 2.500000000000000400, 0.0000000000000000000 ) ) ;
#3857 = ORIENTED_EDGE ( 'NONE', *, *, #2719, .F. ) ;
#3858 = VECTOR ( 'NONE', #2389, 1000.000000000000000 ) ;
#3859 = VECTOR ( 'NONE', #457, 1000.000000000000000 ) ;
#3860 = DIRECTION ( 'NONE',  ( 0.0000000000000000000, 1.000000000000000000, 0.0000000000000000000 ) ) ;
#3861 = CIRCLE ( 'NONE', #3668, 3.000000000000000400 ) ;
#3862 = VERTEX_POINT ( 'NONE', #1532 ) ;
#3863 = EDGE_CURVE ( 'NONE', #2533, #2301, #2588, .T. ) ;
#3864 = DIRECTION ( 'NONE',  ( -0.0000000000000000000, 1.000000000000000000, -0.0000000000000000000 ) ) ;
#3865 = LINE ( 'NONE', #1870, #997 ) ;
#3866 = ORIENTED_EDGE ( 'NONE', *, *, #251, .F. ) ;
#3867 = CARTESIAN_POINT ( 'NONE',  ( 1.451742668693224000, 2.500000000000000400, -2.043729342346053600 ) ) ;
#3868 = CARTESIAN_POINT ( 'NONE',  ( 0.9287806260476596500, 2.500000000000000400, 2.852606974099046500 ) ) ;
#3870 = CIRCLE ( 'NONE', #1247, 1.500000000000000200 ) ;
#3869 = DIRECTION ( 'NONE',  ( -0.9694306710832767400, 0.0000000000000000000, 0.2453653886819161500 ) ) ;
#3871 = ORIENTED_EDGE ( 'NONE', *, *, #2244, .T. ) ;
#3872 = ORIENTED_EDGE ( 'NONE', *, *, #1485, .F. ) ;
#3873 = ORIENTED_EDGE ( 'NONE', *, *, #188, .T. ) ;
#3874 = EDGE_CURVE ( 'NONE', #1477, #235, #1823, .T. ) ;
#3875 = ORIENTED_EDGE ( 'NONE', *, *, #549, .T. ) ;
#3876 = PLANE ( 'NONE',  #2803 ) ;
#3877 = ORIENTED_EDGE ( 'NONE', *, *, #2553, .T. ) ;
#3878 = ORIENTED_EDGE ( 'NONE', *, *, #3863, .T. ) ;
#3879 = PLANE ( 'NONE',  #1000 ) ;
#3880 = DIRECTION ( 'NONE',  ( 0.0000000000000000000, 0.0000000000000000000, 1.000000000000000000 ) ) ;
#3881 = AXIS2_PLACEMENT_3D ( 'NONE', #3823, #3810, #3837 ) ;
#3882 = VERTEX_POINT ( 'NONE', #1545 ) ;
#3883 = ADVANCED_FACE ( 'NONE', ( #1256 ), #71, .F. ) ;
#3884 = DIRECTION ( 'NONE',  ( -1.000000000000000000, 0.0000000000000000000, 1.047444401652940000E-014 ) ) ;
#3885 = EDGE_CURVE ( 'NONE', #3623, #424, #2057, .T. ) ;
#3886 = ORIENTED_EDGE ( 'NONE', *, *, #393, .T. ) ;
ENDSEC;
END-ISO-10303-21;
