ISO-10303-21;
HEADER;
FILE_DESCRIPTION (( 'STEP AP214' ),
    '1' );
FILE_NAME ('舵机支架.STEP',
    '2017-10-14T01:11:06',
    ( '' ),
    ( '' ),
    'SwSTEP 2.0',
    'SolidWorks 2014',
    '' );
FILE_SCHEMA (( 'AUTOMOTIVE_DESIGN' ));
ENDSEC;

DATA;
#1 = EDGE_CURVE ( 'NONE', #3145, #259, #486, .T. ) ;
#2 = CARTESIAN_POINT ( 'NONE',  ( 50.49999999999998600, -33.00000000000006400, 23.00000000000000000 ) ) ;
#3 = CYLINDRICAL_SURFACE ( 'NONE', #368, 1.500000000000004900 ) ;
#4 = DIRECTION ( 'NONE',  ( 1.000000000000000000, 0.0000000000000000000, 0.0000000000000000000 ) ) ;
#5 = CARTESIAN_POINT ( 'NONE',  ( 33.00000000000000000, -7.999999999999998200, -2.000000000000000000 ) ) ;
#6 = ADVANCED_FACE ( 'NONE', ( #1685 ), #3562, .F. ) ;
#7 = EDGE_CURVE ( 'NONE', #1324, #140, #1904, .T. ) ;
#8 = CARTESIAN_POINT ( 'NONE',  ( 8.499999999999989300, -30.99999999999999300, 0.7365999999999970300 ) ) ;
#9 = DIRECTION ( 'NONE',  ( -2.449293598294702500E-016, 1.000000000000000000, -3.491481338843133000E-015 ) ) ;
#10 = DIRECTION ( 'NONE',  ( 0.0000000000000000000, 0.0000000000000000000, 1.000000000000000000 ) ) ;
#11 = ADVANCED_FACE ( 'NONE', ( #1637 ), #2501, .F. ) ;
#12 = EDGE_CURVE ( 'NONE', #141, #3152, #835, .T. ) ;
#13 = CARTESIAN_POINT ( 'NONE',  ( 4.999999999999997300, -8.999999999999992900, -2.000000000000000000 ) ) ;
#14 = ORIENTED_EDGE ( 'NONE', *, *, #3122, .T. ) ;
#15 = CARTESIAN_POINT ( 'NONE',  ( 0.0000000000000000000, -2.736599999999997500, 0.0000000000000000000 ) ) ;
#16 = ORIENTED_EDGE ( 'NONE', *, *, #1509, .F. ) ;
#17 = CARTESIAN_POINT ( 'NONE',  ( 49.99999999999999300, 8.556757610717931500E-014, 20.99999999999999600 ) ) ;
#18 = ORIENTED_EDGE ( 'NONE', *, *, #1183, .T. ) ;
#19 = DIRECTION ( 'NONE',  ( 0.0000000000000000000, 0.0000000000000000000, 1.000000000000000000 ) ) ;
#20 = VECTOR ( 'NONE', #2990, 1000.000000000000000 ) ;
#21 = DIRECTION ( 'NONE',  ( 0.0000000000000000000, 0.0000000000000000000, 1.000000000000000000 ) ) ;
#22 = ORIENTED_EDGE ( 'NONE', *, *, #3425, .T. ) ;
#23 = ORIENTED_EDGE ( 'NONE', *, *, #1575, .T. ) ;
#24 = CARTESIAN_POINT ( 'NONE',  ( 47.00000000000000000, -33.00000000000002800, 11.86829999999999600 ) ) ;
#25 = VECTOR ( 'NONE', #3693, 1000.000000000000000 ) ;
#26 = LINE ( 'NONE', #248, #1195 ) ;
#27 = VERTEX_POINT ( 'NONE', #2978 ) ;
#28 = ORIENTED_EDGE ( 'NONE', *, *, #1816, .F. ) ;
#29 = DIRECTION ( 'NONE',  ( 1.000000000000000000, 0.0000000000000000000, 0.0000000000000000000 ) ) ;
#30 = EDGE_CURVE ( 'NONE', #2704, #71, #1143, .T. ) ;
#31 = LINE ( 'NONE', #186, #2009 ) ;
#32 = LINE ( 'NONE', #425, #847 ) ;
#33 = ORIENTED_EDGE ( 'NONE', *, *, #1575, .F. ) ;
#34 = AXIS2_PLACEMENT_3D ( 'NONE', #3544, #3217, #956 ) ;
#35 = CARTESIAN_POINT ( 'NONE',  ( 10.99999999999999800, -5.999999999999996400, 0.0000000000000000000 ) ) ;
#36 = ADVANCED_FACE ( 'NONE', ( #2865 ), #3465, .F. ) ;
#37 = CYLINDRICAL_SURFACE ( 'NONE', #3743, 1.999999999999998200 ) ;
#38 = ORIENTED_EDGE ( 'NONE', *, *, #851, .T. ) ;
#39 = VERTEX_POINT ( 'NONE', #1847 ) ;
#40 = DIRECTION ( 'NONE',  ( 0.0000000000000000000, 0.0000000000000000000, 1.000000000000000000 ) ) ;
#41 = AXIS2_PLACEMENT_3D ( 'NONE', #1774, #1224, #656 ) ;
#42 = DIRECTION ( 'NONE',  ( -1.000000000000000000, -0.0000000000000000000, -0.0000000000000000000 ) ) ;
#43 = EDGE_CURVE ( 'NONE', #1162, #1294, #1418, .T. ) ;
#44 = VERTEX_POINT ( 'NONE', #154 ) ;
#45 = DIRECTION ( 'NONE',  ( 0.0000000000000000000, 0.0000000000000000000, 1.000000000000000000 ) ) ;
#46 = EDGE_LOOP ( 'NONE', ( #1557, #3581 ) ) ;
#47 = CARTESIAN_POINT ( 'NONE',  ( 49.99999999999999300, 5.021051876504148200E-015, -2.000000000000000000 ) ) ;
#48 = FACE_BOUND ( 'NONE', #2649, .T. ) ;
#49 = VERTEX_POINT ( 'NONE', #3595 ) ;
#50 = CARTESIAN_POINT ( 'NONE',  ( 31.00000000000000400, -11.99999999999999600, 0.0000000000000000000 ) ) ;
#51 = CYLINDRICAL_SURFACE ( 'NONE', #391, 2.000000000000001800 ) ;
#52 = DIRECTION ( 'NONE',  ( 1.000000000000000000, 0.0000000000000000000, 0.0000000000000000000 ) ) ;
#53 = FACE_OUTER_BOUND ( 'NONE', #3060, .T. ) ;
#54 = ADVANCED_FACE ( 'NONE', ( #933 ), #3052, .F. ) ;
#55 = CARTESIAN_POINT ( 'NONE',  ( 17.50000000000000000, -0.9999999999999981100, -2.000000000000000000 ) ) ;
#56 = EDGE_CURVE ( 'NONE', #1897, #2860, #3286, .T. ) ;
#57 = CARTESIAN_POINT ( 'NONE',  ( 18.99999999999997900, -31.00000000000005700, 20.36829999999999100 ) ) ;
#58 = DIRECTION ( 'NONE',  ( -2.449293598294702500E-016, 1.000000000000000000, -3.491481338843133000E-015 ) ) ;
#59 = CARTESIAN_POINT ( 'NONE',  ( 19.00000000000000000, -15.00000000000000000, -2.000000000000000000 ) ) ;
#60 = CARTESIAN_POINT ( 'NONE',  ( 40.00000000000000700, -33.00000000000000000, 4.868299999999994300 ) ) ;
#61 = EDGE_CURVE ( 'NONE', #2909, #2976, #974, .T. ) ;
#62 = DIRECTION ( 'NONE',  ( 1.000000000000000000, 0.0000000000000000000, -7.359504293276601900E-017 ) ) ;
#63 = AXIS2_PLACEMENT_3D ( 'NONE', #2424, #3042, #1311 ) ;
#64 = CARTESIAN_POINT ( 'NONE',  ( 17.50000000000000000, -0.9999999999999981100, -2.000000000000000000 ) ) ;
#65 = DIRECTION ( 'NONE',  ( 0.0000000000000000000, 0.0000000000000000000, -1.000000000000000000 ) ) ;
#66 = ORIENTED_EDGE ( 'NONE', *, *, #828, .T. ) ;
#67 = AXIS2_PLACEMENT_3D ( 'NONE', #2234, #585, #663 ) ;
#68 = DIRECTION ( 'NONE',  ( -0.0000000000000000000, 0.0000000000000000000, -1.000000000000000000 ) ) ;
#69 = DIRECTION ( 'NONE',  ( 0.0000000000000000000, 3.469446951953611000E-015, 1.000000000000000000 ) ) ;
#70 = CYLINDRICAL_SURFACE ( 'NONE', #2919, 1.500000000000004900 ) ;
#71 = VERTEX_POINT ( 'NONE', #434 ) ;
#72 = DIRECTION ( 'NONE',  ( 0.0000000000000000000, -1.000000000000000000, 3.491481338843133000E-015 ) ) ;
#73 = ADVANCED_FACE ( 'NONE', ( #293 ), #2366, .F. ) ;
#74 = DIRECTION ( 'NONE',  ( 1.652117596168387800E-016, -1.000000000000000000, -3.318601432303456600E-015 ) ) ;
#75 = DIRECTION ( 'NONE',  ( 1.652117596168387800E-016, -1.000000000000000000, -3.318601432303456600E-015 ) ) ;
#76 = CYLINDRICAL_SURFACE ( 'NONE', #2203, 1.499999999999994400 ) ;
#77 = CYLINDRICAL_SURFACE ( 'NONE', #2572, 1.500000000000003100 ) ;
#78 = VERTEX_POINT ( 'NONE', #742 ) ;
#79 = VECTOR ( 'NONE', #149, 1000.000000000000000 ) ;
#80 = DIRECTION ( 'NONE',  ( -2.449293598294702500E-016, 1.000000000000000000, -3.491481338843133000E-015 ) ) ;
#81 = LINE ( 'NONE', #3767, #405 ) ;
#82 = ORIENTED_EDGE ( 'NONE', *, *, #593, .T. ) ;
#83 = EDGE_CURVE ( 'NONE', #1513, #1479, #3692, .T. ) ;
#84 = ORIENTED_EDGE ( 'NONE', *, *, #1792, .F. ) ;
#85 = CYLINDRICAL_SURFACE ( 'NONE', #2289, 1.500000000000007300 ) ;
#86 = CIRCLE ( 'NONE', #118, 1.500000000000001300 ) ;
#87 = ORIENTED_EDGE ( 'NONE', *, *, #1855, .T. ) ;
#88 = CARTESIAN_POINT ( 'NONE',  ( 50.49999999999998600, -33.00000000000006400, 23.00000000000000000 ) ) ;
#89 = ORIENTED_EDGE ( 'NONE', *, *, #3129, .F. ) ;
#90 = CARTESIAN_POINT ( 'NONE',  ( 10.99999999999999800, -5.999999999999996400, -2.000000000000000000 ) ) ;
#91 = EDGE_CURVE ( 'NONE', #703, #1527, #1995, .T. ) ;
#92 = AXIS2_PLACEMENT_3D ( 'NONE', #787, #2802, #1114 ) ;
#93 = ORIENTED_EDGE ( 'NONE', *, *, #1278, .F. ) ;
#94 = CARTESIAN_POINT ( 'NONE',  ( 40.00000000000000000, -23.00000000000002800, 11.86830000000002800 ) ) ;
#95 = ORIENTED_EDGE ( 'NONE', *, *, #2712, .F. ) ;
#96 = CARTESIAN_POINT ( 'NONE',  ( 50.50000000000000000, -24.99999999999999600, -2.000000000000000000 ) ) ;
#97 = ORIENTED_EDGE ( 'NONE', *, *, #2567, .F. ) ;
#98 = ORIENTED_EDGE ( 'NONE', *, *, #2099, .F. ) ;
#99 = AXIS2_PLACEMENT_3D ( 'NONE', #1220, #399, #1861 ) ;
#100 = CARTESIAN_POINT ( 'NONE',  ( 24.00000000000000000, -18.99999999999999300, 0.0000000000000000000 ) ) ;
#101 = EDGE_CURVE ( 'NONE', #78, #2498, #204, .T. ) ;
#102 = ADVANCED_FACE ( 'NONE', ( #3000 ), #2129, .T. ) ;
#103 = VECTOR ( 'NONE', #3744, 1000.000000000000000 ) ;
#104 = FACE_BOUND ( 'NONE', #1965, .T. ) ;
#105 = DIRECTION ( 'NONE',  ( -8.551662891793899700E-031, 3.491481338843133400E-015, 1.000000000000000000 ) ) ;
#106 = VECTOR ( 'NONE', #2351, 1000.000000000000000 ) ;
#107 = DIRECTION ( 'NONE',  ( 0.0000000000000000000, 2.312964634635735200E-015, -1.000000000000000000 ) ) ;
#108 = DIRECTION ( 'NONE',  ( -1.000000000000000000, 0.0000000000000000000, 0.0000000000000000000 ) ) ;
#109 = CARTESIAN_POINT ( 'NONE',  ( 40.00000000000000000, -23.00000000000003200, 13.36830000000003300 ) ) ;
#110 = CARTESIAN_POINT ( 'NONE',  ( 29.50000000000000000, -18.99999999999999600, -2.000000000000000000 ) ) ;
#111 = EDGE_CURVE ( 'NONE', #2477, #2552, #706, .T. ) ;
#112 = AXIS2_PLACEMENT_3D ( 'NONE', #2630, #2063, #382 ) ;
#113 = DIRECTION ( 'NONE',  ( 0.0000000000000000000, 0.0000000000000000000, 1.000000000000000000 ) ) ;
#114 = MANIFOLD_SOLID_BREP ( '圆角1', #449 ) ;
#115 = DIRECTION ( 'NONE',  ( 1.652117596168387800E-016, -1.000000000000000000, -3.318601432303456600E-015 ) ) ;
#116 = ORIENTED_EDGE ( 'NONE', *, *, #2397, .F. ) ;
#117 = DIRECTION ( 'NONE',  ( -2.449293598294702500E-016, 1.000000000000000000, -3.491481338843133000E-015 ) ) ;
#118 = AXIS2_PLACEMENT_3D ( 'NONE', #153, #446, #1318 ) ;
#119 = EDGE_LOOP ( 'NONE', ( #2053, #347 ) ) ;
#120 = VERTEX_POINT ( 'NONE', #697 ) ;
#121 = ORIENTED_EDGE ( 'NONE', *, *, #1590, .F. ) ;
#122 = VERTEX_POINT ( 'NONE', #427 ) ;
#123 = ORIENTED_EDGE ( 'NONE', *, *, #156, .T. ) ;
#124 = CARTESIAN_POINT ( 'NONE',  ( 47.00000000000000000, -23.00000000000002500, 10.36830000000002400 ) ) ;
#125 = VECTOR ( 'NONE', #3247, 1000.000000000000000 ) ;
#126 = CIRCLE ( 'NONE', #1948, 1.500000000000001300 ) ;
#127 = VERTEX_POINT ( 'NONE', #2415 ) ;
#128 = VERTEX_POINT ( 'NONE', #3601 ) ;
#129 = DIRECTION ( 'NONE',  ( -1.000000000000000000, 0.0000000000000000000, 0.0000000000000000000 ) ) ;
#130 = FACE_OUTER_BOUND ( 'NONE', #2885, .T. ) ;
#131 = DIRECTION ( 'NONE',  ( -1.000000000000000000, 0.0000000000000000000, 0.0000000000000000000 ) ) ;
#132 = DIRECTION ( 'NONE',  ( 0.0000000000000000000, 0.0000000000000000000, 1.000000000000000000 ) ) ;
#133 = LINE ( 'NONE', #2820, #3148 ) ;
#134 = ORIENTED_EDGE ( 'NONE', *, *, #2519, .T. ) ;
#135 = ORIENTED_EDGE ( 'NONE', *, *, #1545, .F. ) ;
#136 = EDGE_CURVE ( 'NONE', #3324, #2650, #2361, .T. ) ;
#137 = CIRCLE ( 'NONE', #1405, 2.000000000000003600 ) ;
#138 = ORIENTED_EDGE ( 'NONE', *, *, #3147, .F. ) ;
#139 = VERTEX_POINT ( 'NONE', #1000 ) ;
#140 = VERTEX_POINT ( 'NONE', #2719 ) ;
#141 = VERTEX_POINT ( 'NONE', #1627 ) ;
#142 = EDGE_CURVE ( 'NONE', #2278, #291, #1991, .T. ) ;
#143 = MECHANICAL_DESIGN_GEOMETRIC_PRESENTATION_REPRESENTATION (  '', ( #1669 ), #335 ) ;
#144 = CIRCLE ( 'NONE', #655, 1.500000000000003100 ) ;
#145 = ORIENTED_EDGE ( 'NONE', *, *, #599, .F. ) ;
#146 = DIRECTION ( 'NONE',  ( 1.000000000000000000, 0.0000000000000000000, 0.0000000000000000000 ) ) ;
#147 = VECTOR ( 'NONE', #2322, 1000.000000000000000 ) ;
#148 = AXIS2_PLACEMENT_3D ( 'NONE', #1475, #900, #65 ) ;
#149 = DIRECTION ( 'NONE',  ( 0.0000000000000000000, 0.0000000000000000000, 1.000000000000000000 ) ) ;
#150 = FACE_OUTER_BOUND ( 'NONE', #1416, .T. ) ;
#151 = DIRECTION ( 'NONE',  ( -6.938893903907238200E-016, 1.000000000000000000, 0.0000000000000000000 ) ) ;
#152 = DIRECTION ( 'NONE',  ( 1.751623080406021300E-046, -3.491481338843133000E-015, -1.000000000000000000 ) ) ;
#153 = CARTESIAN_POINT ( 'NONE',  ( 26.00000000000000000, -7.999999999999998200, 0.0000000000000000000 ) ) ;
#154 = CARTESIAN_POINT ( 'NONE',  ( 6.999999999999997300, -8.999999999999992900, 0.0000000000000000000 ) ) ;
#155 = ORIENTED_EDGE ( 'NONE', *, *, #3476, .F. ) ;
#156 = EDGE_CURVE ( 'NONE', #1643, #313, #2087, .T. ) ;
#157 = AXIS2_PLACEMENT_3D ( 'NONE', #3253, #1504, #3224 ) ;
#158 = DIRECTION ( 'NONE',  ( 0.0000000000000000000, 2.312964634635736700E-015, -1.000000000000000000 ) ) ;
#159 = ORIENTED_EDGE ( 'NONE', *, *, #2930, .T. ) ;
#160 = DIRECTION ( 'NONE',  ( 0.0000000000000000000, 0.0000000000000000000, 1.000000000000000000 ) ) ;
#161 = VECTOR ( 'NONE', #447, 1000.000000000000000 ) ;
#162 = DIRECTION ( 'NONE',  ( 1.000000000000000000, 0.0000000000000000000, 0.0000000000000000000 ) ) ;
#163 = AXIS2_PLACEMENT_3D ( 'NONE', #1852, #999, #1014 ) ;
#164 = ORIENTED_EDGE ( 'NONE', *, *, #3207, .F. ) ;
#165 = EDGE_CURVE ( 'NONE', #2781, #3382, #2679, .T. ) ;
#166 = FACE_OUTER_BOUND ( 'NONE', #2975, .T. ) ;
#167 = VECTOR ( 'NONE', #2092, 1000.000000000000000 ) ;
#168 = ORIENTED_EDGE ( 'NONE', *, *, #2074, .F. ) ;
#169 = CIRCLE ( 'NONE', #1228, 2.000000000000001800 ) ;
#170 = LINE ( 'NONE', #2621, #842 ) ;
#171 = ORIENTED_EDGE ( 'NONE', *, *, #3176, .F. ) ;
#172 = CARTESIAN_POINT ( 'NONE',  ( 50.50000000000000000, -30.26339999999997900, 0.0000000000000000000 ) ) ;
#173 = ORIENTED_EDGE ( 'NONE', *, *, #3171, .F. ) ;
#174 = FACE_OUTER_BOUND ( 'NONE', #1570, .T. ) ;
#175 = ORIENTED_EDGE ( 'NONE', *, *, #2982, .F. ) ;
#176 = CARTESIAN_POINT ( 'NONE',  ( 29.50000000000000000, -25.99999999999999600, -2.000000000000000000 ) ) ;
#177 = VERTEX_POINT ( 'NONE', #1935 ) ;
#178 = CARTESIAN_POINT ( 'NONE',  ( 53.50000000000000700, -1.999999999999954900, 9.000000000000010700 ) ) ;
#179 = ORIENTED_EDGE ( 'NONE', *, *, #3646, .F. ) ;
#180 = ORIENTED_EDGE ( 'NONE', *, *, #142, .T. ) ;
#181 = EDGE_CURVE ( 'NONE', #2411, #950, #3419, .T. ) ;
#182 = CARTESIAN_POINT ( 'NONE',  ( 39.99999999999999300, -0.9999999999999947800, -2.000000000000000000 ) ) ;
#183 = AXIS2_PLACEMENT_3D ( 'NONE', #1753, #292, #1180 ) ;
#184 = ORIENTED_EDGE ( 'NONE', *, *, #2056, .F. ) ;
#185 = EDGE_LOOP ( 'NONE', ( #1609, #1828 ) ) ;
#186 = CARTESIAN_POINT ( 'NONE',  ( 48.00000000000000000, -5.999999999999992000, -2.000000000000000000 ) ) ;
#187 = CYLINDRICAL_SURFACE ( 'NONE', #2496, 1.500000000000007300 ) ;
#188 = AXIS2_PLACEMENT_3D ( 'NONE', #1002, #3313, #2134 ) ;
#189 = DIRECTION ( 'NONE',  ( -1.000000000000000000, 0.0000000000000000000, 0.0000000000000000000 ) ) ;
#190 = VECTOR ( 'NONE', #445, 1000.000000000000000 ) ;
#191 = DIRECTION ( 'NONE',  ( 0.0000000000000000000, 0.0000000000000000000, 1.000000000000000000 ) ) ;
#192 = CARTESIAN_POINT ( 'NONE',  ( 18.99999999999998600, -33.00000000000000700, 4.868299999999981000 ) ) ;
#193 = DIRECTION ( 'NONE',  ( 1.000000000000000000, 0.0000000000000000000, 0.0000000000000000000 ) ) ;
#194 = AXIS2_PLACEMENT_3D ( 'NONE', #707, #3012, #3629 ) ;
#195 = CARTESIAN_POINT ( 'NONE',  ( 40.00000000000000000, -33.00000000000002800, 11.86829999999999400 ) ) ;
#196 = EDGE_CURVE ( 'NONE', #122, #308, #831, .T. ) ;
#197 = DIRECTION ( 'NONE',  ( 0.0000000000000000000, 2.312964634635735200E-015, -1.000000000000000000 ) ) ;
#198 = DIRECTION ( 'NONE',  ( 0.0000000000000000000, 3.469446951953607900E-015, 1.000000000000000000 ) ) ;
#199 = ORIENTED_EDGE ( 'NONE', *, *, #2853, .T. ) ;
#200 = EDGE_LOOP ( 'NONE', ( #2421, #3671, #2374, #2607, #3246, #1252 ) ) ;
#201 = EDGE_CURVE ( 'NONE', #127, #1729, #1679, .T. ) ;
#202 = ORIENTED_EDGE ( 'NONE', *, *, #2125, .F. ) ;
#203 = AXIS2_PLACEMENT_3D ( 'NONE', #60, #3518, #3538 ) ;
#204 = CIRCLE ( 'NONE', #194, 1.500000000000001300 ) ;
#205 = ORIENTED_EDGE ( 'NONE', *, *, #1498, .F. ) ;
#206 = ORIENTED_EDGE ( 'NONE', *, *, #2367, .T. ) ;
#207 = LINE ( 'NONE', #1463, #1785 ) ;
#208 = CARTESIAN_POINT ( 'NONE',  ( 38.00000000000000000, -18.99999999999999300, 0.0000000000000000000 ) ) ;
#209 = CARTESIAN_POINT ( 'NONE',  ( 49.99999999999999300, -2.736599999999985500, -2.168404344971008900E-016 ) ) ;
#210 = LINE ( 'NONE', #392, #3429 ) ;
#211 = ORIENTED_EDGE ( 'NONE', *, *, #2592, .F. ) ;
#212 = EDGE_CURVE ( 'NONE', #1518, #3585, #1234, .T. ) ;
#213 = ORIENTED_EDGE ( 'NONE', *, *, #1712, .F. ) ;
#214 = DIRECTION ( 'NONE',  ( -1.000000000000000000, 2.344220913482171700E-016, -0.0000000000000000000 ) ) ;
#215 = FACE_OUTER_BOUND ( 'NONE', #1428, .T. ) ;
#216 = EDGE_LOOP ( 'NONE', ( #1150, #2967, #2476, #2017 ) ) ;
#217 = ORIENTED_EDGE ( 'NONE', *, *, #3722, .T. ) ;
#218 = DIRECTION ( 'NONE',  ( 1.652117596168387800E-016, -1.000000000000000000, -3.318601432303456600E-015 ) ) ;
#219 = CIRCLE ( 'NONE', #385, 1.500000000000004000 ) ;
#220 = ORIENTED_EDGE ( 'NONE', *, *, #2216, .T. ) ;
#221 = ORIENTED_EDGE ( 'NONE', *, *, #3230, .T. ) ;
#222 = ORIENTED_EDGE ( 'NONE', *, *, #1284, .F. ) ;
#223 = VERTEX_POINT ( 'NONE', #3676 ) ;
#224 = CARTESIAN_POINT ( 'NONE',  ( 18.99999999999998600, -23.00000000000000700, 4.868300000000013800 ) ) ;
#225 = VECTOR ( 'NONE', #1768, 1000.000000000000000 ) ;
#226 = ADVANCED_FACE ( 'NONE', ( #2178 ), #70, .F. ) ;
#227 = EDGE_LOOP ( 'NONE', ( #116, #2903 ) ) ;
#228 = DIRECTION ( 'NONE',  ( 1.000000000000000000, 0.0000000000000000000, 0.0000000000000000000 ) ) ;
#229 = EDGE_CURVE ( 'NONE', #732, #3150, #2912, .T. ) ;
#230 = CARTESIAN_POINT ( 'NONE',  ( 11.99999999999997900, -23.00000000000003200, 13.36830000000001200 ) ) ;
#231 = AXIS2_PLACEMENT_3D ( 'NONE', #3158, #879, #1718 ) ;
#232 = DIRECTION ( 'NONE',  ( 0.0000000000000000000, 0.0000000000000000000, 1.000000000000000000 ) ) ;
#233 = FACE_BOUND ( 'NONE', #1552, .T. ) ;
#234 = CIRCLE ( 'NONE', #477, 1.999999999999998200 ) ;
#235 = AXIS2_PLACEMENT_3D ( 'NONE', #911, #2870, #893 ) ;
#236 = EDGE_CURVE ( 'NONE', #1788, #2704, #3048, .T. ) ;
#237 = DIRECTION ( 'NONE',  ( 0.0000000000000000000, 2.312964634635735200E-015, -1.000000000000000000 ) ) ;
#238 = CARTESIAN_POINT ( 'NONE',  ( 59.00000000000000000, -2.736599999999984200, 0.7366000000000000300 ) ) ;
#239 = DIRECTION ( 'NONE',  ( 0.0000000000000000000, -0.0000000000000000000, 1.000000000000000000 ) ) ;
#240 = DIRECTION ( 'NONE',  ( 0.0000000000000000000, 3.491481338843133400E-015, 1.000000000000000000 ) ) ;
#241 = CARTESIAN_POINT ( 'NONE',  ( 50.50000000000000000, -24.99999999999999600, -2.000000000000000000 ) ) ;
#242 = ADVANCED_FACE ( 'NONE', ( #2814 ), #767, .T. ) ;
#243 = ORIENTED_EDGE ( 'NONE', *, *, #3590, .T. ) ;
#244 = ORIENTED_EDGE ( 'NONE', *, *, #1356, .T. ) ;
#245 = EDGE_CURVE ( 'NONE', #223, #3305, #1862, .T. ) ;
#246 = AXIS2_PLACEMENT_3D ( 'NONE', #795, #3410, #2204 ) ;
#247 = DIRECTION ( 'NONE',  ( 1.652117596168387800E-016, -1.000000000000000000, -3.318601432303456600E-015 ) ) ;
#248 = CARTESIAN_POINT ( 'NONE',  ( 38.50000000000000700, -15.00000000000000000, -2.000000000000000000 ) ) ;
#249 = CIRCLE ( 'NONE', #3165, 2.000000000000003600 ) ;
#250 = ORIENTED_EDGE ( 'NONE', *, *, #1183, .F. ) ;
#251 = FACE_OUTER_BOUND ( 'NONE', #3664, .T. ) ;
#252 = EDGE_CURVE ( 'NONE', #313, #1643, #1507, .T. ) ;
#253 = CIRCLE ( 'NONE', #359, 4.000000000000003600 ) ;
#254 = EDGE_LOOP ( 'NONE', ( #939, #1506, #217, #3179 ) ) ;
#255 = AXIS2_PLACEMENT_3D ( 'NONE', #3188, #72, #298 ) ;
#256 = CARTESIAN_POINT ( 'NONE',  ( 49.99999999999999300, -2.736599999999984200, 0.7366000000000007000 ) ) ;
#257 = ORIENTED_EDGE ( 'NONE', *, *, #1219, .F. ) ;
#258 = VECTOR ( 'NONE', #1571, 1000.000000000000000 ) ;
#259 = VERTEX_POINT ( 'NONE', #2800 ) ;
#260 = ORIENTED_EDGE ( 'NONE', *, *, #1931, .T. ) ;
#261 = CARTESIAN_POINT ( 'NONE',  ( 52.00000000000000000, 8.605743482683826800E-014, 20.99999999999999600 ) ) ;
#262 = AXIS2_PLACEMENT_3D ( 'NONE', #3724, #3422, #1109 ) ;
#263 = LINE ( 'NONE', #2557, #721 ) ;
#264 = VERTEX_POINT ( 'NONE', #1327 ) ;
#265 = CARTESIAN_POINT ( 'NONE',  ( 43.99999999999999300, -7.999999999999996400, -2.000000000000000000 ) ) ;
#266 = EDGE_LOOP ( 'NONE', ( #1300, #2787 ) ) ;
#267 = ADVANCED_FACE ( 'NONE', ( #523 ), #1189, .F. ) ;
#268 = ORIENTED_EDGE ( 'NONE', *, *, #229, .T. ) ;
#269 = ORIENTED_EDGE ( 'NONE', *, *, #156, .F. ) ;
#270 = PRODUCT_DEFINITION_SHAPE ( 'NONE', 'NONE',  #2643 ) ;
#271 = DIRECTION ( 'NONE',  ( 1.652117596168387800E-016, -1.000000000000000000, -3.318601432303456600E-015 ) ) ;
#272 = EDGE_LOOP ( 'NONE', ( #1963, #296 ) ) ;
#273 = EDGE_CURVE ( 'NONE', #2691, #881, #1900, .T. ) ;
#274 = DIRECTION ( 'NONE',  ( 0.0000000000000000000, 0.0000000000000000000, 1.000000000000000000 ) ) ;
#275 = VECTOR ( 'NONE', #604, 1000.000000000000000 ) ;
#276 = CARTESIAN_POINT ( 'NONE',  ( 31.00000000000000000, -25.99999999999999600, -2.000000000000000000 ) ) ;
#277 = CARTESIAN_POINT ( 'NONE',  ( 31.50000000000000700, -7.999999999999998200, -2.000000000000000000 ) ) ;
#278 = DIRECTION ( 'NONE',  ( -2.449293598294702500E-016, 1.000000000000000000, -3.491481338843133000E-015 ) ) ;
#279 = VECTOR ( 'NONE', #3268, 1000.000000000000000 ) ;
#280 = EDGE_CURVE ( 'NONE', #3382, #1518, #2135, .T. ) ;
#281 = AXIS2_PLACEMENT_3D ( 'NONE', #3626, #2412, #2143 ) ;
#282 = DIRECTION ( 'NONE',  ( 0.0000000000000000000, 3.491481338843133400E-015, 1.000000000000000000 ) ) ;
#283 = AXIS2_PLACEMENT_3D ( 'NONE', #3191, #1760, #52 ) ;
#284 = EDGE_CURVE ( 'NONE', #1878, #71, #3329, .T. ) ;
#285 = DIRECTION ( 'NONE',  ( -1.000000000000000000, 2.344220913482171700E-016, 0.0000000000000000000 ) ) ;
#286 = DIRECTION ( 'NONE',  ( 0.0000000000000000000, 2.312964634635735200E-015, -1.000000000000000000 ) ) ;
#287 = CARTESIAN_POINT ( 'NONE',  ( 8.499999999999992900, -30.26339999999997200, -2.000000000000000000 ) ) ;
#288 = ORIENTED_EDGE ( 'NONE', *, *, #719, .T. ) ;
#289 = DIRECTION ( 'NONE',  ( 1.652117596168387800E-016, -1.000000000000000000, -3.318601432303456600E-015 ) ) ;
#290 = VECTOR ( 'NONE', #869, 1000.000000000000000 ) ;
#291 = VERTEX_POINT ( 'NONE', #1394 ) ;
#292 = DIRECTION ( 'NONE',  ( 0.0000000000000000000, 0.0000000000000000000, 1.000000000000000000 ) ) ;
#293 = FACE_OUTER_BOUND ( 'NONE', #2414, .T. ) ;
#294 = EDGE_CURVE ( 'NONE', #3382, #49, #2770, .T. ) ;
#295 = ORIENTED_EDGE ( 'NONE', *, *, #181, .T. ) ;
#296 = ORIENTED_EDGE ( 'NONE', *, *, #460, .T. ) ;
#297 = AXIS2_PLACEMENT_3D ( 'NONE', #1296, #428, #3292 ) ;
#298 = DIRECTION ( 'NONE',  ( 0.0000000000000000000, -3.469446951953617300E-015, -1.000000000000000000 ) ) ;
#299 = ADVANCED_FACE ( 'NONE', ( #3737 ), #1132, .T. ) ;
#300 = CIRCLE ( 'NONE', #306, 1.500000000000004000 ) ;
#301 = CARTESIAN_POINT ( 'NONE',  ( 10.99999999999999800, -5.999999999999996400, -2.000000000000000000 ) ) ;
#302 = CIRCLE ( 'NONE', #297, 4.000000000000000000 ) ;
#303 = ORIENTED_EDGE ( 'NONE', *, *, #3183, .T. ) ;
#304 = ORIENTED_EDGE ( 'NONE', *, *, #2536, .F. ) ;
#305 = DIRECTION ( 'NONE',  ( 0.0000000000000000000, -3.491481338843133400E-015, -1.000000000000000000 ) ) ;
#306 = AXIS2_PLACEMENT_3D ( 'NONE', #2450, #2149, #3328 ) ;
#307 = VECTOR ( 'NONE', #3059, 1000.000000000000000 ) ;
#308 = VERTEX_POINT ( 'NONE', #2559 ) ;
#309 = ORIENTED_EDGE ( 'NONE', *, *, #1021, .T. ) ;
#310 = CIRCLE ( 'NONE', #1713, 2.000000000000001800 ) ;
#311 = VERTEX_POINT ( 'NONE', #833 ) ;
#312 = CARTESIAN_POINT ( 'NONE',  ( 25.99999999999998200, -23.00000000000002800, 11.86830000000002600 ) ) ;
#313 = VERTEX_POINT ( 'NONE', #1126 ) ;
#314 = DIRECTION ( 'NONE',  ( 1.652117596168387800E-016, -1.000000000000000000, -3.318601432303456600E-015 ) ) ;
#315 = DIRECTION ( 'NONE',  ( 1.000000000000000000, 0.0000000000000000000, 0.0000000000000000000 ) ) ;
#316 = LINE ( 'NONE', #2614, #2199 ) ;
#317 = ORIENTED_EDGE ( 'NONE', *, *, #2208, .F. ) ;
#318 = ORIENTED_EDGE ( 'NONE', *, *, #1106, .T. ) ;
#319 = CARTESIAN_POINT ( 'NONE',  ( 18.99999999999997900, -31.00000000000005300, 18.86829999999998700 ) ) ;
#320 = LINE ( 'NONE', #1127, #2483 ) ;
#321 = VERTEX_POINT ( 'NONE', #1672 ) ;
#322 = CARTESIAN_POINT ( 'NONE',  ( 49.99999999999999300, -1.999999999999914500, 21.00000000000000400 ) ) ;
#323 = DIRECTION ( 'NONE',  ( 0.0000000000000000000, 3.469446951953611000E-015, 1.000000000000000000 ) ) ;
#324 = ADVANCED_FACE ( 'NONE', ( #926 ), #1961, .T. ) ;
#325 = CARTESIAN_POINT ( 'NONE',  ( 6.999999999999997300, 7.332110811570581300E-014, 20.99999999999999600 ) ) ;
#326 = CIRCLE ( 'NONE', #2175, 1.500000000000007300 ) ;
#327 = EDGE_CURVE ( 'NONE', #354, #2522, #3135, .T. ) ;
#328 = FACE_BOUND ( 'NONE', #3711, .T. ) ;
#329 = DIRECTION ( 'NONE',  ( 1.652117596168387800E-016, -1.000000000000000000, -3.318601432303456600E-015 ) ) ;
#330 = CARTESIAN_POINT ( 'NONE',  ( 18.99999999999998600, -31.00000000000000700, 4.868299999999987200 ) ) ;
#331 = VECTOR ( 'NONE', #3577, 1000.000000000000000 ) ;
#332 = DIRECTION ( 'NONE',  ( 1.652117596168387800E-016, -1.000000000000000000, -3.318601432303456600E-015 ) ) ;
#333 = EDGE_CURVE ( 'NONE', #3066, #264, #2541, .T. ) ;
#334 = DIRECTION ( 'NONE',  ( 1.652117596168387800E-016, -1.000000000000000000, -3.318601432303456600E-015 ) ) ;
#335 =( GEOMETRIC_REPRESENTATION_CONTEXT ( 3 ) GLOBAL_UNCERTAINTY_ASSIGNED_CONTEXT ( ( #1444 ) ) GLOBAL_UNIT_ASSIGNED_CONTEXT ( ( #1215, #3251, #1563 ) ) REPRESENTATION_CONTEXT ( 'NONE', 'WORKASPACE' ) );
#336 = DIRECTION ( 'NONE',  ( 1.000000000000000000, 0.0000000000000000000, 0.0000000000000000000 ) ) ;
#337 = DIRECTION ( 'NONE',  ( 1.000000000000000000, 0.0000000000000000000, 0.0000000000000000000 ) ) ;
#338 = DIRECTION ( 'NONE',  ( 1.652117596168387800E-016, -1.000000000000000000, -3.318601432303456600E-015 ) ) ;
#339 = AXIS2_PLACEMENT_3D ( 'NONE', #1050, #3685, #1063 ) ;
#340 = DIRECTION ( 'NONE',  ( -1.000000000000000000, -1.156482317317872100E-015, 0.0000000000000000000 ) ) ;
#341 = CARTESIAN_POINT ( 'NONE',  ( 54.00000000000000000, -18.99999999999998600, -2.000000000000000000 ) ) ;
#342 = ORIENTED_EDGE ( 'NONE', *, *, #2612, .T. ) ;
#343 =( LENGTH_UNIT ( ) NAMED_UNIT ( * ) SI_UNIT ( .MILLI., .METRE. ) );
#344 = ADVANCED_FACE ( 'NONE', ( #1096 ), #558, .T. ) ;
#345 = CARTESIAN_POINT ( 'NONE',  ( 0.0000000000000000000, -2.000000000000000000, 0.0000000000000000000 ) ) ;
#346 = DIRECTION ( 'NONE',  ( 1.652117596168387800E-016, -1.000000000000000000, -3.318601432303456600E-015 ) ) ;
#347 = ORIENTED_EDGE ( 'NONE', *, *, #1741, .F. ) ;
#348 = DIRECTION ( 'NONE',  ( 0.0000000000000000000, 0.0000000000000000000, 1.000000000000000000 ) ) ;
#349 = VECTOR ( 'NONE', #1363, 1000.000000000000000 ) ;
#350 = DIRECTION ( 'NONE',  ( 0.0000000000000000000, 0.0000000000000000000, 1.000000000000000000 ) ) ;
#351 = EDGE_CURVE ( 'NONE', #3109, #3713, #3463, .T. ) ;
#352 = CIRCLE ( 'NONE', #982, 2.000000000000005300 ) ;
#353 = ORIENTED_EDGE ( 'NONE', *, *, #252, .F. ) ;
#354 = VERTEX_POINT ( 'NONE', #1411 ) ;
#355 = CIRCLE ( 'NONE', #578, 1.499999999999994400 ) ;
#356 = EDGE_CURVE ( 'NONE', #2635, #791, #1820, .T. ) ;
#357 = VECTOR ( 'NONE', #337, 1000.000000000000000 ) ;
#358 = VERTEX_POINT ( 'NONE', #818 ) ;
#359 = AXIS2_PLACEMENT_3D ( 'NONE', #3763, #1740, #606 ) ;
#360 = CARTESIAN_POINT ( 'NONE',  ( 8.499999999999998200, -25.00000000000000000, -2.000000000000000000 ) ) ;
#361 = EDGE_LOOP ( 'NONE', ( #1749, #1917, #571, #2244 ) ) ;
#362 = DIRECTION ( 'NONE',  ( 1.652117596168387800E-016, -1.000000000000000000, -3.318601432303456600E-015 ) ) ;
#363 = DIRECTION ( 'NONE',  ( 1.652117596168387800E-016, -1.000000000000000000, -3.318601432303456600E-015 ) ) ;
#364 = VECTOR ( 'NONE', #3172, 1000.000000000000000 ) ;
#365 = ORIENTED_EDGE ( 'NONE', *, *, #3272, .F. ) ;
#366 = VERTEX_POINT ( 'NONE', #2842 ) ;
#367 = CARTESIAN_POINT ( 'NONE',  ( 40.00000000000000700, -15.00000000000000000, -2.000000000000000000 ) ) ;
#368 = AXIS2_PLACEMENT_3D ( 'NONE', #472, #3674, #497 ) ;
#369 = CARTESIAN_POINT ( 'NONE',  ( 33.50000000000000000, -18.99999999999999600, 0.0000000000000000000 ) ) ;
#370 = EDGE_CURVE ( 'NONE', #3575, #950, #1055, .T. ) ;
#371 = ADVANCED_FACE ( 'NONE', ( #1015 ), #396, .F. ) ;
#372 = EDGE_LOOP ( 'NONE', ( #2174, #3352, #2068, #2431 ) ) ;
#373 = EDGE_LOOP ( 'NONE', ( #1113, #213, #2128, #1534 ) ) ;
#374 = DIRECTION ( 'NONE',  ( 1.000000000000000000, 0.0000000000000000000, 0.0000000000000000000 ) ) ;
#375 = EDGE_LOOP ( 'NONE', ( #3024, #401, #1695, #2839 ) ) ;
#376 = LINE ( 'NONE', #800, #995 ) ;
#377 = DIRECTION ( 'NONE',  ( -6.788048384257069000E-016, -3.318601432303456900E-015, 1.000000000000000000 ) ) ;
#378 = FACE_BOUND ( 'NONE', #3023, .T. ) ;
#379 = CARTESIAN_POINT ( 'NONE',  ( 18.99999999999997900, -23.00000000000005700, 18.86830000000001600 ) ) ;
#380 = FACE_BOUND ( 'NONE', #1920, .T. ) ;
#381 = FACE_BOUND ( 'NONE', #2751, .T. ) ;
#382 = DIRECTION ( 'NONE',  ( 1.000000000000000000, 0.0000000000000000000, 0.0000000000000000000 ) ) ;
#383 = DIRECTION ( 'NONE',  ( 1.652117596168387800E-016, -1.000000000000000000, -3.318601432303456900E-015 ) ) ;
#384 = EDGE_CURVE ( 'NONE', #3754, #3182, #249, .T. ) ;
#385 = AXIS2_PLACEMENT_3D ( 'NONE', #3022, #2742, #158 ) ;
#386 = DIRECTION ( 'NONE',  ( 0.0000000000000000000, 0.0000000000000000000, -1.000000000000000000 ) ) ;
#387 = ADVANCED_FACE ( 'NONE', ( #3282 ), #664, .F. ) ;
#388 = DIRECTION ( 'NONE',  ( 0.0000000000000000000, 2.312964634635735200E-015, -1.000000000000000000 ) ) ;
#389 = DIRECTION ( 'NONE',  ( 1.652117596168387800E-016, -1.000000000000000000, -3.318601432303456600E-015 ) ) ;
#390 = DIRECTION ( 'NONE',  ( 0.0000000000000000000, -1.000000000000000000, -3.385371974907204800E-015 ) ) ;
#391 = AXIS2_PLACEMENT_3D ( 'NONE', #1137, #2007, #2889 ) ;
#392 = CARTESIAN_POINT ( 'NONE',  ( 4.436796223626734800E-017, 2.571825154191854900E-015, 0.7365999999999939300 ) ) ;
#393 = ORIENTED_EDGE ( 'NONE', *, *, #476, .F. ) ;
#394 = AXIS2_PLACEMENT_3D ( 'NONE', #3659, #2513, #473 ) ;
#395 = DIRECTION ( 'NONE',  ( 0.0000000000000000000, -1.000000000000000000, 3.491481338843133400E-015 ) ) ;
#396 = CYLINDRICAL_SURFACE ( 'NONE', #915, 1.500000000000001300 ) ;
#397 = ORIENTED_EDGE ( 'NONE', *, *, #3156, .F. ) ;
#398 = CARTESIAN_POINT ( 'NONE',  ( 19.00000000000000000, -7.999999999999998200, -2.000000000000000000 ) ) ;
#399 = DIRECTION ( 'NONE',  ( 0.0000000000000000000, 0.0000000000000000000, 1.000000000000000000 ) ) ;
#400 = VECTOR ( 'NONE', #377, 1000.000000000000000 ) ;
#401 = ORIENTED_EDGE ( 'NONE', *, *, #2633, .F. ) ;
#402 = EDGE_LOOP ( 'NONE', ( #2564, #2442 ) ) ;
#403 = VECTOR ( 'NONE', #2949, 1000.000000000000000 ) ;
#404 = DIRECTION ( 'NONE',  ( 1.652117596168387800E-016, -1.000000000000000000, -3.318601432303456900E-015 ) ) ;
#405 = VECTOR ( 'NONE', #2008, 1000.000000000000000 ) ;
#406 = ORIENTED_EDGE ( 'NONE', *, *, #1545, .T. ) ;
#407 = ORIENTED_EDGE ( 'NONE', *, *, #3234, .T. ) ;
#408 = ADVANCED_FACE ( 'NONE', ( #439 ), #2356, .T. ) ;
#409 = CIRCLE ( 'NONE', #1070, 1.500000000000001300 ) ;
#410 = ORIENTED_EDGE ( 'NONE', *, *, #1476, .F. ) ;
#411 = EDGE_CURVE ( 'NONE', #1647, #2781, #1592, .T. ) ;
#412 = LINE ( 'NONE', #2, #3389 ) ;
#413 = ORIENTED_EDGE ( 'NONE', *, *, #2125, .T. ) ;
#414 = EDGE_LOOP ( 'NONE', ( #856, #2410, #2084, #3481 ) ) ;
#415 = CARTESIAN_POINT ( 'NONE',  ( 39.99999999999999300, -7.999999999999996400, 0.0000000000000000000 ) ) ;
#416 = FACE_OUTER_BOUND ( 'NONE', #928, .T. ) ;
#417 = EDGE_LOOP ( 'NONE', ( #2268, #2060, #2774, #18 ) ) ;
#418 = ORIENTED_EDGE ( 'NONE', *, *, #236, .T. ) ;
#419 = CARTESIAN_POINT ( 'NONE',  ( 39.99999999999999300, -7.999999999999996400, 0.0000000000000000000 ) ) ;
#420 = AXIS2_PLACEMENT_3D ( 'NONE', #3441, #2258, #285 ) ;
#421 = CIRCLE ( 'NONE', #2961, 1.500000000000001300 ) ;
#422 = ORIENTED_EDGE ( 'NONE', *, *, #273, .F. ) ;
#423 = FACE_BOUND ( 'NONE', #3252, .T. ) ;
#424 = CARTESIAN_POINT ( 'NONE',  ( 8.499999999999984000, -33.00000000000007100, 23.00000000000000000 ) ) ;
#425 = CARTESIAN_POINT ( 'NONE',  ( 10.99999999999999800, -5.999999999999996400, -2.000000000000000000 ) ) ;
#426 = FACE_BOUND ( 'NONE', #2701, .T. ) ;
#427 = CARTESIAN_POINT ( 'NONE',  ( 17.50000000000000000, -0.9999999999999981100, 0.0000000000000000000 ) ) ;
#428 = DIRECTION ( 'NONE',  ( 0.0000000000000000000, 0.0000000000000000000, 1.000000000000000000 ) ) ;
#429 = CARTESIAN_POINT ( 'NONE',  ( 2.999999999999996900, -8.999999999999992900, 0.0000000000000000000 ) ) ;
#430 = EDGE_CURVE ( 'NONE', #1119, #3096, #1414, .T. ) ;
#431 = CARTESIAN_POINT ( 'NONE',  ( 47.00000000000000000, -33.00000000000003600, 13.36830000000000100 ) ) ;
#432 = CARTESIAN_POINT ( 'NONE',  ( 53.50000000000000000, -9.999999999999934300, 15.00000000000003200 ) ) ;
#433 = ORIENTED_EDGE ( 'NONE', *, *, #548, .F. ) ;
#434 = CARTESIAN_POINT ( 'NONE',  ( 18.99999999999997900, -33.00000000000005000, 17.36829999999997700 ) ) ;
#435 = AXIS2_PLACEMENT_3D ( 'NONE', #182, #3375, #1309 ) ;
#436 = EDGE_CURVE ( 'NONE', #3472, #3569, #2955, .T. ) ;
#437 = DIRECTION ( 'NONE',  ( -1.000000000000000000, -2.449293598294700500E-016, 6.023345402697246700E-017 ) ) ;
#438 = ORIENTED_EDGE ( 'NONE', *, *, #502, .T. ) ;
#439 = FACE_OUTER_BOUND ( 'NONE', #1589, .T. ) ;
#440 = CARTESIAN_POINT ( 'NONE',  ( 40.00000000000000700, -22.99999999999999600, 3.368300000000023600 ) ) ;
#441 = VECTOR ( 'NONE', #3428, 1000.000000000000000 ) ;
#442 = FACE_OUTER_BOUND ( 'NONE', #1864, .T. ) ;
#443 = ORIENTED_EDGE ( 'NONE', *, *, #3055, .F. ) ;
#444 = ORIENTED_EDGE ( 'NONE', *, *, #1813, .T. ) ;
#445 = DIRECTION ( 'NONE',  ( 0.0000000000000000000, 0.0000000000000000000, 1.000000000000000000 ) ) ;
#446 = DIRECTION ( 'NONE',  ( 0.0000000000000000000, 0.0000000000000000000, 1.000000000000000000 ) ) ;
#447 = DIRECTION ( 'NONE',  ( 1.652117596168387800E-016, -1.000000000000000000, -3.318601432303456900E-015 ) ) ;
#448 = CIRCLE ( 'NONE', #3078, 1.500000000000001300 ) ;
#449 = CLOSED_SHELL ( 'NONE', ( #1823, #2574, #2599, #1541, #371, #3453, #1748, #2867, #2354, #1451, #3736, #226, #1204, #2931, #1140, #3277, #387, #2662, #2892, #2070, #923, #1087, #54, #629, #3437, #2848, #36, #1782, #3704, #2334, #2290, #3267, #2001, #3134, #3223, #1178, #667, #1790, #1769, #3497, #2905, #324, #2622, #2527, #1237, #3491, #242, #813, #2616, #2023, #73, #2108, #2806, #2254, #965, #2636, #786, #2012, #882, #2364, #3576, #3241, #3200, #3509, #1722, #2563, #2082, #344, #6, #605, #949, #299, #408, #2946, #3098, #563, #691, #1465, #1808, #2269, #1410, #1489, #1933, #2988, #2674, #102, #651, #3174, #11, #2028, #3170, #1431, #3536, #1226, #1503, #2968, #1526, #3555, #2300, #513, #1161, #267, #1970, #2043, #2398, #2376, #3220, #3120, #1371, #2304, #2700, #907 ) ) ;
#450 = EDGE_LOOP ( 'NONE', ( #3561, #3438, #2677, #2305 ) ) ;
#451 = CARTESIAN_POINT ( 'NONE',  ( 45.50000000000000700, -7.999999999999991100, 0.0000000000000000000 ) ) ;
#452 = EDGE_CURVE ( 'NONE', #945, #3472, #3563, .T. ) ;
#453 = CIRCLE ( 'NONE', #1841, 0.7366000000000039200 ) ;
#454 = ORIENTED_EDGE ( 'NONE', *, *, #1945, .F. ) ;
#455 = AXIS2_PLACEMENT_3D ( 'NONE', #570, #3466, #601 ) ;
#456 = ORIENTED_EDGE ( 'NONE', *, *, #3156, .T. ) ;
#457 = DIRECTION ( 'NONE',  ( 1.652117596168387800E-016, -1.000000000000000000, -3.318601432303456600E-015 ) ) ;
#458 = VERTEX_POINT ( 'NONE', #50 ) ;
#459 = EDGE_LOOP ( 'NONE', ( #317, #164, #2918, #288 ) ) ;
#460 = EDGE_CURVE ( 'NONE', #781, #3324, #2039, .T. ) ;
#461 = AXIS2_PLACEMENT_3D ( 'NONE', #110, #658, #942 ) ;
#462 = CARTESIAN_POINT ( 'NONE',  ( 0.0000000000000000000, -1.999999999999997300, 0.7365999999999973700 ) ) ;
#463 = ORIENTED_EDGE ( 'NONE', *, *, #2514, .T. ) ;
#464 = FILL_AREA_STYLE_COLOUR ( '', #2960 ) ;
#465 = LINE ( 'NONE', #1716, #3315 ) ;
#466 = AXIS2_PLACEMENT_3D ( 'NONE', #330, #2902, #3531 ) ;
#467 = CARTESIAN_POINT ( 'NONE',  ( 40.00000000000000000, -31.00000000000002800, 11.86830000000000100 ) ) ;
#468 = DIRECTION ( 'NONE',  ( 1.652117596168387800E-016, -1.000000000000000000, -3.318601432303456900E-015 ) ) ;
#469 = LINE ( 'NONE', #2669, #1129 ) ;
#470 = DIRECTION ( 'NONE',  ( 0.0000000000000000000, 0.0000000000000000000, 1.000000000000000000 ) ) ;
#471 = DIRECTION ( 'NONE',  ( 0.0000000000000000000, -1.000000000000000000, -3.327961064415047400E-015 ) ) ;
#472 = CARTESIAN_POINT ( 'NONE',  ( 39.99999999999999300, -23.00000000000005000, 18.86830000000003000 ) ) ;
#473 = DIRECTION ( 'NONE',  ( 0.0000000000000000000, 0.0000000000000000000, 1.000000000000000000 ) ) ;
#474 = EDGE_CURVE ( 'NONE', #2508, #2110, #3371, .T. ) ;
#475 = CARTESIAN_POINT ( 'NONE',  ( 11.99999999999998000, -31.00000000000002800, 10.36829999999998000 ) ) ;
#476 = EDGE_CURVE ( 'NONE', #2392, #1872, #613, .T. ) ;
#477 = AXIS2_PLACEMENT_3D ( 'NONE', #3363, #1613, #2764 ) ;
#478 = CARTESIAN_POINT ( 'NONE',  ( 50.50000000000000000, -32.99999999999998600, 0.7365999999999904800 ) ) ;
#479 = VECTOR ( 'NONE', #2571, 1000.000000000000000 ) ;
#480 = DIRECTION ( 'NONE',  ( 1.000000000000000000, 0.0000000000000000000, 0.0000000000000000000 ) ) ;
#481 = AXIS2_PLACEMENT_3D ( 'NONE', #3285, #1542, #1831 ) ;
#482 = ORIENTED_EDGE ( 'NONE', *, *, #1106, .F. ) ;
#483 = EDGE_CURVE ( 'NONE', #2433, #2477, #1372, .T. ) ;
#484 = DIRECTION ( 'NONE',  ( 1.652117596168387800E-016, -1.000000000000000000, -3.318601432303456600E-015 ) ) ;
#485 = CYLINDRICAL_SURFACE ( 'NONE', #2741, 1.500000000000004900 ) ;
#486 = CIRCLE ( 'NONE', #685, 0.7366000000000000300 ) ;
#487 = ORIENTED_EDGE ( 'NONE', *, *, #2853, .F. ) ;
#488 = ORIENTED_EDGE ( 'NONE', *, *, #2074, .T. ) ;
#489 = LINE ( 'NONE', #1608, #3470 ) ;
#490 = ORIENTED_EDGE ( 'NONE', *, *, #1122, .F. ) ;
#491 = DIRECTION ( 'NONE',  ( 1.000000000000000000, 0.0000000000000000000, 0.0000000000000000000 ) ) ;
#492 = EDGE_LOOP ( 'NONE', ( #799, #243, #2280, #3354 ) ) ;
#493 = CIRCLE ( 'NONE', #3216, 1.500000000000007300 ) ;
#494 = LINE ( 'NONE', #1057, #2052 ) ;
#495 = ORIENTED_EDGE ( 'NONE', *, *, #3722, .F. ) ;
#496 = ORIENTED_EDGE ( 'NONE', *, *, #1432, .T. ) ;
#497 = DIRECTION ( 'NONE',  ( 0.0000000000000000000, 2.312964634635735200E-015, -1.000000000000000000 ) ) ;
#498 = LINE ( 'NONE', #633, #1744 ) ;
#499 = ORIENTED_EDGE ( 'NONE', *, *, #3171, .T. ) ;
#500 = PLANE ( 'NONE',  #1138 ) ;
#501 = ORIENTED_EDGE ( 'NONE', *, *, #1359, .F. ) ;
#502 = EDGE_CURVE ( 'NONE', #3740, #3240, #3514, .T. ) ;
#503 = AXIS2_PLACEMENT_3D ( 'NONE', #2330, #3503, #1778 ) ;
#504 = ORIENTED_EDGE ( 'NONE', *, *, #1822, .T. ) ;
#505 = EDGE_LOOP ( 'NONE', ( #3303, #3390, #2093, #2224 ) ) ;
#506 = DIRECTION ( 'NONE',  ( 0.0000000000000000000, 3.469446951953611000E-015, 1.000000000000000000 ) ) ;
#507 = CIRCLE ( 'NONE', #2249, 2.736600000000004100 ) ;
#508 = ORIENTED_EDGE ( 'NONE', *, *, #476, .T. ) ;
#509 = DIRECTION ( 'NONE',  ( 0.0000000000000000000, 0.0000000000000000000, 1.000000000000000000 ) ) ;
#510 = FACE_BOUND ( 'NONE', #3278, .T. ) ;
#511 = DIRECTION ( 'NONE',  ( 1.751623080406021300E-046, -3.491481338843133000E-015, -1.000000000000000000 ) ) ;
#512 = CARTESIAN_POINT ( 'NONE',  ( 13.50000000000000200, -7.999999999999998200, -2.000000000000000000 ) ) ;
#513 = ADVANCED_FACE ( 'NONE', ( #1141 ), #77, .F. ) ;
#514 = DIRECTION ( 'NONE',  ( 0.0000000000000000000, 0.0000000000000000000, 1.000000000000000000 ) ) ;
#515 = DIRECTION ( 'NONE',  ( 0.0000000000000000000, 4.625929269271470300E-015, -1.000000000000000000 ) ) ;
#516 = EDGE_CURVE ( 'NONE', #1470, #1144, #1280, .T. ) ;
#517 = DIRECTION ( 'NONE',  ( 1.000000000000000000, 4.081702296416019900E-016, 0.0000000000000000000 ) ) ;
#518 = DIRECTION ( 'NONE',  ( 0.0000000000000000000, -3.469446951953605100E-015, -1.000000000000000000 ) ) ;
#519 = ORIENTED_EDGE ( 'NONE', *, *, #3104, .T. ) ;
#520 = DIRECTION ( 'NONE',  ( 0.0000000000000000000, -3.491481338843127000E-015, -1.000000000000000000 ) ) ;
#521 = EDGE_CURVE ( 'NONE', #308, #122, #1944, .T. ) ;
#522 = EDGE_LOOP ( 'NONE', ( #2021, #2010 ) ) ;
#523 = FACE_OUTER_BOUND ( 'NONE', #3687, .T. ) ;
#524 = ORIENTED_EDGE ( 'NONE', *, *, #3077, .T. ) ;
#525 = LINE ( 'NONE', #230, #3242 ) ;
#526 = DIRECTION ( 'NONE',  ( 0.0000000000000000000, 0.0000000000000000000, 1.000000000000000000 ) ) ;
#527 = LINE ( 'NONE', #532, #1331 ) ;
#528 = ORIENTED_EDGE ( 'NONE', *, *, #3455, .F. ) ;
#529 = AXIS2_PLACEMENT_3D ( 'NONE', #3132, #3164, #577 ) ;
#530 = ORIENTED_EDGE ( 'NONE', *, *, #2202, .T. ) ;
#531 = CIRCLE ( 'NONE', #2080, 1.500000000000004900 ) ;
#532 = CARTESIAN_POINT ( 'NONE',  ( 8.499999999999998200, -33.00000000000000000, 0.7365999999999900400 ) ) ;
#533 = DIRECTION ( 'NONE',  ( -1.000000000000000000, -0.0000000000000000000, 7.359504293276601900E-017 ) ) ;
#534 = FACE_OUTER_BOUND ( 'NONE', #1971, .T. ) ;
#535 = ORIENTED_EDGE ( 'NONE', *, *, #3032, .T. ) ;
#536 = EDGE_LOOP ( 'NONE', ( #3436, #2980, #1478, #3290, #1922, #1072, #33, #832, #1211, #184, #211, #1633, #519, #2156, #89, #2275 ) ) ;
#537 = FACE_OUTER_BOUND ( 'NONE', #1639, .T. ) ;
#538 = EDGE_LOOP ( 'NONE', ( #1060, #3508 ) ) ;
#539 = ORIENTED_EDGE ( 'NONE', *, *, #2307, .T. ) ;
#540 = EDGE_CURVE ( 'NONE', #781, #2928, #2645, .T. ) ;
#541 = ORIENTED_EDGE ( 'NONE', *, *, #2880, .T. ) ;
#542 = DIRECTION ( 'NONE',  ( 0.0000000000000000000, 3.469446951953611000E-015, 1.000000000000000000 ) ) ;
#543 = VERTEX_POINT ( 'NONE', #2973 ) ;
#544 = DIRECTION ( 'NONE',  ( 0.0000000000000000000, 2.312964634635740700E-015, -1.000000000000000000 ) ) ;
#545 = DIRECTION ( 'NONE',  ( 0.0000000000000000000, 0.0000000000000000000, 1.000000000000000000 ) ) ;
#546 = EDGE_LOOP ( 'NONE', ( #2995, #220, #66, #1881 ) ) ;
#547 = CARTESIAN_POINT ( 'NONE',  ( 8.999999999999998200, 8.023096076392732800E-014, 23.00000000000000000 ) ) ;
#548 = EDGE_CURVE ( 'NONE', #1378, #3754, #207, .T. ) ;
#549 = DIRECTION ( 'NONE',  ( 0.0000000000000000000, 0.0000000000000000000, 1.000000000000000000 ) ) ;
#550 = CIRCLE ( 'NONE', #2295, 2.000000000000001800 ) ;
#551 = DIRECTION ( 'NONE',  ( 0.0000000000000000000, 1.000000000000000000, -3.532562060772753900E-015 ) ) ;
#552 = LINE ( 'NONE', #2393, #2251 ) ;
#553 = AXIS2_PLACEMENT_3D ( 'NONE', #2862, #2825, #2257 ) ;
#554 = EDGE_CURVE ( 'NONE', #2454, #1243, #1147, .T. ) ;
#555 = CARTESIAN_POINT ( 'NONE',  ( 0.0000000000000000000, -2.736599999999997900, -2.000000000000000000 ) ) ;
#556 = DIRECTION ( 'NONE',  ( 0.0000000000000000000, 2.312964634635735200E-015, -1.000000000000000000 ) ) ;
#557 = CARTESIAN_POINT ( 'NONE',  ( 8.999999999999998200, -5.999999999999996400, -2.000000000000000000 ) ) ;
#558 = PLANE ( 'NONE',  #602 ) ;
#559 = EDGE_LOOP ( 'NONE', ( #2684, #3351 ) ) ;
#560 = EDGE_CURVE ( 'NONE', #2781, #3734, #3090, .T. ) ;
#561 = AXIS2_PLACEMENT_3D ( 'NONE', #1400, #1386, #491 ) ;
#562 = DIRECTION ( 'NONE',  ( 0.0000000000000000000, 0.0000000000000000000, 1.000000000000000000 ) ) ;
#563 = ADVANCED_FACE ( 'NONE', ( #573 ), #2371, .T. ) ;
#564 = DIRECTION ( 'NONE',  ( 0.0000000000000000000, -3.491481338843133400E-015, -1.000000000000000000 ) ) ;
#565 = VECTOR ( 'NONE', #854, 1000.000000000000000 ) ;
#566 = CARTESIAN_POINT ( 'NONE',  ( 31.00000000000000000, -25.99999999999999600, 0.0000000000000000000 ) ) ;
#567 = VECTOR ( 'NONE', #511, 1000.000000000000000 ) ;
#568 = DIRECTION ( 'NONE',  ( 0.0000000000000000000, 3.469446951953605100E-015, 1.000000000000000000 ) ) ;
#569 = ORIENTED_EDGE ( 'NONE', *, *, #3325, .F. ) ;
#570 = CARTESIAN_POINT ( 'NONE',  ( 26.00000000000000000, -7.999999999999998200, -2.000000000000000000 ) ) ;
#571 = ORIENTED_EDGE ( 'NONE', *, *, #2908, .T. ) ;
#572 = ORIENTED_EDGE ( 'NONE', *, *, #3308, .F. ) ;
#573 = FACE_OUTER_BOUND ( 'NONE', #361, .T. ) ;
#574 = LINE ( 'NONE', #2998, #1787 ) ;
#575 = ORIENTED_EDGE ( 'NONE', *, *, #3077, .F. ) ;
#576 = ORIENTED_EDGE ( 'NONE', *, *, #2473, .F. ) ;
#577 = DIRECTION ( 'NONE',  ( 1.000000000000000000, 0.0000000000000000000, 0.0000000000000000000 ) ) ;
#578 = AXIS2_PLACEMENT_3D ( 'NONE', #2663, #3554, #935 ) ;
#579 = FACE_OUTER_BOUND ( 'NONE', #450, .T. ) ;
#580 = ORIENTED_EDGE ( 'NONE', *, *, #1423, .T. ) ;
#581 = DIRECTION ( 'NONE',  ( 0.0000000000000000000, 0.0000000000000000000, 1.000000000000000000 ) ) ;
#582 = EDGE_LOOP ( 'NONE', ( #2034, #1277 ) ) ;
#583 = CARTESIAN_POINT ( 'NONE',  ( 5.499999999999991100, 3.277044352865028700E-014, 9.000000000000000000 ) ) ;
#584 = DIRECTION ( 'NONE',  ( 1.000000000000000000, 1.652117596168387800E-016, -8.758115402030106700E-047 ) ) ;
#585 = DIRECTION ( 'NONE',  ( 0.0000000000000000000, 0.0000000000000000000, 1.000000000000000000 ) ) ;
#586 = FACE_OUTER_BOUND ( 'NONE', #3621, .T. ) ;
#587 = ORIENTED_EDGE ( 'NONE', *, *, #2992, .F. ) ;
#588 = ORIENTED_EDGE ( 'NONE', *, *, #1086, .T. ) ;
#589 = DIRECTION ( 'NONE',  ( 0.0000000000000000000, 2.312964634635731600E-015, -1.000000000000000000 ) ) ;
#590 = DIRECTION ( 'NONE',  ( 1.652117596168387800E-016, -1.000000000000000000, -3.318601432303456900E-015 ) ) ;
#591 = ORIENTED_EDGE ( 'NONE', *, *, #474, .T. ) ;
#592 = ORIENTED_EDGE ( 'NONE', *, *, #3330, .F. ) ;
#593 = EDGE_CURVE ( 'NONE', #2230, #2016, #3291, .T. ) ;
#594 = CYLINDRICAL_SURFACE ( 'NONE', #2890, 2.000000000000001800 ) ;
#595 = DIRECTION ( 'NONE',  ( 0.0000000000000000000, 3.491481338843133400E-015, 1.000000000000000000 ) ) ;
#596 = CARTESIAN_POINT ( 'NONE',  ( 10.49999999999999800, -7.999999999999998200, 0.0000000000000000000 ) ) ;
#597 = CARTESIAN_POINT ( 'NONE',  ( 49.99999999999999300, 9.255053878486559500E-014, 23.00000000000000000 ) ) ;
#598 = FACE_OUTER_BOUND ( 'NONE', #1460, .T. ) ;
#599 = EDGE_CURVE ( 'NONE', #1470, #1801, #1908, .T. ) ;
#600 = AXIS2_PLACEMENT_3D ( 'NONE', #1176, #1449, #305 ) ;
#601 = DIRECTION ( 'NONE',  ( 1.000000000000000000, 0.0000000000000000000, 0.0000000000000000000 ) ) ;
#602 = AXIS2_PLACEMENT_3D ( 'NONE', #238, #3451, #1702 ) ;
#603 = DIRECTION ( 'NONE',  ( 1.652117596168387800E-016, -1.000000000000000000, -3.318601432303456900E-015 ) ) ;
#604 = DIRECTION ( 'NONE',  ( -1.000000000000000000, -2.449293598294700500E-016, 6.023345402697246700E-017 ) ) ;
#605 = ADVANCED_FACE ( 'NONE', ( #3248 ), #1687, .T. ) ;
#606 = DIRECTION ( 'NONE',  ( 1.000000000000000000, 0.0000000000000000000, 0.0000000000000000000 ) ) ;
#607 = DIRECTION ( 'NONE',  ( 0.0000000000000000000, 2.312964634635735200E-015, -1.000000000000000000 ) ) ;
#608 = ORIENTED_EDGE ( 'NONE', *, *, #2048, .F. ) ;
#609 = DIRECTION ( 'NONE',  ( -1.000000000000000000, 0.0000000000000000000, 0.0000000000000000000 ) ) ;
#610 = VERTEX_POINT ( 'NONE', #661 ) ;
#611 = ORIENTED_EDGE ( 'NONE', *, *, #2612, .F. ) ;
#612 = DIRECTION ( 'NONE',  ( 0.0000000000000000000, 2.312964634635737900E-015, -1.000000000000000000 ) ) ;
#613 = LINE ( 'NONE', #635, #3611 ) ;
#614 = EDGE_CURVE ( 'NONE', #924, #1631, #169, .T. ) ;
#615 = ORIENTED_EDGE ( 'NONE', *, *, #666, .F. ) ;
#616 = AXIS2_PLACEMENT_3D ( 'NONE', #1747, #21, #609 ) ;
#617 = FACE_OUTER_BOUND ( 'NONE', #2158, .T. ) ;
#618 = CARTESIAN_POINT ( 'NONE',  ( 0.0000000000000000000, -2.000000000000000000, 0.0000000000000000000 ) ) ;
#619 = DIRECTION ( 'NONE',  ( 0.0000000000000000000, 0.0000000000000000000, 1.000000000000000000 ) ) ;
#620 = CIRCLE ( 'NONE', #2349, 1.500000000000004900 ) ;
#621 = ORIENTED_EDGE ( 'NONE', *, *, #521, .F. ) ;
#622 = ORIENTED_EDGE ( 'NONE', *, *, #1380, .T. ) ;
#623 = AXIS2_PLACEMENT_3D ( 'NONE', #1239, #3276, #2072 ) ;
#624 = DIRECTION ( 'NONE',  ( 0.0000000000000000000, 0.0000000000000000000, 1.000000000000000000 ) ) ;
#625 = CYLINDRICAL_SURFACE ( 'NONE', #561, 2.000000000000000000 ) ;
#626 = EDGE_LOOP ( 'NONE', ( #3651, #920, #2877, #1264 ) ) ;
#627 = EDGE_CURVE ( 'NONE', #3240, #3740, #1200, .T. ) ;
#628 = VERTEX_POINT ( 'NONE', #90 ) ;
#629 = ADVANCED_FACE ( 'NONE', ( #1061 ), #673, .F. ) ;
#630 = DIRECTION ( 'NONE',  ( 0.0000000000000000000, -3.491481338843133400E-015, -1.000000000000000000 ) ) ;
#631 = CIRCLE ( 'NONE', #3408, 1.500000000000004900 ) ;
#632 = EDGE_LOOP ( 'NONE', ( #1260, #754, #1056, #3187 ) ) ;
#633 = CARTESIAN_POINT ( 'NONE',  ( 8.499999999999984000, -33.00000000000007100, 23.00000000000000000 ) ) ;
#634 = ORIENTED_EDGE ( 'NONE', *, *, #516, .T. ) ;
#635 = CARTESIAN_POINT ( 'NONE',  ( 5.500000000000000900, -9.999999999999946700, 15.00000000000003000 ) ) ;
#636 = VECTOR ( 'NONE', #3540, 1000.000000000000000 ) ;
#637 = CARTESIAN_POINT ( 'NONE',  ( 8.999999999999998200, 2.602085213965210600E-015, 0.7365999999999903700 ) ) ;
#638 = EDGE_LOOP ( 'NONE', ( #3694, #3468, #1207, #1546 ) ) ;
#639 = ORIENTED_EDGE ( 'NONE', *, *, #2671, .T. ) ;
#640 = CARTESIAN_POINT ( 'NONE',  ( 39.99999999999999300, -33.00000000000005000, 18.86829999999999400 ) ) ;
#641 = ORIENTED_EDGE ( 'NONE', *, *, #1680, .F. ) ;
#642 = DIRECTION ( 'NONE',  ( 0.0000000000000000000, -1.000000000000000000, 0.0000000000000000000 ) ) ;
#643 = CARTESIAN_POINT ( 'NONE',  ( 29.50000000000000000, -25.99999999999999600, 0.0000000000000000000 ) ) ;
#644 = CARTESIAN_POINT ( 'NONE',  ( 40.00000000000000700, -32.99999999999999300, 3.368299999999990700 ) ) ;
#645 = EDGE_CURVE ( 'NONE', #2807, #1479, #2589, .T. ) ;
#646 = AXIS2_PLACEMENT_3D ( 'NONE', #2323, #3228, #1488 ) ;
#647 = CARTESIAN_POINT ( 'NONE',  ( 24.00000000000000000, -18.99999999999999300, -2.000000000000000000 ) ) ;
#648 = DIRECTION ( 'NONE',  ( 0.0000000000000000000, -1.000000000000000000, 3.491481338843133400E-015 ) ) ;
#649 = CYLINDRICAL_SURFACE ( 'NONE', #1117, 1.999999999999998200 ) ;
#650 = DIRECTION ( 'NONE',  ( 1.000000000000000000, 0.0000000000000000000, 0.0000000000000000000 ) ) ;
#651 = ADVANCED_FACE ( 'NONE', ( #2418 ), #957, .F. ) ;
#652 = DIRECTION ( 'NONE',  ( 0.0000000000000000000, -1.000000000000000000, 3.491481338843133000E-015 ) ) ;
#653 = EDGE_CURVE ( 'NONE', #998, #728, #3571, .T. ) ;
#654 = DIRECTION ( 'NONE',  ( 1.652117596168387800E-016, -1.000000000000000000, -3.318601432303456600E-015 ) ) ;
#655 = AXIS2_PLACEMENT_3D ( 'NONE', #1044, #2782, #1078 ) ;
#656 = DIRECTION ( 'NONE',  ( 0.0000000000000000000, 2.312964634635737900E-015, -1.000000000000000000 ) ) ;
#657 = CARTESIAN_POINT ( 'NONE',  ( 5.499999999999998200, -1.999999999999948000, 15.00000000000000400 ) ) ;
#658 = DIRECTION ( 'NONE',  ( 0.0000000000000000000, 0.0000000000000000000, 1.000000000000000000 ) ) ;
#659 = AXIS2_PLACEMENT_3D ( 'NONE', #1346, #1650, #515 ) ;
#660 = DIRECTION ( 'NONE',  ( -2.449293598294702500E-016, 1.000000000000000000, -3.491481338843133000E-015 ) ) ;
#661 = CARTESIAN_POINT ( 'NONE',  ( 53.50000000000000000, 6.547594083352366100E-014, 14.99999999999999800 ) ) ;
#662 = ORIENTED_EDGE ( 'NONE', *, *, #2153, .F. ) ;
#663 = DIRECTION ( 'NONE',  ( 1.000000000000000000, 0.0000000000000000000, 0.0000000000000000000 ) ) ;
#664 = CYLINDRICAL_SURFACE ( 'NONE', #2327, 2.000000000000001800 ) ;
#665 = VERTEX_POINT ( 'NONE', #1179 ) ;
#666 = EDGE_CURVE ( 'NONE', #1430, #1724, #3469, .T. ) ;
#667 = ADVANCED_FACE ( 'NONE', ( #1103 ), #2969, .T. ) ;
#668 = DIRECTION ( 'NONE',  ( 1.000000000000000000, 0.0000000000000000000, 0.0000000000000000000 ) ) ;
#669 = CIRCLE ( 'NONE', #3534, 1.500000000000001300 ) ;
#670 = ORIENTED_EDGE ( 'NONE', *, *, #2536, .T. ) ;
#671 = VERTEX_POINT ( 'NONE', #2386 ) ;
#672 = CARTESIAN_POINT ( 'NONE',  ( 2.000000000000000000, 8.023096076392732800E-014, 23.00000000000000000 ) ) ;
#673 = CYLINDRICAL_SURFACE ( 'NONE', #2525, 1.499999999999994400 ) ;
#674 = EDGE_CURVE ( 'NONE', #2114, #3240, #3337, .T. ) ;
#675 = LINE ( 'NONE', #971, #2871 ) ;
#676 = EDGE_LOOP ( 'NONE', ( #805, #3519, #1843, #413 ) ) ;
#677 = AXIS2_PLACEMENT_3D ( 'NONE', #176, #1600, #2176 ) ;
#678 = ORIENTED_EDGE ( 'NONE', *, *, #1855, .F. ) ;
#679 = DIRECTION ( 'NONE',  ( 0.0000000000000000000, 2.312964634635735200E-015, -1.000000000000000000 ) ) ;
#680 = CARTESIAN_POINT ( 'NONE',  ( 50.49999999999998600, -33.00000000000006400, 23.00000000000000000 ) ) ;
#681 = ORIENTED_EDGE ( 'NONE', *, *, #3230, .F. ) ;
#682 = ORIENTED_EDGE ( 'NONE', *, *, #2750, .T. ) ;
#683 = AXIS2_PLACEMENT_3D ( 'NONE', #3318, #2168, #131 ) ;
#684 = CARTESIAN_POINT ( 'NONE',  ( 20.50000000000000000, -15.00000000000000000, -2.000000000000000000 ) ) ;
#685 = AXIS2_PLACEMENT_3D ( 'NONE', #2948, #1221, #2360 ) ;
#686 = EDGE_LOOP ( 'NONE', ( #3054, #3089 ) ) ;
#687 = ORIENTED_EDGE ( 'NONE', *, *, #2173, .F. ) ;
#688 = CARTESIAN_POINT ( 'NONE',  ( 19.00000000000000400, -0.9999999999999983300, -2.000000000000000000 ) ) ;
#689 = ORIENTED_EDGE ( 'NONE', *, *, #3727, .F. ) ;
#690 = VERTEX_POINT ( 'NONE', #644 ) ;
#691 = ADVANCED_FACE ( 'NONE', ( #2270 ), #1490, .T. ) ;
#692 = CIRCLE ( 'NONE', #1981, 1.500000000000001300 ) ;
#693 = LINE ( 'NONE', #2898, #147 ) ;
#694 = EDGE_CURVE ( 'NONE', #1419, #2497, #1826, .T. ) ;
#695 = AXIS2_PLACEMENT_3D ( 'NONE', #960, #2400, #113 ) ;
#696 = PLANE ( 'NONE',  #3380 ) ;
#697 = CARTESIAN_POINT ( 'NONE',  ( 27.50000000000000000, -7.999999999999998200, 0.0000000000000000000 ) ) ;
#698 = AXIS2_PLACEMENT_3D ( 'NONE', #2512, #1923, #774 ) ;
#699 = CARTESIAN_POINT ( 'NONE',  ( 39.99999999999999300, -31.00000000000005300, 20.36830000000000500 ) ) ;
#700 = DIRECTION ( 'NONE',  ( 1.000000000000000000, 0.0000000000000000000, 0.0000000000000000000 ) ) ;
#701 = ORIENTED_EDGE ( 'NONE', *, *, #411, .T. ) ;
#702 = CARTESIAN_POINT ( 'NONE',  ( 59.00000000000000000, -24.99999999999999300, -2.000000000000000000 ) ) ;
#703 = VERTEX_POINT ( 'NONE', #1499 ) ;
#704 = ORIENTED_EDGE ( 'NONE', *, *, #83, .T. ) ;
#705 = DIRECTION ( 'NONE',  ( 0.0000000000000000000, 3.469446951953617300E-015, 1.000000000000000000 ) ) ;
#706 = LINE ( 'NONE', #1582, #1512 ) ;
#707 = CARTESIAN_POINT ( 'NONE',  ( 36.50000000000000000, -18.99999999999999300, -2.000000000000000000 ) ) ;
#708 = EDGE_LOOP ( 'NONE', ( #2368, #1656, #2193, #1561 ) ) ;
#709 = CIRCLE ( 'NONE', #2480, 1.500000000000003100 ) ;
#710 = CARTESIAN_POINT ( 'NONE',  ( 59.00000000000000000, 8.755946676304970700E-014, 20.99999999999999600 ) ) ;
#711 = FACE_OUTER_BOUND ( 'NONE', #492, .T. ) ;
#712 = ORIENTED_EDGE ( 'NONE', *, *, #56, .T. ) ;
#713 = EDGE_CURVE ( 'NONE', #141, #3096, #883, .T. ) ;
#714 = DIRECTION ( 'NONE',  ( 1.000000000000000000, 0.0000000000000000000, 0.0000000000000000000 ) ) ;
#715 = ORIENTED_EDGE ( 'NONE', *, *, #1509, .T. ) ;
#716 = CIRCLE ( 'NONE', #872, 2.000000000000001800 ) ;
#717 = ORIENTED_EDGE ( 'NONE', *, *, #2560, .F. ) ;
#718 = CARTESIAN_POINT ( 'NONE',  ( 39.99999999999999300, -7.999999999999996400, -2.000000000000000000 ) ) ;
#719 = EDGE_CURVE ( 'NONE', #1388, #2004, #2963, .T. ) ;
#720 = AXIS2_PLACEMENT_3D ( 'NONE', #906, #3574, #2673 ) ;
#721 = VECTOR ( 'NONE', #2532, 1000.000000000000000 ) ;
#722 = ORIENTED_EDGE ( 'NONE', *, *, #1688, .T. ) ;
#723 = DIRECTION ( 'NONE',  ( 0.0000000000000000000, 0.0000000000000000000, 1.000000000000000000 ) ) ;
#724 = VERTEX_POINT ( 'NONE', #1763 ) ;
#725 = DIRECTION ( 'NONE',  ( 0.0000000000000000000, -1.000000000000000000, 3.491481338843133000E-015 ) ) ;
#726 = CARTESIAN_POINT ( 'NONE',  ( 29.50000000000000000, -18.99999999999999600, -2.000000000000000000 ) ) ;
#727 = LINE ( 'NONE', #3212, #2974 ) ;
#728 = VERTEX_POINT ( 'NONE', #2943 ) ;
#729 = VERTEX_POINT ( 'NONE', #55 ) ;
#730 = DIRECTION ( 'NONE',  ( 0.0000000000000000000, 0.0000000000000000000, 1.000000000000000000 ) ) ;
#731 = LINE ( 'NONE', #825, #2118 ) ;
#732 = VERTEX_POINT ( 'NONE', #3547 ) ;
#733 = PLANE ( 'NONE',  #2027 ) ;
#734 = VECTOR ( 'NONE', #3162, 1000.000000000000000 ) ;
#735 = DIRECTION ( 'NONE',  ( -0.0000000000000000000, 1.000000000000000000, -3.491481338843133000E-015 ) ) ;
#736 = DIRECTION ( 'NONE',  ( 0.0000000000000000000, 0.0000000000000000000, 1.000000000000000000 ) ) ;
#737 = FACE_OUTER_BOUND ( 'NONE', #1676, .T. ) ;
#738 = EDGE_CURVE ( 'NONE', #1631, #924, #2868, .T. ) ;
#739 = EDGE_CURVE ( 'NONE', #291, #2383, #3657, .T. ) ;
#740 = AXIS2_PLACEMENT_3D ( 'NONE', #345, #652, #3553 ) ;
#741 = CARTESIAN_POINT ( 'NONE',  ( 4.999999999999997300, -8.999999999999992900, 0.0000000000000000000 ) ) ;
#742 = CARTESIAN_POINT ( 'NONE',  ( 38.00000000000000000, -18.99999999999999300, -2.000000000000000000 ) ) ;
#743 = AXIS2_PLACEMENT_3D ( 'NONE', #367, #2722, #3237 ) ;
#744 = EDGE_CURVE ( 'NONE', #3152, #141, #355, .T. ) ;
#745 = CARTESIAN_POINT ( 'NONE',  ( 6.999999999999997300, 7.332110811570581300E-014, 20.99999999999999600 ) ) ;
#746 = VERTEX_POINT ( 'NONE', #429 ) ;
#747 = VECTOR ( 'NONE', #2212, 1000.000000000000000 ) ;
#748 = CYLINDRICAL_SURFACE ( 'NONE', #1047, 2.000000000000003600 ) ;
#749 = ORIENTED_EDGE ( 'NONE', *, *, #645, .F. ) ;
#750 = ORIENTED_EDGE ( 'NONE', *, *, #1408, .T. ) ;
#751 = CARTESIAN_POINT ( 'NONE',  ( 10.99999999999999800, 4.000000000000003600, -2.000000000000000000 ) ) ;
#752 = FACE_OUTER_BOUND ( 'NONE', #417, .T. ) ;
#753 = ORIENTED_EDGE ( 'NONE', *, *, #3533, .T. ) ;
#754 = ORIENTED_EDGE ( 'NONE', *, *, #738, .F. ) ;
#755 = LINE ( 'NONE', #2958, #2321 ) ;
#756 = DIRECTION ( 'NONE',  ( -1.000000000000000000, 0.0000000000000000000, 0.0000000000000000000 ) ) ;
#757 = EDGE_CURVE ( 'NONE', #2266, #1727, #2688, .T. ) ;
#758 = VECTOR ( 'NONE', #1611, 1000.000000000000000 ) ;
#759 = EDGE_LOOP ( 'NONE', ( #2109, #3127, #1797, #528 ) ) ;
#760 = VERTEX_POINT ( 'NONE', #3258 ) ;
#761 = CARTESIAN_POINT ( 'NONE',  ( 0.0000000000000000000, 0.0000000000000000000, -6.982962677686266700E-015 ) ) ;
#762 = ORIENTED_EDGE ( 'NONE', *, *, #3679, .T. ) ;
#763 = ORIENTED_EDGE ( 'NONE', *, *, #3637, .F. ) ;
#764 = AXIS2_PLACEMENT_3D ( 'NONE', #2604, #2341, #568 ) ;
#765 = EDGE_LOOP ( 'NONE', ( #422, #1440 ) ) ;
#766 = ORIENTED_EDGE ( 'NONE', *, *, #1086, .F. ) ;
#767 = PLANE ( 'NONE',  #339 ) ;
#768 = LINE ( 'NONE', #1879, #3309 ) ;
#769 = DIRECTION ( 'NONE',  ( 0.0000000000000000000, 1.000000000000000000, 0.0000000000000000000 ) ) ;
#770 = FACE_OUTER_BOUND ( 'NONE', #3420, .T. ) ;
#771 = CARTESIAN_POINT ( 'NONE',  ( 0.0000000000000000000, -1.999999999999926700, 21.00000000000000400 ) ) ;
#772 = FACE_BOUND ( 'NONE', #185, .T. ) ;
#773 = CARTESIAN_POINT ( 'NONE',  ( 50.50000000000000000, -24.99999999999999600, -2.000000000000000000 ) ) ;
#774 = DIRECTION ( 'NONE',  ( 1.000000000000000000, 0.0000000000000000000, 0.0000000000000000000 ) ) ;
#775 = EDGE_CURVE ( 'NONE', #264, #2041, #3142, .T. ) ;
#776 = DIRECTION ( 'NONE',  ( 1.000000000000000000, 0.0000000000000000000, 0.0000000000000000000 ) ) ;
#777 = DIRECTION ( 'NONE',  ( 0.0000000000000000000, 3.469446951953605100E-015, 1.000000000000000000 ) ) ;
#778 = EDGE_CURVE ( 'NONE', #791, #2635, #2372, .T. ) ;
#779 = AXIS2_PLACEMENT_3D ( 'NONE', #2180, #2767, #1883 ) ;
#780 = CARTESIAN_POINT ( 'NONE',  ( 18.99999999999998200, -31.00000000000003200, 13.36829999999998900 ) ) ;
#781 = VERTEX_POINT ( 'NONE', #3018 ) ;
#782 = EDGE_LOOP ( 'NONE', ( #3440, #1424 ) ) ;
#783 = ORIENTED_EDGE ( 'NONE', *, *, #1248, .T. ) ;
#784 = AXIS2_PLACEMENT_3D ( 'NONE', #726, #3029, #1832 ) ;
#785 = CARTESIAN_POINT ( 'NONE',  ( 59.00000000000000000, -24.99999999999999300, -2.000000000000000000 ) ) ;
#786 = ADVANCED_FACE ( 'NONE', ( #2547 ), #2094, .F. ) ;
#787 = CARTESIAN_POINT ( 'NONE',  ( 26.00000000000000000, -7.999999999999998200, -2.000000000000000000 ) ) ;
#788 = VERTEX_POINT ( 'NONE', #1298 ) ;
#789 = CARTESIAN_POINT ( 'NONE',  ( 53.50000000000000000, -1.999999999999934100, 15.00000000000000500 ) ) ;
#790 = ORIENTED_EDGE ( 'NONE', *, *, #979, .F. ) ;
#791 = VERTEX_POINT ( 'NONE', #1279 ) ;
#792 = FACE_OUTER_BOUND ( 'NONE', #546, .T. ) ;
#793 = FACE_OUTER_BOUND ( 'NONE', #3161, .T. ) ;
#794 = ORIENTED_EDGE ( 'NONE', *, *, #3431, .F. ) ;
#795 = CARTESIAN_POINT ( 'NONE',  ( 19.00000000000000000, -15.00000000000000000, 0.0000000000000000000 ) ) ;
#796 = VERTEX_POINT ( 'NONE', #3321 ) ;
#797 = LINE ( 'NONE', #2899, #1381 ) ;
#798 = EDGE_LOOP ( 'NONE', ( #159, #3205 ) ) ;
#799 = ORIENTED_EDGE ( 'NONE', *, *, #2639, .F. ) ;
#800 = CARTESIAN_POINT ( 'NONE',  ( 8.999999999999998200, -1.999999999999997300, 0.7365999999999973700 ) ) ;
#801 = DIRECTION ( 'NONE',  ( 0.0000000000000000000, 0.0000000000000000000, 1.000000000000000000 ) ) ;
#802 = LINE ( 'NONE', #1624, #2426 ) ;
#803 = ORIENTED_EDGE ( 'NONE', *, *, #1529, .F. ) ;
#804 = DIRECTION ( 'NONE',  ( 0.0000000000000000000, 0.0000000000000000000, 1.000000000000000000 ) ) ;
#805 = ORIENTED_EDGE ( 'NONE', *, *, #1332, .F. ) ;
#806 = EDGE_CURVE ( 'NONE', #2225, #2628, #300, .T. ) ;
#807 = DIRECTION ( 'NONE',  ( 0.0000000000000000000, 0.0000000000000000000, 1.000000000000000000 ) ) ;
#808 = AXIS2_PLACEMENT_3D ( 'NONE', #2654, #2297, #1540 ) ;
#809 = ORIENTED_EDGE ( 'NONE', *, *, #614, .F. ) ;
#810 = EDGE_LOOP ( 'NONE', ( #994, #2588 ) ) ;
#811 = DIRECTION ( 'NONE',  ( 0.0000000000000000000, 2.312964634635740700E-015, -1.000000000000000000 ) ) ;
#812 = FACE_BOUND ( 'NONE', #2422, .T. ) ;
#813 = ADVANCED_FACE ( 'NONE', ( #1516 ), #2164, .T. ) ;
#814 = ORIENTED_EDGE ( 'NONE', *, *, #2002, .T. ) ;
#815 = AXIS2_PLACEMENT_3D ( 'NONE', #379, #363, #3594 ) ;
#816 = EDGE_CURVE ( 'NONE', #729, #122, #1601, .T. ) ;
#817 = FACE_BOUND ( 'NONE', #227, .T. ) ;
#818 = CARTESIAN_POINT ( 'NONE',  ( 50.50000000000000000, -30.26339999999997600, -2.000000000000004400 ) ) ;
#819 = FACE_BOUND ( 'NONE', #1367, .T. ) ;
#820 = CARTESIAN_POINT ( 'NONE',  ( 36.50000000000000000, -18.99999999999999300, -2.000000000000000000 ) ) ;
#821 = VECTOR ( 'NONE', #3081, 1000.000000000000000 ) ;
#822 = DIRECTION ( 'NONE',  ( 1.000000000000000000, 0.0000000000000000000, 0.0000000000000000000 ) ) ;
#823 = EDGE_CURVE ( 'NONE', #2497, #1988, #1999, .T. ) ;
#824 = AXIS2_PLACEMENT_3D ( 'NONE', #47, #340, #1493 ) ;
#825 = CARTESIAN_POINT ( 'NONE',  ( 8.999999999999998200, 0.0000000000000000000, -2.000000000000000000 ) ) ;
#826 = DIRECTION ( 'NONE',  ( 1.652117596168387800E-016, -1.000000000000000000, -3.318601432303456900E-015 ) ) ;
#827 = CARTESIAN_POINT ( 'NONE',  ( 52.00000000000000000, 9.304039750452453500E-014, 23.00000000000000000 ) ) ;
#828 = EDGE_CURVE ( 'NONE', #3017, #1474, #2504, .T. ) ;
#829 = ORIENTED_EDGE ( 'NONE', *, *, #540, .T. ) ;
#830 = DIRECTION ( 'NONE',  ( 0.0000000000000000000, 0.0000000000000000000, 1.000000000000000000 ) ) ;
#831 = CIRCLE ( 'NONE', #3368, 1.500000000000001300 ) ;
#832 = ORIENTED_EDGE ( 'NONE', *, *, #2026, .F. ) ;
#833 = CARTESIAN_POINT ( 'NONE',  ( 24.49999999999999600, -7.999999999999998200, -2.000000000000000000 ) ) ;
#834 = LINE ( 'NONE', #1036, #2733 ) ;
#835 = CIRCLE ( 'NONE', #1192, 1.499999999999994400 ) ;
#836 = AXIS2_PLACEMENT_3D ( 'NONE', #2169, #132, #146 ) ;
#837 = ORIENTED_EDGE ( 'NONE', *, *, #958, .T. ) ;
#838 = DIRECTION ( 'NONE',  ( 0.0000000000000000000, 2.312964634635736700E-015, -1.000000000000000000 ) ) ;
#839 = VECTOR ( 'NONE', #3559, 1000.000000000000000 ) ;
#840 = DIRECTION ( 'NONE',  ( 0.0000000000000000000, 3.469446951953607900E-015, 1.000000000000000000 ) ) ;
#841 = DIRECTION ( 'NONE',  ( 0.0000000000000000000, 0.0000000000000000000, 1.000000000000000000 ) ) ;
#842 = VECTOR ( 'NONE', #42, 1000.000000000000000 ) ;
#843 = VERTEX_POINT ( 'NONE', #771 ) ;
#844 = EDGE_LOOP ( 'NONE', ( #3526, #3007, #2518, #1519 ) ) ;
#845 = CARTESIAN_POINT ( 'NONE',  ( 52.00000000000000000, 8.588092113773765200E-014, 20.99999999999999600 ) ) ;
#846 = CIRCLE ( 'NONE', #3280, 0.7366000000000009200 ) ;
#847 = VECTOR ( 'NONE', #736, 1000.000000000000000 ) ;
#848 = EDGE_LOOP ( 'NONE', ( #1660, #22, #2833, #3435 ) ) ;
#849 = EDGE_LOOP ( 'NONE', ( #98, #2047, #1208, #3312 ) ) ;
#850 = LINE ( 'NONE', #3444, #898 ) ;
#851 = EDGE_CURVE ( 'NONE', #2914, #2697, #1681, .T. ) ;
#852 = ORIENTED_EDGE ( 'NONE', *, *, #694, .T. ) ;
#853 = ORIENTED_EDGE ( 'NONE', *, *, #3065, .T. ) ;
#854 = DIRECTION ( 'NONE',  ( 0.0000000000000000000, 0.0000000000000000000, 1.000000000000000000 ) ) ;
#855 = ORIENTED_EDGE ( 'NONE', *, *, #857, .F. ) ;
#856 = ORIENTED_EDGE ( 'NONE', *, *, #2216, .F. ) ;
#857 = EDGE_CURVE ( 'NONE', #2976, #2110, #1098, .T. ) ;
#858 = DIRECTION ( 'NONE',  ( 0.0000000000000000000, -4.625929269271463200E-015, 1.000000000000000000 ) ) ;
#859 = AXIS2_PLACEMENT_3D ( 'NONE', #2157, #1566, #3592 ) ;
#860 = CARTESIAN_POINT ( 'NONE',  ( 39.99999999999999300, -7.999999999999996400, -2.000000000000000000 ) ) ;
#861 = FACE_BOUND ( 'NONE', #2819, .T. ) ;
#862 = DIRECTION ( 'NONE',  ( 0.0000000000000000000, -3.491481338843127000E-015, -1.000000000000000000 ) ) ;
#863 = FACE_BOUND ( 'NONE', #2461, .T. ) ;
#864 = DIRECTION ( 'NONE',  ( 0.0000000000000000000, 0.0000000000000000000, 1.000000000000000000 ) ) ;
#865 = DIRECTION ( 'NONE',  ( 0.0000000000000000000, 0.0000000000000000000, 1.000000000000000000 ) ) ;
#866 = DIRECTION ( 'NONE',  ( 1.652117596168387800E-016, -1.000000000000000000, -3.318601432303456600E-015 ) ) ;
#867 = PLANE ( 'NONE',  #2568 ) ;
#868 = CARTESIAN_POINT ( 'NONE',  ( 19.00000000000000000, -15.00000000000000000, -2.000000000000000000 ) ) ;
#869 = DIRECTION ( 'NONE',  ( 0.0000000000000000000, 0.0000000000000000000, 1.000000000000000000 ) ) ;
#870 = ORIENTED_EDGE ( 'NONE', *, *, #2242, .F. ) ;
#871 = EDGE_CURVE ( 'NONE', #2628, #890, #1781, .T. ) ;
#872 = AXIS2_PLACEMENT_3D ( 'NONE', #3034, #1857, #2724 ) ;
#873 = DIRECTION ( 'NONE',  ( 0.0000000000000000000, 4.625929269271470300E-015, -1.000000000000000000 ) ) ;
#874 = ORIENTED_EDGE ( 'NONE', *, *, #823, .T. ) ;
#875 = DIRECTION ( 'NONE',  ( 0.0000000000000000000, 4.625929269271470300E-015, -1.000000000000000000 ) ) ;
#876 = ORIENTED_EDGE ( 'NONE', *, *, #554, .T. ) ;
#877 = CARTESIAN_POINT ( 'NONE',  ( 52.00000000000000000, -8.999999999999985800, -2.000000000000000000 ) ) ;
#878 = ORIENTED_EDGE ( 'NONE', *, *, #384, .T. ) ;
#879 = DIRECTION ( 'NONE',  ( 0.0000000000000000000, 0.0000000000000000000, 1.000000000000000000 ) ) ;
#880 = VERTEX_POINT ( 'NONE', #3041 ) ;
#881 = VERTEX_POINT ( 'NONE', #2184 ) ;
#882 = ADVANCED_FACE ( 'NONE', ( #617 ), #1017, .F. ) ;
#883 = LINE ( 'NONE', #1510, #978 ) ;
#884 = VECTOR ( 'NONE', #1397, 1000.000000000000000 ) ;
#885 = EDGE_LOOP ( 'NONE', ( #454, #1456, #535, #1652 ) ) ;
#886 = EDGE_LOOP ( 'NONE', ( #722, #508, #3194, #3424 ) ) ;
#887 = CYLINDRICAL_SURFACE ( 'NONE', #2670, 2.000000000000000000 ) ;
#888 = LINE ( 'NONE', #2303, #2509 ) ;
#889 = VECTOR ( 'NONE', #2747, 1000.000000000000000 ) ;
#890 = VERTEX_POINT ( 'NONE', #2854 ) ;
#891 = DIRECTION ( 'NONE',  ( 1.652117596168387800E-016, -1.000000000000000000, -3.318601432303456600E-015 ) ) ;
#892 = CIRCLE ( 'NONE', #698, 1.500000000000001300 ) ;
#893 = DIRECTION ( 'NONE',  ( 1.000000000000000000, 0.0000000000000000000, 0.0000000000000000000 ) ) ;
#894 = CIRCLE ( 'NONE', #503, 2.000000000000005300 ) ;
#895 = VERTEX_POINT ( 'NONE', #241 ) ;
#896 = ORIENTED_EDGE ( 'NONE', *, *, #1235, .F. ) ;
#897 = CARTESIAN_POINT ( 'NONE',  ( 47.00000000000000000, -31.00000000000002800, 11.86830000000000300 ) ) ;
#898 = VECTOR ( 'NONE', #1987, 1000.000000000000000 ) ;
#899 = ORIENTED_EDGE ( 'NONE', *, *, #142, .F. ) ;
#900 = DIRECTION ( 'NONE',  ( 1.000000000000000000, 0.0000000000000000000, 0.0000000000000000000 ) ) ;
#901 = ORIENTED_EDGE ( 'NONE', *, *, #436, .F. ) ;
#902 = EDGE_CURVE ( 'NONE', #2266, #3250, #1949, .T. ) ;
#903 = DIRECTION ( 'NONE',  ( -1.652117596168388000E-016, 1.000000000000000000, 3.491481338843133400E-015 ) ) ;
#904 = FACE_OUTER_BOUND ( 'NONE', #414, .T. ) ;
#905 = ORIENTED_EDGE ( 'NONE', *, *, #694, .F. ) ;
#906 = CARTESIAN_POINT ( 'NONE',  ( 0.0000000000000000000, 0.0000000000000000000, 0.0000000000000000000 ) ) ;
#907 = ADVANCED_FACE ( 'NONE', ( #251 ), #2817, .T. ) ;
#908 = CARTESIAN_POINT ( 'NONE',  ( 50.00000000000000000, -5.999999999999991100, 0.0000000000000000000 ) ) ;
#909 = CIRCLE ( 'NONE', #188, 2.000000000000001800 ) ;
#910 = EDGE_CURVE ( 'NONE', #791, #2152, #525, .T. ) ;
#911 = CARTESIAN_POINT ( 'NONE',  ( 29.50000000000000000, -18.99999999999999600, 0.0000000000000000000 ) ) ;
#912 = AXIS2_PLACEMENT_3D ( 'NONE', #1757, #891, #2333 ) ;
#913 = CIRCLE ( 'NONE', #677, 1.500000000000001300 ) ;
#914 = DIRECTION ( 'NONE',  ( 1.000000000000000000, 0.0000000000000000000, 0.0000000000000000000 ) ) ;
#915 = AXIS2_PLACEMENT_3D ( 'NONE', #3709, #1092, #544 ) ;
#916 = DIRECTION ( 'NONE',  ( 0.0000000000000000000, 0.0000000000000000000, 1.000000000000000000 ) ) ;
#917 = CARTESIAN_POINT ( 'NONE',  ( 0.0000000000000000000, 8.030407079339208000E-014, 23.00000000000000000 ) ) ;
#918 = APPLICATION_CONTEXT ( 'automotive_design' ) ;
#919 = CARTESIAN_POINT ( 'NONE',  ( 6.999999999999997300, -1.999999999999919800, 23.00000000000000700 ) ) ;
#920 = ORIENTED_EDGE ( 'NONE', *, *, #940, .F. ) ;
#921 = DIRECTION ( 'NONE',  ( 0.0000000000000000000, 0.0000000000000000000, 1.000000000000000000 ) ) ;
#922 = EDGE_CURVE ( 'NONE', #1232, #1430, #1466, .T. ) ;
#923 = ADVANCED_FACE ( 'NONE', ( #792 ), #2731, .F. ) ;
#924 = VERTEX_POINT ( 'NONE', #789 ) ;
#925 = DIRECTION ( 'NONE',  ( -1.000000000000000000, -0.0000000000000000000, 7.359504293276601900E-017 ) ) ;
#926 = FACE_OUTER_BOUND ( 'NONE', #3703, .T. ) ;
#927 = EDGE_CURVE ( 'NONE', #3294, #1054, #1194, .T. ) ;
#928 = EDGE_LOOP ( 'NONE', ( #2239, #145, #175, #1187 ) ) ;
#929 = AXIS2_PLACEMENT_3D ( 'NONE', #2170, #1584, #2467 ) ;
#930 = FILL_AREA_STYLE ('',( #2657 ) ) ;
#931 = VECTOR ( 'NONE', #1893, 1000.000000000000000 ) ;
#932 = FACE_OUTER_BOUND ( 'NONE', #2831, .T. ) ;
#933 = FACE_OUTER_BOUND ( 'NONE', #759, .T. ) ;
#934 = ORIENTED_EDGE ( 'NONE', *, *, #2639, .T. ) ;
#935 = DIRECTION ( 'NONE',  ( -1.000000000000000000, 0.0000000000000000000, 0.0000000000000000000 ) ) ;
#936 = AXIS2_PLACEMENT_3D ( 'NONE', #3450, #1700, #2276 ) ;
#937 = DIRECTION ( 'NONE',  ( 1.652117596168387800E-016, -1.000000000000000000, -3.318601432303456600E-015 ) ) ;
#938 = LINE ( 'NONE', #109, #1956 ) ;
#939 = ORIENTED_EDGE ( 'NONE', *, *, #1284, .T. ) ;
#940 = EDGE_CURVE ( 'NONE', #3232, #729, #3005, .T. ) ;
#941 = ORIENTED_EDGE ( 'NONE', *, *, #3506, .T. ) ;
#942 = DIRECTION ( 'NONE',  ( 1.000000000000000000, 0.0000000000000000000, 0.0000000000000000000 ) ) ;
#943 = FACE_OUTER_BOUND ( 'NONE', #1013, .T. ) ;
#944 = CYLINDRICAL_SURFACE ( 'NONE', #3729, 1.500000000000004900 ) ;
#945 = VERTEX_POINT ( 'NONE', #1116 ) ;
#946 = CARTESIAN_POINT ( 'NONE',  ( 18.99999999999997900, -31.00000000000005000, 17.36829999999998400 ) ) ;
#947 = ORIENTED_EDGE ( 'NONE', *, *, #2056, .T. ) ;
#948 = DIRECTION ( 'NONE',  ( 0.0000000000000000000, 0.0000000000000000000, 1.000000000000000000 ) ) ;
#949 = ADVANCED_FACE ( 'NONE', ( #2045 ), #3421, .F. ) ;
#950 = VERTEX_POINT ( 'NONE', #566 ) ;
#951 = CARTESIAN_POINT ( 'NONE',  ( 41.50000000000000700, -15.00000000000000000, -2.000000000000000000 ) ) ;
#952 = ORIENTED_EDGE ( 'NONE', *, *, #1043, .T. ) ;
#953 = CARTESIAN_POINT ( 'NONE',  ( 24.00000000000000000, -18.99999999999999300, -2.000000000000000000 ) ) ;
#954 = CARTESIAN_POINT ( 'NONE',  ( 18.99999999999997900, -33.00000000000005700, 18.86829999999998000 ) ) ;
#955 = ORIENTED_EDGE ( 'NONE', *, *, #327, .T. ) ;
#956 = DIRECTION ( 'NONE',  ( 0.0000000000000000000, 2.312964634635740700E-015, -1.000000000000000000 ) ) ;
#957 = PLANE ( 'NONE',  #1984 ) ;
#958 = EDGE_CURVE ( 'NONE', #1518, #1324, #3615, .T. ) ;
#959 = AXIS2_PLACEMENT_3D ( 'NONE', #2594, #3492, #2944 ) ;
#960 = CARTESIAN_POINT ( 'NONE',  ( 8.999999999999998200, -2.736599999999997500, 0.7366000000000000300 ) ) ;
#961 = CIRCLE ( 'NONE', #1167, 1.499999999999994400 ) ;
#962 = DIRECTION ( 'NONE',  ( -1.000000000000000000, 0.0000000000000000000, 0.0000000000000000000 ) ) ;
#963 = AXIS2_PLACEMENT_3D ( 'NONE', #2472, #2993, #700 ) ;
#964 = DIRECTION ( 'NONE',  ( 0.0000000000000000000, 0.0000000000000000000, 1.000000000000000000 ) ) ;
#965 = ADVANCED_FACE ( 'NONE', ( #2138 ), #2226, .F. ) ;
#966 = AXIS2_PLACEMENT_3D ( 'NONE', #985, #1292, #2729 ) ;
#967 = CARTESIAN_POINT ( 'NONE',  ( 22.50000000000000000, -18.99999999999999300, 0.0000000000000000000 ) ) ;
#968 = DIRECTION ( 'NONE',  ( 0.0000000000000000000, 2.312964634635735200E-015, -1.000000000000000000 ) ) ;
#969 = ORIENTED_EDGE ( 'NONE', *, *, #2750, .F. ) ;
#970 = VERTEX_POINT ( 'NONE', #3747 ) ;
#971 = CARTESIAN_POINT ( 'NONE',  ( 50.50000000000000000, -30.99999999999998600, -6.380765481201642200E-014 ) ) ;
#972 = ORIENTED_EDGE ( 'NONE', *, *, #1885, .F. ) ;
#973 = EDGE_CURVE ( 'NONE', #1527, #1343, #1283, .T. ) ;
#974 = LINE ( 'NONE', #3641, #20 ) ;
#975 = EDGE_LOOP ( 'NONE', ( #1102, #1032 ) ) ;
#976 = ORIENTED_EDGE ( 'NONE', *, *, #2942, .F. ) ;
#977 = CARTESIAN_POINT ( 'NONE',  ( 53.50000000000000700, 3.754409012277859400E-014, 7.000000000000000900 ) ) ;
#978 = VECTOR ( 'NONE', #2032, 1000.000000000000000 ) ;
#979 = EDGE_CURVE ( 'NONE', #945, #671, #2916, .T. ) ;
#980 = VECTOR ( 'NONE', #3069, 1000.000000000000000 ) ;
#981 = ORIENTED_EDGE ( 'NONE', *, *, #806, .T. ) ;
#982 = AXIS2_PLACEMENT_3D ( 'NONE', #1406, #2565, #518 ) ;
#983 = ORIENTED_EDGE ( 'NONE', *, *, #1, .F. ) ;
#984 = CIRCLE ( 'NONE', #3457, 2.736600000000001500 ) ;
#985 = CARTESIAN_POINT ( 'NONE',  ( 8.499999999999992900, -30.26339999999999000, 0.7365999999999993700 ) ) ;
#986 = VECTOR ( 'NONE', #1670, 1000.000000000000000 ) ;
#987 = ORIENTED_EDGE ( 'NONE', *, *, #3525, .F. ) ;
#988 = VERTEX_POINT ( 'NONE', #827 ) ;
#989 = DIRECTION ( 'NONE',  ( 1.652117596168387800E-016, -1.000000000000000000, -3.318601432303456600E-015 ) ) ;
#990 = AXIS2_PLACEMENT_3D ( 'NONE', #2826, #3413, #1993 ) ;
#991 = LINE ( 'NONE', #2390, #2235 ) ;
#992 = ORIENTED_EDGE ( 'NONE', *, *, #1115, .T. ) ;
#993 = EDGE_LOOP ( 'NONE', ( #3063, #1334, #3027, #3759 ) ) ;
#994 = ORIENTED_EDGE ( 'NONE', *, *, #2861, .T. ) ;
#995 = VECTOR ( 'NONE', #189, 1000.000000000000000 ) ;
#996 = CARTESIAN_POINT ( 'NONE',  ( 41.50000000000000700, -15.00000000000000000, 0.0000000000000000000 ) ) ;
#997 = VECTOR ( 'NONE', #3233, 1000.000000000000000 ) ;
#998 = VERTEX_POINT ( 'NONE', #1979 ) ;
#999 = DIRECTION ( 'NONE',  ( 2.449293598294703900E-016, -1.000000000000000000, 3.491481338843133400E-015 ) ) ;
#1000 = CARTESIAN_POINT ( 'NONE',  ( 15.00000000000000000, -7.999999999999998200, 0.0000000000000000000 ) ) ;
#1001 = FACE_BOUND ( 'NONE', #975, .T. ) ;
#1002 = CARTESIAN_POINT ( 'NONE',  ( 53.50000000000000000, 7.245890351120992800E-014, 17.00000000000000000 ) ) ;
#1003 = FACE_BOUND ( 'NONE', #1093, .T. ) ;
#1004 = EDGE_CURVE ( 'NONE', #3734, #1724, #3670, .T. ) ;
#1005 = AXIS2_PLACEMENT_3D ( 'NONE', #2507, #3686, #1952 ) ;
#1006 = CARTESIAN_POINT ( 'NONE',  ( 49.99999999999998600, -2.736599999999989000, -2.000000000000000000 ) ) ;
#1007 = CARTESIAN_POINT ( 'NONE',  ( 5.499999999999998200, 6.768525691708163300E-014, 19.00000000000000700 ) ) ;
#1008 =( NAMED_UNIT ( * ) PLANE_ANGLE_UNIT ( ) SI_UNIT ( $, .RADIAN. ) );
#1009 = AXIS2_PLACEMENT_3D ( 'NONE', #1188, #62, #3226 ) ;
#1010 = DIRECTION ( 'NONE',  ( 0.0000000000000000000, 0.0000000000000000000, 1.000000000000000000 ) ) ;
#1011 = VERTEX_POINT ( 'NONE', #1707 ) ;
#1012 = DIRECTION ( 'NONE',  ( -1.000000000000000000, 0.0000000000000000000, 0.0000000000000000000 ) ) ;
#1013 = EDGE_LOOP ( 'NONE', ( #406, #3762, #1258, #2779 ) ) ;
#1014 = DIRECTION ( 'NONE',  ( 0.0000000000000000000, -3.491481338843133400E-015, -1.000000000000000000 ) ) ;
#1015 = FACE_OUTER_BOUND ( 'NONE', #708, .T. ) ;
#1016 = LINE ( 'NONE', #1062, #3478 ) ;
#1017 = CYLINDRICAL_SURFACE ( 'NONE', #435, 1.499999999999994400 ) ;
#1018 = CARTESIAN_POINT ( 'NONE',  ( 40.00000000000000700, -31.00000000000000400, 6.368300000000005000 ) ) ;
#1019 = CIRCLE ( 'NONE', #2403, 1.500000000000004900 ) ;
#1020 = CYLINDRICAL_SURFACE ( 'NONE', #1320, 2.000000000000001800 ) ;
#1021 = EDGE_CURVE ( 'NONE', #1951, #358, #850, .T. ) ;
#1022 = DIRECTION ( 'NONE',  ( 0.0000000000000000000, 0.0000000000000000000, 1.000000000000000000 ) ) ;
#1023 = VERTEX_POINT ( 'NONE', #3153 ) ;
#1024 = AXIS2_PLACEMENT_3D ( 'NONE', #1191, #3260, #914 ) ;
#1025 = VECTOR ( 'NONE', #2131, 1000.000000000000000 ) ;
#1026 = ORIENTED_EDGE ( 'NONE', *, *, #3406, .F. ) ;
#1027 = CARTESIAN_POINT ( 'NONE',  ( 18.99999999999998600, -23.00000000000000700, 4.868300000000013800 ) ) ;
#1028 = EDGE_LOOP ( 'NONE', ( #3418, #2866, #268, #3210 ) ) ;
#1029 = EDGE_CURVE ( 'NONE', #2383, #291, #2238, .T. ) ;
#1030 = AXIS2_PLACEMENT_3D ( 'NONE', #3196, #2030, #336 ) ;
#1031 = CIRCLE ( 'NONE', #3004, 1.500000000000001300 ) ;
#1032 = ORIENTED_EDGE ( 'NONE', *, *, #1230, .F. ) ;
#1033 = ORIENTED_EDGE ( 'NONE', *, *, #30, .T. ) ;
#1034 = ORIENTED_EDGE ( 'NONE', *, *, #1004, .T. ) ;
#1035 = ORIENTED_EDGE ( 'NONE', *, *, #3308, .T. ) ;
#1036 = CARTESIAN_POINT ( 'NONE',  ( 50.00000000000000000, -5.999999999999991100, -2.000000000000000000 ) ) ;
#1037 = PRESENTATION_STYLE_ASSIGNMENT (( #2945 ) ) ;
#1038 = ORIENTED_EDGE ( 'NONE', *, *, #1359, .T. ) ;
#1039 = LINE ( 'NONE', #432, #1535 ) ;
#1040 = VECTOR ( 'NONE', #2526, 1000.000000000000000 ) ;
#1041 = DIRECTION ( 'NONE',  ( 1.156482317317872100E-015, -1.000000000000000000, 0.0000000000000000000 ) ) ;
#1042 = FACE_OUTER_BOUND ( 'NONE', #536, .T. ) ;
#1043 = EDGE_CURVE ( 'NONE', #1232, #1243, #3532, .T. ) ;
#1044 = CARTESIAN_POINT ( 'NONE',  ( 11.99999999999998000, -33.00000000000002800, 11.86829999999997700 ) ) ;
#1045 = DIRECTION ( 'NONE',  ( 1.000000000000000000, 0.0000000000000000000, 0.0000000000000000000 ) ) ;
#1046 = EDGE_CURVE ( 'NONE', #3700, #1746, #3259, .T. ) ;
#1047 = AXIS2_PLACEMENT_3D ( 'NONE', #2783, #1914, #198 ) ;
#1048 = CARTESIAN_POINT ( 'NONE',  ( 6.999999999999999100, -18.99999999999999300, 0.0000000000000000000 ) ) ;
#1049 = DIRECTION ( 'NONE',  ( 1.000000000000000000, 0.0000000000000000000, 0.0000000000000000000 ) ) ;
#1050 = CARTESIAN_POINT ( 'NONE',  ( 8.499999999999998200, -25.00000000000000000, -2.000000000000000000 ) ) ;
#1051 = EDGE_CURVE ( 'NONE', #2556, #366, #727, .T. ) ;
#1052 = CARTESIAN_POINT ( 'NONE',  ( 54.00000000000000000, -8.999999999999985800, -2.000000000000000000 ) ) ;
#1053 = CARTESIAN_POINT ( 'NONE',  ( 33.00000000000000000, -7.999999999999998200, -2.000000000000000000 ) ) ;
#1054 = VERTEX_POINT ( 'NONE', #287 ) ;
#1055 = LINE ( 'NONE', #276, #565 ) ;
#1056 = ORIENTED_EDGE ( 'NONE', *, *, #2577, .T. ) ;
#1057 = CARTESIAN_POINT ( 'NONE',  ( 28.00000000000000000, -11.99999999999999600, -2.000000000000000000 ) ) ;
#1058 = ORIENTED_EDGE ( 'NONE', *, *, #83, .F. ) ;
#1059 = ORIENTED_EDGE ( 'NONE', *, *, #3604, .F. ) ;
#1060 = ORIENTED_EDGE ( 'NONE', *, *, #2147, .T. ) ;
#1061 = FACE_OUTER_BOUND ( 'NONE', #1794, .T. ) ;
#1062 = CARTESIAN_POINT ( 'NONE',  ( 8.499999999999998200, -25.00000000000000000, 0.0000000000000000000 ) ) ;
#1063 = DIRECTION ( 'NONE',  ( 0.0000000000000000000, 0.0000000000000000000, 1.000000000000000000 ) ) ;
#1064 = CIRCLE ( 'NONE', #34, 1.500000000000001300 ) ;
#1065 = VERTEX_POINT ( 'NONE', #2003 ) ;
#1066 = ORIENTED_EDGE ( 'NONE', *, *, #645, .T. ) ;
#1067 = CARTESIAN_POINT ( 'NONE',  ( 33.00000000000000000, -33.00000000000002100, 10.36829999999999300 ) ) ;
#1068 = EDGE_CURVE ( 'NONE', #2477, #2433, #3715, .T. ) ;
#1069 = VECTOR ( 'NONE', #2837, 1000.000000000000000 ) ;
#1070 = AXIS2_PLACEMENT_3D ( 'NONE', #2166, #2172, #1012 ) ;
#1071 = VECTOR ( 'NONE', #1814, 1000.000000000000000 ) ;
#1072 = ORIENTED_EDGE ( 'NONE', *, *, #3545, .F. ) ;
#1073 = ORIENTED_EDGE ( 'NONE', *, *, #3650, .F. ) ;
#1074 = AXIS2_PLACEMENT_3D ( 'NONE', #319, #2316, #607 ) ;
#1075 = ORIENTED_EDGE ( 'NONE', *, *, #2078, .T. ) ;
#1076 = CARTESIAN_POINT ( 'NONE',  ( 0.0000000000000000000, 8.023096076392732800E-014, 23.00000000000000000 ) ) ;
#1077 = ORIENTED_EDGE ( 'NONE', *, *, #2788, .F. ) ;
#1078 = DIRECTION ( 'NONE',  ( 0.0000000000000000000, -4.625929269271475900E-015, 1.000000000000000000 ) ) ;
#1079 = FACE_BOUND ( 'NONE', #266, .T. ) ;
#1080 = VERTEX_POINT ( 'NONE', #1771 ) ;
#1081 = LINE ( 'NONE', #1170, #1354 ) ;
#1082 = DIRECTION ( 'NONE',  ( 0.0000000000000000000, 0.0000000000000000000, 1.000000000000000000 ) ) ;
#1083 = LINE ( 'NONE', #2659, #279 ) ;
#1084 = DIRECTION ( 'NONE',  ( 0.0000000000000000000, 3.318601432303456900E-015, -1.000000000000000000 ) ) ;
#1085 = CARTESIAN_POINT ( 'NONE',  ( 49.99999999999999300, 1.214306433183765000E-014, -6.982962677686292000E-015 ) ) ;
#1086 = EDGE_CURVE ( 'NONE', #1927, #3589, #2062, .T. ) ;
#1087 = ADVANCED_FACE ( 'NONE', ( #3756 ), #1250, .F. ) ;
#1088 = EDGE_CURVE ( 'NONE', #2602, #998, #1152, .T. ) ;
#1089 = PRODUCT_DEFINITION_FORMATION_WITH_SPECIFIED_SOURCE ( '任何', '', #1447, .NOT_KNOWN. ) ;
#1090 = EDGE_LOOP ( 'NONE', ( #3342, #504, #2306, #3717 ) ) ;
#1091 = DIRECTION ( 'NONE',  ( 1.652117596168387800E-016, -1.000000000000000000, -3.318601432303456600E-015 ) ) ;
#1092 = DIRECTION ( 'NONE',  ( 1.652117596168387800E-016, -1.000000000000000000, -3.318601432303456600E-015 ) ) ;
#1093 = EDGE_LOOP ( 'NONE', ( #2061, #3137 ) ) ;
#1094 = AXIS2_PLACEMENT_3D ( 'NONE', #2921, #3474, #3495 ) ;
#1095 = CARTESIAN_POINT ( 'NONE',  ( 50.49999999999998600, -31.00000000000006400, 23.00000000000000700 ) ) ;
#1096 = FACE_OUTER_BOUND ( 'NONE', #375, .T. ) ;
#1097 = CARTESIAN_POINT ( 'NONE',  ( 19.00000000000000400, -0.9999999999999983300, -2.000000000000000000 ) ) ;
#1098 = LINE ( 'NONE', #2784, #2459 ) ;
#1099 = LINE ( 'NONE', #3733, #2181 ) ;
#1100 = ORIENTED_EDGE ( 'NONE', *, *, #1698, .T. ) ;
#1101 = DIRECTION ( 'NONE',  ( 0.0000000000000000000, 0.0000000000000000000, 1.000000000000000000 ) ) ;
#1102 = ORIENTED_EDGE ( 'NONE', *, *, #2466, .F. ) ;
#1103 = FACE_OUTER_BOUND ( 'NONE', #2471, .T. ) ;
#1104 = FACE_OUTER_BOUND ( 'NONE', #3718, .T. ) ;
#1105 = VERTEX_POINT ( 'NONE', #17 ) ;
#1106 = EDGE_CURVE ( 'NONE', #2004, #1388, #2737, .T. ) ;
#1107 = ORIENTED_EDGE ( 'NONE', *, *, #1628, .F. ) ;
#1108 = CARTESIAN_POINT ( 'NONE',  ( 50.50000000000000000, -32.99999999999998600, -6.982962677686262000E-015 ) ) ;
#1109 = DIRECTION ( 'NONE',  ( 1.000000000000000000, 0.0000000000000000000, 0.0000000000000000000 ) ) ;
#1110 = LINE ( 'NONE', #2286, #364 ) ;
#1111 = ORIENTED_EDGE ( 'NONE', *, *, #1483, .F. ) ;
#1112 = CARTESIAN_POINT ( 'NONE',  ( 48.00000000000000000, -5.999999999999992000, -2.000000000000000000 ) ) ;
#1113 = ORIENTED_EDGE ( 'NONE', *, *, #3234, .F. ) ;
#1114 = DIRECTION ( 'NONE',  ( 1.000000000000000000, 0.0000000000000000000, 0.0000000000000000000 ) ) ;
#1115 = EDGE_CURVE ( 'NONE', #3569, #671, #493, .T. ) ;
#1116 = CARTESIAN_POINT ( 'NONE',  ( 18.99999999999998600, -31.00000000000001100, 6.368299999999994300 ) ) ;
#1117 = AXIS2_PLACEMENT_3D ( 'NONE', #1579, #3025, #705 ) ;
#1118 = EDGE_LOOP ( 'NONE', ( #304, #803, #874, #2746 ) ) ;
#1119 = VERTEX_POINT ( 'NONE', #2583 ) ;
#1120 = ORIENTED_EDGE ( 'NONE', *, *, #1043, .F. ) ;
#1121 = AXIS2_PLACEMENT_3D ( 'NONE', #1076, #3365, #1909 ) ;
#1122 = EDGE_CURVE ( 'NONE', #1295, #1729, #984, .T. ) ;
#1123 = FACE_OUTER_BOUND ( 'NONE', #1422, .T. ) ;
#1124 = CARTESIAN_POINT ( 'NONE',  ( 59.00000000000000000, -2.736599999999985500, -8.673617379884035500E-016 ) ) ;
#1125 = CIRCLE ( 'NONE', #3487, 1.500000000000004900 ) ;
#1126 = CARTESIAN_POINT ( 'NONE',  ( 40.00000000000000000, -33.00000000000002100, 10.36829999999999100 ) ) ;
#1127 = CARTESIAN_POINT ( 'NONE',  ( 50.50000000000000000, -24.99999999999999600, -2.000000000000000000 ) ) ;
#1128 = DIRECTION ( 'NONE',  ( -2.449293598294702500E-016, 1.000000000000000000, -3.491481338843133000E-015 ) ) ;
#1129 = VECTOR ( 'NONE', #1520, 1000.000000000000000 ) ;
#1130 = DIRECTION ( 'NONE',  ( 1.000000000000000000, 0.0000000000000000000, 0.0000000000000000000 ) ) ;
#1131 = CARTESIAN_POINT ( 'NONE',  ( 53.50000000000000000, -9.999999999999927200, 17.00000000000003600 ) ) ;
#1132 = PLANE ( 'NONE',  #2389 ) ;
#1133 = EDGE_CURVE ( 'NONE', #1788, #1878, #2596, .T. ) ;
#1134 = AXIS2_PLACEMENT_3D ( 'NONE', #1693, #2857, #1728 ) ;
#1135 = DIRECTION ( 'NONE',  ( 0.0000000000000000000, 0.0000000000000000000, 1.000000000000000000 ) ) ;
#1136 = ORIENTED_EDGE ( 'NONE', *, *, #2900, .F. ) ;
#1137 = CARTESIAN_POINT ( 'NONE',  ( 4.999999999999997300, -18.99999999999999300, -2.000000000000000000 ) ) ;
#1138 = AXIS2_PLACEMENT_3D ( 'NONE', #2499, #1714, #1703 ) ;
#1139 = DIRECTION ( 'NONE',  ( 0.0000000000000000000, 0.0000000000000000000, 1.000000000000000000 ) ) ;
#1140 = ADVANCED_FACE ( 'NONE', ( #1290 ), #887, .F. ) ;
#1141 = FACE_OUTER_BOUND ( 'NONE', #993, .T. ) ;
#1142 = CARTESIAN_POINT ( 'NONE',  ( 31.00000000000000400, -11.99999999999999600, -2.000000000000000000 ) ) ;
#1143 = CIRCLE ( 'NONE', #1958, 1.500000000000004900 ) ;
#1144 = VERTEX_POINT ( 'NONE', #2886 ) ;
#1145 = ORIENTED_EDGE ( 'NONE', *, *, #3597, .T. ) ;
#1146 = CARTESIAN_POINT ( 'NONE',  ( 5.499999999999991100, -1.999999999999968900, 9.000000000000007100 ) ) ;
#1147 = LINE ( 'NONE', #672, #3189 ) ;
#1148 = DIRECTION ( 'NONE',  ( 0.0000000000000000000, 0.0000000000000000000, 1.000000000000000000 ) ) ;
#1149 = VECTOR ( 'NONE', #3307, 1000.000000000000000 ) ;
#1150 = ORIENTED_EDGE ( 'NONE', *, *, #1595, .F. ) ;
#1151 = ORIENTED_EDGE ( 'NONE', *, *, #2263, .T. ) ;
#1152 = CIRCLE ( 'NONE', #3128, 1.500000000000003100 ) ;
#1153 = CIRCLE ( 'NONE', #246, 1.500000000000001300 ) ;
#1154 = ORIENTED_EDGE ( 'NONE', *, *, #201, .F. ) ;
#1155 = EDGE_CURVE ( 'NONE', #78, #1474, #1954, .T. ) ;
#1156 = CIRCLE ( 'NONE', #695, 2.736600000000000100 ) ;
#1157 = ORIENTED_EDGE ( 'NONE', *, *, #56, .F. ) ;
#1158 = DIRECTION ( 'NONE',  ( 0.0000000000000000000, 0.0000000000000000000, 1.000000000000000000 ) ) ;
#1159 = ORIENTED_EDGE ( 'NONE', *, *, #3449, .T. ) ;
#1160 = DIRECTION ( 'NONE',  ( 1.000000000000000000, 0.0000000000000000000, 0.0000000000000000000 ) ) ;
#1161 = ADVANCED_FACE ( 'NONE', ( #3195 ), #2423, .F. ) ;
#1162 = VERTEX_POINT ( 'NONE', #2640 ) ;
#1163 = UNCERTAINTY_MEASURE_WITH_UNIT (LENGTH_MEASURE( 1.000000000000000100E-005 ), #343, 'distance_accuracy_value', 'NONE');
#1164 = CARTESIAN_POINT ( 'NONE',  ( 18.99999999999998200, -31.00000000000002500, 10.36829999999998700 ) ) ;
#1165 = ORIENTED_EDGE ( 'NONE', *, *, #1766, .T. ) ;
#1166 = EDGE_CURVE ( 'NONE', #1746, #2522, #1425, .T. ) ;
#1167 = AXIS2_PLACEMENT_3D ( 'NONE', #1217, #2675, #962 ) ;
#1168 = CIRCLE ( 'NONE', #3432, 2.000000000000003600 ) ;
#1169 = ORIENTED_EDGE ( 'NONE', *, *, #614, .T. ) ;
#1170 = CARTESIAN_POINT ( 'NONE',  ( 24.49999999999999600, -7.999999999999998200, -2.000000000000000000 ) ) ;
#1171 = FACE_BOUND ( 'NONE', #522, .T. ) ;
#1172 = AXIS2_PLACEMENT_3D ( 'NONE', #2656, #925, #1501 ) ;
#1173 = DIRECTION ( 'NONE',  ( 1.000000000000000000, 0.0000000000000000000, 0.0000000000000000000 ) ) ;
#1174 = CARTESIAN_POINT ( 'NONE',  ( 47.99999999999999300, 3.999999999999994700, -2.000000000000000000 ) ) ;
#1175 = SURFACE_SIDE_STYLE ('',( #3159 ) ) ;
#1176 = CARTESIAN_POINT ( 'NONE',  ( 5.499999999999991100, 2.578748085096402000E-014, 7.000000000000000900 ) ) ;
#1177 = CARTESIAN_POINT ( 'NONE',  ( 31.50000000000000700, -7.999999999999998200, -2.000000000000000000 ) ) ;
#1178 = ADVANCED_FACE ( 'NONE', ( #1607 ), #3254, .T. ) ;
#1179 = CARTESIAN_POINT ( 'NONE',  ( 59.00000000000000000, -2.736599999999985500, -8.673617379884035500E-016 ) ) ;
#1180 = DIRECTION ( 'NONE',  ( 1.000000000000000000, 0.0000000000000000000, 0.0000000000000000000 ) ) ;
#1181 = DIRECTION ( 'NONE',  ( -1.000000000000000000, 0.0000000000000000000, 0.0000000000000000000 ) ) ;
#1182 = ORIENTED_EDGE ( 'NONE', *, *, #3633, .T. ) ;
#1183 = EDGE_CURVE ( 'NONE', #543, #2552, #531, .T. ) ;
#1184 = AXIS2_PLACEMENT_3D ( 'NONE', #3550, #1158, #1173 ) ;
#1185 = CARTESIAN_POINT ( 'NONE',  ( 8.499999999999984000, -31.00000000000006800, 23.00000000000000700 ) ) ;
#1186 = CARTESIAN_POINT ( 'NONE',  ( 0.0000000000000000000, -1.999999999999919800, 23.00000000000000700 ) ) ;
#1187 = ORIENTED_EDGE ( 'NONE', *, *, #2519, .F. ) ;
#1188 = CARTESIAN_POINT ( 'NONE',  ( 49.99999999999999300, -2.736599999999984200, 0.7366000000000007000 ) ) ;
#1189 = CYLINDRICAL_SURFACE ( 'NONE', #1297, 1.500000000000003100 ) ;
#1190 = AXIS2_PLACEMENT_3D ( 'NONE', #2177, #1568, #3323 ) ;
#1191 = CARTESIAN_POINT ( 'NONE',  ( 12.00000000000000000, -7.999999999999998200, -2.000000000000000000 ) ) ;
#1192 = AXIS2_PLACEMENT_3D ( 'NONE', #2678, #1819, #108 ) ;
#1193 = DIRECTION ( 'NONE',  ( 0.0000000000000000000, -3.491481338843127000E-015, -1.000000000000000000 ) ) ;
#1194 = LINE ( 'NONE', #2256, #25 ) ;
#1195 = VECTOR ( 'NONE', #2813, 1000.000000000000000 ) ;
#1196 = EDGE_LOOP ( 'NONE', ( #1773, #2387, #2382, #2462 ) ) ;
#1197 = EDGE_LOOP ( 'NONE', ( #3603, #1839 ) ) ;
#1198 = CARTESIAN_POINT ( 'NONE',  ( 49.99999999999999300, -2.736599999999989000, -2.000000000000000000 ) ) ;
#1199 = DIRECTION ( 'NONE',  ( 0.0000000000000000000, 4.625929269271481400E-015, -1.000000000000000000 ) ) ;
#1200 = CIRCLE ( 'NONE', #2651, 1.500000000000001300 ) ;
#1201 = CYLINDRICAL_SURFACE ( 'NONE', #112, 1.500000000000001300 ) ;
#1202 = ORIENTED_EDGE ( 'NONE', *, *, #3455, .T. ) ;
#1203 = DIRECTION ( 'NONE',  ( -0.0000000000000000000, 1.000000000000000000, -0.0000000000000000000 ) ) ;
#1204 = ADVANCED_FACE ( 'NONE', ( #130 ), #1420, .F. ) ;
#1205 = DIRECTION ( 'NONE',  ( 0.0000000000000000000, 4.625929269271470300E-015, -1.000000000000000000 ) ) ;
#1206 = LINE ( 'NONE', #3570, #3484 ) ;
#1207 = ORIENTED_EDGE ( 'NONE', *, *, #1230, .T. ) ;
#1208 = ORIENTED_EDGE ( 'NONE', *, *, #3125, .T. ) ;
#1209 = DIRECTION ( 'NONE',  ( 1.000000000000000000, 0.0000000000000000000, 0.0000000000000000000 ) ) ;
#1210 = ORIENTED_EDGE ( 'NONE', *, *, #3147, .T. ) ;
#1211 = ORIENTED_EDGE ( 'NONE', *, *, #1432, .F. ) ;
#1212 = EDGE_CURVE ( 'NONE', #1343, #796, #755, .T. ) ;
#1213 = AXIS2_PLACEMENT_3D ( 'NONE', #13, #2067, #2608 ) ;
#1214 = DIRECTION ( 'NONE',  ( 1.652117596168387800E-016, -1.000000000000000000, -3.318601432303456900E-015 ) ) ;
#1215 =( LENGTH_UNIT ( ) NAMED_UNIT ( * ) SI_UNIT ( .MILLI., .METRE. ) );
#1216 = FACE_BOUND ( 'NONE', #1532, .T. ) ;
#1217 = CARTESIAN_POINT ( 'NONE',  ( 39.99999999999999300, -0.9999999999999947800, 0.0000000000000000000 ) ) ;
#1218 = CYLINDRICAL_SURFACE ( 'NONE', #2111, 1.500000000000001300 ) ;
#1219 = EDGE_CURVE ( 'NONE', #998, #2602, #709, .T. ) ;
#1220 = CARTESIAN_POINT ( 'NONE',  ( 4.999999999999997300, -18.99999999999999300, -2.000000000000000000 ) ) ;
#1221 = DIRECTION ( 'NONE',  ( -1.000000000000000000, -0.0000000000000000000, -0.0000000000000000000 ) ) ;
#1222 = AXIS2_PLACEMENT_3D ( 'NONE', #2573, #1429, #3480 ) ;
#1223 = FACE_OUTER_BOUND ( 'NONE', #3764, .T. ) ;
#1224 = DIRECTION ( 'NONE',  ( 1.652117596168387800E-016, -1.000000000000000000, -3.318601432303456600E-015 ) ) ;
#1225 = CARTESIAN_POINT ( 'NONE',  ( 53.50000000000000000, -9.999999999999927200, 17.00000000000003600 ) ) ;
#1226 = ADVANCED_FACE ( 'NONE', ( #3475 ), #2947, .T. ) ;
#1227 = DIRECTION ( 'NONE',  ( 0.0000000000000000000, 0.0000000000000000000, 1.000000000000000000 ) ) ;
#1228 = AXIS2_PLACEMENT_3D ( 'NONE', #1533, #2391, #69 ) ;
#1229 = DIRECTION ( 'NONE',  ( 0.0000000000000000000, 3.469446951953617300E-015, 1.000000000000000000 ) ) ;
#1230 = EDGE_CURVE ( 'NONE', #3250, #3668, #1471, .T. ) ;
#1231 = DIRECTION ( 'NONE',  ( 1.224646799147353200E-016, -1.000000000000000000, 0.0000000000000000000 ) ) ;
#1232 = VERTEX_POINT ( 'NONE', #919 ) ;
#1233 = CARTESIAN_POINT ( 'NONE',  ( 0.0000000000000000000, 7.324799808624104900E-014, 20.99999999999999600 ) ) ;
#1234 = LINE ( 'NONE', #1319, #747 ) ;
#1235 = EDGE_CURVE ( 'NONE', #3688, #3395, #1480, .T. ) ;
#1236 = AXIS2_PLACEMENT_3D ( 'NONE', #1544, #3582, #2720 ) ;
#1237 = ADVANCED_FACE ( 'NONE', ( #2427 ), #2977, .T. ) ;
#1238 = CARTESIAN_POINT ( 'NONE',  ( 48.00000000000000000, -5.999999999999992000, 0.0000000000000000000 ) ) ;
#1239 = CARTESIAN_POINT ( 'NONE',  ( 59.00000000000000000, 7.225416114969381600E-015, -2.000000000000000000 ) ) ;
#1240 = LINE ( 'NONE', #2852, #884 ) ;
#1241 = EDGE_LOOP ( 'NONE', ( #1247, #753 ) ) ;
#1242 = CARTESIAN_POINT ( 'NONE',  ( 12.00000000000000000, -7.999999999999998200, -2.000000000000000000 ) ) ;
#1243 = VERTEX_POINT ( 'NONE', #1810 ) ;
#1244 = EDGE_LOOP ( 'NONE', ( #1412, #1151 ) ) ;
#1245 = VECTOR ( 'NONE', #1010, 1000.000000000000000 ) ;
#1246 = LINE ( 'NONE', #2753, #980 ) ;
#1247 = ORIENTED_EDGE ( 'NONE', *, *, #101, .T. ) ;
#1248 = EDGE_CURVE ( 'NONE', #3589, #1951, #2191, .T. ) ;
#1249 = EDGE_LOOP ( 'NONE', ( #3672, #3706, #3461, #1165 ) ) ;
#1250 = CYLINDRICAL_SURFACE ( 'NONE', #1390, 1.500000000000001300 ) ;
#1251 = CYLINDRICAL_SURFACE ( 'NONE', #3605, 1.500000000000001300 ) ;
#1252 = ORIENTED_EDGE ( 'NONE', *, *, #1583, .T. ) ;
#1253 = ORIENTED_EDGE ( 'NONE', *, *, #1483, .T. ) ;
#1254 = PRODUCT_CONTEXT ( 'NONE', #918, 'mechanical' ) ;
#1255 = CIRCLE ( 'NONE', #3208, 1.500000000000003100 ) ;
#1256 = ORIENTED_EDGE ( 'NONE', *, *, #1404, .F. ) ;
#1257 = PLANE ( 'NONE',  #281 ) ;
#1258 = ORIENTED_EDGE ( 'NONE', *, *, #2491, .F. ) ;
#1259 = CARTESIAN_POINT ( 'NONE',  ( 59.00000000000000000, 7.225416114969381600E-015, -2.000000000000000000 ) ) ;
#1260 = ORIENTED_EDGE ( 'NONE', *, *, #1380, .F. ) ;
#1261 = ORIENTED_EDGE ( 'NONE', *, *, #979, .T. ) ;
#1262 = DIRECTION ( 'NONE',  ( 1.000000000000000000, 0.0000000000000000000, 0.0000000000000000000 ) ) ;
#1263 = VECTOR ( 'NONE', #562, 1000.000000000000000 ) ;
#1264 = ORIENTED_EDGE ( 'NONE', *, *, #521, .T. ) ;
#1265 = EDGE_CURVE ( 'NONE', #264, #3066, #2923, .T. ) ;
#1266 = DIRECTION ( 'NONE',  ( 0.0000000000000000000, 0.0000000000000000000, 1.000000000000000000 ) ) ;
#1267 = FACE_BOUND ( 'NONE', #2690, .T. ) ;
#1268 = APPLICATION_CONTEXT ( 'automotive_design' ) ;
#1269 = CARTESIAN_POINT ( 'NONE',  ( 59.00000000000000000, 1.691355389077386900E-014, 0.7365999999999903700 ) ) ;
#1270 = DIRECTION ( 'NONE',  ( -0.0000000000000000000, 1.000000000000000000, -0.0000000000000000000 ) ) ;
#1271 = AXIS2_PLACEMENT_3D ( 'NONE', #2492, #1022, #1045 ) ;
#1272 = DIRECTION ( 'NONE',  ( 0.0000000000000000000, 0.0000000000000000000, 1.000000000000000000 ) ) ;
#1273 = CARTESIAN_POINT ( 'NONE',  ( 2.999999999999996900, -8.999999999999992900, -2.000000000000000000 ) ) ;
#1274 = ORIENTED_EDGE ( 'NONE', *, *, #2827, .T. ) ;
#1275 = DIRECTION ( 'NONE',  ( 1.652117596168387800E-016, -1.000000000000000000, -3.318601432303456900E-015 ) ) ;
#1276 = CARTESIAN_POINT ( 'NONE',  ( 59.00000000000000000, 1.681018380153574000E-014, 0.7365999999999900400 ) ) ;
#1277 = ORIENTED_EDGE ( 'NONE', *, *, #739, .F. ) ;
#1278 = EDGE_CURVE ( 'NONE', #1988, #2655, #2145, .T. ) ;
#1279 = CARTESIAN_POINT ( 'NONE',  ( 11.99999999999998000, -31.00000000000003600, 13.36829999999998500 ) ) ;
#1280 = LINE ( 'NONE', #2624, #2634 ) ;
#1281 = ORIENTED_EDGE ( 'NONE', *, *, #3698, .T. ) ;
#1282 = DIRECTION ( 'NONE',  ( 0.0000000000000000000, 2.312964634635731600E-015, -1.000000000000000000 ) ) ;
#1283 = CIRCLE ( 'NONE', #2749, 2.736600000000001000 ) ;
#1284 = EDGE_CURVE ( 'NONE', #127, #665, #2696, .T. ) ;
#1285 = FACE_BOUND ( 'NONE', #3486, .T. ) ;
#1286 = ORIENTED_EDGE ( 'NONE', *, *, #201, .T. ) ;
#1287 = AXIS2_PLACEMENT_3D ( 'NONE', #1709, #9, #282 ) ;
#1288 = VERTEX_POINT ( 'NONE', #1007 ) ;
#1289 = CARTESIAN_POINT ( 'NONE',  ( 13.50000000000000200, -7.999999999999998200, 0.0000000000000000000 ) ) ;
#1290 = FACE_OUTER_BOUND ( 'NONE', #2752, .T. ) ;
#1291 = CARTESIAN_POINT ( 'NONE',  ( 4.999999999999997300, -18.99999999999999300, 0.0000000000000000000 ) ) ;
#1292 = DIRECTION ( 'NONE',  ( -1.000000000000000000, 0.0000000000000000000, 0.0000000000000000000 ) ) ;
#1293 = VECTOR ( 'NONE', #2484, 1000.000000000000000 ) ;
#1294 = VERTEX_POINT ( 'NONE', #3028 ) ;
#1295 = VERTEX_POINT ( 'NONE', #3047 ) ;
#1296 = CARTESIAN_POINT ( 'NONE',  ( 19.00000000000000000, -7.999999999999998200, 0.0000000000000000000 ) ) ;
#1297 = AXIS2_PLACEMENT_3D ( 'NONE', #1355, #2228, #1634 ) ;
#1298 = CARTESIAN_POINT ( 'NONE',  ( 47.00000000000000000, -31.00000000000003200, 13.36830000000000700 ) ) ;
#1299 = VECTOR ( 'NONE', #274, 1000.000000000000000 ) ;
#1300 = ORIENTED_EDGE ( 'NONE', *, *, #1219, .T. ) ;
#1301 = ORIENTED_EDGE ( 'NONE', *, *, #560, .T. ) ;
#1302 = ORIENTED_EDGE ( 'NONE', *, *, #1549, .T. ) ;
#1303 = EDGE_LOOP ( 'NONE', ( #576, #179 ) ) ;
#1304 = DIRECTION ( 'NONE',  ( 0.0000000000000000000, -3.469446951953611000E-015, -1.000000000000000000 ) ) ;
#1305 = SURFACE_SIDE_STYLE ('',( #3185 ) ) ;
#1306 = EDGE_CURVE ( 'NONE', #1243, #843, #3015, .T. ) ;
#1307 = LINE ( 'NONE', #3391, #1442 ) ;
#1308 = CARTESIAN_POINT ( 'NONE',  ( 50.50000000000000000, -30.26339999999997600, -2.000000000000004400 ) ) ;
#1309 = DIRECTION ( 'NONE',  ( 1.000000000000000000, 0.0000000000000000000, 0.0000000000000000000 ) ) ;
#1310 = DIRECTION ( 'NONE',  ( 0.0000000000000000000, 3.469446951953611000E-015, 1.000000000000000000 ) ) ;
#1311 = DIRECTION ( 'NONE',  ( 1.000000000000000000, 0.0000000000000000000, 0.0000000000000000000 ) ) ;
#1312 = FACE_BOUND ( 'NONE', #2465, .T. ) ;
#1313 = EDGE_CURVE ( 'NONE', #2041, #2259, #1427, .T. ) ;
#1314 = AXIS2_PLACEMENT_3D ( 'NONE', #3009, #160, #129 ) ;
#1315 = CARTESIAN_POINT ( 'NONE',  ( 47.00000000000000000, -7.999999999999991100, -2.000000000000000000 ) ) ;
#1316 = DIRECTION ( 'NONE',  ( 0.0000000000000000000, -3.469446951953611000E-015, -1.000000000000000000 ) ) ;
#1317 = CARTESIAN_POINT ( 'NONE',  ( 53.50000000000000700, 3.056112744509231500E-014, 4.999999999999997300 ) ) ;
#1318 = DIRECTION ( 'NONE',  ( 1.000000000000000000, 0.0000000000000000000, 0.0000000000000000000 ) ) ;
#1319 = CARTESIAN_POINT ( 'NONE',  ( 3.061616997868383000E-015, -25.00000000000000000, -2.000000000000000000 ) ) ;
#1320 = AXIS2_PLACEMENT_3D ( 'NONE', #1131, #1983, #542 ) ;
#1321 = EDGE_CURVE ( 'NONE', #1801, #796, #1382, .T. ) ;
#1322 = DIRECTION ( 'NONE',  ( 1.000000000000000000, 0.0000000000000000000, 0.0000000000000000000 ) ) ;
#1323 = DIRECTION ( 'NONE',  ( 0.0000000000000000000, -1.000000000000000000, 3.491481338843133000E-015 ) ) ;
#1324 = VERTEX_POINT ( 'NONE', #2127 ) ;
#1325 = DIRECTION ( 'NONE',  ( 1.652117596168387800E-016, -1.000000000000000000, -3.318601432303456600E-015 ) ) ;
#1326 = VECTOR ( 'NONE', #2863, 1000.000000000000000 ) ;
#1327 = CARTESIAN_POINT ( 'NONE',  ( 6.999999999999999100, -18.99999999999999300, -2.000000000000000000 ) ) ;
#1328 = ORIENTED_EDGE ( 'NONE', *, *, #3663, .T. ) ;
#1329 = CARTESIAN_POINT ( 'NONE',  ( 20.99999999999999600, -18.99999999999999300, -2.000000000000000000 ) ) ;
#1330 = DIRECTION ( 'NONE',  ( 0.0000000000000000000, 0.0000000000000000000, 1.000000000000000000 ) ) ;
#1331 = VECTOR ( 'NONE', #3116, 1000.000000000000000 ) ;
#1332 = EDGE_CURVE ( 'NONE', #970, #2879, #3149, .T. ) ;
#1333 = EDGE_LOOP ( 'NONE', ( #981, #3155 ) ) ;
#1334 = ORIENTED_EDGE ( 'NONE', *, *, #356, .F. ) ;
#1335 = AXIS2_PLACEMENT_3D ( 'NONE', #312, #329, #612 ) ;
#1336 = LINE ( 'NONE', #1108, #3364 ) ;
#1337 = LINE ( 'NONE', #1276, #258 ) ;
#1338 = ORIENTED_EDGE ( 'NONE', *, *, #2935, .T. ) ;
#1339 = DIRECTION ( 'NONE',  ( 0.0000000000000000000, -3.491481338843133000E-015, -1.000000000000000000 ) ) ;
#1340 = ORIENTED_EDGE ( 'NONE', *, *, #3604, .T. ) ;
#1341 = VECTOR ( 'NONE', #1671, 1000.000000000000000 ) ;
#1342 = VECTOR ( 'NONE', #2771, 1000.000000000000000 ) ;
#1343 = VERTEX_POINT ( 'NONE', #1269 ) ;
#1344 = ORIENTED_EDGE ( 'NONE', *, *, #3358, .F. ) ;
#1345 = CARTESIAN_POINT ( 'NONE',  ( 28.00000000000000000, -11.99999999999999600, 0.0000000000000000000 ) ) ;
#1346 = CARTESIAN_POINT ( 'NONE',  ( 40.00000000000000000, -33.00000000000002800, 11.86829999999999400 ) ) ;
#1347 = VECTOR ( 'NONE', #2264, 1000.000000000000000 ) ;
#1348 = CIRCLE ( 'NONE', #553, 1.499999999999994400 ) ;
#1349 = ORIENTED_EDGE ( 'NONE', *, *, #3001, .F. ) ;
#1350 = ORIENTED_EDGE ( 'NONE', *, *, #284, .F. ) ;
#1351 = ORIENTED_EDGE ( 'NONE', *, *, #1980, .T. ) ;
#1352 = ORIENTED_EDGE ( 'NONE', *, *, #560, .F. ) ;
#1353 = LINE ( 'NONE', #1329, #1040 ) ;
#1354 = VECTOR ( 'NONE', #730, 1000.000000000000000 ) ;
#1355 = CARTESIAN_POINT ( 'NONE',  ( 25.99999999999998200, -23.00000000000002800, 11.86830000000002600 ) ) ;
#1356 = EDGE_CURVE ( 'NONE', #628, #1921, #32, .T. ) ;
#1357 = DIRECTION ( 'NONE',  ( 0.0000000000000000000, 0.0000000000000000000, 1.000000000000000000 ) ) ;
#1358 = DIRECTION ( 'NONE',  ( 0.0000000000000000000, 0.0000000000000000000, 1.000000000000000000 ) ) ;
#1359 = EDGE_CURVE ( 'NONE', #120, #2610, #86, .T. ) ;
#1360 = AXIS2_PLACEMENT_3D ( 'NONE', #3609, #115, #1587 ) ;
#1361 = CARTESIAN_POINT ( 'NONE',  ( 52.00000000000000000, -1.999999999999914100, 21.00000000000000400 ) ) ;
#1362 = DIRECTION ( 'NONE',  ( 0.0000000000000000000, -1.000000000000000000, 0.0000000000000000000 ) ) ;
#1363 = DIRECTION ( 'NONE',  ( -7.359504293276562500E-017, -1.766281030386375000E-015, -1.000000000000000000 ) ) ;
#1364 = AXIS2_PLACEMENT_3D ( 'NONE', #2488, #3064, #2195 ) ;
#1365 = CARTESIAN_POINT ( 'NONE',  ( 41.49999999999998600, -0.9999999999999947800, -2.000000000000000000 ) ) ;
#1366 = DIRECTION ( 'NONE',  ( 0.0000000000000000000, 0.0000000000000000000, 1.000000000000000000 ) ) ;
#1367 = EDGE_LOOP ( 'NONE', ( #221, #1338 ) ) ;
#1368 = ORIENTED_EDGE ( 'NONE', *, *, #973, .F. ) ;
#1369 = ORIENTED_EDGE ( 'NONE', *, *, #2081, .T. ) ;
#1370 = CARTESIAN_POINT ( 'NONE',  ( 47.99999999999999300, 3.999999999999994700, 0.0000000000000000000 ) ) ;
#1371 = ADVANCED_FACE ( 'NONE', ( #416 ), #2979, .T. ) ;
#1372 = CIRCLE ( 'NONE', #2458, 1.500000000000004900 ) ;
#1373 = ORIENTED_EDGE ( 'NONE', *, *, #2715, .F. ) ;
#1374 = VERTEX_POINT ( 'NONE', #3610 ) ;
#1375 = FACE_OUTER_BOUND ( 'NONE', #1996, .T. ) ;
#1376 = DIRECTION ( 'NONE',  ( 0.0000000000000000000, 0.0000000000000000000, -1.000000000000000000 ) ) ;
#1377 = LINE ( 'NONE', #597, #1994 ) ;
#1378 = VERTEX_POINT ( 'NONE', #178 ) ;
#1379 = VERTEX_POINT ( 'NONE', #3038 ) ;
#1380 = EDGE_CURVE ( 'NONE', #924, #610, #1039, .T. ) ;
#1381 = VECTOR ( 'NONE', #830, 1000.000000000000000 ) ;
#1382 = CIRCLE ( 'NONE', #1190, 2.000000000000001800 ) ;
#1383 = ORIENTED_EDGE ( 'NONE', *, *, #2514, .F. ) ;
#1384 = AXIS2_PLACEMENT_3D ( 'NONE', #2448, #989, #3602 ) ;
#1385 = ORIENTED_EDGE ( 'NONE', *, *, #1813, .F. ) ;
#1386 = DIRECTION ( 'NONE',  ( 0.0000000000000000000, 0.0000000000000000000, 1.000000000000000000 ) ) ;
#1387 = CYLINDRICAL_SURFACE ( 'NONE', #1335, 1.500000000000003100 ) ;
#1388 = VERTEX_POINT ( 'NONE', #2413 ) ;
#1389 = ORIENTED_EDGE ( 'NONE', *, *, #2795, .F. ) ;
#1390 = AXIS2_PLACEMENT_3D ( 'NONE', #2019, #619, #2057 ) ;
#1391 = EDGE_CURVE ( 'NONE', #3489, #2231, #2117, .T. ) ;
#1392 = ORIENTED_EDGE ( 'NONE', *, *, #370, .F. ) ;
#1393 = VERTEX_POINT ( 'NONE', #3628 ) ;
#1394 = CARTESIAN_POINT ( 'NONE',  ( 25.49999999999999600, -18.99999999999999600, 0.0000000000000000000 ) ) ;
#1395 = FACE_BOUND ( 'NONE', #3349, .T. ) ;
#1396 = VERTEX_POINT ( 'NONE', #1273 ) ;
#1397 = DIRECTION ( 'NONE',  ( -2.449293598294702500E-016, 1.000000000000000000, -3.491481338843133000E-015 ) ) ;
#1398 = CARTESIAN_POINT ( 'NONE',  ( 18.99999999999998600, -23.00000000000001100, 6.368300000000020900 ) ) ;
#1399 = CIRCLE ( 'NONE', #1717, 1.500000000000004000 ) ;
#1400 = CARTESIAN_POINT ( 'NONE',  ( 4.999999999999997300, -8.999999999999992900, -2.000000000000000000 ) ) ;
#1401 = LINE ( 'NONE', #1877, #190 ) ;
#1402 = CARTESIAN_POINT ( 'NONE',  ( 0.0000000000000000000, 7.332110811570581300E-014, 20.99999999999999600 ) ) ;
#1403 = DIRECTION ( 'NONE',  ( 1.652117596168387800E-016, -1.000000000000000000, -3.318601432303456900E-015 ) ) ;
#1404 = EDGE_CURVE ( 'NONE', #1011, #3443, #3546, .T. ) ;
#1405 = AXIS2_PLACEMENT_3D ( 'NONE', #977, #2076, #1562 ) ;
#1406 = CARTESIAN_POINT ( 'NONE',  ( 5.499999999999999100, -1.999999999999941200, 17.00000000000000700 ) ) ;
#1407 = CARTESIAN_POINT ( 'NONE',  ( 59.00000000000000000, -2.736599999999984200, 0.7366000000000000300 ) ) ;
#1408 = EDGE_CURVE ( 'NONE', #2860, #1011, #768, .T. ) ;
#1409 = AXIS2_PLACEMENT_3D ( 'NONE', #2925, #2350, #873 ) ;
#1410 = ADVANCED_FACE ( 'NONE', ( #1123 ), #3011, .T. ) ;
#1411 = CARTESIAN_POINT ( 'NONE',  ( 20.99999999999999600, -18.99999999999999300, 0.0000000000000000000 ) ) ;
#1412 = ORIENTED_EDGE ( 'NONE', *, *, #3358, .T. ) ;
#1413 = CARTESIAN_POINT ( 'NONE',  ( 19.00000000000000000, -15.00000000000000000, -2.000000000000000000 ) ) ;
#1414 = CIRCLE ( 'NONE', #3760, 1.499999999999994400 ) ;
#1415 = CARTESIAN_POINT ( 'NONE',  ( 36.00000000000000000, -7.999999999999996400, -2.000000000000000000 ) ) ;
#1416 = EDGE_LOOP ( 'NONE', ( #2740, #2233, #2200, #2834 ) ) ;
#1417 = FACE_OUTER_BOUND ( 'NONE', #1550, .T. ) ;
#1418 = CIRCLE ( 'NONE', #2160, 1.500000000000001300 ) ;
#1419 = VERTEX_POINT ( 'NONE', #2994 ) ;
#1420 = CYLINDRICAL_SURFACE ( 'NONE', #2940, 1.500000000000004900 ) ;
#1421 = CYLINDRICAL_SURFACE ( 'NONE', #231, 4.000000000000003600 ) ;
#1422 = EDGE_LOOP ( 'NONE', ( #1034, #3008, #1523, #762 ) ) ;
#1423 = EDGE_CURVE ( 'NONE', #3443, #3145, #376, .T. ) ;
#1424 = ORIENTED_EDGE ( 'NONE', *, *, #333, .T. ) ;
#1425 = LINE ( 'NONE', #953, #1521 ) ;
#1426 = FACE_OUTER_BOUND ( 'NONE', #3573, .T. ) ;
#1427 = CIRCLE ( 'NONE', #3013, 2.000000000000001800 ) ;
#1428 = EDGE_LOOP ( 'NONE', ( #1959, #3542, #2744, #1038 ) ) ;
#1429 = DIRECTION ( 'NONE',  ( 0.0000000000000000000, 0.0000000000000000000, 1.000000000000000000 ) ) ;
#1430 = VERTEX_POINT ( 'NONE', #3412 ) ;
#1431 = ADVANCED_FACE ( 'NONE', ( #3397, #1395, #1216, #380, #861, #3446, #104, #2713, #328, #1664, #2163 ), #2776, .T. ) ;
#1432 = EDGE_CURVE ( 'NONE', #2508, #3489, #3362, .T. ) ;
#1433 = CARTESIAN_POINT ( 'NONE',  ( 4.999999999999997300, -8.999999999999992900, -2.000000000000000000 ) ) ;
#1434 = AXIS2_PLACEMENT_3D ( 'NONE', #741, #723, #3284 ) ;
#1435 = ORIENTED_EDGE ( 'NONE', *, *, #674, .F. ) ;
#1436 = ORIENTED_EDGE ( 'NONE', *, *, #1792, .T. ) ;
#1437 = DIRECTION ( 'NONE',  ( 1.652117596168387800E-016, -1.000000000000000000, -3.318601432303456600E-015 ) ) ;
#1438 = CIRCLE ( 'NONE', #3340, 2.736600000000004100 ) ;
#1439 = ORIENTED_EDGE ( 'NONE', *, *, #2827, .F. ) ;
#1440 = ORIENTED_EDGE ( 'NONE', *, *, #1980, .F. ) ;
#1441 = AXIS2_PLACEMENT_3D ( 'NONE', #3227, #1487, #714 ) ;
#1442 = VECTOR ( 'NONE', #214, 1000.000000000000000 ) ;
#1443 = DIRECTION ( 'NONE',  ( 1.000000000000000000, 0.0000000000000000000, 0.0000000000000000000 ) ) ;
#1444 = UNCERTAINTY_MEASURE_WITH_UNIT (LENGTH_MEASURE( 1.000000000000000100E-005 ), #1215, 'distance_accuracy_value', 'NONE');
#1445 = PLANE ( 'NONE',  #2154 ) ;
#1446 = CYLINDRICAL_SURFACE ( 'NONE', #764, 2.000000000000005300 ) ;
#1447 = PRODUCT ( '舵机支架', '舵机支架', '', ( #1254 ) ) ;
#1448 = CARTESIAN_POINT ( 'NONE',  ( 38.00000000000000000, -18.99999999999999300, -2.000000000000000000 ) ) ;
#1449 = DIRECTION ( 'NONE',  ( -2.449293598294702500E-016, 1.000000000000000000, -3.491481338843133000E-015 ) ) ;
#1450 = CARTESIAN_POINT ( 'NONE',  ( 40.00000000000000700, -30.99999999999999600, 3.368299999999997000 ) ) ;
#1451 = ADVANCED_FACE ( 'NONE', ( #3036 ), #3, .F. ) ;
#1452 = DIRECTION ( 'NONE',  ( 0.0000000000000000000, 2.312964634635735200E-015, -1.000000000000000000 ) ) ;
#1453 = EDGE_CURVE ( 'NONE', #3232, #308, #1625, .T. ) ;
#1454 = AXIS2_PLACEMENT_3D ( 'NONE', #2050, #2308, #68 ) ;
#1455 = DIRECTION ( 'NONE',  ( 1.000000000000000000, 0.0000000000000000000, 0.0000000000000000000 ) ) ;
#1456 = ORIENTED_EDGE ( 'NONE', *, *, #871, .T. ) ;
#1457 = DIRECTION ( 'NONE',  ( 1.000000000000000000, 0.0000000000000000000, 0.0000000000000000000 ) ) ;
#1458 = AXIS2_PLACEMENT_3D ( 'NONE', #1467, #2600, #875 ) ;
#1459 = CARTESIAN_POINT ( 'NONE',  ( 33.50000000000000000, -18.99999999999999600, -2.000000000000000000 ) ) ;
#1460 = EDGE_LOOP ( 'NONE', ( #393, #682, #1911, #1274 ) ) ;
#1461 = ORIENTED_EDGE ( 'NONE', *, *, #910, .T. ) ;
#1462 = DIRECTION ( 'NONE',  ( 0.0000000000000000000, -4.625929269271470300E-015, 1.000000000000000000 ) ) ;
#1463 = CARTESIAN_POINT ( 'NONE',  ( 53.50000000000000700, -9.999999999999955600, 9.000000000000039100 ) ) ;
#1464 = ORIENTED_EDGE ( 'NONE', *, *, #1423, .F. ) ;
#1465 = ADVANCED_FACE ( 'NONE', ( #3501 ), #3072, .F. ) ;
#1466 = LINE ( 'NONE', #2529, #441 ) ;
#1467 = CARTESIAN_POINT ( 'NONE',  ( 47.00000000000000000, -33.00000000000002800, 11.86829999999999600 ) ) ;
#1468 = CIRCLE ( 'NONE', #3177, 1.499999999999994400 ) ;
#1469 = VERTEX_POINT ( 'NONE', #1345 ) ;
#1470 = VERTEX_POINT ( 'NONE', #3658 ) ;
#1471 = CIRCLE ( 'NONE', #2159, 3.999999999999996400 ) ;
#1472 = DIRECTION ( 'NONE',  ( 1.000000000000000000, 1.652117596168387800E-016, -1.751623080406021300E-046 ) ) ;
#1473 = LINE ( 'NONE', #2210, #2922 ) ;
#1474 = VERTEX_POINT ( 'NONE', #208 ) ;
#1475 = CARTESIAN_POINT ( 'NONE',  ( 8.999999999999998200, -2.736599999999997500, 0.7366000000000000300 ) ) ;
#1476 = EDGE_CURVE ( 'NONE', #3399, #3575, #892, .T. ) ;
#1477 = LINE ( 'NONE', #3587, #1564 ) ;
#1478 = ORIENTED_EDGE ( 'NONE', *, *, #212, .F. ) ;
#1479 = VERTEX_POINT ( 'NONE', #2194 ) ;
#1480 = LINE ( 'NONE', #2676, #636 ) ;
#1481 = DIRECTION ( 'NONE',  ( 0.0000000000000000000, 1.000000000000000000, -3.491481338843133400E-015 ) ) ;
#1482 = ORIENTED_EDGE ( 'NONE', *, *, #2682, .F. ) ;
#1483 = EDGE_CURVE ( 'NONE', #127, #2909, #2113, .T. ) ;
#1484 = PRODUCT_RELATED_PRODUCT_CATEGORY ( 'part', '', ( #1447 ) ) ;
#1485 = FACE_OUTER_BOUND ( 'NONE', #2359, .T. ) ;
#1486 = EDGE_LOOP ( 'NONE', ( #749, #3426 ) ) ;
#1487 = DIRECTION ( 'NONE',  ( 0.0000000000000000000, 0.0000000000000000000, 1.000000000000000000 ) ) ;
#1488 = DIRECTION ( 'NONE',  ( 0.0000000000000000000, 2.312964634635737900E-015, -1.000000000000000000 ) ) ;
#1489 = ADVANCED_FACE ( 'NONE', ( #2167 ), #2487, .T. ) ;
#1490 = PLANE ( 'NONE',  #148 ) ;
#1491 = LINE ( 'NONE', #1929, #1930 ) ;
#1492 = AXIS2_PLACEMENT_3D ( 'NONE', #325, #3510, #1193 ) ;
#1493 = DIRECTION ( 'NONE',  ( 1.156482317317872100E-015, -1.000000000000000000, 0.0000000000000000000 ) ) ;
#1494 = LINE ( 'NONE', #951, #106 ) ;
#1495 = CARTESIAN_POINT ( 'NONE',  ( 18.99999999999998200, -33.00000000000002100, 10.36829999999998000 ) ) ;
#1496 = DIRECTION ( 'NONE',  ( 0.0000000000000000000, 0.0000000000000000000, 1.000000000000000000 ) ) ;
#1497 = CARTESIAN_POINT ( 'NONE',  ( 34.49999999999999300, -7.999999999999998200, -2.000000000000000000 ) ) ;
#1498 = EDGE_CURVE ( 'NONE', #1469, #458, #3549, .T. ) ;
#1499 = CARTESIAN_POINT ( 'NONE',  ( 59.00000000000000000, -24.99999999999999300, -2.000000000000000000 ) ) ;
#1500 = PLANE ( 'NONE',  #1454 ) ;
#1501 = DIRECTION ( 'NONE',  ( 0.0000000000000000000, 1.000000000000000000, -3.486435400815769700E-015 ) ) ;
#1502 = EDGE_CURVE ( 'NONE', #2066, #358, #1438, .T. ) ;
#1503 = ADVANCED_FACE ( 'NONE', ( #2486 ), #2728, .F. ) ;
#1504 = DIRECTION ( 'NONE',  ( -2.449293598294702500E-016, 1.000000000000000000, -3.491481338843133000E-015 ) ) ;
#1505 = DIRECTION ( 'NONE',  ( 1.000000000000000000, 0.0000000000000000000, 0.0000000000000000000 ) ) ;
#1506 = ORIENTED_EDGE ( 'NONE', *, *, #2633, .T. ) ;
#1507 = CIRCLE ( 'NONE', #2133, 1.500000000000004900 ) ;
#1508 = AXIS2_PLACEMENT_3D ( 'NONE', #3639, #1895, #2809 ) ;
#1509 = EDGE_CURVE ( 'NONE', #140, #3294, #1016, .T. ) ;
#1510 = CARTESIAN_POINT ( 'NONE',  ( 38.50000000000000000, -0.9999999999999945600, -2.000000000000000000 ) ) ;
#1511 = CIRCLE ( 'NONE', #3728, 4.000000000000000000 ) ;
#1512 = VECTOR ( 'NONE', #1275, 1000.000000000000000 ) ;
#1513 = VERTEX_POINT ( 'NONE', #1934 ) ;
#1514 = DIRECTION ( 'NONE',  ( 0.0000000000000000000, 0.0000000000000000000, 1.000000000000000000 ) ) ;
#1515 = CARTESIAN_POINT ( 'NONE',  ( 49.99999999999999300, 9.237402509576497800E-014, 23.00000000000000000 ) ) ;
#1516 = FACE_OUTER_BOUND ( 'NONE', #1196, .T. ) ;
#1517 = FACE_OUTER_BOUND ( 'NONE', #3193, .T. ) ;
#1518 = VERTEX_POINT ( 'NONE', #1941 ) ;
#1519 = ORIENTED_EDGE ( 'NONE', *, *, #3597, .F. ) ;
#1520 = DIRECTION ( 'NONE',  ( -1.000000000000000000, 0.0000000000000000000, 0.0000000000000000000 ) ) ;
#1521 = VECTOR ( 'NONE', #2089, 1000.000000000000000 ) ;
#1522 = CYLINDRICAL_SURFACE ( 'NONE', #1899, 3.999999999999996400 ) ;
#1523 = ORIENTED_EDGE ( 'NONE', *, *, #2451, .F. ) ;
#1524 = ORIENTED_EDGE ( 'NONE', *, *, #823, .F. ) ;
#1525 = DIRECTION ( 'NONE',  ( -2.449293598294702500E-016, 1.000000000000000000, -3.491481338843133000E-015 ) ) ;
#1526 = ADVANCED_FACE ( 'NONE', ( #2075 ), #944, .F. ) ;
#1527 = VERTEX_POINT ( 'NONE', #1682 ) ;
#1528 = ORIENTED_EDGE ( 'NONE', *, *, #1858, .T. ) ;
#1529 = EDGE_CURVE ( 'NONE', #2497, #1419, #2815, .T. ) ;
#1530 = AXIS2_PLACEMENT_3D ( 'NONE', #761, #1323, #1339 ) ;
#1531 = CARTESIAN_POINT ( 'NONE',  ( 4.999999999999997300, -18.99999999999999300, 0.0000000000000000000 ) ) ;
#1532 = EDGE_LOOP ( 'NONE', ( #2971, #2506 ) ) ;
#1533 = CARTESIAN_POINT ( 'NONE',  ( 53.50000000000000000, -1.999999999999927200, 17.00000000000000700 ) ) ;
#1534 = ORIENTED_EDGE ( 'NONE', *, *, #2171, .T. ) ;
#1535 = VECTOR ( 'NONE', #2709, 1000.000000000000000 ) ;
#1536 = CARTESIAN_POINT ( 'NONE',  ( 18.99999999999997900, -31.00000000000005300, 18.86829999999998700 ) ) ;
#1537 = FACE_BOUND ( 'NONE', #1333, .T. ) ;
#1538 = AXIS2_PLACEMENT_3D ( 'NONE', #3751, #19, #1457 ) ;
#1539 = FACE_OUTER_BOUND ( 'NONE', #2883, .T. ) ;
#1540 = DIRECTION ( 'NONE',  ( 0.0000000000000000000, 1.000000000000000000, -3.486435400815770900E-015 ) ) ;
#1541 = ADVANCED_FACE ( 'NONE', ( #1375 ), #1020, .F. ) ;
#1542 = DIRECTION ( 'NONE',  ( 1.000000000000000000, -0.0000000000000000000, -0.0000000000000000000 ) ) ;
#1543 =( NAMED_UNIT ( * ) SI_UNIT ( $, .STERADIAN. ) SOLID_ANGLE_UNIT ( ) );
#1544 = CARTESIAN_POINT ( 'NONE',  ( 50.00000000000000000, -5.999999999999991100, -2.000000000000000000 ) ) ;
#1545 = EDGE_CURVE ( 'NONE', #1838, #2066, #1336, .T. ) ;
#1546 = ORIENTED_EDGE ( 'NONE', *, *, #3556, .F. ) ;
#1547 = DIRECTION ( 'NONE',  ( 0.0000000000000000000, 0.0000000000000000000, 1.000000000000000000 ) ) ;
#1548 = ORIENTED_EDGE ( 'NONE', *, *, #1029, .T. ) ;
#1549 = EDGE_CURVE ( 'NONE', #1294, #458, #3682, .T. ) ;
#1550 = EDGE_LOOP ( 'NONE', ( #855, #121, #947, #591 ) ) ;
#1551 = CARTESIAN_POINT ( 'NONE',  ( 2.000000000000000000, 7.332110811570581300E-014, 20.99999999999999600 ) ) ;
#1552 = EDGE_LOOP ( 'NONE', ( #202, #2510 ) ) ;
#1553 = ORIENTED_EDGE ( 'NONE', *, *, #1476, .T. ) ;
#1554 = ORIENTED_EDGE ( 'NONE', *, *, #3525, .T. ) ;
#1555 = VECTOR ( 'NONE', #1214, 1000.000000000000000 ) ;
#1556 = FACE_OUTER_BOUND ( 'NONE', #1824, .T. ) ;
#1557 = ORIENTED_EDGE ( 'NONE', *, *, #2367, .F. ) ;
#1558 = AXIS2_PLACEMENT_3D ( 'NONE', #2934, #2051, #1199 ) ;
#1559 = ORIENTED_EDGE ( 'NONE', *, *, #3377, .T. ) ;
#1560 = FACE_OUTER_BOUND ( 'NONE', #2790, .T. ) ;
#1561 = ORIENTED_EDGE ( 'NONE', *, *, #2730, .F. ) ;
#1562 = DIRECTION ( 'NONE',  ( 0.0000000000000000000, 3.491481338843133400E-015, 1.000000000000000000 ) ) ;
#1563 =( NAMED_UNIT ( * ) SI_UNIT ( $, .STERADIAN. ) SOLID_ANGLE_UNIT ( ) );
#1564 = VECTOR ( 'NONE', #2370, 1000.000000000000000 ) ;
#1565 = EDGE_LOOP ( 'NONE', ( #3479, #3515 ) ) ;
#1566 = DIRECTION ( 'NONE',  ( -2.449293598294702500E-016, 1.000000000000000000, -3.491481338843133000E-015 ) ) ;
#1567 = EDGE_LOOP ( 'NONE', ( #2792, #2116 ) ) ;
#1568 = DIRECTION ( 'NONE',  ( -2.449293598294702500E-016, 1.000000000000000000, -3.491481338843133000E-015 ) ) ;
#1569 = ORIENTED_EDGE ( 'NONE', *, *, #327, .F. ) ;
#1570 = EDGE_LOOP ( 'NONE', ( #410, #2015, #295, #1392 ) ) ;
#1571 = DIRECTION ( 'NONE',  ( -2.449293598294703900E-016, 1.000000000000000000, -3.491481338843133400E-015 ) ) ;
#1572 = DIRECTION ( 'NONE',  ( 0.0000000000000000000, -0.0000000000000000000, -1.000000000000000000 ) ) ;
#1573 = VECTOR ( 'NONE', #2625, 1000.000000000000000 ) ;
#1574 = ORIENTED_EDGE ( 'NONE', *, *, #1741, .T. ) ;
#1575 = EDGE_CURVE ( 'NONE', #628, #1897, #2887, .T. ) ;
#1576 = AXIS2_PLACEMENT_3D ( 'NONE', #3746, #278, #564 ) ;
#1577 = PLANE ( 'NONE',  #1530 ) ;
#1578 = FACE_OUTER_BOUND ( 'NONE', #638, .T. ) ;
#1579 = CARTESIAN_POINT ( 'NONE',  ( 5.499999999999993800, -9.999999999999973400, 7.000000000000035500 ) ) ;
#1580 = DIRECTION ( 'NONE',  ( 0.0000000000000000000, 0.0000000000000000000, 1.000000000000000000 ) ) ;
#1581 = FACE_BOUND ( 'NONE', #2606, .T. ) ;
#1582 = CARTESIAN_POINT ( 'NONE',  ( 39.99999999999999300, -23.00000000000005300, 20.36830000000003300 ) ) ;
#1583 = EDGE_CURVE ( 'NONE', #1105, #988, #2107, .T. ) ;
#1584 = DIRECTION ( 'NONE',  ( 0.0000000000000000000, 0.0000000000000000000, 1.000000000000000000 ) ) ;
#1585 = CARTESIAN_POINT ( 'NONE',  ( 3.061616997868383000E-015, -25.00000000000000000, -2.000000000000000000 ) ) ;
#1586 = DIRECTION ( 'NONE',  ( 9.050731179009432500E-016, 0.0000000000000000000, -1.000000000000000000 ) ) ;
#1587 = DIRECTION ( 'NONE',  ( 0.0000000000000000000, 2.312964634635735200E-015, -1.000000000000000000 ) ) ;
#1588 = CARTESIAN_POINT ( 'NONE',  ( 8.999999999999998200, -5.999999999999996400, -2.000000000000000000 ) ) ;
#1589 = EDGE_LOOP ( 'NONE', ( #3020, #134, #3057, #2283 ) ) ;
#1590 = EDGE_CURVE ( 'NONE', #3580, #2976, #2432, .T. ) ;
#1591 = AXIS2_PLACEMENT_3D ( 'NONE', #3350, #1873, #2755 ) ;
#1592 = LINE ( 'NONE', #917, #1779 ) ;
#1593 = ORIENTED_EDGE ( 'NONE', *, *, #2397, .T. ) ;
#1594 = DIRECTION ( 'NONE',  ( 0.0000000000000000000, 0.0000000000000000000, 1.000000000000000000 ) ) ;
#1595 = EDGE_CURVE ( 'NONE', #1393, #3713, #2652, .T. ) ;
#1596 = CIRCLE ( 'NONE', #1576, 2.000000000000005300 ) ;
#1597 = ORIENTED_EDGE ( 'NONE', *, *, #2425, .T. ) ;
#1598 = PRESENTATION_LAYER_ASSIGNMENT (  '', '', ( #1669 ) ) ;
#1599 = ORIENTED_EDGE ( 'NONE', *, *, #2449, .F. ) ;
#1600 = DIRECTION ( 'NONE',  ( 0.0000000000000000000, 0.0000000000000000000, 1.000000000000000000 ) ) ;
#1601 = LINE ( 'NONE', #64, #79 ) ;
#1602 = CARTESIAN_POINT ( 'NONE',  ( 49.99999999999998600, -2.736599999999985500, -2.168404344971008900E-016 ) ) ;
#1603 = DIRECTION ( 'NONE',  ( 0.0000000000000000000, 0.0000000000000000000, 1.000000000000000000 ) ) ;
#1604 = FACE_OUTER_BOUND ( 'NONE', #1789, .T. ) ;
#1605 = ORIENTED_EDGE ( 'NONE', *, *, #1622, .F. ) ;
#1606 = ORIENTED_EDGE ( 'NONE', *, *, #3361, .F. ) ;
#1607 = FACE_OUTER_BOUND ( 'NONE', #2515, .T. ) ;
#1608 = CARTESIAN_POINT ( 'NONE',  ( 27.99999999999999600, -25.99999999999999600, -2.000000000000000000 ) ) ;
#1609 = ORIENTED_EDGE ( 'NONE', *, *, #3502, .T. ) ;
#1610 = ORIENTED_EDGE ( 'NONE', *, *, #1306, .F. ) ;
#1611 = DIRECTION ( 'NONE',  ( -0.0000000000000000000, -1.000000000000000000, -0.0000000000000000000 ) ) ;
#1612 = ORIENTED_EDGE ( 'NONE', *, *, #2353, .T. ) ;
#1613 = DIRECTION ( 'NONE',  ( 0.0000000000000000000, -1.000000000000000000, 3.491481338843133000E-015 ) ) ;
#1614 = ORIENTED_EDGE ( 'NONE', *, *, #294, .F. ) ;
#1615 = ORIENTED_EDGE ( 'NONE', *, *, #3506, .F. ) ;
#1616 = DIRECTION ( 'NONE',  ( 0.0000000000000000000, 4.625929269271470300E-015, -1.000000000000000000 ) ) ;
#1617 = EDGE_CURVE ( 'NONE', #39, #1838, #412, .T. ) ;
#1618 = DIRECTION ( 'NONE',  ( 0.0000000000000000000, -4.625929269271463200E-015, 1.000000000000000000 ) ) ;
#1619 = FACE_BOUND ( 'NONE', #2273, .T. ) ;
#1620 = DIRECTION ( 'NONE',  ( 0.0000000000000000000, 0.0000000000000000000, 1.000000000000000000 ) ) ;
#1621 = CIRCLE ( 'NONE', #859, 2.000000000000005300 ) ;
#1622 = EDGE_CURVE ( 'NONE', #2655, #1988, #1348, .T. ) ;
#1623 = AXIS2_PLACEMENT_3D ( 'NONE', #1225, #1525, #323 ) ;
#1624 = CARTESIAN_POINT ( 'NONE',  ( 0.0000000000000000000, -1.999999999999997300, 0.7365999999999973700 ) ) ;
#1625 = LINE ( 'NONE', #2479, #3076 ) ;
#1626 = CARTESIAN_POINT ( 'NONE',  ( 50.50000000000000000, -30.26339999999999000, 0.7365999999999993700 ) ) ;
#1627 = CARTESIAN_POINT ( 'NONE',  ( 38.50000000000000000, -0.9999999999999945600, -2.000000000000000000 ) ) ;
#1628 = EDGE_CURVE ( 'NONE', #1430, #2454, #263, .T. ) ;
#1629 = PLANE ( 'NONE',  #1743 ) ;
#1630 = CARTESIAN_POINT ( 'NONE',  ( 50.49999999999998600, -33.00000000000006400, 23.00000000000000000 ) ) ;
#1631 = VERTEX_POINT ( 'NONE', #2840 ) ;
#1632 = DIRECTION ( 'NONE',  ( 0.0000000000000000000, 0.0000000000000000000, -1.000000000000000000 ) ) ;
#1633 = ORIENTED_EDGE ( 'NONE', *, *, #3698, .F. ) ;
#1634 = DIRECTION ( 'NONE',  ( 0.0000000000000000000, 2.312964634635737900E-015, -1.000000000000000000 ) ) ;
#1635 = ORIENTED_EDGE ( 'NONE', *, *, #165, .F. ) ;
#1636 = CARTESIAN_POINT ( 'NONE',  ( 56.00000000000000000, -8.999999999999985800, 0.0000000000000000000 ) ) ;
#1637 = FACE_OUTER_BOUND ( 'NONE', #1730, .T. ) ;
#1638 = EDGE_CURVE ( 'NONE', #3395, #665, #1110, .T. ) ;
#1639 = EDGE_LOOP ( 'NONE', ( #1107, #2793, #1842, #1352, #2786, #1210 ) ) ;
#1640 = ORIENTED_EDGE ( 'NONE', *, *, #1404, .T. ) ;
#1641 = AXIS2_PLACEMENT_3D ( 'NONE', #1796, #916, #29 ) ;
#1642 = VECTOR ( 'NONE', #1776, 1000.000000000000000 ) ;
#1643 = VERTEX_POINT ( 'NONE', #2849 ) ;
#1644 = ORIENTED_EDGE ( 'NONE', *, *, #7, .T. ) ;
#1645 = AXIS2_PLACEMENT_3D ( 'NONE', #96, #2378, #3270 ) ;
#1646 = CIRCLE ( 'NONE', #1975, 1.500000000000001300 ) ;
#1647 = VERTEX_POINT ( 'NONE', #1402 ) ;
#1648 = ORIENTED_EDGE ( 'NONE', *, *, #1880, .T. ) ;
#1649 = DIRECTION ( 'NONE',  ( 1.652117596168387800E-016, -1.000000000000000000, -3.318601432303456600E-015 ) ) ;
#1650 = DIRECTION ( 'NONE',  ( 1.652117596168387800E-016, -1.000000000000000000, -3.318601432303456600E-015 ) ) ;
#1651 = CYLINDRICAL_SURFACE ( 'NONE', #808, 2.736600000000000100 ) ;
#1652 = ORIENTED_EDGE ( 'NONE', *, *, #2002, .F. ) ;
#1653 = DIRECTION ( 'NONE',  ( 0.0000000000000000000, 2.312964634635731600E-015, -1.000000000000000000 ) ) ;
#1654 = ORIENTED_EDGE ( 'NONE', *, *, #2481, .F. ) ;
#1655 = DIRECTION ( 'NONE',  ( 1.000000000000000000, 1.652117596168387800E-016, -8.758115402030106700E-047 ) ) ;
#1656 = ORIENTED_EDGE ( 'NONE', *, *, #674, .T. ) ;
#1657 = ORIENTED_EDGE ( 'NONE', *, *, #1529, .T. ) ;
#1658 = DIRECTION ( 'NONE',  ( 1.000000000000000000, 0.0000000000000000000, 0.0000000000000000000 ) ) ;
#1659 = CIRCLE ( 'NONE', #3317, 1.500000000000001300 ) ;
#1660 = ORIENTED_EDGE ( 'NONE', *, *, #1248, .F. ) ;
#1661 = LINE ( 'NONE', #2617, #3445 ) ;
#1662 = CARTESIAN_POINT ( 'NONE',  ( 22.50000000000000000, -18.99999999999999300, 0.0000000000000000000 ) ) ;
#1663 = EDGE_CURVE ( 'NONE', #3376, #1396, #3434, .T. ) ;
#1664 = FACE_BOUND ( 'NONE', #2632, .T. ) ;
#1665 = CARTESIAN_POINT ( 'NONE',  ( 19.00000000000000000, -15.00000000000000000, 0.0000000000000000000 ) ) ;
#1666 = CIRCLE ( 'NONE', #1314, 1.499999999999994400 ) ;
#1667 = CARTESIAN_POINT ( 'NONE',  ( 49.99999999999998600, -2.736599999999984200, 0.7366000000000007000 ) ) ;
#1668 = EDGE_CURVE ( 'NONE', #728, #321, #1255, .T. ) ;
#1669 = STYLED_ITEM ( 'NONE', ( #1037 ), #3130 ) ;
#1670 = DIRECTION ( 'NONE',  ( -1.652117596168387800E-016, 1.000000000000000000, 3.491481338843133400E-015 ) ) ;
#1671 = DIRECTION ( 'NONE',  ( 0.0000000000000000000, 0.0000000000000000000, 1.000000000000000000 ) ) ;
#1672 = CARTESIAN_POINT ( 'NONE',  ( 25.99999999999998200, -33.00000000000003600, 13.36829999999999600 ) ) ;
#1673 = AXIS2_PLACEMENT_3D ( 'NONE', #1750, #45, #2044 ) ;
#1674 = CARTESIAN_POINT ( 'NONE',  ( 8.499999999999998200, -25.00000000000000000, -2.000000000000000000 ) ) ;
#1675 = CARTESIAN_POINT ( 'NONE',  ( 29.50000000000000400, -11.99999999999999600, -2.000000000000000000 ) ) ;
#1676 = EDGE_LOOP ( 'NONE', ( #3087, #3627, #952, #2658, #2311, #1464 ) ) ;
#1677 = CARTESIAN_POINT ( 'NONE',  ( 3.061616997868383000E-015, -25.00000000000000000, -2.000000000000000000 ) ) ;
#1678 = ORIENTED_EDGE ( 'NONE', *, *, #2667, .T. ) ;
#1679 = LINE ( 'NONE', #209, #349 ) ;
#1680 = EDGE_CURVE ( 'NONE', #665, #1527, #3710, .T. ) ;
#1681 = CIRCLE ( 'NONE', #1890, 1.500000000000004900 ) ;
#1682 = CARTESIAN_POINT ( 'NONE',  ( 59.00000000000000000, -2.736599999999971300, -2.000000000000000000 ) ) ;
#1683 = CARTESIAN_POINT ( 'NONE',  ( 4.999999999999997300, -18.99999999999999300, -2.000000000000000000 ) ) ;
#1684 = CIRCLE ( 'NONE', #2319, 2.000000000000003600 ) ;
#1685 = FACE_OUTER_BOUND ( 'NONE', #1947, .T. ) ;
#1686 = ORIENTED_EDGE ( 'NONE', *, *, #2315, .F. ) ;
#1687 = CYLINDRICAL_SURFACE ( 'NONE', #1172, 2.736600000000001000 ) ;
#1688 = EDGE_CURVE ( 'NONE', #3299, #2392, #894, .T. ) ;
#1689 = CARTESIAN_POINT ( 'NONE',  ( 8.999999999999998200, 0.0000000000000000000, -6.982962677686266700E-015 ) ) ;
#1690 = CIRCLE ( 'NONE', #1932, 3.999999999999996400 ) ;
#1691 = EDGE_LOOP ( 'NONE', ( #1111, #1286, #1281, #1369 ) ) ;
#1692 = AXIS2_PLACEMENT_3D ( 'NONE', #2456, #3357, #1322 ) ;
#1693 = CARTESIAN_POINT ( 'NONE',  ( 26.00000000000000000, -7.999999999999998200, -2.000000000000000000 ) ) ;
#1694 = FACE_OUTER_BOUND ( 'NONE', #1118, .T. ) ;
#1695 = ORIENTED_EDGE ( 'NONE', *, *, #1680, .T. ) ;
#1696 = ORIENTED_EDGE ( 'NONE', *, *, #43, .T. ) ;
#1697 = AXIS2_PLACEMENT_3D ( 'NONE', #261, #2252, #3439 ) ;
#1698 = EDGE_CURVE ( 'NONE', #2016, #724, #2927, .T. ) ;
#1699 = ORIENTED_EDGE ( 'NONE', *, *, #3343, .F. ) ;
#1700 = DIRECTION ( 'NONE',  ( 0.0000000000000000000, 0.0000000000000000000, 1.000000000000000000 ) ) ;
#1701 = ORIENTED_EDGE ( 'NONE', *, *, #1931, .F. ) ;
#1702 = DIRECTION ( 'NONE',  ( -7.359504293276601900E-017, 0.0000000000000000000, -1.000000000000000000 ) ) ;
#1703 = DIRECTION ( 'NONE',  ( 0.0000000000000000000, 3.318601432303456900E-015, -1.000000000000000000 ) ) ;
#1704 = COLOUR_RGB ( '',0.5294117647058823600, 0.5490196078431373000, 0.5490196078431373000 ) ;
#1705 = ORIENTED_EDGE ( 'NONE', *, *, #2123, .T. ) ;
#1706 = CARTESIAN_POINT ( 'NONE',  ( 33.00000000000000000, -33.00000000000003600, 13.36830000000000100 ) ) ;
#1707 = CARTESIAN_POINT ( 'NONE',  ( 8.999999999999998200, -2.736599999999997500, 0.0000000000000000000 ) ) ;
#1708 = LINE ( 'NONE', #1780, #997 ) ;
#1709 = CARTESIAN_POINT ( 'NONE',  ( 53.50000000000000000, 7.245890351120992800E-014, 17.00000000000000000 ) ) ;
#1710 = FACE_BOUND ( 'NONE', #2873, .T. ) ;
#1711 = DIRECTION ( 'NONE',  ( 1.652117596168387800E-016, -1.000000000000000000, -3.318601432303456600E-015 ) ) ;
#1712 = EDGE_CURVE ( 'NONE', #39, #3689, #498, .T. ) ;
#1713 = AXIS2_PLACEMENT_3D ( 'NONE', #1531, #2124, #374 ) ;
#1714 = DIRECTION ( 'NONE',  ( 1.652117596168387800E-016, -1.000000000000000000, -3.318601432303456900E-015 ) ) ;
#1715 = DIRECTION ( 'NONE',  ( 0.0000000000000000000, 0.0000000000000000000, 1.000000000000000000 ) ) ;
#1716 = CARTESIAN_POINT ( 'NONE',  ( 5.121564548122012800E-015, -31.00000000000006800, 23.00000000000000700 ) ) ;
#1717 = AXIS2_PLACEMENT_3D ( 'NONE', #3409, #1325, #3046 ) ;
#1718 = DIRECTION ( 'NONE',  ( 1.000000000000000000, 0.0000000000000000000, 0.0000000000000000000 ) ) ;
#1719 = CARTESIAN_POINT ( 'NONE',  ( 39.99999999999999300, -0.9999999999999947800, 0.0000000000000000000 ) ) ;
#1720 = ORIENTED_EDGE ( 'NONE', *, *, #3095, .F. ) ;
#1721 = CARTESIAN_POINT ( 'NONE',  ( 54.00000000000000000, -18.99999999999998600, 0.0000000000000000000 ) ) ;
#1722 = ADVANCED_FACE ( 'NONE', ( #1793 ), #3347, .F. ) ;
#1723 = CARTESIAN_POINT ( 'NONE',  ( 11.99999999999998000, -33.00000000000002800, 11.86829999999997700 ) ) ;
#1724 = VERTEX_POINT ( 'NONE', #2901 ) ;
#1725 = DIRECTION ( 'NONE',  ( 0.0000000000000000000, 0.0000000000000000000, 1.000000000000000000 ) ) ;
#1726 = EDGE_LOOP ( 'NONE', ( #1435, #2653, #1818, #438 ) ) ;
#1727 = VERTEX_POINT ( 'NONE', #2024 ) ;
#1728 = DIRECTION ( 'NONE',  ( 1.000000000000000000, 0.0000000000000000000, 0.0000000000000000000 ) ) ;
#1729 = VERTEX_POINT ( 'NONE', #1198 ) ;
#1730 = EDGE_LOOP ( 'NONE', ( #853, #1739, #588, #783 ) ) ;
#1731 = LINE ( 'NONE', #3320, #1149 ) ;
#1732 = ORIENTED_EDGE ( 'NONE', *, *, #2835, .F. ) ;
#1733 = EDGE_CURVE ( 'NONE', #1396, #3376, #3255, .T. ) ;
#1734 = ORIENTED_EDGE ( 'NONE', *, *, #3663, .F. ) ;
#1735 = DIRECTION ( 'NONE',  ( 0.0000000000000000000, 0.0000000000000000000, 1.000000000000000000 ) ) ;
#1736 = LINE ( 'NONE', #1630, #986 ) ;
#1737 = ORIENTED_EDGE ( 'NONE', *, *, #2935, .F. ) ;
#1738 = DIRECTION ( 'NONE',  ( 0.0000000000000000000, 0.0000000000000000000, 1.000000000000000000 ) ) ;
#1739 = ORIENTED_EDGE ( 'NONE', *, *, #1898, .T. ) ;
#1740 = DIRECTION ( 'NONE',  ( 0.0000000000000000000, 0.0000000000000000000, 1.000000000000000000 ) ) ;
#1741 = EDGE_CURVE ( 'NONE', #3713, #3109, #3106, .T. ) ;
#1742 = DIRECTION ( 'NONE',  ( 0.0000000000000000000, 0.0000000000000000000, 1.000000000000000000 ) ) ;
#1743 = AXIS2_PLACEMENT_3D ( 'NONE', #547, #240, #2261 ) ;
#1744 = VECTOR ( 'NONE', #903, 1000.000000000000000 ) ;
#1745 = ORIENTED_EDGE ( 'NONE', *, *, #2099, .T. ) ;
#1746 = VERTEX_POINT ( 'NONE', #647 ) ;
#1747 = CARTESIAN_POINT ( 'NONE',  ( 33.00000000000000000, -7.999999999999998200, 0.0000000000000000000 ) ) ;
#1748 = ADVANCED_FACE ( 'NONE', ( #586 ), #1387, .F. ) ;
#1749 = ORIENTED_EDGE ( 'NONE', *, *, #516, .F. ) ;
#1750 = CARTESIAN_POINT ( 'NONE',  ( 47.00000000000000000, -7.999999999999991100, -2.000000000000000000 ) ) ;
#1751 = ORIENTED_EDGE ( 'NONE', *, *, #2013, .T. ) ;
#1752 = MECHANICAL_DESIGN_GEOMETRIC_PRESENTATION_REPRESENTATION (  '', ( #2769 ), #2721 ) ;
#1753 = CARTESIAN_POINT ( 'NONE',  ( 26.00000000000000000, -7.999999999999998200, -2.000000000000000000 ) ) ;
#1754 = LINE ( 'NONE', #35, #1573 ) ;
#1755 = ORIENTED_EDGE ( 'NONE', *, *, #1880, .F. ) ;
#1756 = CARTESIAN_POINT ( 'NONE',  ( 39.99999999999999300, -31.00000000000005000, 18.86830000000000100 ) ) ;
#1757 = CARTESIAN_POINT ( 'NONE',  ( 40.00000000000000700, -23.00000000000000000, 4.868300000000028000 ) ) ;
#1758 = CARTESIAN_POINT ( 'NONE',  ( 22.50000000000000000, -18.99999999999999300, -2.000000000000000000 ) ) ;
#1759 = VECTOR ( 'NONE', #468, 1000.000000000000000 ) ;
#1760 = DIRECTION ( 'NONE',  ( 0.0000000000000000000, 0.0000000000000000000, 1.000000000000000000 ) ) ;
#1761 = CIRCLE ( 'NONE', #600, 1.999999999999998200 ) ;
#1762 = CARTESIAN_POINT ( 'NONE',  ( 0.0000000000000000000, 0.0000000000000000000, 0.0000000000000000000 ) ) ;
#1763 = CARTESIAN_POINT ( 'NONE',  ( 56.00000000000000000, -18.99999999999998600, 0.0000000000000000000 ) ) ;
#1764 = PLANE ( 'NONE',  #824 ) ;
#1765 = DIRECTION ( 'NONE',  ( -1.000000000000000000, -2.449293598294702500E-016, 3.503246160812042700E-046 ) ) ;
#1766 = EDGE_CURVE ( 'NONE', #71, #2704, #631, .T. ) ;
#1767 = AXIS2_PLACEMENT_3D ( 'NONE', #745, #2245, #3427 ) ;
#1768 = DIRECTION ( 'NONE',  ( 0.0000000000000000000, -1.000000000000000000, 0.0000000000000000000 ) ) ;
#1769 = ADVANCED_FACE ( 'NONE', ( #2828 ), #1500, .T. ) ;
#1770 = DIRECTION ( 'NONE',  ( 0.0000000000000000000, 0.0000000000000000000, 1.000000000000000000 ) ) ;
#1771 = CARTESIAN_POINT ( 'NONE',  ( 41.50000000000000700, -15.00000000000000000, -2.000000000000000000 ) ) ;
#1772 = DIRECTION ( 'NONE',  ( 1.000000000000000000, -0.0000000000000000000, -0.0000000000000000000 ) ) ;
#1773 = ORIENTED_EDGE ( 'NONE', *, *, #7, .F. ) ;
#1774 = CARTESIAN_POINT ( 'NONE',  ( 11.99999999999998000, -31.00000000000003200, 11.86829999999998200 ) ) ;
#1775 = AXIS2_PLACEMENT_3D ( 'NONE', #1811, #1772, #390 ) ;
#1776 = DIRECTION ( 'NONE',  ( 1.652117596168387800E-016, -1.000000000000000000, -3.318601432303456900E-015 ) ) ;
#1777 = EDGE_LOOP ( 'NONE', ( #641, #2439, #1884, #1834 ) ) ;
#1778 = DIRECTION ( 'NONE',  ( 0.0000000000000000000, -3.469446951953605100E-015, -1.000000000000000000 ) ) ;
#1779 = VECTOR ( 'NONE', #2578, 1000.000000000000000 ) ;
#1780 = CARTESIAN_POINT ( 'NONE',  ( 49.99999999999999300, 5.021051876504148200E-015, -2.000000000000000000 ) ) ;
#1781 = LINE ( 'NONE', #2209, #931 ) ;
#1782 = ADVANCED_FACE ( 'NONE', ( #2601 ), #3624, .F. ) ;
#1783 = LINE ( 'NONE', #2844, #567 ) ;
#1784 = ORIENTED_EDGE ( 'NONE', *, *, #3650, .T. ) ;
#1785 = VECTOR ( 'NONE', #2332, 1000.000000000000000 ) ;
#1786 = DIRECTION ( 'NONE',  ( 0.0000000000000000000, 3.469446951953607900E-015, 1.000000000000000000 ) ) ;
#1787 = VECTOR ( 'NONE', #2122, 1000.000000000000000 ) ;
#1788 = VERTEX_POINT ( 'NONE', #57 ) ;
#1789 = EDGE_LOOP ( 'NONE', ( #3394, #95, #3707, #878 ) ) ;
#1790 = ADVANCED_FACE ( 'NONE', ( #3527 ), #1764, .T. ) ;
#1791 = CARTESIAN_POINT ( 'NONE',  ( 0.0000000000000000000, 0.0000000000000000000, -2.000000000000000000 ) ) ;
#1792 = EDGE_CURVE ( 'NONE', #970, #2556, #2553, .T. ) ;
#1793 = FACE_OUTER_BOUND ( 'NONE', #2791, .T. ) ;
#1794 = EDGE_LOOP ( 'NONE', ( #905, #670, #2933, #1524 ) ) ;
#1795 = AXIS2_PLACEMENT_3D ( 'NONE', #3079, #2221, #1658 ) ;
#1796 = CARTESIAN_POINT ( 'NONE',  ( 54.00000000000000000, -18.99999999999998600, -2.000000000000000000 ) ) ;
#1797 = ORIENTED_EDGE ( 'NONE', *, *, #2992, .T. ) ;
#1798 =( NAMED_UNIT ( * ) PLANE_ANGLE_UNIT ( ) SI_UNIT ( $, .RADIAN. ) );
#1799 = ORIENTED_EDGE ( 'NONE', *, *, #1924, .F. ) ;
#1800 = DIRECTION ( 'NONE',  ( 2.449293598294702500E-016, -1.000000000000000000, 3.491481338843133000E-015 ) ) ;
#1801 = VERTEX_POINT ( 'NONE', #2346 ) ;
#1802 = EDGE_CURVE ( 'NONE', #729, #3232, #1031, .T. ) ;
#1803 = CARTESIAN_POINT ( 'NONE',  ( 40.00000000000000000, -23.00000000000002800, 11.86830000000002800 ) ) ;
#1804 = ORIENTED_EDGE ( 'NONE', *, *, #430, .T. ) ;
#1805 = CIRCLE ( 'NONE', #255, 1.999999999999998200 ) ;
#1806 = CARTESIAN_POINT ( 'NONE',  ( 53.50000000000000700, -1.999999999999968900, 5.000000000000004400 ) ) ;
#1807 = FACE_BOUND ( 'NONE', #2698, .T. ) ;
#1808 = ADVANCED_FACE ( 'NONE', ( #2469 ), #1651, .T. ) ;
#1809 = CARTESIAN_POINT ( 'NONE',  ( 47.00000000000000000, -23.00000000000002800, 11.86830000000003000 ) ) ;
#1810 = CARTESIAN_POINT ( 'NONE',  ( 2.000000000000000000, -1.999999999999919800, 23.00000000000000700 ) ) ;
#1811 = CARTESIAN_POINT ( 'NONE',  ( 50.50000000000000000, -30.26339999999999000, 0.7365999999999993700 ) ) ;
#1812 = CARTESIAN_POINT ( 'NONE',  ( 47.99999999999999300, 3.999999999999994700, -2.000000000000000000 ) ) ;
#1813 = EDGE_CURVE ( 'NONE', #2522, #354, #1837, .T. ) ;
#1814 = DIRECTION ( 'NONE',  ( 1.652117596168387800E-016, -1.000000000000000000, -3.318601432303456900E-015 ) ) ;
#1815 = DIRECTION ( 'NONE',  ( 0.0000000000000000000, 0.0000000000000000000, 1.000000000000000000 ) ) ;
#1816 = EDGE_CURVE ( 'NONE', #2539, #1388, #3202, .T. ) ;
#1817 = AXIS2_PLACEMENT_3D ( 'NONE', #3647, #1358, #193 ) ;
#1818 = ORIENTED_EDGE ( 'NONE', *, *, #2730, .T. ) ;
#1819 = DIRECTION ( 'NONE',  ( 0.0000000000000000000, 0.0000000000000000000, 1.000000000000000000 ) ) ;
#1820 = CIRCLE ( 'NONE', #990, 1.500000000000003100 ) ;
#1821 = CARTESIAN_POINT ( 'NONE',  ( 4.999999999999997300, -18.99999999999999300, -2.000000000000000000 ) ) ;
#1822 = EDGE_CURVE ( 'NONE', #3066, #2259, #1477, .T. ) ;
#1823 = ADVANCED_FACE ( 'NONE', ( #3584 ), #37, .F. ) ;
#1824 = EDGE_LOOP ( 'NONE', ( #3085, #3108, #318, #28 ) ) ;
#1825 = ORIENTED_EDGE ( 'NONE', *, *, #1166, .F. ) ;
#1826 = CIRCLE ( 'NONE', #1673, 1.499999999999994400 ) ;
#1827 = CYLINDRICAL_SURFACE ( 'NONE', #3151, 2.000000000000003600 ) ;
#1828 = ORIENTED_EDGE ( 'NONE', *, *, #757, .T. ) ;
#1829 = ORIENTED_EDGE ( 'NONE', *, *, #460, .F. ) ;
#1830 = CARTESIAN_POINT ( 'NONE',  ( 59.00000000000000000, -24.99999999999999300, -2.000000000000000000 ) ) ;
#1831 = DIRECTION ( 'NONE',  ( 0.0000000000000000000, 0.0000000000000000000, -1.000000000000000000 ) ) ;
#1832 = DIRECTION ( 'NONE',  ( 1.000000000000000000, 0.0000000000000000000, 0.0000000000000000000 ) ) ;
#1833 = VECTOR ( 'NONE', #2530, 1000.000000000000000 ) ;
#1834 = ORIENTED_EDGE ( 'NONE', *, *, #91, .T. ) ;
#1835 = ORIENTED_EDGE ( 'NONE', *, *, #2202, .F. ) ;
#1836 = DIRECTION ( 'NONE',  ( 1.652117596168387800E-016, -1.000000000000000000, -3.318601432303456600E-015 ) ) ;
#1837 = CIRCLE ( 'NONE', #3359, 1.500000000000001300 ) ;
#1838 = VERTEX_POINT ( 'NONE', #88 ) ;
#1839 = ORIENTED_EDGE ( 'NONE', *, *, #1802, .T. ) ;
#1840 = EDGE_CURVE ( 'NONE', #1023, #2130, #1206, .T. ) ;
#1841 = AXIS2_PLACEMENT_3D ( 'NONE', #3298, #3558, #386 ) ;
#1842 = ORIENTED_EDGE ( 'NONE', *, *, #1004, .F. ) ;
#1843 = ORIENTED_EDGE ( 'NONE', *, *, #1051, .T. ) ;
#1844 = FACE_BOUND ( 'NONE', #272, .T. ) ;
#1845 = ORIENTED_EDGE ( 'NONE', *, *, #3583, .T. ) ;
#1846 = CARTESIAN_POINT ( 'NONE',  ( 17.49999999999999600, -15.00000000000000000, -2.000000000000000000 ) ) ;
#1847 = CARTESIAN_POINT ( 'NONE',  ( 8.499999999999984000, -33.00000000000007100, 23.00000000000000000 ) ) ;
#1848 = AXIS2_PLACEMENT_3D ( 'NONE', #680, #2405, #2989 ) ;
#1849 = FACE_OUTER_BOUND ( 'NONE', #2598, .T. ) ;
#1850 = CYLINDRICAL_SURFACE ( 'NONE', #2936, 1.500000000000004900 ) ;
#1851 = DIRECTION ( 'NONE',  ( 0.0000000000000000000, 3.491481338843133000E-015, 1.000000000000000000 ) ) ;
#1852 = CARTESIAN_POINT ( 'NONE',  ( 56.99999999999999300, 8.706960804339077900E-014, 20.99999999999999600 ) ) ;
#1853 = CARTESIAN_POINT ( 'NONE',  ( 33.00000000000000000, -23.00000000000002500, 10.36830000000002400 ) ) ;
#1854 = CARTESIAN_POINT ( 'NONE',  ( 27.99999999999999600, -25.99999999999999600, 0.0000000000000000000 ) ) ;
#1855 = EDGE_CURVE ( 'NONE', #3182, #3754, #137, .T. ) ;
#1856 = ORIENTED_EDGE ( 'NONE', *, *, #1122, .T. ) ;
#1857 = DIRECTION ( 'NONE',  ( 0.0000000000000000000, 0.0000000000000000000, 1.000000000000000000 ) ) ;
#1858 = EDGE_CURVE ( 'NONE', #703, #3395, #3300, .T. ) ;
#1859 = EDGE_LOOP ( 'NONE', ( #1439, #3133 ) ) ;
#1860 = AXIS2_PLACEMENT_3D ( 'NONE', #1976, #545, #1443 ) ;
#1861 = DIRECTION ( 'NONE',  ( 1.000000000000000000, 0.0000000000000000000, 0.0000000000000000000 ) ) ;
#1862 = CIRCLE ( 'NONE', #1936, 1.499999999999994400 ) ;
#1863 = DIRECTION ( 'NONE',  ( 0.0000000000000000000, -4.625929269271470300E-015, 1.000000000000000000 ) ) ;
#1864 = EDGE_LOOP ( 'NONE', ( #615, #2642, #1026, #2241 ) ) ;
#1865 = DIRECTION ( 'NONE',  ( 1.000000000000000000, 0.0000000000000000000, -7.359504293276601900E-017 ) ) ;
#1866 = CIRCLE ( 'NONE', #92, 1.500000000000001300 ) ;
#1867 = ORIENTED_EDGE ( 'NONE', *, *, #2248, .F. ) ;
#1868 = AXIS2_PLACEMENT_3D ( 'NONE', #1662, #801, #822 ) ;
#1869 = ORIENTED_EDGE ( 'NONE', *, *, #370, .T. ) ;
#1870 = VECTOR ( 'NONE', #383, 1000.000000000000000 ) ;
#1871 = CIRCLE ( 'NONE', #3557, 1.500000000000003100 ) ;
#1872 = VERTEX_POINT ( 'NONE', #2085 ) ;
#1873 = DIRECTION ( 'NONE',  ( 0.0000000000000000000, 0.0000000000000000000, 1.000000000000000000 ) ) ;
#1874 = ORIENTED_EDGE ( 'NONE', *, *, #3272, .T. ) ;
#1875 = VECTOR ( 'NONE', #3146, 1000.000000000000000 ) ;
#1876 = ORIENTED_EDGE ( 'NONE', *, *, #196, .F. ) ;
#1877 = CARTESIAN_POINT ( 'NONE',  ( 6.999999999999997300, -8.999999999999992900, -2.000000000000000000 ) ) ;
#1878 = VERTEX_POINT ( 'NONE', #946 ) ;
#1879 = CARTESIAN_POINT ( 'NONE',  ( 8.999999999999998200, 0.0000000000000000000, 0.0000000000000000000 ) ) ;
#1880 = EDGE_CURVE ( 'NONE', #2035, #3003, #2014, .T. ) ;
#1881 = ORIENTED_EDGE ( 'NONE', *, *, #1155, .F. ) ;
#1882 = VERTEX_POINT ( 'NONE', #1806 ) ;
#1883 = DIRECTION ( 'NONE',  ( -6.938893903907238200E-016, 1.000000000000000000, 0.0000000000000000000 ) ) ;
#1884 = ORIENTED_EDGE ( 'NONE', *, *, #1858, .F. ) ;
#1885 = EDGE_CURVE ( 'NONE', #49, #3734, #1156, .T. ) ;
#1886 = AXIS2_PLACEMENT_3D ( 'NONE', #2000, #3498, #3190 ) ;
#1887 = FACE_BOUND ( 'NONE', #582, .T. ) ;
#1888 = VECTOR ( 'NONE', #3037, 1000.000000000000000 ) ;
#1889 = DIRECTION ( 'NONE',  ( 0.0000000000000000000, 0.0000000000000000000, 1.000000000000000000 ) ) ;
#1890 = AXIS2_PLACEMENT_3D ( 'NONE', #467, #3680, #2468 ) ;
#1891 = EDGE_CURVE ( 'NONE', #2259, #2041, #310, .T. ) ;
#1892 = CARTESIAN_POINT ( 'NONE',  ( 24.49999999999999600, -7.999999999999998200, 0.0000000000000000000 ) ) ;
#1893 = DIRECTION ( 'NONE',  ( 1.652117596168387800E-016, -1.000000000000000000, -3.318601432303456900E-015 ) ) ;
#1894 = VECTOR ( 'NONE', #1041, 1000.000000000000000 ) ;
#1895 = DIRECTION ( 'NONE',  ( 1.000000000000000000, 0.0000000000000000000, -0.0000000000000000000 ) ) ;
#1896 = CARTESIAN_POINT ( 'NONE',  ( 50.50000000000000000, -24.99999999999999600, 0.0000000000000000000 ) ) ;
#1897 = VERTEX_POINT ( 'NONE', #2984 ) ;
#1898 = EDGE_CURVE ( 'NONE', #3294, #1927, #453, .T. ) ;
#1899 = AXIS2_PLACEMENT_3D ( 'NONE', #718, #470, #3622 ) ;
#1900 = CIRCLE ( 'NONE', #529, 2.000000000000001800 ) ;
#1901 = ORIENTED_EDGE ( 'NONE', *, *, #1595, .T. ) ;
#1902 = DIRECTION ( 'NONE',  ( 1.000000000000000000, 0.0000000000000000000, 0.0000000000000000000 ) ) ;
#1903 = FACE_OUTER_BOUND ( 'NONE', #200, .T. ) ;
#1904 = LINE ( 'NONE', #3520, #167 ) ;
#1905 = AXIS2_PLACEMENT_3D ( 'NONE', #860, #2874, #2038 ) ;
#1906 = ORIENTED_EDGE ( 'NONE', *, *, #1891, .F. ) ;
#1907 = ORIENTED_EDGE ( 'NONE', *, *, #2880, .F. ) ;
#1908 = LINE ( 'NONE', #2687, #839 ) ;
#1909 = DIRECTION ( 'NONE',  ( 0.0000000000000000000, 0.0000000000000000000, 1.000000000000000000 ) ) ;
#1910 = FACE_OUTER_BOUND ( 'NONE', #886, .T. ) ;
#1911 = ORIENTED_EDGE ( 'NONE', *, *, #2957, .T. ) ;
#1912 = ORIENTED_EDGE ( 'NONE', *, *, #1638, .T. ) ;
#1913 = DIRECTION ( 'NONE',  ( 0.0000000000000000000, 0.0000000000000000000, 1.000000000000000000 ) ) ;
#1914 = DIRECTION ( 'NONE',  ( -2.449293598294702500E-016, 1.000000000000000000, -3.491481338843133000E-015 ) ) ;
#1915 = FACE_OUTER_BOUND ( 'NONE', #849, .T. ) ;
#1916 = EDGE_LOOP ( 'NONE', ( #1385, #1569 ) ) ;
#1917 = ORIENTED_EDGE ( 'NONE', *, *, #599, .T. ) ;
#1918 = DIRECTION ( 'NONE',  ( 0.0000000000000000000, 0.0000000000000000000, 1.000000000000000000 ) ) ;
#1919 = VECTOR ( 'NONE', #1514, 1000.000000000000000 ) ;
#1920 = EDGE_LOOP ( 'NONE', ( #3084, #2768 ) ) ;
#1921 = VERTEX_POINT ( 'NONE', #3273 ) ;
#1922 = ORIENTED_EDGE ( 'NONE', *, *, #294, .T. ) ;
#1923 = DIRECTION ( 'NONE',  ( 0.0000000000000000000, 0.0000000000000000000, 1.000000000000000000 ) ) ;
#1924 = EDGE_CURVE ( 'NONE', #2285, #2383, #991, .T. ) ;
#1925 = DIRECTION ( 'NONE',  ( -2.449293598294702500E-016, 1.000000000000000000, -3.491481338843133000E-015 ) ) ;
#1926 = LINE ( 'NONE', #1365, #3593 ) ;
#1927 = VERTEX_POINT ( 'NONE', #2703 ) ;
#1928 = DIRECTION ( 'NONE',  ( 0.0000000000000000000, 0.0000000000000000000, 1.000000000000000000 ) ) ;
#1929 = CARTESIAN_POINT ( 'NONE',  ( 5.451988067355679100E-015, -32.99999999999999300, 0.7365999999999904800 ) ) ;
#1930 = VECTOR ( 'NONE', #1655, 1000.000000000000000 ) ;
#1931 = EDGE_CURVE ( 'NONE', #843, #1647, #2789, .T. ) ;
#1932 = AXIS2_PLACEMENT_3D ( 'NONE', #419, #1272, #2419 ) ;
#1933 = ADVANCED_FACE ( 'NONE', ( #2150, #2059, #537 ), #1577, .F. ) ;
#1934 = CARTESIAN_POINT ( 'NONE',  ( 5.499999999999991100, -1.999999999999982700, 5.000000000000009800 ) ) ;
#1935 = CARTESIAN_POINT ( 'NONE',  ( 49.99999999999999300, -1.999999999999983100, 0.7365999999999980300 ) ) ;
#1936 = AXIS2_PLACEMENT_3D ( 'NONE', #2760, #191, #3366 ) ;
#1937 = DIRECTION ( 'NONE',  ( 1.652117596168387800E-016, -1.000000000000000000, -3.318601432303456600E-015 ) ) ;
#1938 = CARTESIAN_POINT ( 'NONE',  ( 18.99999999999998200, -23.00000000000002500, 10.36830000000001200 ) ) ;
#1939 = CARTESIAN_POINT ( 'NONE',  ( 8.499999999999998200, -30.99999999999999300, -1.037440061393955400E-013 ) ) ;
#1940 = ORIENTED_EDGE ( 'NONE', *, *, #2582, .F. ) ;
#1941 = CARTESIAN_POINT ( 'NONE',  ( 3.061616997868383000E-015, -25.00000000000000000, -2.000000000000000000 ) ) ;
#1942 = ORIENTED_EDGE ( 'NONE', *, *, #1391, .F. ) ;
#1943 = DIRECTION ( 'NONE',  ( 0.0000000000000000000, 0.0000000000000000000, 1.000000000000000000 ) ) ;
#1944 = CIRCLE ( 'NONE', #2253, 1.500000000000001300 ) ;
#1945 = EDGE_CURVE ( 'NONE', #2628, #2225, #219, .T. ) ;
#1946 = DIRECTION ( 'NONE',  ( 0.0000000000000000000, 0.0000000000000000000, 1.000000000000000000 ) ) ;
#1947 = EDGE_LOOP ( 'NONE', ( #1867, #3002, #1856, #1154 ) ) ;
#1948 = AXIS2_PLACEMENT_3D ( 'NONE', #2291, #2581, #1455 ) ;
#1949 = LINE ( 'NONE', #1415, #3517 ) ;
#1950 = CIRCLE ( 'NONE', #3058, 0.7366000000000009200 ) ;
#1951 = VERTEX_POINT ( 'NONE', #172 ) ;
#1952 = DIRECTION ( 'NONE',  ( 1.000000000000000000, 0.0000000000000000000, 0.0000000000000000000 ) ) ;
#1953 = ORIENTED_EDGE ( 'NONE', *, *, #2761, .T. ) ;
#1954 = LINE ( 'NONE', #1448, #3010 ) ;
#1955 = AXIS2_PLACEMENT_3D ( 'NONE', #1972, #864, #2240 ) ;
#1956 = VECTOR ( 'NONE', #404, 1000.000000000000000 ) ;
#1957 = VERTEX_POINT ( 'NONE', #2409 ) ;
#1958 = AXIS2_PLACEMENT_3D ( 'NONE', #954, #654, #1863 ) ;
#1959 = ORIENTED_EDGE ( 'NONE', *, *, #3279, .F. ) ;
#1960 = DIRECTION ( 'NONE',  ( 9.050731179009426600E-016, 3.318601432303456900E-015, -1.000000000000000000 ) ) ;
#1961 = PLANE ( 'NONE',  #420 ) ;
#1962 = VECTOR ( 'NONE', #3738, 1000.000000000000000 ) ;
#1963 = ORIENTED_EDGE ( 'NONE', *, *, #3431, .T. ) ;
#1964 = DIRECTION ( 'NONE',  ( 0.0000000000000000000, 0.0000000000000000000, -1.000000000000000000 ) ) ;
#1965 = EDGE_LOOP ( 'NONE', ( #2932, #2951 ) ) ;
#1966 = DIRECTION ( 'NONE',  ( 1.000000000000000000, 0.0000000000000000000, 0.0000000000000000000 ) ) ;
#1967 = EDGE_LOOP ( 'NONE', ( #1612, #1640, #580, #2966 ) ) ;
#1968 = ORIENTED_EDGE ( 'NONE', *, *, #3104, .F. ) ;
#1969 = DIRECTION ( 'NONE',  ( 0.0000000000000000000, 0.0000000000000000000, 1.000000000000000000 ) ) ;
#1970 = ADVANCED_FACE ( 'NONE', ( #2743 ), #85, .F. ) ;
#1971 = EDGE_LOOP ( 'NONE', ( #3755, #2064, #2584, #2478 ) ) ;
#1972 = CARTESIAN_POINT ( 'NONE',  ( 47.00000000000000000, -7.999999999999991100, -2.000000000000000000 ) ) ;
#1973 = CIRCLE ( 'NONE', #461, 4.000000000000003600 ) ;
#1974 = EDGE_CURVE ( 'NONE', #3145, #2781, #802, .T. ) ;
#1975 = AXIS2_PLACEMENT_3D ( 'NONE', #3447, #1139, #3752 ) ;
#1976 = CARTESIAN_POINT ( 'NONE',  ( 19.00000000000000000, -15.00000000000000000, -2.000000000000000000 ) ) ;
#1977 = CARTESIAN_POINT ( 'NONE',  ( 18.99999999999997900, -33.00000000000006400, 20.36829999999998400 ) ) ;
#1978 = LINE ( 'NONE', #2717, #2165 ) ;
#1979 = CARTESIAN_POINT ( 'NONE',  ( 25.99999999999998200, -31.00000000000002500, 10.36829999999999800 ) ) ;
#1980 = EDGE_CURVE ( 'NONE', #881, #2691, #716, .T. ) ;
#1981 = AXIS2_PLACEMENT_3D ( 'NONE', #2298, #3496, #650 ) ;
#1982 = CARTESIAN_POINT ( 'NONE',  ( 39.99999999999999300, -23.00000000000005000, 18.86830000000003000 ) ) ;
#1983 = DIRECTION ( 'NONE',  ( -2.449293598294702500E-016, 1.000000000000000000, -3.491481338843133000E-015 ) ) ;
#1984 = AXIS2_PLACEMENT_3D ( 'NONE', #2083, #2915, #1227 ) ;
#1985 = CARTESIAN_POINT ( 'NONE',  ( 50.50000000000000000, -30.99999999999999300, 0.7365999999999969200 ) ) ;
#1986 = DIRECTION ( 'NONE',  ( 1.000000000000000000, 0.0000000000000000000, 0.0000000000000000000 ) ) ;
#1987 = DIRECTION ( 'NONE',  ( 0.0000000000000000000, 4.710082747696980300E-015, -1.000000000000000000 ) ) ;
#1988 = VERTEX_POINT ( 'NONE', #2475 ) ;
#1989 = CARTESIAN_POINT ( 'NONE',  ( 29.50000000000000000, -25.99999999999999600, -2.000000000000000000 ) ) ;
#1990 = DIRECTION ( 'NONE',  ( 2.449293598294703900E-016, -1.000000000000000000, 3.491481338843133400E-015 ) ) ;
#1991 = LINE ( 'NONE', #2437, #2858 ) ;
#1992 = EDGE_CURVE ( 'NONE', #760, #2691, #2695, .T. ) ;
#1993 = DIRECTION ( 'NONE',  ( 0.0000000000000000000, 2.312964634635737900E-015, -1.000000000000000000 ) ) ;
#1994 = VECTOR ( 'NONE', #2626, 1000.000000000000000 ) ;
#1995 = LINE ( 'NONE', #1259, #2091 ) ;
#1996 = EDGE_LOOP ( 'NONE', ( #809, #622, #2754, #3631 ) ) ;
#1997 = ORIENTED_EDGE ( 'NONE', *, *, #3614, .F. ) ;
#1998 = CARTESIAN_POINT ( 'NONE',  ( 40.00000000000000700, -23.00000000000000000, 4.868300000000028000 ) ) ;
#1999 = LINE ( 'NONE', #2735, #1245 ) ;
#2000 = CARTESIAN_POINT ( 'NONE',  ( 18.99999999999997900, -23.00000000000005700, 18.86830000000001600 ) ) ;
#2001 = ADVANCED_FACE ( 'NONE', ( #1560 ), #2875, .F. ) ;
#2002 = EDGE_CURVE ( 'NONE', #2225, #690, #2100, .T. ) ;
#2003 = CARTESIAN_POINT ( 'NONE',  ( 8.499999999999992900, -32.99999999999999300, 0.7365999999999901500 ) ) ;
#2004 = VERTEX_POINT ( 'NONE', #431 ) ;
#2005 = AXIS2_PLACEMENT_3D ( 'NONE', #3415, #1943, #228 ) ;
#2006 = ORIENTED_EDGE ( 'NONE', *, *, #2288, .F. ) ;
#2007 = DIRECTION ( 'NONE',  ( 0.0000000000000000000, 0.0000000000000000000, 1.000000000000000000 ) ) ;
#2008 = DIRECTION ( 'NONE',  ( -2.449293598294703900E-016, 1.000000000000000000, -3.491481338843133400E-015 ) ) ;
#2009 = VECTOR ( 'NONE', #151, 1000.000000000000000 ) ;
#2010 = ORIENTED_EDGE ( 'NONE', *, *, #229, .F. ) ;
#2011 = ORIENTED_EDGE ( 'NONE', *, *, #2263, .F. ) ;
#2012 = ADVANCED_FACE ( 'NONE', ( #1694 ), #3014, .F. ) ;
#2013 = EDGE_CURVE ( 'NONE', #1957, #1080, #409, .T. ) ;
#2014 = LINE ( 'NONE', #3606, #1919 ) ;
#2015 = ORIENTED_EDGE ( 'NONE', *, *, #2567, .T. ) ;
#2016 = VERTEX_POINT ( 'NONE', #2188 ) ;
#2017 = ORIENTED_EDGE ( 'NONE', *, *, #351, .T. ) ;
#2018 = CARTESIAN_POINT ( 'NONE',  ( 8.999999999999998200, -5.999999999999996400, 0.0000000000000000000 ) ) ;
#2019 = CARTESIAN_POINT ( 'NONE',  ( 29.50000000000000400, -11.99999999999999600, -2.000000000000000000 ) ) ;
#2020 = LINE ( 'NONE', #3552, #3026 ) ;
#2021 = ORIENTED_EDGE ( 'NONE', *, *, #2343, .F. ) ;
#2022 = CIRCLE ( 'NONE', #3236, 1.500000000000004900 ) ;
#2023 = ADVANCED_FACE ( 'NONE', ( #579 ), #1522, .F. ) ;
#2024 = CARTESIAN_POINT ( 'NONE',  ( 43.99999999999999300, -7.999999999999996400, -2.000000000000000000 ) ) ;
#2025 = DIRECTION ( 'NONE',  ( 1.652117596168387800E-016, -1.000000000000000000, -3.318601432303456600E-015 ) ) ;
#2026 = EDGE_CURVE ( 'NONE', #3489, #628, #3579, .T. ) ;
#2027 = AXIS2_PLACEMENT_3D ( 'NONE', #3332, #3644, #1586 ) ;
#2028 = ADVANCED_FACE ( 'NONE', ( #943 ), #733, .T. ) ;
#2029 = DIRECTION ( 'NONE',  ( 1.000000000000000000, 0.0000000000000000000, 0.0000000000000000000 ) ) ;
#2030 = DIRECTION ( 'NONE',  ( 0.0000000000000000000, 0.0000000000000000000, 1.000000000000000000 ) ) ;
#2031 = AXIS2_PLACEMENT_3D ( 'NONE', #2211, #509, #3400 ) ;
#2032 = DIRECTION ( 'NONE',  ( 0.0000000000000000000, 0.0000000000000000000, 1.000000000000000000 ) ) ;
#2033 = DIRECTION ( 'NONE',  ( 1.652117596168387800E-016, -1.000000000000000000, -3.318601432303456600E-015 ) ) ;
#2034 = ORIENTED_EDGE ( 'NONE', *, *, #1029, .F. ) ;
#2035 = VERTEX_POINT ( 'NONE', #3635 ) ;
#2036 = DIRECTION ( 'NONE',  ( 0.0000000000000000000, 2.312964634635735200E-015, -1.000000000000000000 ) ) ;
#2037 = EDGE_LOOP ( 'NONE', ( #2187, #1261, #2310, #901 ) ) ;
#2038 = DIRECTION ( 'NONE',  ( 1.000000000000000000, 0.0000000000000000000, 0.0000000000000000000 ) ) ;
#2039 = CIRCLE ( 'NONE', #3643, 1.500000000000004900 ) ;
#2040 = CARTESIAN_POINT ( 'NONE',  ( 25.99999999999998200, -33.00000000000002800, 11.86829999999999300 ) ) ;
#2041 = VERTEX_POINT ( 'NONE', #1048 ) ;
#2042 = ORIENTED_EDGE ( 'NONE', *, *, #653, .F. ) ;
#2043 = ADVANCED_FACE ( 'NONE', ( #2232 ), #3383, .F. ) ;
#2044 = DIRECTION ( 'NONE',  ( -1.000000000000000000, 0.0000000000000000000, 0.0000000000000000000 ) ) ;
#2045 = FACE_OUTER_BOUND ( 'NONE', #254, .T. ) ;
#2046 = FACE_OUTER_BOUND ( 'NONE', #3083, .T. ) ;
#2047 = ORIENTED_EDGE ( 'NONE', *, *, #1663, .F. ) ;
#2048 = EDGE_CURVE ( 'NONE', #1144, #3262, #2597, .T. ) ;
#2049 = ORIENTED_EDGE ( 'NONE', *, *, #3207, .T. ) ;
#2050 = CARTESIAN_POINT ( 'NONE',  ( 8.999999999999998200, 0.0000000000000000000, -2.000000000000000000 ) ) ;
#2051 = DIRECTION ( 'NONE',  ( 1.652117596168387800E-016, -1.000000000000000000, -3.318601432303456600E-015 ) ) ;
#2052 = VECTOR ( 'NONE', #3702, 1000.000000000000000 ) ;
#2053 = ORIENTED_EDGE ( 'NONE', *, *, #351, .F. ) ;
#2054 = ORIENTED_EDGE ( 'NONE', *, *, #1583, .F. ) ;
#2055 = CARTESIAN_POINT ( 'NONE',  ( 5.500000000000000900, -9.999999999999932500, 19.00000000000004300 ) ) ;
#2056 = EDGE_CURVE ( 'NONE', #3580, #2508, #31, .T. ) ;
#2057 = DIRECTION ( 'NONE',  ( 1.000000000000000000, 0.0000000000000000000, 0.0000000000000000000 ) ) ;
#2058 = AXIS2_PLACEMENT_3D ( 'NONE', #3761, #247, #286 ) ;
#2059 = FACE_BOUND ( 'NONE', #1859, .T. ) ;
#2060 = ORIENTED_EDGE ( 'NONE', *, *, #483, .F. ) ;
#2061 = ORIENTED_EDGE ( 'NONE', *, *, #744, .T. ) ;
#2062 = LINE ( 'NONE', #8, #3201 ) ;
#2063 = DIRECTION ( 'NONE',  ( 0.0000000000000000000, 0.0000000000000000000, 1.000000000000000000 ) ) ;
#2064 = ORIENTED_EDGE ( 'NONE', *, *, #816, .T. ) ;
#2065 = CARTESIAN_POINT ( 'NONE',  ( 18.99999999999998200, -23.00000000000003200, 13.36830000000001600 ) ) ;
#2066 = VERTEX_POINT ( 'NONE', #478 ) ;
#2067 = DIRECTION ( 'NONE',  ( 0.0000000000000000000, 0.0000000000000000000, 1.000000000000000000 ) ) ;
#2068 = ORIENTED_EDGE ( 'NONE', *, *, #775, .T. ) ;
#2069 = CARTESIAN_POINT ( 'NONE',  ( 43.99999999999999300, -7.999999999999996400, 0.0000000000000000000 ) ) ;
#2070 = ADVANCED_FACE ( 'NONE', ( #174 ), #1251, .F. ) ;
#2071 = LINE ( 'NONE', #3302, #2664 ) ;
#2072 = DIRECTION ( 'NONE',  ( -0.0000000000000000000, 0.0000000000000000000, -1.000000000000000000 ) ) ;
#2073 = CIRCLE ( 'NONE', #1360, 1.500000000000004900 ) ;
#2074 = EDGE_CURVE ( 'NONE', #1162, #1469, #494, .T. ) ;
#2075 = FACE_OUTER_BOUND ( 'NONE', #3721, .T. ) ;
#2076 = DIRECTION ( 'NONE',  ( -2.449293598294702500E-016, 1.000000000000000000, -3.491481338843133000E-015 ) ) ;
#2077 = CARTESIAN_POINT ( 'NONE',  ( 8.999999999999998200, 2.602085213965210600E-015, 0.7365999999999904800 ) ) ;
#2078 = EDGE_CURVE ( 'NONE', #1927, #3689, #2380, .T. ) ;
#2079 = AXIS2_PLACEMENT_3D ( 'NONE', #1758, #1148, #2281 ) ;
#2080 = AXIS2_PLACEMENT_3D ( 'NONE', #640, #2693, #1205 ) ;
#2081 = EDGE_CURVE ( 'NONE', #3160, #2909, #133, .T. ) ;
#2082 = ADVANCED_FACE ( 'NONE', ( #1915 ), #625, .F. ) ;
#2083 = CARTESIAN_POINT ( 'NONE',  ( 50.50000000000000000, -30.26339999999999000, 0.7365999999999993700 ) ) ;
#2084 = ORIENTED_EDGE ( 'NONE', *, *, #1155, .T. ) ;
#2085 = CARTESIAN_POINT ( 'NONE',  ( 5.499999999999998200, 5.371933156170906800E-014, 14.99999999999999600 ) ) ;
#2086 = CARTESIAN_POINT ( 'NONE',  ( 19.00000000000000400, -0.9999999999999983300, 0.0000000000000000000 ) ) ;
#2087 = CIRCLE ( 'NONE', #659, 1.500000000000004900 ) ;
#2088 = CARTESIAN_POINT ( 'NONE',  ( 56.99999999999999300, -1.999999999999913000, 21.00000000000000400 ) ) ;
#2089 = DIRECTION ( 'NONE',  ( 0.0000000000000000000, 0.0000000000000000000, 1.000000000000000000 ) ) ;
#2090 = VECTOR ( 'NONE', #826, 1000.000000000000000 ) ;
#2091 = VECTOR ( 'NONE', #1270, 1000.000000000000000 ) ;
#2092 = DIRECTION ( 'NONE',  ( 1.000000000000000000, 0.0000000000000000000, 0.0000000000000000000 ) ) ;
#2093 = ORIENTED_EDGE ( 'NONE', *, *, #2592, .T. ) ;
#2094 = CYLINDRICAL_SURFACE ( 'NONE', #743, 1.500000000000001300 ) ;
#2095 = CARTESIAN_POINT ( 'NONE',  ( 2.000000000000000000, 8.030407079339208000E-014, 23.00000000000000000 ) ) ;
#2096 = CYLINDRICAL_SURFACE ( 'NONE', #646, 1.500000000000003100 ) ;
#2097 = ORIENTED_EDGE ( 'NONE', *, *, #136, .T. ) ;
#2098 = ORIENTED_EDGE ( 'NONE', *, *, #2343, .T. ) ;
#2099 = EDGE_CURVE ( 'NONE', #1396, #746, #2970, .T. ) ;
#2100 = LINE ( 'NONE', #440, #1342 ) ;
#2101 = ORIENTED_EDGE ( 'NONE', *, *, #1992, .F. ) ;
#2102 = AXIS2_PLACEMENT_3D ( 'NONE', #3197, #10, #1130 ) ;
#2103 = DIRECTION ( 'NONE',  ( 0.0000000000000000000, 0.0000000000000000000, 1.000000000000000000 ) ) ;
#2104 = EDGE_LOOP ( 'NONE', ( #3115, #2237, #2192, #1145 ) ) ;
#2105 = CARTESIAN_POINT ( 'NONE',  ( 33.00000000000000000, -23.00000000000003200, 13.36830000000003500 ) ) ;
#2106 = APPLICATION_PROTOCOL_DEFINITION ( 'draft international standard', 'automotive_design', 1998, #1268 ) ;
#2107 = CIRCLE ( 'NONE', #1697, 2.000000000000001800 ) ;
#2108 = ADVANCED_FACE ( 'NONE', ( #3296 ), #2785, .F. ) ;
#2109 = ORIENTED_EDGE ( 'NONE', *, *, #12, .F. ) ;
#2110 = VERTEX_POINT ( 'NONE', #1370 ) ;
#2111 = AXIS2_PLACEMENT_3D ( 'NONE', #3367, #1357, #776 ) ;
#2112 = SHAPE_DEFINITION_REPRESENTATION ( #270, #3130 ) ;
#2113 = LINE ( 'NONE', #3684, #1894 ) ;
#2114 = VERTEX_POINT ( 'NONE', #780 ) ;
#2115 = UNCERTAINTY_MEASURE_WITH_UNIT (LENGTH_MEASURE( 1.000000000000000100E-005 ), #2121, 'distance_accuracy_value', 'NONE');
#2116 = ORIENTED_EDGE ( 'NONE', *, *, #1068, .T. ) ;
#2117 = LINE ( 'NONE', #2453, #2796 ) ;
#2118 = VECTOR ( 'NONE', #2882, 1000.000000000000000 ) ;
#2119 = DIRECTION ( 'NONE',  ( 0.0000000000000000000, 0.0000000000000000000, 1.000000000000000000 ) ) ;
#2120 = FACE_BOUND ( 'NONE', #119, .T. ) ;
#2121 =( LENGTH_UNIT ( ) NAMED_UNIT ( * ) SI_UNIT ( .MILLI., .METRE. ) );
#2122 = DIRECTION ( 'NONE',  ( 0.0000000000000000000, 3.491481338843133000E-015, 1.000000000000000000 ) ) ;
#2123 = EDGE_CURVE ( 'NONE', #746, #44, #2277, .T. ) ;
#2124 = DIRECTION ( 'NONE',  ( 0.0000000000000000000, 0.0000000000000000000, 1.000000000000000000 ) ) ;
#2125 = EDGE_CURVE ( 'NONE', #366, #2879, #1153, .T. ) ;
#2126 = PLANE ( 'NONE',  #2474 ) ;
#2127 = CARTESIAN_POINT ( 'NONE',  ( 3.061616997868383000E-015, -25.00000000000000000, 0.0000000000000000000 ) ) ;
#2128 = ORIENTED_EDGE ( 'NONE', *, *, #1617, .T. ) ;
#2129 = PLANE ( 'NONE',  #966 ) ;
#2130 = VERTEX_POINT ( 'NONE', #2520 ) ;
#2131 = DIRECTION ( 'NONE',  ( 2.449293598294703900E-016, -1.000000000000000000, 3.491481338843133400E-015 ) ) ;
#2132 = VERTEX_POINT ( 'NONE', #512 ) ;
#2133 = AXIS2_PLACEMENT_3D ( 'NONE', #195, #2765, #1616 ) ;
#2134 = DIRECTION ( 'NONE',  ( 0.0000000000000000000, 3.491481338843133400E-015, 1.000000000000000000 ) ) ;
#2135 = LINE ( 'NONE', #2544, #479 ) ;
#2136 = EDGE_LOOP ( 'NONE', ( #499, #704, #303, #2907 ) ) ;
#2137 = CARTESIAN_POINT ( 'NONE',  ( 56.00000000000000000, -8.999999999999985800, -2.000000000000000000 ) ) ;
#2138 = FACE_OUTER_BOUND ( 'NONE', #216, .T. ) ;
#2139 = VECTOR ( 'NONE', #3454, 1000.000000000000000 ) ;
#2140 = EDGE_LOOP ( 'NONE', ( #3618, #1906 ) ) ;
#2141 = ORIENTED_EDGE ( 'NONE', *, *, #3325, .T. ) ;
#2142 = DIRECTION ( 'NONE',  ( 1.652117596168385800E-016, -1.000000000000000000, -3.269436733918102000E-015 ) ) ;
#2143 = DIRECTION ( 'NONE',  ( 1.000000000000000000, 0.0000000000000000000, 0.0000000000000000000 ) ) ;
#2144 = LINE ( 'NONE', #2891, #3061 ) ;
#2145 = CIRCLE ( 'NONE', #683, 1.499999999999994400 ) ;
#2146 = ORIENTED_EDGE ( 'NONE', *, *, #3614, .T. ) ;
#2147 = EDGE_CURVE ( 'NONE', #2132, #1393, #2822, .T. ) ;
#2148 = CARTESIAN_POINT ( 'NONE',  ( 39.99999999999999300, -31.00000000000004600, 17.36829999999999800 ) ) ;
#2149 = DIRECTION ( 'NONE',  ( 1.652117596168387800E-016, -1.000000000000000000, -3.318601432303456600E-015 ) ) ;
#2150 = FACE_BOUND ( 'NONE', #1486, .T. ) ;
#2151 = ORIENTED_EDGE ( 'NONE', *, *, #1133, .F. ) ;
#2152 = VERTEX_POINT ( 'NONE', #2494 ) ;
#2153 = EDGE_CURVE ( 'NONE', #2635, #2546, #2190, .T. ) ;
#2154 = AXIS2_PLACEMENT_3D ( 'NONE', #301, #2896, #2299 ) ;
#2155 = EDGE_LOOP ( 'NONE', ( #2011, #82, #1100, #2006 ) ) ;
#2156 = ORIENTED_EDGE ( 'NONE', *, *, #91, .F. ) ;
#2157 = CARTESIAN_POINT ( 'NONE',  ( 5.499999999999998200, 6.070229423939535400E-014, 17.00000000000000000 ) ) ;
#2158 = EDGE_LOOP ( 'NONE', ( #2340, #2734, #1202, #1804 ) ) ;
#2159 = AXIS2_PLACEMENT_3D ( 'NONE', #415, #1496, #1505 ) ;
#2160 = AXIS2_PLACEMENT_3D ( 'NONE', #2455, #2447, #162 ) ;
#2161 = LINE ( 'NONE', #3118, #1759 ) ;
#2162 = DIRECTION ( 'NONE',  ( 0.0000000000000000000, 0.0000000000000000000, 1.000000000000000000 ) ) ;
#2163 = FACE_OUTER_BOUND ( 'NONE', #3181, .T. ) ;
#2164 = PLANE ( 'NONE',  #3411 ) ;
#2165 = VECTOR ( 'NONE', #152, 1000.000000000000000 ) ;
#2166 = CARTESIAN_POINT ( 'NONE',  ( 40.00000000000000700, -15.00000000000000000, -2.000000000000000000 ) ) ;
#2167 = FACE_OUTER_BOUND ( 'NONE', #2416, .T. ) ;
#2168 = DIRECTION ( 'NONE',  ( 0.0000000000000000000, 0.0000000000000000000, 1.000000000000000000 ) ) ;
#2169 = CARTESIAN_POINT ( 'NONE',  ( 39.99999999999999300, -0.9999999999999947800, -2.000000000000000000 ) ) ;
#2170 = CARTESIAN_POINT ( 'NONE',  ( 33.00000000000000000, -7.999999999999998200, -2.000000000000000000 ) ) ;
#2171 = EDGE_CURVE ( 'NONE', #1838, #3625, #1736, .T. ) ;
#2172 = DIRECTION ( 'NONE',  ( 0.0000000000000000000, 0.0000000000000000000, 1.000000000000000000 ) ) ;
#2173 = EDGE_CURVE ( 'NONE', #988, #1144, #1473, .T. ) ;
#2174 = ORIENTED_EDGE ( 'NONE', *, *, #1822, .F. ) ;
#2175 = AXIS2_PLACEMENT_3D ( 'NONE', #2294, #289, #589 ) ;
#2176 = DIRECTION ( 'NONE',  ( 1.000000000000000000, 0.0000000000000000000, 0.0000000000000000000 ) ) ;
#2177 = CARTESIAN_POINT ( 'NONE',  ( 56.99999999999999300, 8.728208162598562000E-014, 20.99999999999999600 ) ) ;
#2178 = FACE_OUTER_BOUND ( 'NONE', #3656, .T. ) ;
#2179 = DIRECTION ( 'NONE',  ( 0.0000000000000000000, 2.312964634635735200E-015, -1.000000000000000000 ) ) ;
#2180 = CARTESIAN_POINT ( 'NONE',  ( 48.00000000000000000, -5.999999999999992000, -2.000000000000000000 ) ) ;
#2181 = VECTOR ( 'NONE', #1128, 1000.000000000000000 ) ;
#2182 = VECTOR ( 'NONE', #3339, 1000.000000000000000 ) ;
#2183 = PRESENTATION_LAYER_ASSIGNMENT (  '', '', ( #2769 ) ) ;
#2184 = CARTESIAN_POINT ( 'NONE',  ( 52.00000000000000000, -8.999999999999985800, 0.0000000000000000000 ) ) ;
#2185 = EDGE_LOOP ( 'NONE', ( #84, #2318, #1678, #3662 ) ) ;
#2186 = FACE_OUTER_BOUND ( 'NONE', #632, .T. ) ;
#2187 = ORIENTED_EDGE ( 'NONE', *, *, #452, .F. ) ;
#2188 = CARTESIAN_POINT ( 'NONE',  ( 52.00000000000000000, -18.99999999999998600, 0.0000000000000000000 ) ) ;
#2189 = ORIENTED_EDGE ( 'NONE', *, *, #2682, .T. ) ;
#2190 = LINE ( 'NONE', #3433, #3667 ) ;
#2191 = CIRCLE ( 'NONE', #481, 0.7366000000000039200 ) ;
#2192 = ORIENTED_EDGE ( 'NONE', *, *, #927, .T. ) ;
#2193 = ORIENTED_EDGE ( 'NONE', *, *, #627, .T. ) ;
#2194 = CARTESIAN_POINT ( 'NONE',  ( 5.499999999999991100, 1.880451817327775700E-014, 5.000000000000002700 ) ) ;
#2195 = DIRECTION ( 'NONE',  ( -1.000000000000000000, 0.0000000000000000000, 0.0000000000000000000 ) ) ;
#2196 = EDGE_CURVE ( 'NONE', #128, #311, #3477, .T. ) ;
#2197 = ORIENTED_EDGE ( 'NONE', *, *, #719, .F. ) ;
#2198 = ORIENTED_EDGE ( 'NONE', *, *, #2780, .F. ) ;
#2199 = VECTOR ( 'NONE', #3516, 1000.000000000000000 ) ;
#2200 = ORIENTED_EDGE ( 'NONE', *, *, #2942, .T. ) ;
#2201 = ORIENTED_EDGE ( 'NONE', *, *, #2491, .T. ) ;
#2202 = EDGE_CURVE ( 'NONE', #895, #3688, #3705, .T. ) ;
#2203 = AXIS2_PLACEMENT_3D ( 'NONE', #5, #2336, #2926 ) ;
#2204 = DIRECTION ( 'NONE',  ( 1.000000000000000000, 0.0000000000000000000, 0.0000000000000000000 ) ) ;
#2205 = CIRCLE ( 'NONE', #1860, 1.500000000000001300 ) ;
#2206 = CARTESIAN_POINT ( 'NONE',  ( 5.451988067355678300E-015, -32.99999999999999300, -1.164968099437003100E-013 ) ) ;
#2207 = CIRCLE ( 'NONE', #3080, 2.000000000000001800 ) ;
#2208 = EDGE_CURVE ( 'NONE', #788, #2004, #2144, .T. ) ;
#2209 = CARTESIAN_POINT ( 'NONE',  ( 40.00000000000000700, -23.00000000000000400, 6.368300000000031600 ) ) ;
#2210 = CARTESIAN_POINT ( 'NONE',  ( 52.00000000000000000, 9.286388381542391800E-014, 23.00000000000000000 ) ) ;
#2211 = CARTESIAN_POINT ( 'NONE',  ( 29.50000000000000400, -11.99999999999999600, 0.0000000000000000000 ) ) ;
#2212 = DIRECTION ( 'NONE',  ( 1.000000000000000000, 0.0000000000000000000, 0.0000000000000000000 ) ) ;
#2213 = CARTESIAN_POINT ( 'NONE',  ( 8.999999999999998200, -1.999999999999997300, 0.7365999999999973700 ) ) ;
#2214 = DIRECTION ( 'NONE',  ( 1.000000000000000000, 0.0000000000000000000, 0.0000000000000000000 ) ) ;
#2215 = EDGE_LOOP ( 'NONE', ( #2189, #1696 ) ) ;
#2216 = EDGE_CURVE ( 'NONE', #2498, #3017, #888, .T. ) ;
#2217 = AXIS2_PLACEMENT_3D ( 'NONE', #1361, #3396, #506 ) ;
#2218 = DIRECTION ( 'NONE',  ( 0.0000000000000000000, -1.000000000000000000, 3.491481338843133000E-015 ) ) ;
#2219 = ORIENTED_EDGE ( 'NONE', *, *, #778, .T. ) ;
#2220 = ORIENTED_EDGE ( 'NONE', *, *, #3261, .F. ) ;
#2221 = DIRECTION ( 'NONE',  ( 0.0000000000000000000, 0.0000000000000000000, 1.000000000000000000 ) ) ;
#2222 = ORIENTED_EDGE ( 'NONE', *, *, #43, .F. ) ;
#2223 = AXIS2_PLACEMENT_3D ( 'NONE', #3091, #1649, #237 ) ;
#2224 = ORIENTED_EDGE ( 'NONE', *, *, #1590, .T. ) ;
#2225 = VERTEX_POINT ( 'NONE', #1450 ) ;
#2226 = CYLINDRICAL_SURFACE ( 'NONE', #3612, 1.500000000000001300 ) ;
#2227 = DIRECTION ( 'NONE',  ( 1.652117596168387800E-016, -1.000000000000000000, -3.318601432303456900E-015 ) ) ;
#2228 = DIRECTION ( 'NONE',  ( 1.652117596168387800E-016, -1.000000000000000000, -3.318601432303456600E-015 ) ) ;
#2229 = VECTOR ( 'NONE', #2869, 1000.000000000000000 ) ;
#2230 = VERTEX_POINT ( 'NONE', #3500 ) ;
#2231 = VERTEX_POINT ( 'NONE', #2296 ) ;
#2232 = FACE_OUTER_BOUND ( 'NONE', #1726, .T. ) ;
#2233 = ORIENTED_EDGE ( 'NONE', *, *, #2763, .T. ) ;
#2234 = CARTESIAN_POINT ( 'NONE',  ( 29.50000000000000000, -18.99999999999999600, 0.0000000000000000000 ) ) ;
#2235 = VECTOR ( 'NONE', #1266, 1000.000000000000000 ) ;
#2236 = ORIENTED_EDGE ( 'NONE', *, *, #1068, .F. ) ;
#2237 = ORIENTED_EDGE ( 'NONE', *, *, #1898, .F. ) ;
#2238 = CIRCLE ( 'NONE', #235, 4.000000000000003600 ) ;
#2239 = ORIENTED_EDGE ( 'NONE', *, *, #1321, .F. ) ;
#2240 = DIRECTION ( 'NONE',  ( -1.000000000000000000, 0.0000000000000000000, 0.0000000000000000000 ) ) ;
#2241 = ORIENTED_EDGE ( 'NONE', *, *, #3741, .F. ) ;
#2242 = EDGE_CURVE ( 'NONE', #1474, #3017, #1646, .T. ) ;
#2243 = FACE_BOUND ( 'NONE', #559, .T. ) ;
#2244 = ORIENTED_EDGE ( 'NONE', *, *, #2173, .T. ) ;
#2245 = DIRECTION ( 'NONE',  ( 0.0000000000000000000, -1.000000000000000000, 3.491481338843133400E-015 ) ) ;
#2246 = DIRECTION ( 'NONE',  ( 1.000000000000000000, 0.0000000000000000000, 0.0000000000000000000 ) ) ;
#2247 = FACE_BOUND ( 'NONE', #3669, .T. ) ;
#2248 = EDGE_CURVE ( 'NONE', #177, #127, #846, .T. ) ;
#2249 = AXIS2_PLACEMENT_3D ( 'NONE', #3124, #2533, #1964 ) ;
#2250 = DIRECTION ( 'NONE',  ( 0.0000000000000000000, 0.0000000000000000000, 1.000000000000000000 ) ) ;
#2251 = VECTOR ( 'NONE', #3275, 1000.000000000000000 ) ;
#2252 = DIRECTION ( 'NONE',  ( -2.449293598294702500E-016, 1.000000000000000000, -3.491481338843133000E-015 ) ) ;
#2253 = AXIS2_PLACEMENT_3D ( 'NONE', #2086, #1815, #3264 ) ;
#2254 = ADVANCED_FACE ( 'NONE', ( #215 ), #2324, .F. ) ;
#2255 = DIRECTION ( 'NONE',  ( 0.0000000000000000000, 0.0000000000000000000, 1.000000000000000000 ) ) ;
#2256 = CARTESIAN_POINT ( 'NONE',  ( 8.499999999999992900, -30.26339999999998700, -4.553649124439118600E-015 ) ) ;
#2257 = DIRECTION ( 'NONE',  ( -1.000000000000000000, 0.0000000000000000000, 0.0000000000000000000 ) ) ;
#2258 = DIRECTION ( 'NONE',  ( 2.344220913482171700E-016, 1.000000000000000000, -0.0000000000000000000 ) ) ;
#2259 = VERTEX_POINT ( 'NONE', #2586 ) ;
#2260 = CARTESIAN_POINT ( 'NONE',  ( 31.00000000000000000, -25.99999999999999600, -2.000000000000000000 ) ) ;
#2261 = DIRECTION ( 'NONE',  ( 0.0000000000000000000, -1.000000000000000000, 3.491481338843133400E-015 ) ) ;
#2262 = VECTOR ( 'NONE', #1403, 1000.000000000000000 ) ;
#2263 = EDGE_CURVE ( 'NONE', #2230, #1374, #3753, .T. ) ;
#2264 = DIRECTION ( 'NONE',  ( -0.0000000000000000000, 3.491481338843133000E-015, 1.000000000000000000 ) ) ;
#2265 = LINE ( 'NONE', #15, #2139 ) ;
#2266 = VERTEX_POINT ( 'NONE', #2576 ) ;
#2267 = DIRECTION ( 'NONE',  ( -1.000000000000000000, -0.0000000000000000000, -0.0000000000000000000 ) ) ;
#2268 = ORIENTED_EDGE ( 'NONE', *, *, #111, .F. ) ;
#2269 = ADVANCED_FACE ( 'NONE', ( #3198 ), #3101, .F. ) ;
#2270 = FACE_OUTER_BOUND ( 'NONE', #3757, .T. ) ;
#2271 = AXIS2_PLACEMENT_3D ( 'NONE', #1667, #533, #3117 ) ;
#2272 = CIRCLE ( 'NONE', #1024, 1.500000000000001300 ) ;
#2273 = EDGE_LOOP ( 'NONE', ( #524, #38 ) ) ;
#2274 = EDGE_CURVE ( 'NONE', #2132, #3109, #797, .T. ) ;
#2275 = ORIENTED_EDGE ( 'NONE', *, *, #3690, .F. ) ;
#2276 = DIRECTION ( 'NONE',  ( 1.000000000000000000, 0.0000000000000000000, 0.0000000000000000000 ) ) ;
#2277 = CIRCLE ( 'NONE', #2561, 2.000000000000000000 ) ;
#2278 = VERTEX_POINT ( 'NONE', #3169 ) ;
#2279 = CARTESIAN_POINT ( 'NONE',  ( 40.00000000000000700, -15.00000000000000000, -2.000000000000000000 ) ) ;
#2280 = ORIENTED_EDGE ( 'NONE', *, *, #245, .T. ) ;
#2281 = DIRECTION ( 'NONE',  ( 1.000000000000000000, 0.0000000000000000000, 0.0000000000000000000 ) ) ;
#2282 = ORIENTED_EDGE ( 'NONE', *, *, #2353, .F. ) ;
#2283 = ORIENTED_EDGE ( 'NONE', *, *, #2531, .T. ) ;
#2284 = DIRECTION ( 'NONE',  ( 1.000000000000000000, 0.0000000000000000000, 0.0000000000000000000 ) ) ;
#2285 = VERTEX_POINT ( 'NONE', #1459 ) ;
#2286 = CARTESIAN_POINT ( 'NONE',  ( 59.00000000000000000, 7.225416114969381600E-015, 0.0000000000000000000 ) ) ;
#2287 = FACE_OUTER_BOUND ( 'NONE', #2878, .T. ) ;
#2288 = EDGE_CURVE ( 'NONE', #1374, #724, #3523, .T. ) ;
#2289 = AXIS2_PLACEMENT_3D ( 'NONE', #1027, #457, #1282 ) ;
#2290 = ADVANCED_FACE ( 'NONE', ( #1426 ), #1421, .F. ) ;
#2291 = CARTESIAN_POINT ( 'NONE',  ( 22.50000000000000000, -18.99999999999999300, -2.000000000000000000 ) ) ;
#2292 = VECTOR ( 'NONE', #3599, 1000.000000000000000 ) ;
#2293 = DIRECTION ( 'NONE',  ( -1.000000000000000000, -0.0000000000000000000, 7.359504293276601900E-017 ) ) ;
#2294 = CARTESIAN_POINT ( 'NONE',  ( 18.99999999999998600, -31.00000000000000700, 4.868299999999987200 ) ) ;
#2295 = AXIS2_PLACEMENT_3D ( 'NONE', #2714, #2218, #1316 ) ;
#2296 = CARTESIAN_POINT ( 'NONE',  ( 10.99999999999999800, 4.000000000000003600, 0.0000000000000000000 ) ) ;
#2297 = DIRECTION ( 'NONE',  ( -1.000000000000000000, -0.0000000000000000000, -0.0000000000000000000 ) ) ;
#2298 = CARTESIAN_POINT ( 'NONE',  ( 29.50000000000000400, -11.99999999999999600, 0.0000000000000000000 ) ) ;
#2299 = DIRECTION ( 'NONE',  ( 0.0000000000000000000, 0.0000000000000000000, 1.000000000000000000 ) ) ;
#2300 = ADVANCED_FACE ( 'NONE', ( #752 ), #3056, .F. ) ;
#2301 = CARTESIAN_POINT ( 'NONE',  ( 25.99999999999998200, -31.00000000000002800, 11.86830000000000000 ) ) ;
#2302 = ORIENTED_EDGE ( 'NONE', *, *, #1688, .F. ) ;
#2303 = CARTESIAN_POINT ( 'NONE',  ( 34.99999999999999300, -18.99999999999999300, -2.000000000000000000 ) ) ;
#2304 = ADVANCED_FACE ( 'NONE', ( #1104 ), #2739, .T. ) ;
#2305 = ORIENTED_EDGE ( 'NONE', *, *, #2466, .T. ) ;
#2306 = ORIENTED_EDGE ( 'NONE', *, *, #1891, .T. ) ;
#2307 = EDGE_CURVE ( 'NONE', #3262, #1105, #81, .T. ) ;
#2308 = DIRECTION ( 'NONE',  ( 1.000000000000000000, 0.0000000000000000000, -0.0000000000000000000 ) ) ;
#2309 = DIRECTION ( 'NONE',  ( -2.449293598294702500E-016, 1.000000000000000000, -3.491481338843133000E-015 ) ) ;
#2310 = ORIENTED_EDGE ( 'NONE', *, *, #3458, .T. ) ;
#2311 = ORIENTED_EDGE ( 'NONE', *, *, #2900, .T. ) ;
#2312 = ORIENTED_EDGE ( 'NONE', *, *, #474, .F. ) ;
#2313 = CARTESIAN_POINT ( 'NONE',  ( 59.00000000000000000, -1.999999999999983100, 0.7365999999999973700 ) ) ;
#2314 = DIRECTION ( 'NONE',  ( 0.0000000000000000000, -4.625929269271475900E-015, 1.000000000000000000 ) ) ;
#2315 = EDGE_CURVE ( 'NONE', #1393, #2132, #2272, .T. ) ;
#2316 = DIRECTION ( 'NONE',  ( 1.652117596168387800E-016, -1.000000000000000000, -3.318601432303456600E-015 ) ) ;
#2317 = VECTOR ( 'NONE', #3050, 1000.000000000000000 ) ;
#2318 = ORIENTED_EDGE ( 'NONE', *, *, #1332, .T. ) ;
#2319 = AXIS2_PLACEMENT_3D ( 'NONE', #2534, #2548, #840 ) ;
#2320 = EDGE_LOOP ( 'NONE', ( #1059, #2551, #1157, #3044 ) ) ;
#2321 = VECTOR ( 'NONE', #2358, 1000.000000000000000 ) ;
#2322 = DIRECTION ( 'NONE',  ( 0.0000000000000000000, 0.0000000000000000000, 1.000000000000000000 ) ) ;
#2323 = CARTESIAN_POINT ( 'NONE',  ( 11.99999999999997900, -23.00000000000002800, 11.86830000000000900 ) ) ;
#2324 = CYLINDRICAL_SURFACE ( 'NONE', #455, 1.500000000000001300 ) ;
#2325 = ORIENTED_EDGE ( 'NONE', *, *, #165, .T. ) ;
#2326 = CARTESIAN_POINT ( 'NONE',  ( 18.99999999999998200, -33.00000000000002800, 11.86829999999998000 ) ) ;
#2327 = AXIS2_PLACEMENT_3D ( 'NONE', #341, #1735, #1160 ) ;
#2328 = VECTOR ( 'NONE', #526, 1000.000000000000000 ) ;
#2329 = EDGE_LOOP ( 'NONE', ( #689, #1942, #3385, #244 ) ) ;
#2330 = CARTESIAN_POINT ( 'NONE',  ( 5.499999999999999100, -1.999999999999941200, 17.00000000000000700 ) ) ;
#2331 = EDGE_LOOP ( 'NONE', ( #572, #1699, #3327, #3467 ) ) ;
#2332 = DIRECTION ( 'NONE',  ( -2.449293598294702500E-016, 1.000000000000000000, -3.491481338843133000E-015 ) ) ;
#2333 = DIRECTION ( 'NONE',  ( 0.0000000000000000000, 2.312964634635736700E-015, -1.000000000000000000 ) ) ;
#2334 = ADVANCED_FACE ( 'NONE', ( #534 ), #1201, .F. ) ;
#2335 = EDGE_LOOP ( 'NONE', ( #2049, #1182 ) ) ;
#2336 = DIRECTION ( 'NONE',  ( 0.0000000000000000000, 0.0000000000000000000, 1.000000000000000000 ) ) ;
#2337 = ORIENTED_EDGE ( 'NONE', *, *, #3727, .T. ) ;
#2338 = CARTESIAN_POINT ( 'NONE',  ( 39.99999999999999300, -31.00000000000005000, 18.86830000000000100 ) ) ;
#2339 = FACE_OUTER_BOUND ( 'NONE', #2331, .T. ) ;
#2340 = ORIENTED_EDGE ( 'NONE', *, *, #713, .F. ) ;
#2341 = DIRECTION ( 'NONE',  ( -2.449293598294702500E-016, 1.000000000000000000, -3.491481338843133000E-015 ) ) ;
#2342 = CARTESIAN_POINT ( 'NONE',  ( 18.99999999999998200, -31.00000000000002800, 11.86829999999998700 ) ) ;
#2343 = EDGE_CURVE ( 'NONE', #3150, #732, #3661, .T. ) ;
#2344 = DIRECTION ( 'NONE',  ( 0.0000000000000000000, 4.625929269271470300E-015, -1.000000000000000000 ) ) ;
#2345 = CIRCLE ( 'NONE', #1287, 2.000000000000001800 ) ;
#2346 = CARTESIAN_POINT ( 'NONE',  ( 56.99999999999999300, 9.426504430367188700E-014, 23.00000000000000000 ) ) ;
#2347 = LINE ( 'NONE', #2463, #3360 ) ;
#2348 = EDGE_CURVE ( 'NONE', #2920, #2114, #1064, .T. ) ;
#2349 = AXIS2_PLACEMENT_3D ( 'NONE', #1536, #74, #107 ) ;
#2350 = DIRECTION ( 'NONE',  ( 1.652117596168387800E-016, -1.000000000000000000, -3.318601432303456600E-015 ) ) ;
#2351 = DIRECTION ( 'NONE',  ( 0.0000000000000000000, 0.0000000000000000000, 1.000000000000000000 ) ) ;
#2352 = AXIS2_PLACEMENT_3D ( 'NONE', #3355, #725, #1304 ) ;
#2353 = EDGE_CURVE ( 'NONE', #259, #1011, #2464, .T. ) ;
#2354 = ADVANCED_FACE ( 'NONE', ( #1517 ), #2096, .F. ) ;
#2355 = DIRECTION ( 'NONE',  ( 1.652117596168387800E-016, -1.000000000000000000, -3.318601432303456600E-015 ) ) ;
#2356 = PLANE ( 'NONE',  #1094 ) ;
#2357 = DIRECTION ( 'NONE',  ( 1.652117596168387800E-016, -1.000000000000000000, -3.318601432303456600E-015 ) ) ;
#2358 = DIRECTION ( 'NONE',  ( -1.751623080406021300E-046, 3.491481338843133000E-015, 1.000000000000000000 ) ) ;
#2359 = EDGE_LOOP ( 'NONE', ( #896, #1835, #2999, #1528 ) ) ;
#2360 = DIRECTION ( 'NONE',  ( 0.0000000000000000000, 0.0000000000000000000, 1.000000000000000000 ) ) ;
#2361 = LINE ( 'NONE', #1853, #161 ) ;
#2362 = EDGE_LOOP ( 'NONE', ( #173, #1073 ) ) ;
#2363 = DIRECTION ( 'NONE',  ( 1.652117596168387800E-016, -1.000000000000000000, -3.318601432303456600E-015 ) ) ;
#2364 = ADVANCED_FACE ( 'NONE', ( #2965 ), #2550, .F. ) ;
#2365 = CYLINDRICAL_SURFACE ( 'NONE', #1886, 1.500000000000004900 ) ;
#2366 = CYLINDRICAL_SURFACE ( 'NONE', #784, 4.000000000000003600 ) ;
#2367 = EDGE_CURVE ( 'NONE', #950, #2411, #448, .T. ) ;
#2368 = ORIENTED_EDGE ( 'NONE', *, *, #2377, .F. ) ;
#2369 = AXIS2_PLACEMENT_3D ( 'NONE', #1982, #271, #556 ) ;
#2370 = DIRECTION ( 'NONE',  ( 0.0000000000000000000, 0.0000000000000000000, 1.000000000000000000 ) ) ;
#2371 = PLANE ( 'NONE',  #3512 ) ;
#2372 = CIRCLE ( 'NONE', #41, 1.500000000000003100 ) ;
#2373 = FACE_OUTER_BOUND ( 'NONE', #372, .T. ) ;
#2374 = ORIENTED_EDGE ( 'NONE', *, *, #1212, .F. ) ;
#2375 = VERTEX_POINT ( 'NONE', #1497 ) ;
#2376 = ADVANCED_FACE ( 'NONE', ( #1604 ), #1827, .F. ) ;
#2377 = EDGE_CURVE ( 'NONE', #2114, #2920, #3143, .T. ) ;
#2378 = DIRECTION ( 'NONE',  ( 1.000000000000000000, 0.0000000000000000000, -0.0000000000000000000 ) ) ;
#2379 = AXIS2_PLACEMENT_3D ( 'NONE', #785, #2766, #517 ) ;
#2380 = LINE ( 'NONE', #1939, #1833 ) ;
#2381 = VECTOR ( 'NONE', #1580, 1000.000000000000000 ) ;
#2382 = ORIENTED_EDGE ( 'NONE', *, *, #212, .T. ) ;
#2383 = VERTEX_POINT ( 'NONE', #369 ) ;
#2384 = CARTESIAN_POINT ( 'NONE',  ( 40.00000000000000700, -15.00000000000000000, 0.0000000000000000000 ) ) ;
#2385 = ORIENTED_EDGE ( 'NONE', *, *, #1356, .F. ) ;
#2386 = CARTESIAN_POINT ( 'NONE',  ( 18.99999999999998600, -33.00000000000001400, 6.368299999999988100 ) ) ;
#2387 = ORIENTED_EDGE ( 'NONE', *, *, #958, .F. ) ;
#2388 = CARTESIAN_POINT ( 'NONE',  ( 54.00000000000000000, -8.999999999999985800, -2.000000000000000000 ) ) ;
#2389 = AXIS2_PLACEMENT_3D ( 'NONE', #1085, #2850, #3111 ) ;
#2390 = CARTESIAN_POINT ( 'NONE',  ( 33.50000000000000000, -18.99999999999999600, -2.000000000000000000 ) ) ;
#2391 = DIRECTION ( 'NONE',  ( -2.449293598294702500E-016, 1.000000000000000000, -3.491481338843133000E-015 ) ) ;
#2392 = VERTEX_POINT ( 'NONE', #657 ) ;
#2393 = CARTESIAN_POINT ( 'NONE',  ( 49.99999999999999300, -1.999999999999985300, 0.7365999999999979200 ) ) ;
#2394 = FACE_BOUND ( 'NONE', #2335, .T. ) ;
#2395 = FACE_BOUND ( 'NONE', #538, .T. ) ;
#2396 = CARTESIAN_POINT ( 'NONE',  ( 45.50000000000000700, -7.999999999999991100, -2.000000000000000000 ) ) ;
#2397 = EDGE_CURVE ( 'NONE', #3305, #223, #2689, .T. ) ;
#2398 = ADVANCED_FACE ( 'NONE', ( #2186 ), #3341, .F. ) ;
#2399 = DIRECTION ( 'NONE',  ( -2.449293598294702500E-016, 1.000000000000000000, -3.491481338843133000E-015 ) ) ;
#2400 = DIRECTION ( 'NONE',  ( 1.000000000000000000, 0.0000000000000000000, 0.0000000000000000000 ) ) ;
#2401 = DIRECTION ( 'NONE',  ( 1.000000000000000000, -0.0000000000000000000, -0.0000000000000000000 ) ) ;
#2402 = EDGE_CURVE ( 'NONE', #321, #728, #1871, .T. ) ;
#2403 = AXIS2_PLACEMENT_3D ( 'NONE', #3482, #2884, #2906 ) ;
#2404 = DIRECTION ( 'NONE',  ( 0.0000000000000000000, 3.469446951953611000E-015, 1.000000000000000000 ) ) ;
#2405 = DIRECTION ( 'NONE',  ( 5.768337756596303900E-031, -3.491481338843133400E-015, 1.000000000000000000 ) ) ;
#2406 = PLANE ( 'NONE',  #1236 ) ;
#2407 = EDGE_CURVE ( 'NONE', #1921, #2860, #170, .T. ) ;
#2408 = VERTEX_POINT ( 'NONE', #1177 ) ;
#2409 = CARTESIAN_POINT ( 'NONE',  ( 38.50000000000000700, -15.00000000000000000, -2.000000000000000000 ) ) ;
#2410 = ORIENTED_EDGE ( 'NONE', *, *, #101, .F. ) ;
#2411 = VERTEX_POINT ( 'NONE', #1854 ) ;
#2412 = DIRECTION ( 'NONE',  ( -0.0000000000000000000, 0.0000000000000000000, 1.000000000000000000 ) ) ;
#2413 = CARTESIAN_POINT ( 'NONE',  ( 47.00000000000000000, -33.00000000000002100, 10.36829999999999300 ) ) ;
#2414 = EDGE_LOOP ( 'NONE', ( #899, #569, #3257, #1548 ) ) ;
#2415 = CARTESIAN_POINT ( 'NONE',  ( 49.99999999999999300, -2.736599999999985500, 0.0000000000000000000 ) ) ;
#2416 = EDGE_LOOP ( 'NONE', ( #1136, #260, #701, #2705 ) ) ;
#2417 = ORIENTED_EDGE ( 'NONE', *, *, #857, .T. ) ;
#2418 = FACE_OUTER_BOUND ( 'NONE', #848, .T. ) ;
#2419 = DIRECTION ( 'NONE',  ( 1.000000000000000000, 0.0000000000000000000, 0.0000000000000000000 ) ) ;
#2420 = CYLINDRICAL_SURFACE ( 'NONE', #3126, 2.000000000000005300 ) ;
#2421 = ORIENTED_EDGE ( 'NONE', *, *, #2908, .F. ) ;
#2422 = EDGE_LOOP ( 'NONE', ( #1874, #3530 ) ) ;
#2423 = CYLINDRICAL_SURFACE ( 'NONE', #815, 1.500000000000004900 ) ;
#2424 = CARTESIAN_POINT ( 'NONE',  ( 54.00000000000000000, -8.999999999999985800, -2.000000000000000000 ) ) ;
#2425 = EDGE_CURVE ( 'NONE', #3003, #139, #302, .T. ) ;
#2426 = VECTOR ( 'NONE', #3071, 1000.000000000000000 ) ;
#2427 = FACE_OUTER_BOUND ( 'NONE', #1777, .T. ) ;
#2428 = ORIENTED_EDGE ( 'NONE', *, *, #3388, .T. ) ;
#2429 = AXIS2_PLACEMENT_3D ( 'NONE', #868, #3529, #2894 ) ;
#2430 = DIRECTION ( 'NONE',  ( 1.000000000000000000, 0.0000000000000000000, 0.0000000000000000000 ) ) ;
#2431 = ORIENTED_EDGE ( 'NONE', *, *, #1313, .T. ) ;
#2432 = LINE ( 'NONE', #3473, #2328 ) ;
#2433 = VERTEX_POINT ( 'NONE', #2148 ) ;
#2434 = DIRECTION ( 'NONE',  ( -6.788048384257074900E-016, 0.0000000000000000000, 1.000000000000000000 ) ) ;
#2435 = ORIENTED_EDGE ( 'NONE', *, *, #1166, .T. ) ;
#2436 = DIRECTION ( 'NONE',  ( 0.0000000000000000000, 0.0000000000000000000, 1.000000000000000000 ) ) ;
#2437 = CARTESIAN_POINT ( 'NONE',  ( 25.49999999999999600, -18.99999999999999600, -2.000000000000000000 ) ) ;
#2438 = VECTOR ( 'NONE', #3225, 1000.000000000000000 ) ;
#2439 = ORIENTED_EDGE ( 'NONE', *, *, #1638, .F. ) ;
#2440 = DIRECTION ( 'NONE',  ( 9.050731179009426600E-016, 3.318601432303456900E-015, -1.000000000000000000 ) ) ;
#2441 = CIRCLE ( 'NONE', #2910, 1.500000000000007300 ) ;
#2442 = ORIENTED_EDGE ( 'NONE', *, *, #627, .F. ) ;
#2443 = CIRCLE ( 'NONE', #1538, 4.000000000000000000 ) ;
#2444 = CARTESIAN_POINT ( 'NONE',  ( 2.999999999999995600, -18.99999999999999300, -2.000000000000000000 ) ) ;
#2445 = DIRECTION ( 'NONE',  ( 0.0000000000000000000, 0.0000000000000000000, 1.000000000000000000 ) ) ;
#2446 = FACE_BOUND ( 'NONE', #782, .T. ) ;
#2447 = DIRECTION ( 'NONE',  ( 0.0000000000000000000, 0.0000000000000000000, 1.000000000000000000 ) ) ;
#2448 = CARTESIAN_POINT ( 'NONE',  ( 33.00000000000000000, -33.00000000000002800, 11.86829999999999600 ) ) ;
#2449 = EDGE_CURVE ( 'NONE', #2602, #321, #3378, .T. ) ;
#2450 = CARTESIAN_POINT ( 'NONE',  ( 40.00000000000000700, -31.00000000000000000, 4.868300000000000500 ) ) ;
#2451 = EDGE_CURVE ( 'NONE', #3443, #1379, #574, .T. ) ;
#2452 = CARTESIAN_POINT ( 'NONE',  ( 50.00000000000000000, -5.999999999999991100, -2.000000000000000000 ) ) ;
#2453 = CARTESIAN_POINT ( 'NONE',  ( 10.99999999999999800, 4.000000000000003600, -2.000000000000000000 ) ) ;
#2454 = VERTEX_POINT ( 'NONE', #2095 ) ;
#2455 = CARTESIAN_POINT ( 'NONE',  ( 29.50000000000000400, -11.99999999999999600, -2.000000000000000000 ) ) ;
#2456 = CARTESIAN_POINT ( 'NONE',  ( 54.00000000000000000, -8.999999999999985800, -2.000000000000000000 ) ) ;
#2457 = ORIENTED_EDGE ( 'NONE', *, *, #1617, .F. ) ;
#2458 = AXIS2_PLACEMENT_3D ( 'NONE', #1756, #2025, #3206 ) ;
#2459 = VECTOR ( 'NONE', #3053, 1000.000000000000000 ) ;
#2460 = CIRCLE ( 'NONE', #3331, 1.500000000000003100 ) ;
#2461 = EDGE_LOOP ( 'NONE', ( #1657, #852 ) ) ;
#2462 = ORIENTED_EDGE ( 'NONE', *, *, #2986, .T. ) ;
#2463 = CARTESIAN_POINT ( 'NONE',  ( 15.00000000000000000, -7.999999999999998200, -2.000000000000000000 ) ) ;
#2464 = LINE ( 'NONE', #3522, #357 ) ;
#2465 = EDGE_LOOP ( 'NONE', ( #3511, #3141 ) ) ;
#2466 = EDGE_CURVE ( 'NONE', #3668, #3250, #1690, .T. ) ;
#2467 = DIRECTION ( 'NONE',  ( 1.000000000000000000, 0.0000000000000000000, 0.0000000000000000000 ) ) ;
#2468 = DIRECTION ( 'NONE',  ( 0.0000000000000000000, 2.312964634635735200E-015, -1.000000000000000000 ) ) ;
#2469 = FACE_OUTER_BOUND ( 'NONE', #3370, .T. ) ;
#2470 = ORIENTED_EDGE ( 'NONE', *, *, #61, .T. ) ;
#2471 = EDGE_LOOP ( 'NONE', ( #1383, #541, #3586, #837 ) ) ;
#2472 = CARTESIAN_POINT ( 'NONE',  ( 54.00000000000000000, -18.99999999999998600, -2.000000000000000000 ) ) ;
#2473 = EDGE_CURVE ( 'NONE', #2650, #2928, #2590, .T. ) ;
#2474 = AXIS2_PLACEMENT_3D ( 'NONE', #424, #3638, #2434 ) ;
#2475 = CARTESIAN_POINT ( 'NONE',  ( 48.49999999999999300, -7.999999999999991100, 0.0000000000000000000 ) ) ;
#2476 = ORIENTED_EDGE ( 'NONE', *, *, #2274, .T. ) ;
#2477 = VERTEX_POINT ( 'NONE', #699 ) ;
#2478 = ORIENTED_EDGE ( 'NONE', *, *, #1453, .F. ) ;
#2479 = CARTESIAN_POINT ( 'NONE',  ( 20.50000000000000400, -0.9999999999999983300, -2.000000000000000000 ) ) ;
#2480 = AXIS2_PLACEMENT_3D ( 'NONE', #2938, #389, #3578 ) ;
#2481 = EDGE_CURVE ( 'NONE', #1343, #1295, #210, .T. ) ;
#2482 = DIRECTION ( 'NONE',  ( 1.652117596168387800E-016, -1.000000000000000000, -3.318601432303456600E-015 ) ) ;
#2483 = VECTOR ( 'NONE', #1203, 1000.000000000000000 ) ;
#2484 = DIRECTION ( 'NONE',  ( 1.652117596168387800E-016, -1.000000000000000000, -3.318601432303456900E-015 ) ) ;
#2485 = LINE ( 'NONE', #1006, #2292 ) ;
#2486 = FACE_OUTER_BOUND ( 'NONE', #459, .T. ) ;
#2487 = PLANE ( 'NONE',  #1121 ) ;
#2488 = CARTESIAN_POINT ( 'NONE',  ( 40.00000000000000700, -15.00000000000000000, 0.0000000000000000000 ) ) ;
#2489 = CARTESIAN_POINT ( 'NONE',  ( 33.00000000000000000, -31.00000000000002800, 11.86830000000000300 ) ) ;
#2490 = DIRECTION ( 'NONE',  ( -1.000000000000000000, 0.0000000000000000000, 0.0000000000000000000 ) ) ;
#2491 = EDGE_CURVE ( 'NONE', #3625, #3589, #675, .T. ) ;
#2492 = CARTESIAN_POINT ( 'NONE',  ( 36.50000000000000000, -18.99999999999999300, 0.0000000000000000000 ) ) ;
#2493 = AXIS2_PLACEMENT_3D ( 'NONE', #2605, #2267, #551 ) ;
#2494 = CARTESIAN_POINT ( 'NONE',  ( 11.99999999999998000, -33.00000000000003600, 13.36829999999997800 ) ) ;
#2495 = EDGE_LOOP ( 'NONE', ( #1120, #2876, #3289, #876 ) ) ;
#2496 = AXIS2_PLACEMENT_3D ( 'NONE', #224, #1937, #1653 ) ;
#2497 = VERTEX_POINT ( 'NONE', #2732 ) ;
#2498 = VERTEX_POINT ( 'NONE', #3616 ) ;
#2499 = CARTESIAN_POINT ( 'NONE',  ( 5.121564548122001000E-015, -30.99999999999999300, -1.095138472660140500E-013 ) ) ;
#2500 = PLANE ( 'NONE',  #779 ) ;
#2501 = CYLINDRICAL_SURFACE ( 'NONE', #1775, 0.7366000000000039200 ) ;
#2502 = EDGE_LOOP ( 'NONE', ( #3539, #3485, #814, #2428 ) ) ;
#2503 = ORIENTED_EDGE ( 'NONE', *, *, #3125, .F. ) ;
#2504 = CIRCLE ( 'NONE', #1271, 1.500000000000001300 ) ;
#2505 = LINE ( 'NONE', #710, #1025 ) ;
#2506 = ORIENTED_EDGE ( 'NONE', *, *, #2402, .F. ) ;
#2507 = CARTESIAN_POINT ( 'NONE',  ( 19.00000000000000400, -0.9999999999999983300, -2.000000000000000000 ) ) ;
#2508 = VERTEX_POINT ( 'NONE', #1812 ) ;
#2509 = VECTOR ( 'NONE', #2569, 1000.000000000000000 ) ;
#2510 = ORIENTED_EDGE ( 'NONE', *, *, #2667, .F. ) ;
#2511 = ORIENTED_EDGE ( 'NONE', *, *, #3449, .F. ) ;
#2512 = CARTESIAN_POINT ( 'NONE',  ( 29.50000000000000000, -25.99999999999999600, -2.000000000000000000 ) ) ;
#2513 = DIRECTION ( 'NONE',  ( -1.000000000000000000, -0.0000000000000000000, -0.0000000000000000000 ) ) ;
#2514 = EDGE_CURVE ( 'NONE', #259, #1324, #1731, .T. ) ;
#2515 = EDGE_LOOP ( 'NONE', ( #611, #309, #3675, #530 ) ) ;
#2516 = CARTESIAN_POINT ( 'NONE',  ( 59.00000000000000000, -24.99999999999999300, 0.0000000000000000000 ) ) ;
#2517 = CARTESIAN_POINT ( 'NONE',  ( 6.999999999999997300, -8.999999999999992900, -2.000000000000000000 ) ) ;
#2518 = ORIENTED_EDGE ( 'NONE', *, *, #3374, .F. ) ;
#2519 = EDGE_CURVE ( 'NONE', #796, #2130, #2505, .T. ) ;
#2520 = CARTESIAN_POINT ( 'NONE',  ( 59.00000000000000000, -1.999999999999912500, 21.00000000000000400 ) ) ;
#2521 = CYLINDRICAL_SURFACE ( 'NONE', #3507, 1.500000000000001300 ) ;
#2522 = VERTEX_POINT ( 'NONE', #100 ) ;
#2523 = CARTESIAN_POINT ( 'NONE',  ( 0.0000000000000000000, -2.736599999999997500, 0.7366000000000000300 ) ) ;
#2524 = FACE_OUTER_BOUND ( 'NONE', #1090, .T. ) ;
#2525 = AXIS2_PLACEMENT_3D ( 'NONE', #2665, #948, #668 ) ;
#2526 = DIRECTION ( 'NONE',  ( 0.0000000000000000000, 0.0000000000000000000, 1.000000000000000000 ) ) ;
#2527 = ADVANCED_FACE ( 'NONE', ( #3572 ), #2406, .T. ) ;
#2528 = CIRCLE ( 'NONE', #2585, 2.000000000000001800 ) ;
#2529 = CARTESIAN_POINT ( 'NONE',  ( 6.999999999999997300, 8.023096076392732800E-014, 23.00000000000000000 ) ) ;
#2530 = DIRECTION ( 'NONE',  ( -6.788048384257069000E-016, -3.318601432303456900E-015, 1.000000000000000000 ) ) ;
#2531 = EDGE_CURVE ( 'NONE', #1023, #1343, #1337, .T. ) ;
#2532 = DIRECTION ( 'NONE',  ( -1.000000000000000000, -0.0000000000000000000, 0.0000000000000000000 ) ) ;
#2533 = DIRECTION ( 'NONE',  ( -1.000000000000000000, 0.0000000000000000000, 0.0000000000000000000 ) ) ;
#2534 = CARTESIAN_POINT ( 'NONE',  ( 53.50000000000000700, -1.999999999999961800, 7.000000000000008000 ) ) ;
#2535 = EDGE_LOOP ( 'NONE', ( #501, #1077 ) ) ;
#2536 = EDGE_CURVE ( 'NONE', #1419, #2655, #3293, .T. ) ;
#2537 = DIRECTION ( 'NONE',  ( 0.0000000000000000000, -1.000000000000000000, 3.491481338843133400E-015 ) ) ;
#2538 = AXIS2_PLACEMENT_3D ( 'NONE', #2088, #1800, #2404 ) ;
#2539 = VERTEX_POINT ( 'NONE', #2711 ) ;
#2540 = CARTESIAN_POINT ( 'NONE',  ( 18.99999999999998200, -23.00000000000002800, 11.86830000000001400 ) ) ;
#2541 = CIRCLE ( 'NONE', #3567, 2.000000000000001800 ) ;
#2542 = AXIS2_PLACEMENT_3D ( 'NONE', #2523, #1049, #1376 ) ;
#2543 = AXIS2_PLACEMENT_3D ( 'NONE', #1242, #348, #3541 ) ;
#2544 = CARTESIAN_POINT ( 'NONE',  ( 0.0000000000000000000, 0.0000000000000000000, -2.000000000000000000 ) ) ;
#2545 = CIRCLE ( 'NONE', #2668, 1.500000000000001300 ) ;
#2546 = VERTEX_POINT ( 'NONE', #3031 ) ;
#2547 = FACE_OUTER_BOUND ( 'NONE', #3088, .T. ) ;
#2548 = DIRECTION ( 'NONE',  ( -2.449293598294702500E-016, 1.000000000000000000, -3.491481338843133000E-015 ) ) ;
#2549 = DIRECTION ( 'NONE',  ( 1.000000000000000000, 0.0000000000000000000, -7.359504293276601900E-017 ) ) ;
#2550 = CYLINDRICAL_SURFACE ( 'NONE', #2762, 1.500000000000001300 ) ;
#2551 = ORIENTED_EDGE ( 'NONE', *, *, #1408, .F. ) ;
#2552 = VERTEX_POINT ( 'NONE', #2680 ) ;
#2553 = CIRCLE ( 'NONE', #2429, 1.500000000000001300 ) ;
#2554 = ORIENTED_EDGE ( 'NONE', *, *, #2986, .F. ) ;
#2555 = ORIENTED_EDGE ( 'NONE', *, *, #3265, .T. ) ;
#2556 = VERTEX_POINT ( 'NONE', #684 ) ;
#2557 = CARTESIAN_POINT ( 'NONE',  ( 8.999999999999998200, 8.030407079339208000E-014, 23.00000000000000000 ) ) ;
#2558 = EDGE_LOOP ( 'NONE', ( #2816, #1554 ) ) ;
#2559 = CARTESIAN_POINT ( 'NONE',  ( 20.50000000000000400, -0.9999999999999983300, 0.0000000000000000000 ) ) ;
#2560 = EDGE_CURVE ( 'NONE', #2914, #1643, #938, .T. ) ;
#2561 = AXIS2_PLACEMENT_3D ( 'NONE', #2805, #1082, #1902 ) ;
#2562 = CARTESIAN_POINT ( 'NONE',  ( 18.99999999999998600, -33.00000000000000000, 3.368299999999973900 ) ) ;
#2563 = ADVANCED_FACE ( 'NONE', ( #2373 ), #2778, .F. ) ;
#2564 = ORIENTED_EDGE ( 'NONE', *, *, #502, .F. ) ;
#2565 = DIRECTION ( 'NONE',  ( 0.0000000000000000000, -1.000000000000000000, 3.491481338843133000E-015 ) ) ;
#2566 = LINE ( 'NONE', #2313, #275 ) ;
#2567 = EDGE_CURVE ( 'NONE', #3399, #2411, #489, .T. ) ;
#2568 = AXIS2_PLACEMENT_3D ( 'NONE', #1762, #2856, #2911 ) ;
#2569 = DIRECTION ( 'NONE',  ( 0.0000000000000000000, 0.0000000000000000000, 1.000000000000000000 ) ) ;
#2570 = FACE_BOUND ( 'NONE', #2215, .T. ) ;
#2571 = DIRECTION ( 'NONE',  ( 1.224646799147353200E-016, -1.000000000000000000, 0.0000000000000000000 ) ) ;
#2572 = AXIS2_PLACEMENT_3D ( 'NONE', #2611, #2033, #3221 ) ;
#2573 = CARTESIAN_POINT ( 'NONE',  ( 36.50000000000000000, -18.99999999999999300, -2.000000000000000000 ) ) ;
#2574 = ADVANCED_FACE ( 'NONE', ( #1910 ), #2420, .F. ) ;
#2575 = DIRECTION ( 'NONE',  ( 0.0000000000000000000, 2.312964634635737900E-015, -1.000000000000000000 ) ) ;
#2576 = CARTESIAN_POINT ( 'NONE',  ( 36.00000000000000000, -7.999999999999996400, -2.000000000000000000 ) ) ;
#2577 = EDGE_CURVE ( 'NONE', #1631, #27, #1246, .T. ) ;
#2578 = DIRECTION ( 'NONE',  ( -0.0000000000000000000, -3.491481338843133000E-015, -1.000000000000000000 ) ) ;
#2579 = ORIENTED_EDGE ( 'NONE', *, *, #1115, .F. ) ;
#2580 = DIRECTION ( 'NONE',  ( 0.0000000000000000000, 0.0000000000000000000, 1.000000000000000000 ) ) ;
#2581 = DIRECTION ( 'NONE',  ( 0.0000000000000000000, 0.0000000000000000000, 1.000000000000000000 ) ) ;
#2582 = EDGE_CURVE ( 'NONE', #2433, #543, #2648, .T. ) ;
#2583 = CARTESIAN_POINT ( 'NONE',  ( 41.49999999999998600, -0.9999999999999947800, 0.0000000000000000000 ) ) ;
#2584 = ORIENTED_EDGE ( 'NONE', *, *, #196, .T. ) ;
#2585 = AXIS2_PLACEMENT_3D ( 'NONE', #1551, #735, #2706 ) ;
#2586 = CARTESIAN_POINT ( 'NONE',  ( 2.999999999999995600, -18.99999999999999300, 0.0000000000000000000 ) ) ;
#2587 = ORIENTED_EDGE ( 'NONE', *, *, #1046, .F. ) ;
#2588 = ORIENTED_EDGE ( 'NONE', *, *, #1046, .T. ) ;
#2589 = CIRCLE ( 'NONE', #3112, 1.999999999999998200 ) ;
#2590 = CIRCLE ( 'NONE', #1384, 1.500000000000004900 ) ;
#2591 = EDGE_LOOP ( 'NONE', ( #717, #575, #1559, #3199 ) ) ;
#2592 = EDGE_CURVE ( 'NONE', #3160, #3580, #834, .T. ) ;
#2593 = ORIENTED_EDGE ( 'NONE', *, *, #436, .T. ) ;
#2594 = CARTESIAN_POINT ( 'NONE',  ( 12.00000000000000000, -7.999999999999998200, 0.0000000000000000000 ) ) ;
#2595 = CARTESIAN_POINT ( 'NONE',  ( 33.00000000000000000, -31.00000000000002800, 11.86830000000000300 ) ) ;
#2596 = CIRCLE ( 'NONE', #1074, 1.500000000000004900 ) ;
#2597 = CIRCLE ( 'NONE', #2217, 2.000000000000001800 ) ;
#2598 = EDGE_LOOP ( 'NONE', ( #715, #3528, #342, #3203, #1912, #222, #1253, #2470, #2417, #1159, #2337, #2723, #750, #2282, #463, #1644 ) ) ;
#2599 = ADVANCED_FACE ( 'NONE', ( #2046 ), #748, .F. ) ;
#2600 = DIRECTION ( 'NONE',  ( 1.652117596168387800E-016, -1.000000000000000000, -3.318601432303456600E-015 ) ) ;
#2601 = FACE_OUTER_BOUND ( 'NONE', #3348, .T. ) ;
#2602 = VERTEX_POINT ( 'NONE', #3039 ) ;
#2603 = EDGE_LOOP ( 'NONE', ( #250, #487 ) ) ;
#2604 = CARTESIAN_POINT ( 'NONE',  ( 5.500000000000000900, -9.999999999999939600, 17.00000000000003600 ) ) ;
#2605 = CARTESIAN_POINT ( 'NONE',  ( 0.0000000000000000000, -2.736599999999997500, 0.7366000000000000300 ) ) ;
#2606 = EDGE_LOOP ( 'NONE', ( #3186, #1169 ) ) ;
#2607 = ORIENTED_EDGE ( 'NONE', *, *, #2481, .T. ) ;
#2608 = DIRECTION ( 'NONE',  ( 1.000000000000000000, 0.0000000000000000000, 0.0000000000000000000 ) ) ;
#2609 = CIRCLE ( 'NONE', #1409, 1.500000000000004900 ) ;
#2610 = VERTEX_POINT ( 'NONE', #1892 ) ;
#2611 = CARTESIAN_POINT ( 'NONE',  ( 11.99999999999997900, -23.00000000000002800, 11.86830000000000900 ) ) ;
#2612 = EDGE_CURVE ( 'NONE', #1951, #3688, #3423, .T. ) ;
#2613 = AXIS2_PLACEMENT_3D ( 'NONE', #1315, #1594, #3043 ) ;
#2614 = CARTESIAN_POINT ( 'NONE',  ( 8.999999999999998200, 7.332110811570581300E-014, 20.99999999999999600 ) ) ;
#2615 = FACE_BOUND ( 'NONE', #765, .T. ) ;
#2616 = ADVANCED_FACE ( 'NONE', ( #2772 ), #2641, .F. ) ;
#2617 = CARTESIAN_POINT ( 'NONE',  ( 27.50000000000000000, -7.999999999999998200, -2.000000000000000000 ) ) ;
#2618 = FACE_BOUND ( 'NONE', #3295, .T. ) ;
#2619 = CARTESIAN_POINT ( 'NONE',  ( 18.99999999999998200, -33.00000000000003600, 13.36829999999998200 ) ) ;
#2620 = AXIS2_PLACEMENT_3D ( 'NONE', #2206, #2227, #1084 ) ;
#2621 = CARTESIAN_POINT ( 'NONE',  ( 8.999999999999998200, -5.999999999999996400, 0.0000000000000000000 ) ) ;
#2622 = ADVANCED_FACE ( 'NONE', ( #1417 ), #2500, .T. ) ;
#2623 = CARTESIAN_POINT ( 'NONE',  ( 5.499999999999991100, 2.578748085096402000E-014, 7.000000000000000900 ) ) ;
#2624 = CARTESIAN_POINT ( 'NONE',  ( 4.898587196589211700E-016, -1.999999999999919800, 23.00000000000000700 ) ) ;
#2625 = DIRECTION ( 'NONE',  ( -0.0000000000000000000, -1.000000000000000000, -0.0000000000000000000 ) ) ;
#2626 = DIRECTION ( 'NONE',  ( -1.000000000000000000, -2.449293598294702500E-016, 3.503246160812042700E-046 ) ) ;
#2627 = CARTESIAN_POINT ( 'NONE',  ( 49.99999999999999300, -2.736599999999984200, 0.7366000000000007000 ) ) ;
#2628 = VERTEX_POINT ( 'NONE', #1018 ) ;
#2629 = DIRECTION ( 'NONE',  ( 0.0000000000000000000, 2.312964634635735200E-015, -1.000000000000000000 ) ) ;
#2630 = CARTESIAN_POINT ( 'NONE',  ( 19.00000000000000400, -0.9999999999999983300, -2.000000000000000000 ) ) ;
#2631 = DIRECTION ( 'NONE',  ( -1.000000000000000000, -1.224646799147353200E-016, 0.0000000000000000000 ) ) ;
#2632 = EDGE_LOOP ( 'NONE', ( #2197, #482 ) ) ;
#2633 = EDGE_CURVE ( 'NONE', #665, #1023, #1950, .T. ) ;
#2634 = VECTOR ( 'NONE', #1765, 1000.000000000000000 ) ;
#2635 = VERTEX_POINT ( 'NONE', #475 ) ;
#2636 = ADVANCED_FACE ( 'NONE', ( #3617 ), #2959, .F. ) ;
#2637 = VECTOR ( 'NONE', #3456, 1000.000000000000000 ) ;
#2638 = CARTESIAN_POINT ( 'NONE',  ( 34.99999999999999300, -18.99999999999999300, 0.0000000000000000000 ) ) ;
#2639 = EDGE_CURVE ( 'NONE', #2408, #2375, #1468, .T. ) ;
#2640 = CARTESIAN_POINT ( 'NONE',  ( 28.00000000000000000, -11.99999999999999600, -2.000000000000000000 ) ) ;
#2641 = CYLINDRICAL_SURFACE ( 'NONE', #1817, 4.000000000000000000 ) ;
#2642 = ORIENTED_EDGE ( 'NONE', *, *, #922, .F. ) ;
#2643 = PRODUCT_DEFINITION ( '未知', '', #1089, #3045 ) ;
#2644 = ORIENTED_EDGE ( 'NONE', *, *, #2449, .T. ) ;
#2645 = LINE ( 'NONE', #2105, #1555 ) ;
#2646 = CARTESIAN_POINT ( 'NONE',  ( 6.999999999999999100, -18.99999999999999300, -2.000000000000000000 ) ) ;
#2647 = CARTESIAN_POINT ( 'NONE',  ( 29.50000000000000400, -11.99999999999999600, -2.000000000000000000 ) ) ;
#2648 = LINE ( 'NONE', #3678, #1293 ) ;
#2649 = EDGE_LOOP ( 'NONE', ( #2775, #2219 ) ) ;
#2650 = VERTEX_POINT ( 'NONE', #1067 ) ;
#2651 = AXIS2_PLACEMENT_3D ( 'NONE', #2326, #338, #3229 ) ;
#2652 = LINE ( 'NONE', #3123, #1299 ) ;
#2653 = ORIENTED_EDGE ( 'NONE', *, *, #2348, .F. ) ;
#2654 = CARTESIAN_POINT ( 'NONE',  ( 0.0000000000000000000, -2.736599999999997500, 0.7366000000000000300 ) ) ;
#2655 = VERTEX_POINT ( 'NONE', #451 ) ;
#2656 = CARTESIAN_POINT ( 'NONE',  ( 49.99999999999998600, -2.736599999999984200, 0.7366000000000007000 ) ) ;
#2657 = FILL_AREA_STYLE_COLOUR ( '', #1704 ) ;
#2658 = ORIENTED_EDGE ( 'NONE', *, *, #1306, .T. ) ;
#2659 = CARTESIAN_POINT ( 'NONE',  ( 8.499999999999998200, -25.00000000000000000, -2.000000000000000000 ) ) ;
#2660 = ORIENTED_EDGE ( 'NONE', *, *, #2123, .F. ) ;
#2661 = EDGE_CURVE ( 'NONE', #358, #1054, #3243, .T. ) ;
#2662 = ADVANCED_FACE ( 'NONE', ( #793 ), #3654, .F. ) ;
#2663 = CARTESIAN_POINT ( 'NONE',  ( 39.99999999999999300, -0.9999999999999947800, -2.000000000000000000 ) ) ;
#2664 = VECTOR ( 'NONE', #2142, 1000.000000000000000 ) ;
#2665 = CARTESIAN_POINT ( 'NONE',  ( 47.00000000000000000, -7.999999999999991100, -2.000000000000000000 ) ) ;
#2666 = FACE_OUTER_BOUND ( 'NONE', #2591, .T. ) ;
#2667 = EDGE_CURVE ( 'NONE', #2879, #366, #2864, .T. ) ;
#2668 = AXIS2_PLACEMENT_3D ( 'NONE', #1675, #1928, #2214 ) ;
#2669 = CARTESIAN_POINT ( 'NONE',  ( 50.50000000000000000, -30.26339999999998700, -4.553649124439118600E-015 ) ) ;
#2670 = AXIS2_PLACEMENT_3D ( 'NONE', #1433, #1715, #2029 ) ;
#2671 = EDGE_CURVE ( 'NONE', #139, #3003, #3333, .T. ) ;
#2672 = DIRECTION ( 'NONE',  ( -2.449293598294702500E-016, 1.000000000000000000, -3.491481338843133000E-015 ) ) ;
#2673 = DIRECTION ( 'NONE',  ( 1.000000000000000000, 0.0000000000000000000, 0.0000000000000000000 ) ) ;
#2674 = ADVANCED_FACE ( 'NONE', ( #2917 ), #1629, .T. ) ;
#2675 = DIRECTION ( 'NONE',  ( 0.0000000000000000000, 0.0000000000000000000, 1.000000000000000000 ) ) ;
#2676 = CARTESIAN_POINT ( 'NONE',  ( 59.00000000000000000, -24.99999999999999300, 0.0000000000000000000 ) ) ;
#2677 = ORIENTED_EDGE ( 'NONE', *, *, #3556, .T. ) ;
#2678 = CARTESIAN_POINT ( 'NONE',  ( 39.99999999999999300, -0.9999999999999947800, -2.000000000000000000 ) ) ;
#2679 = CIRCLE ( 'NONE', #394, 2.736600000000000100 ) ;
#2680 = CARTESIAN_POINT ( 'NONE',  ( 39.99999999999999300, -33.00000000000005700, 20.36829999999999800 ) ) ;
#2681 = FACE_BOUND ( 'NONE', #3335, .T. ) ;
#2682 = EDGE_CURVE ( 'NONE', #1294, #1162, #2545, .T. ) ;
#2683 = ORIENTED_EDGE ( 'NONE', *, *, #851, .F. ) ;
#2684 = ORIENTED_EDGE ( 'NONE', *, *, #2348, .T. ) ;
#2685 = AXIS2_PLACEMENT_3D ( 'NONE', #2540, #218, #811 ) ;
#2686 = DIRECTION ( 'NONE',  ( 0.0000000000000000000, 0.0000000000000000000, 1.000000000000000000 ) ) ;
#2687 = CARTESIAN_POINT ( 'NONE',  ( 56.99999999999999300, 9.408853061457127000E-014, 23.00000000000000000 ) ) ;
#2688 = CIRCLE ( 'NONE', #1441, 3.999999999999996400 ) ;
#2689 = CIRCLE ( 'NONE', #616, 1.499999999999994400 ) ;
#2690 = EDGE_LOOP ( 'NONE', ( #621, #1876 ) ) ;
#2691 = VERTEX_POINT ( 'NONE', #1636 ) ;
#2692 = CARTESIAN_POINT ( 'NONE',  ( 23.00000000000000000, -7.999999999999998200, 0.0000000000000000000 ) ) ;
#2693 = DIRECTION ( 'NONE',  ( 1.652117596168387800E-016, -1.000000000000000000, -3.318601432303456600E-015 ) ) ;
#2694 = AXIS2_PLACEMENT_3D ( 'NONE', #3097, #769, #239 ) ;
#2695 = LINE ( 'NONE', #2137, #307 ) ;
#2696 = LINE ( 'NONE', #1602, #889 ) ;
#2697 = VERTEX_POINT ( 'NONE', #2832 ) ;
#2698 = EDGE_LOOP ( 'NONE', ( #2981, #1553 ) ) ;
#2699 = VECTOR ( 'NONE', #3653, 1000.000000000000000 ) ;
#2700 = ADVANCED_FACE ( 'NONE', ( #442 ), #3739, .T. ) ;
#2701 = EDGE_LOOP ( 'NONE', ( #2141, #2823 ) ) ;
#2702 = ORIENTED_EDGE ( 'NONE', *, *, #828, .F. ) ;
#2703 = CARTESIAN_POINT ( 'NONE',  ( 8.499999999999992900, -30.99999999999999300, 0.7365999999999969200 ) ) ;
#2704 = VERTEX_POINT ( 'NONE', #1977 ) ;
#2705 = ORIENTED_EDGE ( 'NONE', *, *, #1974, .F. ) ;
#2706 = DIRECTION ( 'NONE',  ( 0.0000000000000000000, -3.491481338843127000E-015, -1.000000000000000000 ) ) ;
#2707 = FACE_OUTER_BOUND ( 'NONE', #2502, .T. ) ;
#2708 = EDGE_LOOP ( 'NONE', ( #983, #3742, #2325, #1907 ) ) ;
#2709 = DIRECTION ( 'NONE',  ( -2.449293598294702500E-016, 1.000000000000000000, -3.491481338843133000E-015 ) ) ;
#2710 = CYLINDRICAL_SURFACE ( 'NONE', #1030, 1.500000000000001300 ) ;
#2711 = CARTESIAN_POINT ( 'NONE',  ( 47.00000000000000000, -31.00000000000002500, 10.36829999999999800 ) ) ;
#2712 = EDGE_CURVE ( 'NONE', #1378, #1882, #1684, .T. ) ;
#2713 = FACE_BOUND ( 'NONE', #1303, .T. ) ;
#2714 = CARTESIAN_POINT ( 'NONE',  ( 6.999999999999997300, -1.999999999999926700, 21.00000000000000400 ) ) ;
#2715 = EDGE_CURVE ( 'NONE', #1957, #732, #26, .T. ) ;
#2716 = AXIS2_PLACEMENT_3D ( 'NONE', #3712, #2801, #3067 ) ;
#2717 = CARTESIAN_POINT ( 'NONE',  ( 49.99999999999999300, -1.999999999999988000, -4.275831445896953500E-029 ) ) ;
#2718 = CARTESIAN_POINT ( 'NONE',  ( 33.00000000000000000, -31.00000000000002500, 10.36829999999999800 ) ) ;
#2719 = CARTESIAN_POINT ( 'NONE',  ( 8.499999999999998200, -25.00000000000000000, 0.0000000000000000000 ) ) ;
#2720 = DIRECTION ( 'NONE',  ( -1.000000000000000000, -4.336808689942013800E-016, 0.0000000000000000000 ) ) ;
#2721 =( GEOMETRIC_REPRESENTATION_CONTEXT ( 3 ) GLOBAL_UNCERTAINTY_ASSIGNED_CONTEXT ( ( #2115 ) ) GLOBAL_UNIT_ASSIGNED_CONTEXT ( ( #2121, #1008, #1543 ) ) REPRESENTATION_CONTEXT ( 'NONE', 'WORKASPACE' ) );
#2722 = DIRECTION ( 'NONE',  ( 0.0000000000000000000, 0.0000000000000000000, 1.000000000000000000 ) ) ;
#2723 = ORIENTED_EDGE ( 'NONE', *, *, #2407, .T. ) ;
#2724 = DIRECTION ( 'NONE',  ( 1.000000000000000000, 0.0000000000000000000, 0.0000000000000000000 ) ) ;
#2725 = ORIENTED_EDGE ( 'NONE', *, *, #1885, .T. ) ;
#2726 = DIRECTION ( 'NONE',  ( -2.449293598294702500E-016, 1.000000000000000000, -3.491481338843133000E-015 ) ) ;
#2727 = DIRECTION ( 'NONE',  ( -0.0000000000000000000, 1.000000000000000000, -0.0000000000000000000 ) ) ;
#2728 = CYLINDRICAL_SURFACE ( 'NONE', #2223, 1.500000000000004900 ) ;
#2729 = DIRECTION ( 'NONE',  ( 0.0000000000000000000, 0.0000000000000000000, 1.000000000000000000 ) ) ;
#2730 = EDGE_CURVE ( 'NONE', #2920, #3740, #3699, .T. ) ;
#2731 = CYLINDRICAL_SURFACE ( 'NONE', #3543, 1.500000000000001300 ) ;
#2732 = CARTESIAN_POINT ( 'NONE',  ( 48.49999999999999300, -7.999999999999991100, -2.000000000000000000 ) ) ;
#2733 = VECTOR ( 'NONE', #3642, 1000.000000000000000 ) ;
#2734 = ORIENTED_EDGE ( 'NONE', *, *, #744, .F. ) ;
#2735 = CARTESIAN_POINT ( 'NONE',  ( 48.49999999999999300, -7.999999999999991100, -2.000000000000000000 ) ) ;
#2736 = ORIENTED_EDGE ( 'NONE', *, *, #2274, .F. ) ;
#2737 = CIRCLE ( 'NONE', #1458, 1.500000000000004900 ) ;
#2738 = EDGE_CURVE ( 'NONE', #3537, #2807, #1099, .T. ) ;
#2739 = CYLINDRICAL_SURFACE ( 'NONE', #2804, 2.000000000000001800 ) ;
#2740 = ORIENTED_EDGE ( 'NONE', *, *, #2078, .F. ) ;
#2741 = AXIS2_PLACEMENT_3D ( 'NONE', #1809, #362, #388 ) ;
#2742 = DIRECTION ( 'NONE',  ( 1.652117596168387800E-016, -1.000000000000000000, -3.318601432303456600E-015 ) ) ;
#2743 = FACE_OUTER_BOUND ( 'NONE', #3102, .T. ) ;
#2744 = ORIENTED_EDGE ( 'NONE', *, *, #3316, .T. ) ;
#2745 = CARTESIAN_POINT ( 'NONE',  ( 41.49999999999998600, -0.9999999999999947800, -2.000000000000000000 ) ) ;
#2746 = ORIENTED_EDGE ( 'NONE', *, *, #1278, .T. ) ;
#2747 = DIRECTION ( 'NONE',  ( 1.000000000000000000, 0.0000000000000000000, -7.359504293276601900E-017 ) ) ;
#2748 = FILL_AREA_STYLE ('',( #464 ) ) ;
#2749 = AXIS2_PLACEMENT_3D ( 'NONE', #1407, #2549, #3136 ) ;
#2750 = EDGE_CURVE ( 'NONE', #2392, #3299, #352, .T. ) ;
#2751 = EDGE_LOOP ( 'NONE', ( #3062, #1751 ) ) ;
#2752 = EDGE_LOOP ( 'NONE', ( #2962, #1745, #1705, #2503 ) ) ;
#2753 = CARTESIAN_POINT ( 'NONE',  ( 53.50000000000000000, -9.999999999999920100, 19.00000000000003900 ) ) ;
#2754 = ORIENTED_EDGE ( 'NONE', *, *, #3261, .T. ) ;
#2755 = DIRECTION ( 'NONE',  ( 1.000000000000000000, 0.0000000000000000000, 0.0000000000000000000 ) ) ;
#2756 = CIRCLE ( 'NONE', #63, 2.000000000000001800 ) ;
#2757 = CARTESIAN_POINT ( 'NONE',  ( 38.50000000000000000, -0.9999999999999945600, 0.0000000000000000000 ) ) ;
#2758 = DIRECTION ( 'NONE',  ( 1.000000000000000000, 0.0000000000000000000, 0.0000000000000000000 ) ) ;
#2759 = FACE_BOUND ( 'NONE', #2362, .T. ) ;
#2760 = CARTESIAN_POINT ( 'NONE',  ( 33.00000000000000000, -7.999999999999998200, 0.0000000000000000000 ) ) ;
#2761 = EDGE_CURVE ( 'NONE', #1105, #1295, #1783, .T. ) ;
#2762 = AXIS2_PLACEMENT_3D ( 'NONE', #2647, #624, #1209 ) ;
#2763 = EDGE_CURVE ( 'NONE', #1927, #1065, #527, .T. ) ;
#2764 = DIRECTION ( 'NONE',  ( 0.0000000000000000000, -3.469446951953617300E-015, -1.000000000000000000 ) ) ;
#2765 = DIRECTION ( 'NONE',  ( 1.652117596168387800E-016, -1.000000000000000000, -3.318601432303456600E-015 ) ) ;
#2766 = DIRECTION ( 'NONE',  ( 4.081702296416019900E-016, -1.000000000000000000, 0.0000000000000000000 ) ) ;
#2767 = DIRECTION ( 'NONE',  ( 1.000000000000000000, 6.938893903907238200E-016, -0.0000000000000000000 ) ) ;
#2768 = ORIENTED_EDGE ( 'NONE', *, *, #30, .F. ) ;
#2769 = STYLED_ITEM ( 'NONE', ( #3655 ), #114 ) ;
#2770 = LINE ( 'NONE', #555, #1326 ) ;
#2771 = DIRECTION ( 'NONE',  ( 1.652117596168387800E-016, -1.000000000000000000, -3.318601432303456900E-015 ) ) ;
#2772 = FACE_OUTER_BOUND ( 'NONE', #3568, .T. ) ;
#2773 = ORIENTED_EDGE ( 'NONE', *, *, #927, .F. ) ;
#2774 = ORIENTED_EDGE ( 'NONE', *, *, #2582, .T. ) ;
#2775 = ORIENTED_EDGE ( 'NONE', *, *, #356, .T. ) ;
#2776 = PLANE ( 'NONE',  #2620 ) ;
#2777 = CARTESIAN_POINT ( 'NONE',  ( 18.99999999999997900, -23.00000000000005700, 20.36830000000001900 ) ) ;
#2778 = CYLINDRICAL_SURFACE ( 'NONE', #3266, 2.000000000000001800 ) ;
#2779 = ORIENTED_EDGE ( 'NONE', *, *, #2171, .F. ) ;
#2780 = EDGE_CURVE ( 'NONE', #311, #128, #1866, .T. ) ;
#2781 = VERTEX_POINT ( 'NONE', #3714 ) ;
#2782 = DIRECTION ( 'NONE',  ( 1.652117596168387800E-016, -1.000000000000000000, -3.318601432303456600E-015 ) ) ;
#2783 = CARTESIAN_POINT ( 'NONE',  ( 53.50000000000000700, -9.999999999999962700, 7.000000000000035500 ) ) ;
#2784 = CARTESIAN_POINT ( 'NONE',  ( 48.00000000000000000, -5.999999999999992000, 0.0000000000000000000 ) ) ;
#2785 = CYLINDRICAL_SURFACE ( 'NONE', #1005, 1.500000000000001300 ) ;
#2786 = ORIENTED_EDGE ( 'NONE', *, *, #411, .F. ) ;
#2787 = ORIENTED_EDGE ( 'NONE', *, *, #1088, .T. ) ;
#2788 = EDGE_CURVE ( 'NONE', #2610, #120, #669, .T. ) ;
#2789 = LINE ( 'NONE', #1233, #2699 ) ;
#2790 = EDGE_LOOP ( 'NONE', ( #1737, #3749, #639, #1755 ) ) ;
#2791 = EDGE_LOOP ( 'NONE', ( #2924, #1344, #3588, #2146 ) ) ;
#2792 = ORIENTED_EDGE ( 'NONE', *, *, #483, .T. ) ;
#2793 = ORIENTED_EDGE ( 'NONE', *, *, #666, .T. ) ;
#2794 = DIRECTION ( 'NONE',  ( 1.652117596168387800E-016, -1.000000000000000000, -3.318601432303456900E-015 ) ) ;
#2795 = EDGE_CURVE ( 'NONE', #2546, #2152, #2460, .T. ) ;
#2796 = VECTOR ( 'NONE', #3338, 1000.000000000000000 ) ;
#2797 = LINE ( 'NONE', #265, #3677 ) ;
#2798 = FACE_OUTER_BOUND ( 'NONE', #2037, .T. ) ;
#2799 = DIRECTION ( 'NONE',  ( 1.000000000000000000, 0.0000000000000000000, 0.0000000000000000000 ) ) ;
#2800 = CARTESIAN_POINT ( 'NONE',  ( 3.351368430546635200E-016, -2.736599999999990400, 0.0000000000000000000 ) ) ;
#2801 = DIRECTION ( 'NONE',  ( 0.0000000000000000000, 0.0000000000000000000, 1.000000000000000000 ) ) ;
#2802 = DIRECTION ( 'NONE',  ( 0.0000000000000000000, 0.0000000000000000000, 1.000000000000000000 ) ) ;
#2803 = EDGE_CURVE ( 'NONE', #1882, #3182, #1240, .T. ) ;
#2804 = AXIS2_PLACEMENT_3D ( 'NONE', #845, #1990, #862 ) ;
#2805 = CARTESIAN_POINT ( 'NONE',  ( 4.999999999999997300, -8.999999999999992900, 0.0000000000000000000 ) ) ;
#2806 = ADVANCED_FACE ( 'NONE', ( #3093 ), #3565, .F. ) ;
#2807 = VERTEX_POINT ( 'NONE', #583 ) ;
#2808 = AXIS2_PLACEMENT_3D ( 'NONE', #3304, #3600, #2436 ) ;
#2809 = DIRECTION ( 'NONE',  ( -0.0000000000000000000, 0.0000000000000000000, -1.000000000000000000 ) ) ;
#2810 = ORIENTED_EDGE ( 'NONE', *, *, #1698, .F. ) ;
#2811 = DIRECTION ( 'NONE',  ( 1.000000000000000000, 0.0000000000000000000, 0.0000000000000000000 ) ) ;
#2812 = ORIENTED_EDGE ( 'NONE', *, *, #2425, .F. ) ;
#2813 = DIRECTION ( 'NONE',  ( 0.0000000000000000000, 0.0000000000000000000, 1.000000000000000000 ) ) ;
#2814 = FACE_OUTER_BOUND ( 'NONE', #3695, .T. ) ;
#2815 = CIRCLE ( 'NONE', #1955, 1.499999999999994400 ) ;
#2816 = ORIENTED_EDGE ( 'NONE', *, *, #2712, .T. ) ;
#2817 = CYLINDRICAL_SURFACE ( 'NONE', #2859, 2.000000000000001800 ) ;
#2818 = CYLINDRICAL_SURFACE ( 'NONE', #2079, 1.500000000000001300 ) ;
#2819 = EDGE_LOOP ( 'NONE', ( #1389, #155 ) ) ;
#2820 = CARTESIAN_POINT ( 'NONE',  ( 50.00000000000000000, -5.999999999999991100, -2.000000000000000000 ) ) ;
#2821 = EDGE_LOOP ( 'NONE', ( #2236, #3471, #199, #1940 ) ) ;
#2822 = CIRCLE ( 'NONE', #1795, 1.500000000000001300 ) ;
#2823 = ORIENTED_EDGE ( 'NONE', *, *, #2835, .T. ) ;
#2824 = ORIENTED_EDGE ( 'NONE', *, *, #136, .F. ) ;
#2825 = DIRECTION ( 'NONE',  ( 0.0000000000000000000, 0.0000000000000000000, 1.000000000000000000 ) ) ;
#2826 = CARTESIAN_POINT ( 'NONE',  ( 11.99999999999998000, -31.00000000000003200, 11.86829999999998200 ) ) ;
#2827 = EDGE_CURVE ( 'NONE', #1288, #1872, #1596, .T. ) ;
#2828 = FACE_OUTER_BOUND ( 'NONE', #2320, .T. ) ;
#2829 = ORIENTED_EDGE ( 'NONE', *, *, #2560, .T. ) ;
#2830 = CARTESIAN_POINT ( 'NONE',  ( 8.999999999999998200, -2.736599999999997500, 0.0000000000000000000 ) ) ;
#2831 = EDGE_LOOP ( 'NONE', ( #2151, #418, #1033, #1350 ) ) ;
#2832 = CARTESIAN_POINT ( 'NONE',  ( 40.00000000000000000, -31.00000000000002500, 10.36829999999999800 ) ) ;
#2833 = ORIENTED_EDGE ( 'NONE', *, *, #1502, .T. ) ;
#2834 = ORIENTED_EDGE ( 'NONE', *, *, #1712, .T. ) ;
#2835 = EDGE_CURVE ( 'NONE', #2278, #2285, #253, .T. ) ;
#2836 = AXIS2_PLACEMENT_3D ( 'NONE', #1989, #40, #2284 ) ;
#2837 = DIRECTION ( 'NONE',  ( 0.0000000000000000000, 0.0000000000000000000, 1.000000000000000000 ) ) ;
#2838 = CYLINDRICAL_SURFACE ( 'NONE', #912, 1.500000000000004000 ) ;
#2839 = ORIENTED_EDGE ( 'NONE', *, *, #973, .T. ) ;
#2840 = CARTESIAN_POINT ( 'NONE',  ( 53.50000000000000000, -1.999999999999920300, 19.00000000000001100 ) ) ;
#2841 = CYLINDRICAL_SURFACE ( 'NONE', #2987, 2.736600000000005500 ) ;
#2842 = CARTESIAN_POINT ( 'NONE',  ( 20.50000000000000000, -15.00000000000000000, 0.0000000000000000000 ) ) ;
#2843 = AXIS2_PLACEMENT_3D ( 'NONE', #1791, #2631, #1231 ) ;
#2844 = CARTESIAN_POINT ( 'NONE',  ( 49.99999999999999300, 1.224646799147351200E-014, -6.982962677686292000E-015 ) ) ;
#2845 = FACE_BOUND ( 'NONE', #810, .T. ) ;
#2846 = DIRECTION ( 'NONE',  ( 1.000000000000000000, 0.0000000000000000000, 0.0000000000000000000 ) ) ;
#2847 = DIRECTION ( 'NONE',  ( -1.000000000000000000, -0.0000000000000000000, 7.359504293276601900E-017 ) ) ;
#2848 = ADVANCED_FACE ( 'NONE', ( #711 ), #76, .F. ) ;
#2849 = CARTESIAN_POINT ( 'NONE',  ( 40.00000000000000000, -33.00000000000003600, 13.36830000000000000 ) ) ;
#2850 = DIRECTION ( 'NONE',  ( -1.000000000000000000, -2.449293598294703900E-016, 8.551662891793906700E-031 ) ) ;
#2851 = DIRECTION ( 'NONE',  ( 1.000000000000000000, 0.0000000000000000000, 0.0000000000000000000 ) ) ;
#2852 = CARTESIAN_POINT ( 'NONE',  ( 53.50000000000000700, -9.999999999999969800, 5.000000000000032000 ) ) ;
#2853 = EDGE_CURVE ( 'NONE', #2552, #543, #1019, .T. ) ;
#2854 = CARTESIAN_POINT ( 'NONE',  ( 40.00000000000000700, -33.00000000000000700, 6.368299999999998700 ) ) ;
#2855 = EDGE_LOOP ( 'NONE', ( #3110, #587 ) ) ;
#2856 = DIRECTION ( 'NONE',  ( -0.0000000000000000000, 0.0000000000000000000, 1.000000000000000000 ) ) ;
#2857 = DIRECTION ( 'NONE',  ( 0.0000000000000000000, 0.0000000000000000000, 1.000000000000000000 ) ) ;
#2858 = VECTOR ( 'NONE', #3402, 1000.000000000000000 ) ;
#2859 = AXIS2_PLACEMENT_3D ( 'NONE', #3417, #2537, #520 ) ;
#2860 = VERTEX_POINT ( 'NONE', #2018 ) ;
#2861 = EDGE_CURVE ( 'NONE', #1746, #3700, #126, .T. ) ;
#2862 = CARTESIAN_POINT ( 'NONE',  ( 47.00000000000000000, -7.999999999999991100, 0.0000000000000000000 ) ) ;
#2863 = DIRECTION ( 'NONE',  ( 1.000000000000000000, 0.0000000000000000000, 0.0000000000000000000 ) ) ;
#2864 = CIRCLE ( 'NONE', #3652, 1.500000000000001300 ) ;
#2865 = FACE_OUTER_BOUND ( 'NONE', #3392, .T. ) ;
#2866 = ORIENTED_EDGE ( 'NONE', *, *, #2715, .T. ) ;
#2867 = ADVANCED_FACE ( 'NONE', ( #932 ), #2365, .F. ) ;
#2868 = CIRCLE ( 'NONE', #3442, 2.000000000000001800 ) ;
#2869 = DIRECTION ( 'NONE',  ( 0.0000000000000000000, -3.491481338843133000E-015, -1.000000000000000000 ) ) ;
#2870 = DIRECTION ( 'NONE',  ( 0.0000000000000000000, 0.0000000000000000000, 1.000000000000000000 ) ) ;
#2871 = VECTOR ( 'NONE', #2440, 1000.000000000000000 ) ;
#2872 = ORIENTED_EDGE ( 'NONE', *, *, #3730, .T. ) ;
#2873 = EDGE_LOOP ( 'NONE', ( #1845, #1436 ) ) ;
#2874 = DIRECTION ( 'NONE',  ( 0.0000000000000000000, 0.0000000000000000000, 1.000000000000000000 ) ) ;
#2875 = CYLINDRICAL_SURFACE ( 'NONE', #1591, 4.000000000000000000 ) ;
#2876 = ORIENTED_EDGE ( 'NONE', *, *, #922, .T. ) ;
#2877 = ORIENTED_EDGE ( 'NONE', *, *, #1453, .T. ) ;
#2878 = EDGE_LOOP ( 'NONE', ( #3521, #2385, #23, #712 ) ) ;
#2879 = VERTEX_POINT ( 'NONE', #3175 ) ;
#2880 = EDGE_CURVE ( 'NONE', #259, #3382, #2265, .T. ) ;
#2881 = AXIS2_PLACEMENT_3D ( 'NONE', #2384, #350, #2941 ) ;
#2882 = DIRECTION ( 'NONE',  ( -0.0000000000000000000, 1.000000000000000000, -0.0000000000000000000 ) ) ;
#2883 = EDGE_LOOP ( 'NONE', ( #3648, #3021, #634, #3139, #14, #495 ) ) ;
#2884 = DIRECTION ( 'NONE',  ( 1.652117596168387800E-016, -1.000000000000000000, -3.318601432303456600E-015 ) ) ;
#2885 = EDGE_LOOP ( 'NONE', ( #2683, #2829, #123, #3107 ) ) ;
#2886 = CARTESIAN_POINT ( 'NONE',  ( 52.00000000000000000, -1.999999999999907200, 23.00000000000000700 ) ) ;
#2887 = LINE ( 'NONE', #557, #1962 ) ;
#2888 = FACE_BOUND ( 'NONE', #1567, .T. ) ;
#2889 = DIRECTION ( 'NONE',  ( 1.000000000000000000, 0.0000000000000000000, 0.0000000000000000000 ) ) ;
#2890 = AXIS2_PLACEMENT_3D ( 'NONE', #1052, #804, #3075 ) ;
#2891 = CARTESIAN_POINT ( 'NONE',  ( 47.00000000000000000, -23.00000000000003200, 13.36830000000003500 ) ) ;
#2892 = ADVANCED_FACE ( 'NONE', ( #166 ), #2818, .F. ) ;
#2893 = LINE ( 'NONE', #877, #734 ) ;
#2894 = DIRECTION ( 'NONE',  ( 1.000000000000000000, 0.0000000000000000000, 0.0000000000000000000 ) ) ;
#2895 = CARTESIAN_POINT ( 'NONE',  ( 20.99999999999999600, -18.99999999999999300, -2.000000000000000000 ) ) ;
#2896 = DIRECTION ( 'NONE',  ( -1.000000000000000000, 0.0000000000000000000, 0.0000000000000000000 ) ) ;
#2897 = CARTESIAN_POINT ( 'NONE',  ( 18.99999999999998600, -33.00000000000000700, 4.868299999999981000 ) ) ;
#2898 = CARTESIAN_POINT ( 'NONE',  ( 34.49999999999999300, -7.999999999999998200, -2.000000000000000000 ) ) ;
#2899 = CARTESIAN_POINT ( 'NONE',  ( 13.50000000000000200, -7.999999999999998200, -2.000000000000000000 ) ) ;
#2900 = EDGE_CURVE ( 'NONE', #843, #3145, #3138, .T. ) ;
#2901 = CARTESIAN_POINT ( 'NONE',  ( 8.999999999999998200, 7.332110811570581300E-014, 20.99999999999999600 ) ) ;
#2902 = DIRECTION ( 'NONE',  ( 1.652117596168387800E-016, -1.000000000000000000, -3.318601432303456600E-015 ) ) ;
#2903 = ORIENTED_EDGE ( 'NONE', *, *, #245, .F. ) ;
#2904 =( NAMED_UNIT ( * ) SI_UNIT ( $, .STERADIAN. ) SOLID_ANGLE_UNIT ( ) );
#2905 = ADVANCED_FACE ( 'NONE', ( #3051 ), #1445, .T. ) ;
#2906 = DIRECTION ( 'NONE',  ( 0.0000000000000000000, 4.625929269271470300E-015, -1.000000000000000000 ) ) ;
#2907 = ORIENTED_EDGE ( 'NONE', *, *, #2738, .F. ) ;
#2908 = EDGE_CURVE ( 'NONE', #1801, #988, #1377, .T. ) ;
#2909 = VERTEX_POINT ( 'NONE', #908 ) ;
#2910 = AXIS2_PLACEMENT_3D ( 'NONE', #192, #484, #1618 ) ;
#2911 = DIRECTION ( 'NONE',  ( 1.000000000000000000, 0.0000000000000000000, 0.0000000000000000000 ) ) ;
#2912 = CIRCLE ( 'NONE', #1364, 1.500000000000001300 ) ;
#2913 = CARTESIAN_POINT ( 'NONE',  ( 25.99999999999998200, -23.00000000000003200, 13.36830000000003000 ) ) ;
#2914 = VERTEX_POINT ( 'NONE', #3167 ) ;
#2915 = DIRECTION ( 'NONE',  ( -1.000000000000000000, 0.0000000000000000000, 0.0000000000000000000 ) ) ;
#2916 = LINE ( 'NONE', #1398, #2637 ) ;
#2917 = FACE_OUTER_BOUND ( 'NONE', #2495, .T. ) ;
#2918 = ORIENTED_EDGE ( 'NONE', *, *, #1816, .T. ) ;
#2919 = AXIS2_PLACEMENT_3D ( 'NONE', #3049, #3372, #2179 ) ;
#2920 = VERTEX_POINT ( 'NONE', #1164 ) ;
#2921 = CARTESIAN_POINT ( 'NONE',  ( 59.00000000000000000, 9.454242944073598700E-014, 23.00000000000000000 ) ) ;
#2922 = VECTOR ( 'NONE', #3488, 1000.000000000000000 ) ;
#2923 = CIRCLE ( 'NONE', #99, 2.000000000000001800 ) ;
#2924 = ORIENTED_EDGE ( 'NONE', *, *, #593, .F. ) ;
#2925 = CARTESIAN_POINT ( 'NONE',  ( 33.00000000000000000, -33.00000000000002800, 11.86829999999999600 ) ) ;
#2926 = DIRECTION ( 'NONE',  ( 1.000000000000000000, 0.0000000000000000000, 0.0000000000000000000 ) ) ;
#2927 = CIRCLE ( 'NONE', #1184, 2.000000000000001800 ) ;
#2928 = VERTEX_POINT ( 'NONE', #1706 ) ;
#2929 = ORIENTED_EDGE ( 'NONE', *, *, #778, .F. ) ;
#2930 = EDGE_CURVE ( 'NONE', #1878, #1788, #620, .T. ) ;
#2931 = ADVANCED_FACE ( 'NONE', ( #1556 ), #485, .F. ) ;
#2932 = ORIENTED_EDGE ( 'NONE', *, *, #3388, .F. ) ;
#2933 = ORIENTED_EDGE ( 'NONE', *, *, #1622, .T. ) ;
#2934 = CARTESIAN_POINT ( 'NONE',  ( 18.99999999999998200, -33.00000000000002800, 11.86829999999998000 ) ) ;
#2935 = EDGE_CURVE ( 'NONE', #3490, #2035, #1511, .T. ) ;
#2936 = AXIS2_PLACEMENT_3D ( 'NONE', #94, #2357, #679 ) ;
#2937 = CARTESIAN_POINT ( 'NONE',  ( 8.499999999999984000, -33.00000000000007100, 23.00000000000000000 ) ) ;
#2938 = CARTESIAN_POINT ( 'NONE',  ( 25.99999999999998200, -31.00000000000002800, 11.86830000000000000 ) ) ;
#2939 = FACE_BOUND ( 'NONE', #1197, .T. ) ;
#2940 = AXIS2_PLACEMENT_3D ( 'NONE', #1803, #75, #968 ) ;
#2941 = DIRECTION ( 'NONE',  ( -1.000000000000000000, 0.0000000000000000000, 0.0000000000000000000 ) ) ;
#2942 = EDGE_CURVE ( 'NONE', #1065, #39, #3464, .T. ) ;
#2943 = CARTESIAN_POINT ( 'NONE',  ( 25.99999999999998200, -33.00000000000002100, 10.36829999999999100 ) ) ;
#2944 = DIRECTION ( 'NONE',  ( 1.000000000000000000, 0.0000000000000000000, 0.0000000000000000000 ) ) ;
#2945 = SURFACE_STYLE_USAGE ( .BOTH. , #1175 ) ;
#2946 = ADVANCED_FACE ( 'NONE', ( #2681, #1285, #1903 ), #3462, .T. ) ;
#2947 = PLANE ( 'NONE',  #1848 ) ;
#2948 = CARTESIAN_POINT ( 'NONE',  ( 0.0000000000000000000, -2.736599999999997500, 0.7366000000000000300 ) ) ;
#2949 = DIRECTION ( 'NONE',  ( 0.0000000000000000000, 0.0000000000000000000, 1.000000000000000000 ) ) ;
#2950 = DIRECTION ( 'NONE',  ( 0.0000000000000000000, 2.312964634635740700E-015, -1.000000000000000000 ) ) ;
#2951 = ORIENTED_EDGE ( 'NONE', *, *, #3032, .F. ) ;
#2952 = EDGE_CURVE ( 'NONE', #1080, #3150, #1494, .T. ) ;
#2953 = AXIS2_PLACEMENT_3D ( 'NONE', #2342, #937, #2950 ) ;
#2954 = CARTESIAN_POINT ( 'NONE',  ( 5.499999999999993800, -9.999999999999973400, 7.000000000000035500 ) ) ;
#2955 = LINE ( 'NONE', #3231, #3649 ) ;
#2956 = DIRECTION ( 'NONE',  ( 1.000000000000000000, 0.0000000000000000000, 0.0000000000000000000 ) ) ;
#2957 = EDGE_CURVE ( 'NONE', #3299, #1288, #3073, .T. ) ;
#2958 = CARTESIAN_POINT ( 'NONE',  ( 59.00000000000000000, 9.475490302333082700E-014, 23.00000000000000000 ) ) ;
#2959 = CYLINDRICAL_SURFACE ( 'NONE', #929, 1.499999999999994400 ) ;
#2960 = COLOUR_RGB ( '',0.5294117647058823600, 0.5490196078431373000, 0.5490196078431373000 ) ;
#2961 = AXIS2_PLACEMENT_3D ( 'NONE', #3725, #865, #4 ) ;
#2962 = ORIENTED_EDGE ( 'NONE', *, *, #1733, .F. ) ;
#2963 = CIRCLE ( 'NONE', #3245, 1.500000000000004900 ) ;
#2964 = DIRECTION ( 'NONE',  ( 1.000000000000000000, 0.0000000000000000000, 0.0000000000000000000 ) ) ;
#2965 = FACE_OUTER_BOUND ( 'NONE', #3379, .T. ) ;
#2966 = ORIENTED_EDGE ( 'NONE', *, *, #1, .T. ) ;
#2967 = ORIENTED_EDGE ( 'NONE', *, *, #2147, .F. ) ;
#2968 = ADVANCED_FACE ( 'NONE', ( #2666 ), #1850, .F. ) ;
#2969 = PLANE ( 'NONE',  #2843 ) ;
#2970 = LINE ( 'NONE', #3086, #1069 ) ;
#2971 = ORIENTED_EDGE ( 'NONE', *, *, #1668, .F. ) ;
#2972 = ORIENTED_EDGE ( 'NONE', *, *, #540, .F. ) ;
#2973 = CARTESIAN_POINT ( 'NONE',  ( 39.99999999999999300, -33.00000000000004300, 17.36829999999999100 ) ) ;
#2974 = VECTOR ( 'NONE', #1725, 1000.000000000000000 ) ;
#2975 = EDGE_LOOP ( 'NONE', ( #2587, #941, #955, #1825 ) ) ;
#2976 = VERTEX_POINT ( 'NONE', #1238 ) ;
#2977 = PLANE ( 'NONE',  #623 ) ;
#2978 = CARTESIAN_POINT ( 'NONE',  ( 53.50000000000000000, 7.944186618889620700E-014, 19.00000000000000400 ) ) ;
#2979 = CYLINDRICAL_SURFACE ( 'NONE', #163, 2.000000000000001800 ) ;
#2980 = ORIENTED_EDGE ( 'NONE', *, *, #3730, .F. ) ;
#2981 = ORIENTED_EDGE ( 'NONE', *, *, #3176, .T. ) ;
#2982 = EDGE_CURVE ( 'NONE', #2130, #1470, #3405, .T. ) ;
#2983 = CYLINDRICAL_SURFACE ( 'NONE', #3288, 1.500000000000004000 ) ;
#2984 = CARTESIAN_POINT ( 'NONE',  ( 8.999999999999998200, -5.999999999999996400, -2.000000000000000000 ) ) ;
#2985 = FACE_BOUND ( 'NONE', #3283, .T. ) ;
#2986 = EDGE_CURVE ( 'NONE', #3585, #140, #1083, .T. ) ;
#2987 = AXIS2_PLACEMENT_3D ( 'NONE', #3353, #3645, #471 ) ;
#2988 = ADVANCED_FACE ( 'NONE', ( #2759, #3551, #737 ), #3560, .T. ) ;
#2989 = DIRECTION ( 'NONE',  ( 0.0000000000000000000, -1.000000000000000000, -3.491481338843133400E-015 ) ) ;
#2990 = DIRECTION ( 'NONE',  ( -1.000000000000000000, -4.336808689942013800E-016, 0.0000000000000000000 ) ) ;
#2991 = DIRECTION ( 'NONE',  ( 0.0000000000000000000, 0.0000000000000000000, 1.000000000000000000 ) ) ;
#2992 = EDGE_CURVE ( 'NONE', #3096, #1119, #961, .T. ) ;
#2993 = DIRECTION ( 'NONE',  ( 0.0000000000000000000, 0.0000000000000000000, 1.000000000000000000 ) ) ;
#2994 = CARTESIAN_POINT ( 'NONE',  ( 45.50000000000000700, -7.999999999999991100, -2.000000000000000000 ) ) ;
#2995 = ORIENTED_EDGE ( 'NONE', *, *, #3533, .F. ) ;
#2996 = CARTESIAN_POINT ( 'NONE',  ( 5.499999999999993800, -9.999999999999980500, 5.000000000000037300 ) ) ;
#2997 = ORIENTED_EDGE ( 'NONE', *, *, #554, .F. ) ;
#2998 = CARTESIAN_POINT ( 'NONE',  ( 8.999999999999998200, -2.000000000000000000, 0.0000000000000000000 ) ) ;
#2999 = ORIENTED_EDGE ( 'NONE', *, *, #3129, .T. ) ;
#3000 = FACE_OUTER_BOUND ( 'NONE', #2104, .T. ) ;
#3001 = EDGE_CURVE ( 'NONE', #177, #1295, #552, .T. ) ;
#3002 = ORIENTED_EDGE ( 'NONE', *, *, #3001, .T. ) ;
#3003 = VERTEX_POINT ( 'NONE', #2692 ) ;
#3004 = AXIS2_PLACEMENT_3D ( 'NONE', #688, #2119, #3281 ) ;
#3005 = CIRCLE ( 'NONE', #3683, 1.500000000000001300 ) ;
#3006 = VECTOR ( 'NONE', #2490, 1000.000000000000000 ) ;
#3007 = ORIENTED_EDGE ( 'NONE', *, *, #1502, .F. ) ;
#3008 = ORIENTED_EDGE ( 'NONE', *, *, #3741, .T. ) ;
#3009 = CARTESIAN_POINT ( 'NONE',  ( 33.00000000000000000, -7.999999999999998200, -2.000000000000000000 ) ) ;
#3010 = VECTOR ( 'NONE', #3483, 1000.000000000000000 ) ;
#3011 = PLANE ( 'NONE',  #1508 ) ;
#3012 = DIRECTION ( 'NONE',  ( 0.0000000000000000000, 0.0000000000000000000, 1.000000000000000000 ) ) ;
#3013 = AXIS2_PLACEMENT_3D ( 'NONE', #1291, #2445, #2758 ) ;
#3014 = CYLINDRICAL_SURFACE ( 'NONE', #2613, 1.499999999999994400 ) ;
#3015 = CIRCLE ( 'NONE', #2352, 2.000000000000001800 ) ;
#3016 = ORIENTED_EDGE ( 'NONE', *, *, #2803, .T. ) ;
#3017 = VERTEX_POINT ( 'NONE', #2638 ) ;
#3018 = CARTESIAN_POINT ( 'NONE',  ( 33.00000000000000000, -31.00000000000003200, 13.36830000000000700 ) ) ;
#3019 = VECTOR ( 'NONE', #2686, 1000.000000000000000 ) ;
#3020 = ORIENTED_EDGE ( 'NONE', *, *, #1212, .T. ) ;
#3021 = ORIENTED_EDGE ( 'NONE', *, *, #2982, .T. ) ;
#3022 = CARTESIAN_POINT ( 'NONE',  ( 40.00000000000000700, -31.00000000000000000, 4.868300000000000500 ) ) ;
#3023 = EDGE_LOOP ( 'NONE', ( #870, #2702 ) ) ;
#3024 = ORIENTED_EDGE ( 'NONE', *, *, #2531, .F. ) ;
#3025 = DIRECTION ( 'NONE',  ( -2.449293598294702500E-016, 1.000000000000000000, -3.491481338843133000E-015 ) ) ;
#3026 = VECTOR ( 'NONE', #1481, 1000.000000000000000 ) ;
#3027 = ORIENTED_EDGE ( 'NONE', *, *, #2153, .T. ) ;
#3028 = CARTESIAN_POINT ( 'NONE',  ( 31.00000000000000400, -11.99999999999999600, -2.000000000000000000 ) ) ;
#3029 = DIRECTION ( 'NONE',  ( 0.0000000000000000000, 0.0000000000000000000, 1.000000000000000000 ) ) ;
#3030 = FACE_BOUND ( 'NONE', #3214, .T. ) ;
#3031 = CARTESIAN_POINT ( 'NONE',  ( 11.99999999999998000, -33.00000000000002100, 10.36829999999997300 ) ) ;
#3032 = EDGE_CURVE ( 'NONE', #890, #690, #3726, .T. ) ;
#3033 = FACE_BOUND ( 'NONE', #1565, .T. ) ;
#3034 = CARTESIAN_POINT ( 'NONE',  ( 54.00000000000000000, -8.999999999999985800, 0.0000000000000000000 ) ) ;
#3035 = EDGE_CURVE ( 'NONE', #1872, #1288, #1621, .T. ) ;
#3036 = FACE_OUTER_BOUND ( 'NONE', #2821, .T. ) ;
#3037 = DIRECTION ( 'NONE',  ( 1.000000000000000000, 4.081702296416019900E-016, -0.0000000000000000000 ) ) ;
#3038 = CARTESIAN_POINT ( 'NONE',  ( 8.999999999999998200, -1.999999999999926700, 21.00000000000000400 ) ) ;
#3039 = CARTESIAN_POINT ( 'NONE',  ( 25.99999999999998200, -31.00000000000003200, 13.36830000000000300 ) ) ;
#3040 = AXIS2_PLACEMENT_3D ( 'NONE', #3387, #1889, #480 ) ;
#3041 = CARTESIAN_POINT ( 'NONE',  ( 52.00000000000000000, -8.999999999999985800, -2.000000000000000000 ) ) ;
#3042 = DIRECTION ( 'NONE',  ( 0.0000000000000000000, 0.0000000000000000000, 1.000000000000000000 ) ) ;
#3043 = DIRECTION ( 'NONE',  ( 1.000000000000000000, 0.0000000000000000000, 0.0000000000000000000 ) ) ;
#3044 = ORIENTED_EDGE ( 'NONE', *, *, #3545, .T. ) ;
#3045 = PRODUCT_DEFINITION_CONTEXT ( 'detailed design', #1268, 'design' ) ;
#3046 = DIRECTION ( 'NONE',  ( 0.0000000000000000000, 4.625929269271473500E-015, -1.000000000000000000 ) ) ;
#3047 = CARTESIAN_POINT ( 'NONE',  ( 49.99999999999999300, 1.480000724569973400E-014, 0.7365999999999909300 ) ) ;
#3048 = LINE ( 'NONE', #2777, #3238 ) ;
#3049 = CARTESIAN_POINT ( 'NONE',  ( 33.00000000000000000, -23.00000000000002800, 11.86830000000003000 ) ) ;
#3050 = DIRECTION ( 'NONE',  ( -0.0000000000000000000, 1.000000000000000000, -0.0000000000000000000 ) ) ;
#3051 = FACE_OUTER_BOUND ( 'NONE', #2329, .T. ) ;
#3052 = CYLINDRICAL_SURFACE ( 'NONE', #836, 1.499999999999994400 ) ;
#3053 = DIRECTION ( 'NONE',  ( -6.938893903907238200E-016, 1.000000000000000000, 0.0000000000000000000 ) ) ;
#3054 = ORIENTED_EDGE ( 'NONE', *, *, #2196, .T. ) ;
#3055 = EDGE_CURVE ( 'NONE', #44, #746, #3271, .T. ) ;
#3056 = CYLINDRICAL_SURFACE ( 'NONE', #2369, 1.500000000000004900 ) ;
#3057 = ORIENTED_EDGE ( 'NONE', *, *, #1840, .F. ) ;
#3058 = AXIS2_PLACEMENT_3D ( 'NONE', #3632, #1865, #1620 ) ;
#3059 = DIRECTION ( 'NONE',  ( 0.0000000000000000000, 0.0000000000000000000, 1.000000000000000000 ) ) ;
#3060 = EDGE_LOOP ( 'NONE', ( #1615, #3416, #2435, #444 ) ) ;
#3061 = VECTOR ( 'NONE', #590, 1000.000000000000000 ) ;
#3062 = ORIENTED_EDGE ( 'NONE', *, *, #3637, .T. ) ;
#3063 = ORIENTED_EDGE ( 'NONE', *, *, #910, .F. ) ;
#3064 = DIRECTION ( 'NONE',  ( 0.0000000000000000000, 0.0000000000000000000, 1.000000000000000000 ) ) ;
#3065 = EDGE_CURVE ( 'NONE', #1951, #3294, #469, .T. ) ;
#3066 = VERTEX_POINT ( 'NONE', #2444 ) ;
#3067 = DIRECTION ( 'NONE',  ( 1.000000000000000000, 0.0000000000000000000, 0.0000000000000000000 ) ) ;
#3068 = ORIENTED_EDGE ( 'NONE', *, *, #739, .T. ) ;
#3069 = DIRECTION ( 'NONE',  ( -2.449293598294702500E-016, 1.000000000000000000, -3.491481338843133000E-015 ) ) ;
#3070 = ORIENTED_EDGE ( 'NONE', *, *, #2788, .T. ) ;
#3071 = DIRECTION ( 'NONE',  ( 0.0000000000000000000, 1.000000000000000000, -3.491481338843133400E-015 ) ) ;
#3072 = PLANE ( 'NONE',  #2542 ) ;
#3073 = LINE ( 'NONE', #2055, #331 ) ;
#3074 = CARTESIAN_POINT ( 'NONE',  ( 19.00000000000000400, -0.9999999999999983300, 0.0000000000000000000 ) ) ;
#3075 = DIRECTION ( 'NONE',  ( 1.000000000000000000, 0.0000000000000000000, 0.0000000000000000000 ) ) ;
#3076 = VECTOR ( 'NONE', #514, 1000.000000000000000 ) ;
#3077 = EDGE_CURVE ( 'NONE', #2697, #2914, #2073, .T. ) ;
#3078 = AXIS2_PLACEMENT_3D ( 'NONE', #643, #921, #2964 ) ;
#3079 = CARTESIAN_POINT ( 'NONE',  ( 12.00000000000000000, -7.999999999999998200, -2.000000000000000000 ) ) ;
#3080 = AXIS2_PLACEMENT_3D ( 'NONE', #2388, #232, #3178 ) ;
#3081 = DIRECTION ( 'NONE',  ( -1.000000000000000000, 2.344220913482171700E-016, -0.0000000000000000000 ) ) ;
#3082 = CARTESIAN_POINT ( 'NONE',  ( 53.50000000000000700, -1.999999999999961800, 7.000000000000008000 ) ) ;
#3083 = EDGE_LOOP ( 'NONE', ( #987, #3016, #87, #433 ) ) ;
#3084 = ORIENTED_EDGE ( 'NONE', *, *, #1766, .F. ) ;
#3085 = ORIENTED_EDGE ( 'NONE', *, *, #3633, .F. ) ;
#3086 = CARTESIAN_POINT ( 'NONE',  ( 2.999999999999996900, -8.999999999999992900, -2.000000000000000000 ) ) ;
#3087 = ORIENTED_EDGE ( 'NONE', *, *, #2451, .T. ) ;
#3088 = EDGE_LOOP ( 'NONE', ( #1373, #763, #3094, #2098 ) ) ;
#3089 = ORIENTED_EDGE ( 'NONE', *, *, #2780, .T. ) ;
#3090 = LINE ( 'NONE', #2077, #3745 ) ;
#3091 = CARTESIAN_POINT ( 'NONE',  ( 47.00000000000000000, -23.00000000000002800, 11.86830000000003000 ) ) ;
#3092 = DIRECTION ( 'NONE',  ( 1.000000000000000000, 0.0000000000000000000, 0.0000000000000000000 ) ) ;
#3093 = FACE_OUTER_BOUND ( 'NONE', #676, .T. ) ;
#3094 = ORIENTED_EDGE ( 'NONE', *, *, #2952, .T. ) ;
#3095 = EDGE_CURVE ( 'NONE', #3490, #139, #2347, .T. ) ;
#3096 = VERTEX_POINT ( 'NONE', #2757 ) ;
#3097 = CARTESIAN_POINT ( 'NONE',  ( 8.999999999999998200, -5.999999999999996400, -2.000000000000000000 ) ) ;
#3098 = ADVANCED_FACE ( 'NONE', ( #3222, #1581, #1539 ), #696, .F. ) ;
#3099 = CARTESIAN_POINT ( 'NONE',  ( 26.00000000000000000, -7.999999999999998200, 0.0000000000000000000 ) ) ;
#3100 = DIRECTION ( 'NONE',  ( 1.652117596168387800E-016, -1.000000000000000000, -3.318601432303456900E-015 ) ) ;
#3101 = CYLINDRICAL_SURFACE ( 'NONE', #2493, 0.7366000000000000300 ) ;
#3102 = EDGE_LOOP ( 'NONE', ( #790, #365, #2593, #992 ) ) ;
#3103 = EDGE_LOOP ( 'NONE', ( #2302, #969 ) ) ;
#3104 = EDGE_CURVE ( 'NONE', #1729, #1527, #2485, .T. ) ;
#3105 = AXIS2_PLACEMENT_3D ( 'NONE', #1721, #2580, #2851 ) ;
#3106 = CIRCLE ( 'NONE', #959, 1.500000000000001300 ) ;
#3107 = ORIENTED_EDGE ( 'NONE', *, *, #3377, .F. ) ;
#3108 = ORIENTED_EDGE ( 'NONE', *, *, #2208, .T. ) ;
#3109 = VERTEX_POINT ( 'NONE', #1289 ) ;
#3110 = ORIENTED_EDGE ( 'NONE', *, *, #430, .F. ) ;
#3111 = DIRECTION ( 'NONE',  ( 2.449293598294703900E-016, -1.000000000000000000, 0.0000000000000000000 ) ) ;
#3112 = AXIS2_PLACEMENT_3D ( 'NONE', #2623, #2672, #630 ) ;
#3113 = CARTESIAN_POINT ( 'NONE',  ( 10.99999999999999800, 4.000000000000003600, -2.000000000000000000 ) ) ;
#3114 = CIRCLE ( 'NONE', #2716, 3.999999999999996400 ) ;
#3115 = ORIENTED_EDGE ( 'NONE', *, *, #2763, .F. ) ;
#3116 = DIRECTION ( 'NONE',  ( 1.652117596168386500E-016, -1.000000000000000000, -3.269436733918102000E-015 ) ) ;
#3117 = DIRECTION ( 'NONE',  ( 0.0000000000000000000, 1.000000000000000000, -3.532562060772749600E-015 ) ) ;
#3118 = CARTESIAN_POINT ( 'NONE',  ( 40.00000000000000000, -23.00000000000002500, 10.36830000000002300 ) ) ;
#3119 = FACE_BOUND ( 'NONE', #2535, .T. ) ;
#3120 = ADVANCED_FACE ( 'NONE', ( #1223 ), #649, .F. ) ;
#3121 = FACE_OUTER_BOUND ( 'NONE', #844, .T. ) ;
#3122 = EDGE_CURVE ( 'NONE', #3262, #177, #1978, .T. ) ;
#3123 = CARTESIAN_POINT ( 'NONE',  ( 10.49999999999999800, -7.999999999999998200, -2.000000000000000000 ) ) ;
#3124 = CARTESIAN_POINT ( 'NONE',  ( 8.499999999999992900, -30.26339999999999000, 0.7365999999999993700 ) ) ;
#3125 = EDGE_CURVE ( 'NONE', #3376, #44, #1401, .T. ) ;
#3126 = AXIS2_PLACEMENT_3D ( 'NONE', #3345, #3666, #777 ) ;
#3127 = ORIENTED_EDGE ( 'NONE', *, *, #713, .T. ) ;
#3128 = AXIS2_PLACEMENT_3D ( 'NONE', #2301, #346, #2575 ) ;
#3129 = EDGE_CURVE ( 'NONE', #895, #703, #3168, .T. ) ;
#3130 = ADVANCED_BREP_SHAPE_REPRESENTATION ( '舵机支架', ( #114, #720 ), #3701 ) ;
#3131 = DIRECTION ( 'NONE',  ( 0.0000000000000000000, 2.312964634635735200E-015, -1.000000000000000000 ) ) ;
#3132 = CARTESIAN_POINT ( 'NONE',  ( 54.00000000000000000, -8.999999999999985800, 0.0000000000000000000 ) ) ;
#3133 = ORIENTED_EDGE ( 'NONE', *, *, #3035, .F. ) ;
#3134 = ADVANCED_FACE ( 'NONE', ( #819, #772, #426, #2939, #1710, #3448, #2395, #2618, #381, #863, #1003, #2570, #3640, #1807, #2845, #3033, #3319, #2446, #1312, #1042 ), #1257, .F. ) ;
#3135 = CIRCLE ( 'NONE', #1868, 1.500000000000001300 ) ;
#3136 = DIRECTION ( 'NONE',  ( 0.0000000000000000000, 0.0000000000000000000, 1.000000000000000000 ) ) ;
#3137 = ORIENTED_EDGE ( 'NONE', *, *, #12, .T. ) ;
#3138 = LINE ( 'NONE', #618, #2229 ) ;
#3139 = ORIENTED_EDGE ( 'NONE', *, *, #2048, .T. ) ;
#3140 = DIRECTION ( 'NONE',  ( 0.0000000000000000000, 0.0000000000000000000, 1.000000000000000000 ) ) ;
#3141 = ORIENTED_EDGE ( 'NONE', *, *, #1733, .T. ) ;
#3142 = LINE ( 'NONE', #2646, #403 ) ;
#3143 = CIRCLE ( 'NONE', #2953, 1.500000000000001300 ) ;
#3144 = ORIENTED_EDGE ( 'NONE', *, *, #1668, .T. ) ;
#3145 = VERTEX_POINT ( 'NONE', #462 ) ;
#3146 = DIRECTION ( 'NONE',  ( 0.0000000000000000000, -1.766281030386375000E-015, -1.000000000000000000 ) ) ;
#3147 = EDGE_CURVE ( 'NONE', #1647, #2454, #2528, .T. ) ;
#3148 = VECTOR ( 'NONE', #1101, 1000.000000000000000 ) ;
#3149 = LINE ( 'NONE', #1846, #2381 ) ;
#3150 = VERTEX_POINT ( 'NONE', #996 ) ;
#3151 = AXIS2_PLACEMENT_3D ( 'NONE', #3239, #80, #1786 ) ;
#3152 = VERTEX_POINT ( 'NONE', #2745 ) ;
#3153 = CARTESIAN_POINT ( 'NONE',  ( 59.00000000000000000, -1.999999999999983100, 0.7365999999999973700 ) ) ;
#3154 = ORIENTED_EDGE ( 'NONE', *, *, #3590, .F. ) ;
#3155 = ORIENTED_EDGE ( 'NONE', *, *, #1945, .T. ) ;
#3156 = EDGE_CURVE ( 'NONE', #2375, #2408, #1666, .T. ) ;
#3157 = CARTESIAN_POINT ( 'NONE',  ( 20.50000000000000400, -0.9999999999999983300, -2.000000000000000000 ) ) ;
#3158 = CARTESIAN_POINT ( 'NONE',  ( 29.50000000000000000, -18.99999999999999600, -2.000000000000000000 ) ) ;
#3159 = SURFACE_STYLE_FILL_AREA ( #930 ) ;
#3160 = VERTEX_POINT ( 'NONE', #2452 ) ;
#3161 = EDGE_LOOP ( 'NONE', ( #1606, #1035, #1351, #2101 ) ) ;
#3162 = DIRECTION ( 'NONE',  ( 0.0000000000000000000, 0.0000000000000000000, 1.000000000000000000 ) ) ;
#3163 = LINE ( 'NONE', #360, #225 ) ;
#3164 = DIRECTION ( 'NONE',  ( 0.0000000000000000000, 0.0000000000000000000, 1.000000000000000000 ) ) ;
#3165 = AXIS2_PLACEMENT_3D ( 'NONE', #3184, #2309, #595 ) ;
#3166 = DIRECTION ( 'NONE',  ( -1.000000000000000000, 0.0000000000000000000, 0.0000000000000000000 ) ) ;
#3167 = CARTESIAN_POINT ( 'NONE',  ( 40.00000000000000000, -31.00000000000003200, 13.36830000000000700 ) ) ;
#3168 = LINE ( 'NONE', #1830, #1888 ) ;
#3169 = CARTESIAN_POINT ( 'NONE',  ( 25.49999999999999600, -18.99999999999999600, -2.000000000000000000 ) ) ;
#3170 = ADVANCED_FACE ( 'NONE', ( #150 ), #2126, .T. ) ;
#3171 = EDGE_CURVE ( 'NONE', #3537, #1513, #234, .T. ) ;
#3172 = DIRECTION ( 'NONE',  ( -0.0000000000000000000, 1.000000000000000000, -0.0000000000000000000 ) ) ;
#3173 = DIRECTION ( 'NONE',  ( 1.652117596168387800E-016, -1.000000000000000000, -3.318601432303456600E-015 ) ) ;
#3174 = ADVANCED_FACE ( 'NONE', ( #3121 ), #2841, .T. ) ;
#3175 = CARTESIAN_POINT ( 'NONE',  ( 17.49999999999999600, -15.00000000000000000, 0.0000000000000000000 ) ) ;
#3176 = EDGE_CURVE ( 'NONE', #3575, #3399, #913, .T. ) ;
#3177 = AXIS2_PLACEMENT_3D ( 'NONE', #1053, #1330, #756 ) ;
#3178 = DIRECTION ( 'NONE',  ( 1.000000000000000000, 0.0000000000000000000, 0.0000000000000000000 ) ) ;
#3179 = ORIENTED_EDGE ( 'NONE', *, *, #2248, .T. ) ;
#3180 = CARTESIAN_POINT ( 'NONE',  ( 34.49999999999999300, -7.999999999999998200, 0.0000000000000000000 ) ) ;
#3181 = EDGE_LOOP ( 'NONE', ( #976, #3235, #135, #2457 ) ) ;
#3182 = VERTEX_POINT ( 'NONE', #1317 ) ;
#3183 = EDGE_CURVE ( 'NONE', #1479, #2807, #1761, .T. ) ;
#3184 = CARTESIAN_POINT ( 'NONE',  ( 53.50000000000000700, 3.754409012277859400E-014, 7.000000000000000900 ) ) ;
#3185 = SURFACE_STYLE_FILL_AREA ( #2748 ) ;
#3186 = ORIENTED_EDGE ( 'NONE', *, *, #738, .T. ) ;
#3187 = ORIENTED_EDGE ( 'NONE', *, *, #3330, .T. ) ;
#3188 = CARTESIAN_POINT ( 'NONE',  ( 5.499999999999992000, -1.999999999999975800, 7.000000000000008000 ) ) ;
#3189 = VECTOR ( 'NONE', #395, 1000.000000000000000 ) ;
#3190 = DIRECTION ( 'NONE',  ( 0.0000000000000000000, 2.312964634635735200E-015, -1.000000000000000000 ) ) ;
#3191 = CARTESIAN_POINT ( 'NONE',  ( 22.50000000000000000, -18.99999999999999300, -2.000000000000000000 ) ) ;
#3192 = VECTOR ( 'NONE', #964, 1000.000000000000000 ) ;
#3193 = EDGE_LOOP ( 'NONE', ( #2929, #1461, #3566, #662 ) ) ;
#3194 = ORIENTED_EDGE ( 'NONE', *, *, #3035, .T. ) ;
#3195 = FACE_OUTER_BOUND ( 'NONE', #1249, .T. ) ;
#3196 = CARTESIAN_POINT ( 'NONE',  ( 22.50000000000000000, -18.99999999999999300, -2.000000000000000000 ) ) ;
#3197 = CARTESIAN_POINT ( 'NONE',  ( 54.00000000000000000, -18.99999999999998600, -2.000000000000000000 ) ) ;
#3198 = FACE_OUTER_BOUND ( 'NONE', #1967, .T. ) ;
#3199 = ORIENTED_EDGE ( 'NONE', *, *, #252, .T. ) ;
#3200 = ADVANCED_FACE ( 'NONE', ( #53 ), #2710, .F. ) ;
#3201 = VECTOR ( 'NONE', #584, 1000.000000000000000 ) ;
#3202 = LINE ( 'NONE', #124, #1071 ) ;
#3203 = ORIENTED_EDGE ( 'NONE', *, *, #1235, .T. ) ;
#3204 = CARTESIAN_POINT ( 'NONE',  ( 18.99999999999997900, -33.00000000000005700, 18.86829999999998000 ) ) ;
#3205 = ORIENTED_EDGE ( 'NONE', *, *, #1133, .T. ) ;
#3206 = DIRECTION ( 'NONE',  ( 0.0000000000000000000, 2.312964634635735200E-015, -1.000000000000000000 ) ) ;
#3207 = EDGE_CURVE ( 'NONE', #2539, #788, #2022, .T. ) ;
#3208 = AXIS2_PLACEMENT_3D ( 'NONE', #3459, #1711, #3758 ) ;
#3209 = CARTESIAN_POINT ( 'NONE',  ( 53.50000000000000700, 4.452705280046487400E-014, 9.000000000000005300 ) ) ;
#3210 = ORIENTED_EDGE ( 'NONE', *, *, #2952, .F. ) ;
#3211 = EDGE_LOOP ( 'NONE', ( #1968, #490, #1654, #1368 ) ) ;
#3212 = CARTESIAN_POINT ( 'NONE',  ( 20.50000000000000000, -15.00000000000000000, -2.000000000000000000 ) ) ;
#3213 = FACE_OUTER_BOUND ( 'NONE', #885, .T. ) ;
#3214 = EDGE_LOOP ( 'NONE', ( #2812, #3634 ) ) ;
#3215 = CARTESIAN_POINT ( 'NONE',  ( 36.00000000000000000, -7.999999999999996400, 0.0000000000000000000 ) ) ;
#3216 = AXIS2_PLACEMENT_3D ( 'NONE', #2897, #866, #858 ) ;
#3217 = DIRECTION ( 'NONE',  ( 1.652117596168387800E-016, -1.000000000000000000, -3.318601432303456600E-015 ) ) ;
#3218 = CARTESIAN_POINT ( 'NONE',  ( 25.99999999999998200, -23.00000000000002500, 10.36830000000002300 ) ) ;
#3219 = FACE_BOUND ( 'NONE', #2140, .T. ) ;
#3220 = ADVANCED_FACE ( 'NONE', ( #598 ), #1446, .F. ) ;
#3221 = DIRECTION ( 'NONE',  ( 0.0000000000000000000, 2.312964634635737900E-015, -1.000000000000000000 ) ) ;
#3222 = FACE_BOUND ( 'NONE', #2558, .T. ) ;
#3223 = ADVANCED_FACE ( 'NONE', ( #3030, #1001, #1887, #1267, #233, #3119, #2120, #817, #1171, #423, #3596, #2247, #378, #3768, #3401, #2615, #2985, #3219, #510, #1849 ), #867, .T. ) ;
#3224 = DIRECTION ( 'NONE',  ( 0.0000000000000000000, 3.491481338843133000E-015, 1.000000000000000000 ) ) ;
#3225 = DIRECTION ( 'NONE',  ( -1.000000000000000000, 0.0000000000000000000, 0.0000000000000000000 ) ) ;
#3226 = DIRECTION ( 'NONE',  ( -7.359504293276601900E-017, 0.0000000000000000000, -1.000000000000000000 ) ) ;
#3227 = CARTESIAN_POINT ( 'NONE',  ( 39.99999999999999300, -7.999999999999996400, -2.000000000000000000 ) ) ;
#3228 = DIRECTION ( 'NONE',  ( 1.652117596168387800E-016, -1.000000000000000000, -3.318601432303456600E-015 ) ) ;
#3229 = DIRECTION ( 'NONE',  ( 0.0000000000000000000, 4.625929269271481400E-015, -1.000000000000000000 ) ) ;
#3230 = EDGE_CURVE ( 'NONE', #2035, #3490, #2443, .T. ) ;
#3231 = CARTESIAN_POINT ( 'NONE',  ( 18.99999999999998600, -23.00000000000000400, 3.368300000000006300 ) ) ;
#3232 = VERTEX_POINT ( 'NONE', #3157 ) ;
#3233 = DIRECTION ( 'NONE',  ( 1.156482317317872100E-015, -1.000000000000000000, 0.0000000000000000000 ) ) ;
#3234 = EDGE_CURVE ( 'NONE', #3689, #3625, #465, .T. ) ;
#3235 = ORIENTED_EDGE ( 'NONE', *, *, #3374, .T. ) ;
#3236 = AXIS2_PLACEMENT_3D ( 'NONE', #897, #1437, #2629 ) ;
#3237 = DIRECTION ( 'NONE',  ( 1.000000000000000000, 0.0000000000000000000, 0.0000000000000000000 ) ) ;
#3238 = VECTOR ( 'NONE', #2794, 1000.000000000000000 ) ;
#3239 = CARTESIAN_POINT ( 'NONE',  ( 53.50000000000000700, -9.999999999999962700, 7.000000000000035500 ) ) ;
#3240 = VERTEX_POINT ( 'NONE', #2619 ) ;
#3241 = ADVANCED_FACE ( 'NONE', ( #3636 ), #3681, .F. ) ;
#3242 = VECTOR ( 'NONE', #3100, 1000.000000000000000 ) ;
#3243 = LINE ( 'NONE', #1308, #3006 ) ;
#3244 = ORIENTED_EDGE ( 'NONE', *, *, #3679, .F. ) ;
#3245 = AXIS2_PLACEMENT_3D ( 'NONE', #24, #2363, #2344 ) ;
#3246 = ORIENTED_EDGE ( 'NONE', *, *, #2761, .F. ) ;
#3247 = DIRECTION ( 'NONE',  ( 0.0000000000000000000, 0.0000000000000000000, 1.000000000000000000 ) ) ;
#3248 = FACE_OUTER_BOUND ( 'NONE', #3211, .T. ) ;
#3249 = VECTOR ( 'NONE', #3140, 1000.000000000000000 ) ;
#3250 = VERTEX_POINT ( 'NONE', #3215 ) ;
#3251 =( NAMED_UNIT ( * ) PLANE_ANGLE_UNIT ( ) SI_UNIT ( $, .RADIAN. ) );
#3252 = EDGE_LOOP ( 'NONE', ( #93, #1605 ) ) ;
#3253 = CARTESIAN_POINT ( 'NONE',  ( 0.0000000000000000000, 0.0000000000000000000, -6.982962677686266700E-015 ) ) ;
#3254 = PLANE ( 'NONE',  #1645 ) ;
#3255 = CIRCLE ( 'NONE', #1213, 2.000000000000000000 ) ;
#3256 = EDGE_LOOP ( 'NONE', ( #97, #171, #1869, #206 ) ) ;
#3257 = ORIENTED_EDGE ( 'NONE', *, *, #1924, .T. ) ;
#3258 = CARTESIAN_POINT ( 'NONE',  ( 56.00000000000000000, -8.999999999999985800, -2.000000000000000000 ) ) ;
#3259 = CIRCLE ( 'NONE', #283, 1.500000000000001300 ) ;
#3260 = DIRECTION ( 'NONE',  ( 0.0000000000000000000, 0.0000000000000000000, 1.000000000000000000 ) ) ;
#3261 = EDGE_CURVE ( 'NONE', #610, #27, #2345, .T. ) ;
#3262 = VERTEX_POINT ( 'NONE', #322 ) ;
#3263 = ORIENTED_EDGE ( 'NONE', *, *, #1088, .F. ) ;
#3264 = DIRECTION ( 'NONE',  ( 1.000000000000000000, 0.0000000000000000000, 0.0000000000000000000 ) ) ;
#3265 = EDGE_CURVE ( 'NONE', #2375, #3305, #693, .T. ) ;
#3266 = AXIS2_PLACEMENT_3D ( 'NONE', #1821, #2991, #1262 ) ;
#3267 = ADVANCED_FACE ( 'NONE', ( #1578 ), #3723, .F. ) ;
#3268 = DIRECTION ( 'NONE',  ( 0.0000000000000000000, 0.0000000000000000000, 1.000000000000000000 ) ) ;
#3269 = FACE_BOUND ( 'NONE', #798, .T. ) ;
#3270 = DIRECTION ( 'NONE',  ( -0.0000000000000000000, 0.0000000000000000000, -1.000000000000000000 ) ) ;
#3271 = CIRCLE ( 'NONE', #1434, 2.000000000000000000 ) ;
#3272 = EDGE_CURVE ( 'NONE', #3472, #945, #326, .T. ) ;
#3273 = CARTESIAN_POINT ( 'NONE',  ( 10.99999999999999800, -5.999999999999996400, 0.0000000000000000000 ) ) ;
#3274 = CARTESIAN_POINT ( 'NONE',  ( 52.00000000000000000, -18.99999999999998600, -2.000000000000000000 ) ) ;
#3275 = DIRECTION ( 'NONE',  ( -2.449293598294703900E-016, 1.000000000000000000, -3.491481338843133400E-015 ) ) ;
#3276 = DIRECTION ( 'NONE',  ( 1.000000000000000000, 0.0000000000000000000, -0.0000000000000000000 ) ) ;
#3277 = ADVANCED_FACE ( 'NONE', ( #2524 ), #51, .F. ) ;
#3278 = EDGE_LOOP ( 'NONE', ( #443, #2660 ) ) ;
#3279 = EDGE_CURVE ( 'NONE', #311, #2610, #1081, .T. ) ;
#3280 = AXIS2_PLACEMENT_3D ( 'NONE', #256, #2847, #1969 ) ;
#3281 = DIRECTION ( 'NONE',  ( 1.000000000000000000, 0.0000000000000000000, 0.0000000000000000000 ) ) ;
#3282 = FACE_OUTER_BOUND ( 'NONE', #2155, .T. ) ;
#3283 = EDGE_LOOP ( 'NONE', ( #1997, #2810 ) ) ;
#3284 = DIRECTION ( 'NONE',  ( 1.000000000000000000, 0.0000000000000000000, 0.0000000000000000000 ) ) ;
#3285 = CARTESIAN_POINT ( 'NONE',  ( 50.50000000000000000, -30.26339999999999000, 0.7365999999999993700 ) ) ;
#3286 = LINE ( 'NONE', #1588, #2182 ) ;
#3287 = SURFACE_STYLE_USAGE ( .BOTH. , #1305 ) ;
#3288 = AXIS2_PLACEMENT_3D ( 'NONE', #1998, #3173, #838 ) ;
#3289 = ORIENTED_EDGE ( 'NONE', *, *, #1628, .T. ) ;
#3290 = ORIENTED_EDGE ( 'NONE', *, *, #280, .F. ) ;
#3291 = LINE ( 'NONE', #3274, #125 ) ;
#3292 = DIRECTION ( 'NONE',  ( 1.000000000000000000, 0.0000000000000000000, 0.0000000000000000000 ) ) ;
#3293 = LINE ( 'NONE', #2396, #3192 ) ;
#3294 = VERTEX_POINT ( 'NONE', #3346 ) ;
#3295 = EDGE_LOOP ( 'NONE', ( #456, #934 ) ) ;
#3296 = FACE_OUTER_BOUND ( 'NONE', #626, .T. ) ;
#3297 = ORIENTED_EDGE ( 'NONE', *, *, #384, .F. ) ;
#3298 = CARTESIAN_POINT ( 'NONE',  ( 8.499999999999992900, -30.26339999999999000, 0.7365999999999993700 ) ) ;
#3299 = VERTEX_POINT ( 'NONE', #3766 ) ;
#3300 = LINE ( 'NONE', #702, #3019 ) ;
#3301 = ORIENTED_EDGE ( 'NONE', *, *, #2307, .F. ) ;
#3302 = CARTESIAN_POINT ( 'NONE',  ( 50.50000000000000000, -30.99999999999999300, 0.7365999999999970300 ) ) ;
#3303 = ORIENTED_EDGE ( 'NONE', *, *, #61, .F. ) ;
#3304 = CARTESIAN_POINT ( 'NONE',  ( 8.999999999999998200, -2.736599999999997500, 0.7366000000000000300 ) ) ;
#3305 = VERTEX_POINT ( 'NONE', #3180 ) ;
#3306 = ORIENTED_EDGE ( 'NONE', *, *, #1549, .F. ) ;
#3307 = DIRECTION ( 'NONE',  ( 1.224646799147353200E-016, -1.000000000000000000, 0.0000000000000000000 ) ) ;
#3308 = EDGE_CURVE ( 'NONE', #880, #881, #2893, .T. ) ;
#3309 = VECTOR ( 'NONE', #2727, 1000.000000000000000 ) ;
#3310 = CARTESIAN_POINT ( 'NONE',  ( 53.50000000000000000, -1.999999999999927200, 17.00000000000000700 ) ) ;
#3311 = FACE_OUTER_BOUND ( 'NONE', #2185, .T. ) ;
#3312 = ORIENTED_EDGE ( 'NONE', *, *, #3055, .T. ) ;
#3313 = DIRECTION ( 'NONE',  ( -2.449293598294702500E-016, 1.000000000000000000, -3.491481338843133000E-015 ) ) ;
#3314 = DIRECTION ( 'NONE',  ( -1.751623080406021300E-046, 3.491481338843133000E-015, 1.000000000000000000 ) ) ;
#3315 = VECTOR ( 'NONE', #1472, 1000.000000000000000 ) ;
#3316 = EDGE_CURVE ( 'NONE', #128, #120, #1661, .T. ) ;
#3317 = AXIS2_PLACEMENT_3D ( 'NONE', #2279, #1135, #3166 ) ;
#3318 = CARTESIAN_POINT ( 'NONE',  ( 47.00000000000000000, -7.999999999999991100, 0.0000000000000000000 ) ) ;
#3319 = FACE_BOUND ( 'NONE', #1244, .T. ) ;
#3320 = CARTESIAN_POINT ( 'NONE',  ( 0.0000000000000000000, 0.0000000000000000000, 0.0000000000000000000 ) ) ;
#3321 = CARTESIAN_POINT ( 'NONE',  ( 59.00000000000000000, 8.777194034564456100E-014, 20.99999999999999600 ) ) ;
#3322 = CARTESIAN_POINT ( 'NONE',  ( 4.898587196589407900E-016, -2.000000000000000000, -2.689739384298921000E-044 ) ) ;
#3323 = DIRECTION ( 'NONE',  ( 0.0000000000000000000, 3.491481338843127000E-015, 1.000000000000000000 ) ) ;
#3324 = VERTEX_POINT ( 'NONE', #2718 ) ;
#3325 = EDGE_CURVE ( 'NONE', #2285, #2278, #1973, .T. ) ;
#3326 = DIRECTION ( 'NONE',  ( 0.0000000000000000000, -4.625929269271475900E-015, 1.000000000000000000 ) ) ;
#3327 = ORIENTED_EDGE ( 'NONE', *, *, #1992, .T. ) ;
#3328 = DIRECTION ( 'NONE',  ( 0.0000000000000000000, 2.312964634635736700E-015, -1.000000000000000000 ) ) ;
#3329 = LINE ( 'NONE', #3460, #2262 ) ;
#3330 = EDGE_CURVE ( 'NONE', #27, #610, #909, .T. ) ;
#3331 = AXIS2_PLACEMENT_3D ( 'NONE', #1723, #332, #2314 ) ;
#3332 = CARTESIAN_POINT ( 'NONE',  ( 50.50000000000000000, -32.99999999999998600, -6.982962677686266700E-015 ) ) ;
#3333 = CIRCLE ( 'NONE', #2005, 4.000000000000000000 ) ;
#3334 = VECTOR ( 'NONE', #117, 1000.000000000000000 ) ;
#3335 = EDGE_LOOP ( 'NONE', ( #3297, #678 ) ) ;
#3336 = DIRECTION ( 'NONE',  ( 0.0000000000000000000, 0.0000000000000000000, 1.000000000000000000 ) ) ;
#3337 = LINE ( 'NONE', #2065, #1642 ) ;
#3338 = DIRECTION ( 'NONE',  ( 0.0000000000000000000, 0.0000000000000000000, 1.000000000000000000 ) ) ;
#3339 = DIRECTION ( 'NONE',  ( 0.0000000000000000000, 0.0000000000000000000, 1.000000000000000000 ) ) ;
#3340 = AXIS2_PLACEMENT_3D ( 'NONE', #1626, #3386, #1632 ) ;
#3341 = CYLINDRICAL_SURFACE ( 'NONE', #1623, 2.000000000000001800 ) ;
#3342 = ORIENTED_EDGE ( 'NONE', *, *, #333, .F. ) ;
#3343 = EDGE_CURVE ( 'NONE', #760, #880, #2756, .T. ) ;
#3344 = ORIENTED_EDGE ( 'NONE', *, *, #3316, .F. ) ;
#3345 = CARTESIAN_POINT ( 'NONE',  ( 5.500000000000000900, -9.999999999999939600, 17.00000000000003600 ) ) ;
#3346 = CARTESIAN_POINT ( 'NONE',  ( 8.499999999999998200, -30.26339999999998700, 0.0000000000000000000 ) ) ;
#3347 = CYLINDRICAL_SURFACE ( 'NONE', #1641, 2.000000000000001800 ) ;
#3348 = EDGE_LOOP ( 'NONE', ( #2198, #3430, #3070, #3344 ) ) ;
#3349 = EDGE_LOOP ( 'NONE', ( #2579, #3373 ) ) ;
#3350 = CARTESIAN_POINT ( 'NONE',  ( 19.00000000000000000, -7.999999999999998200, -2.000000000000000000 ) ) ;
#3351 = ORIENTED_EDGE ( 'NONE', *, *, #2377, .T. ) ;
#3352 = ORIENTED_EDGE ( 'NONE', *, *, #1265, .F. ) ;
#3353 = CARTESIAN_POINT ( 'NONE',  ( 50.50000000000000000, -30.26339999999999000, 0.7365999999999993700 ) ) ;
#3354 = ORIENTED_EDGE ( 'NONE', *, *, #3265, .F. ) ;
#3355 = CARTESIAN_POINT ( 'NONE',  ( 2.000000000000000000, -1.999999999999926700, 21.00000000000000400 ) ) ;
#3356 = CIRCLE ( 'NONE', #2058, 1.500000000000004900 ) ;
#3357 = DIRECTION ( 'NONE',  ( 0.0000000000000000000, 0.0000000000000000000, 1.000000000000000000 ) ) ;
#3358 = EDGE_CURVE ( 'NONE', #1374, #2230, #3499, .T. ) ;
#3359 = AXIS2_PLACEMENT_3D ( 'NONE', #967, #2103, #2430 ) ;
#3360 = VECTOR ( 'NONE', #3336, 1000.000000000000000 ) ;
#3361 = EDGE_CURVE ( 'NONE', #880, #760, #2207, .T. ) ;
#3362 = LINE ( 'NONE', #751, #821 ) ;
#3363 = CARTESIAN_POINT ( 'NONE',  ( 5.499999999999992000, -1.999999999999975800, 7.000000000000008000 ) ) ;
#3364 = VECTOR ( 'NONE', #1960, 1000.000000000000000 ) ;
#3365 = DIRECTION ( 'NONE',  ( -1.000000000000000000, -0.0000000000000000000, 0.0000000000000000000 ) ) ;
#3366 = DIRECTION ( 'NONE',  ( -1.000000000000000000, 0.0000000000000000000, 0.0000000000000000000 ) ) ;
#3367 = CARTESIAN_POINT ( 'NONE',  ( 40.00000000000000700, -15.00000000000000000, -2.000000000000000000 ) ) ;
#3368 = AXIS2_PLACEMENT_3D ( 'NONE', #3074, #1603, #3092 ) ;
#3369 = CARTESIAN_POINT ( 'NONE',  ( 10.99999999999999800, -5.999999999999996400, -2.000000000000000000 ) ) ;
#3370 = EDGE_LOOP ( 'NONE', ( #1614, #1635, #1301, #972 ) ) ;
#3371 = LINE ( 'NONE', #1174, #290 ) ;
#3372 = DIRECTION ( 'NONE',  ( 1.652117596168387800E-016, -1.000000000000000000, -3.318601432303456600E-015 ) ) ;
#3373 = ORIENTED_EDGE ( 'NONE', *, *, #3458, .F. ) ;
#3374 = EDGE_CURVE ( 'NONE', #1065, #2066, #1491, .T. ) ;
#3375 = DIRECTION ( 'NONE',  ( 0.0000000000000000000, 0.0000000000000000000, 1.000000000000000000 ) ) ;
#3376 = VERTEX_POINT ( 'NONE', #2517 ) ;
#3377 = EDGE_CURVE ( 'NONE', #2697, #313, #2161, .T. ) ;
#3378 = LINE ( 'NONE', #2913, #3748 ) ;
#3379 = EDGE_LOOP ( 'NONE', ( #168, #1482, #1302, #1328 ) ) ;
#3380 = AXIS2_PLACEMENT_3D ( 'NONE', #3322, #2726, #1851 ) ;
#3381 = DIRECTION ( 'NONE',  ( 1.652117596168387800E-016, -1.000000000000000000, -3.318601432303456900E-015 ) ) ;
#3382 = VERTEX_POINT ( 'NONE', #3598 ) ;
#3383 = CYLINDRICAL_SURFACE ( 'NONE', #2685, 1.500000000000001300 ) ;
#3384 = ORIENTED_EDGE ( 'NONE', *, *, #1498, .T. ) ;
#3385 = ORIENTED_EDGE ( 'NONE', *, *, #2026, .T. ) ;
#3386 = DIRECTION ( 'NONE',  ( 1.000000000000000000, -0.0000000000000000000, -0.0000000000000000000 ) ) ;
#3387 = CARTESIAN_POINT ( 'NONE',  ( 29.50000000000000000, -25.99999999999999600, 0.0000000000000000000 ) ) ;
#3388 = EDGE_CURVE ( 'NONE', #690, #890, #1399, .T. ) ;
#3389 = VECTOR ( 'NONE', #3731, 1000.000000000000000 ) ;
#3390 = ORIENTED_EDGE ( 'NONE', *, *, #2081, .F. ) ;
#3391 = CARTESIAN_POINT ( 'NONE',  ( 10.99999999999999800, 4.000000000000003600, 0.0000000000000000000 ) ) ;
#3392 = EDGE_LOOP ( 'NONE', ( #1686, #1901, #1574, #2736 ) ) ;
#3393 = DIRECTION ( 'NONE',  ( 1.000000000000000000, 0.0000000000000000000, 0.0000000000000000000 ) ) ;
#3394 = ORIENTED_EDGE ( 'NONE', *, *, #2803, .F. ) ;
#3395 = VERTEX_POINT ( 'NONE', #2516 ) ;
#3396 = DIRECTION ( 'NONE',  ( 2.449293598294702500E-016, -1.000000000000000000, 3.491481338843133000E-015 ) ) ;
#3397 = FACE_BOUND ( 'NONE', #402, .T. ) ;
#3398 = LINE ( 'NONE', #2830, #103 ) ;
#3399 = VERTEX_POINT ( 'NONE', #3696 ) ;
#3400 = DIRECTION ( 'NONE',  ( 1.000000000000000000, 0.0000000000000000000, 0.0000000000000000000 ) ) ;
#3401 = FACE_BOUND ( 'NONE', #1916, .T. ) ;
#3402 = DIRECTION ( 'NONE',  ( 0.0000000000000000000, 0.0000000000000000000, 1.000000000000000000 ) ) ;
#3403 = CARTESIAN_POINT ( 'NONE',  ( 15.00000000000000000, -7.999999999999998200, -2.000000000000000000 ) ) ;
#3404 = DIRECTION ( 'NONE',  ( 1.000000000000000000, 0.0000000000000000000, 0.0000000000000000000 ) ) ;
#3405 = CIRCLE ( 'NONE', #2538, 2.000000000000001800 ) ;
#3406 = EDGE_CURVE ( 'NONE', #1379, #1232, #550, .T. ) ;
#3407 = DIRECTION ( 'NONE',  ( 0.0000000000000000000, 0.0000000000000000000, 1.000000000000000000 ) ) ;
#3408 = AXIS2_PLACEMENT_3D ( 'NONE', #3204, #2355, #1462 ) ;
#3409 = CARTESIAN_POINT ( 'NONE',  ( 40.00000000000000700, -33.00000000000000000, 4.868299999999994300 ) ) ;
#3410 = DIRECTION ( 'NONE',  ( 0.0000000000000000000, 0.0000000000000000000, 1.000000000000000000 ) ) ;
#3411 = AXIS2_PLACEMENT_3D ( 'NONE', #1585, #642, #1572 ) ;
#3412 = CARTESIAN_POINT ( 'NONE',  ( 6.999999999999997300, 8.030407079339208000E-014, 23.00000000000000000 ) ) ;
#3413 = DIRECTION ( 'NONE',  ( 1.652117596168387800E-016, -1.000000000000000000, -3.318601432303456600E-015 ) ) ;
#3414 = CARTESIAN_POINT ( 'NONE',  ( 18.99999999999998600, -31.00000000000000400, 3.368299999999979600 ) ) ;
#3415 = CARTESIAN_POINT ( 'NONE',  ( 19.00000000000000000, -7.999999999999998200, 0.0000000000000000000 ) ) ;
#3416 = ORIENTED_EDGE ( 'NONE', *, *, #2861, .F. ) ;
#3417 = CARTESIAN_POINT ( 'NONE',  ( 2.000000000000000000, 7.324799808624106100E-014, 20.99999999999999600 ) ) ;
#3418 = ORIENTED_EDGE ( 'NONE', *, *, #2013, .F. ) ;
#3419 = CIRCLE ( 'NONE', #3040, 1.500000000000001300 ) ;
#3420 = EDGE_LOOP ( 'NONE', ( #766, #1075, #407, #2201 ) ) ;
#3421 = CYLINDRICAL_SURFACE ( 'NONE', #2271, 0.7366000000000009200 ) ;
#3422 = DIRECTION ( 'NONE',  ( 0.0000000000000000000, 0.0000000000000000000, 1.000000000000000000 ) ) ;
#3423 = LINE ( 'NONE', #1896, #2317 ) ;
#3424 = ORIENTED_EDGE ( 'NONE', *, *, #2957, .F. ) ;
#3425 = EDGE_CURVE ( 'NONE', #3589, #2066, #2071, .T. ) ;
#3426 = ORIENTED_EDGE ( 'NONE', *, *, #3183, .F. ) ;
#3427 = DIRECTION ( 'NONE',  ( 0.0000000000000000000, -3.491481338843127000E-015, -1.000000000000000000 ) ) ;
#3428 = DIRECTION ( 'NONE',  ( -0.0000000000000000000, 1.000000000000000000, -3.491481338843133400E-015 ) ) ;
#3429 = VECTOR ( 'NONE', #437, 1000.000000000000000 ) ;
#3430 = ORIENTED_EDGE ( 'NONE', *, *, #3279, .T. ) ;
#3431 = EDGE_CURVE ( 'NONE', #3324, #781, #1125, .T. ) ;
#3432 = AXIS2_PLACEMENT_3D ( 'NONE', #3082, #1925, #3452 ) ;
#3433 = CARTESIAN_POINT ( 'NONE',  ( 11.99999999999997900, -23.00000000000002500, 10.36830000000000500 ) ) ;
#3434 = CIRCLE ( 'NONE', #936, 2.000000000000000000 ) ;
#3435 = ORIENTED_EDGE ( 'NONE', *, *, #1021, .F. ) ;
#3436 = ORIENTED_EDGE ( 'NONE', *, *, #2661, .T. ) ;
#3437 = ADVANCED_FACE ( 'NONE', ( #3548 ), #1218, .F. ) ;
#3438 = ORIENTED_EDGE ( 'NONE', *, *, #3502, .F. ) ;
#3439 = DIRECTION ( 'NONE',  ( 0.0000000000000000000, 3.491481338843127000E-015, 1.000000000000000000 ) ) ;
#3440 = ORIENTED_EDGE ( 'NONE', *, *, #1265, .T. ) ;
#3441 = CARTESIAN_POINT ( 'NONE',  ( 10.99999999999999800, 4.000000000000003600, -2.000000000000000000 ) ) ;
#3442 = AXIS2_PLACEMENT_3D ( 'NONE', #3310, #2399, #1310 ) ;
#3443 = VERTEX_POINT ( 'NONE', #2213 ) ;
#3444 = CARTESIAN_POINT ( 'NONE',  ( 50.50000000000000000, -30.26339999999998700, -4.553649124439118600E-015 ) ) ;
#3445 = VECTOR ( 'NONE', #1547, 1000.000000000000000 ) ;
#3446 = FACE_BOUND ( 'NONE', #2603, .T. ) ;
#3447 = CARTESIAN_POINT ( 'NONE',  ( 36.50000000000000000, -18.99999999999999300, 0.0000000000000000000 ) ) ;
#3448 = FACE_BOUND ( 'NONE', #686, .T. ) ;
#3449 = EDGE_CURVE ( 'NONE', #2110, #2231, #1307, .T. ) ;
#3450 = CARTESIAN_POINT ( 'NONE',  ( 4.999999999999997300, -8.999999999999992900, -2.000000000000000000 ) ) ;
#3451 = DIRECTION ( 'NONE',  ( 1.000000000000000000, 0.0000000000000000000, -7.359504293276601900E-017 ) ) ;
#3452 = DIRECTION ( 'NONE',  ( 0.0000000000000000000, 3.469446951953607900E-015, 1.000000000000000000 ) ) ;
#3453 = ADVANCED_FACE ( 'NONE', ( #2798 ), #187, .F. ) ;
#3454 = DIRECTION ( 'NONE',  ( 0.0000000000000000000, 0.0000000000000000000, -1.000000000000000000 ) ) ;
#3455 = EDGE_CURVE ( 'NONE', #3152, #1119, #1926, .T. ) ;
#3456 = DIRECTION ( 'NONE',  ( 1.652117596168387800E-016, -1.000000000000000000, -3.318601432303456900E-015 ) ) ;
#3457 = AXIS2_PLACEMENT_3D ( 'NONE', #2627, #2293, #1742 ) ;
#3458 = EDGE_CURVE ( 'NONE', #671, #3569, #2441, .T. ) ;
#3459 = CARTESIAN_POINT ( 'NONE',  ( 25.99999999999998200, -33.00000000000002800, 11.86829999999999300 ) ) ;
#3460 = CARTESIAN_POINT ( 'NONE',  ( 18.99999999999997900, -23.00000000000005300, 17.36830000000000900 ) ) ;
#3461 = ORIENTED_EDGE ( 'NONE', *, *, #284, .T. ) ;
#3462 = PLANE ( 'NONE',  #157 ) ;
#3463 = CIRCLE ( 'NONE', #262, 1.500000000000001300 ) ;
#3464 = LINE ( 'NONE', #2937, #400 ) ;
#3465 = CYLINDRICAL_SURFACE ( 'NONE', #2543, 1.500000000000001300 ) ;
#3466 = DIRECTION ( 'NONE',  ( 0.0000000000000000000, 0.0000000000000000000, 1.000000000000000000 ) ) ;
#3467 = ORIENTED_EDGE ( 'NONE', *, *, #273, .T. ) ;
#3468 = ORIENTED_EDGE ( 'NONE', *, *, #902, .T. ) ;
#3469 = CIRCLE ( 'NONE', #1492, 2.000000000000001800 ) ;
#3470 = VECTOR ( 'NONE', #2162, 1000.000000000000000 ) ;
#3471 = ORIENTED_EDGE ( 'NONE', *, *, #111, .T. ) ;
#3472 = VERTEX_POINT ( 'NONE', #3414 ) ;
#3473 = CARTESIAN_POINT ( 'NONE',  ( 48.00000000000000000, -5.999999999999992000, -2.000000000000000000 ) ) ;
#3474 = DIRECTION ( 'NONE',  ( 1.000000000000000000, 2.449293598294703900E-016, -8.551662891793906700E-031 ) ) ;
#3475 = FACE_OUTER_BOUND ( 'NONE', #373, .T. ) ;
#3476 = EDGE_CURVE ( 'NONE', #2152, #2546, #144, .T. ) ;
#3477 = CIRCLE ( 'NONE', #1134, 1.500000000000001300 ) ;
#3478 = VECTOR ( 'NONE', #1362, 1000.000000000000000 ) ;
#3479 = ORIENTED_EDGE ( 'NONE', *, *, #3343, .T. ) ;
#3480 = DIRECTION ( 'NONE',  ( 1.000000000000000000, 0.0000000000000000000, 0.0000000000000000000 ) ) ;
#3481 = ORIENTED_EDGE ( 'NONE', *, *, #2242, .T. ) ;
#3482 = CARTESIAN_POINT ( 'NONE',  ( 39.99999999999999300, -33.00000000000005000, 18.86829999999999400 ) ) ;
#3483 = DIRECTION ( 'NONE',  ( 0.0000000000000000000, 0.0000000000000000000, 1.000000000000000000 ) ) ;
#3484 = VECTOR ( 'NONE', #3314, 1000.000000000000000 ) ;
#3485 = ORIENTED_EDGE ( 'NONE', *, *, #806, .F. ) ;
#3486 = EDGE_LOOP ( 'NONE', ( #592, #2220 ) ) ;
#3487 = AXIS2_PLACEMENT_3D ( 'NONE', #2489, #2482, #197 ) ;
#3488 = DIRECTION ( 'NONE',  ( 2.449293598294703900E-016, -1.000000000000000000, 3.491481338843133400E-015 ) ) ;
#3489 = VERTEX_POINT ( 'NONE', #3113 ) ;
#3490 = VERTEX_POINT ( 'NONE', #3403 ) ;
#3491 = ADVANCED_FACE ( 'NONE', ( #1485 ), #3691, .T. ) ;
#3492 = DIRECTION ( 'NONE',  ( 0.0000000000000000000, 0.0000000000000000000, 1.000000000000000000 ) ) ;
#3493 = LINE ( 'NONE', #277, #1263 ) ;
#3494 = ORIENTED_EDGE ( 'NONE', *, *, #653, .T. ) ;
#3495 = DIRECTION ( 'NONE',  ( -2.449293598294703900E-016, 1.000000000000000000, 0.0000000000000000000 ) ) ;
#3496 = DIRECTION ( 'NONE',  ( 0.0000000000000000000, 0.0000000000000000000, 1.000000000000000000 ) ) ;
#3497 = ADVANCED_FACE ( 'NONE', ( #2287 ), #3665, .T. ) ;
#3498 = DIRECTION ( 'NONE',  ( 1.652117596168387800E-016, -1.000000000000000000, -3.318601432303456600E-015 ) ) ;
#3499 = CIRCLE ( 'NONE', #963, 2.000000000000001800 ) ;
#3500 = CARTESIAN_POINT ( 'NONE',  ( 52.00000000000000000, -18.99999999999998600, -2.000000000000000000 ) ) ;
#3501 = FACE_OUTER_BOUND ( 'NONE', #2708, .T. ) ;
#3502 = EDGE_CURVE ( 'NONE', #1727, #2266, #3114, .T. ) ;
#3503 = DIRECTION ( 'NONE',  ( 0.0000000000000000000, -1.000000000000000000, 3.491481338843133000E-015 ) ) ;
#3504 = CARTESIAN_POINT ( 'NONE',  ( 50.50000000000000000, -24.99999999999999600, 0.0000000000000000000 ) ) ;
#3505 = DIRECTION ( 'NONE',  ( 0.0000000000000000000, 0.0000000000000000000, 1.000000000000000000 ) ) ;
#3506 = EDGE_CURVE ( 'NONE', #3700, #354, #1353, .T. ) ;
#3507 = AXIS2_PLACEMENT_3D ( 'NONE', #59, #1738, #315 ) ;
#3508 = ORIENTED_EDGE ( 'NONE', *, *, #2315, .T. ) ;
#3509 = ADVANCED_FACE ( 'NONE', ( #2339 ), #594, .F. ) ;
#3510 = DIRECTION ( 'NONE',  ( -0.0000000000000000000, 1.000000000000000000, -3.491481338843133000E-015 ) ) ;
#3511 = ORIENTED_EDGE ( 'NONE', *, *, #1663, .T. ) ;
#3512 = AXIS2_PLACEMENT_3D ( 'NONE', #1515, #105, #648 ) ;
#3513 = DIRECTION ( 'NONE',  ( 0.0000000000000000000, 0.0000000000000000000, 1.000000000000000000 ) ) ;
#3514 = CIRCLE ( 'NONE', #1558, 1.500000000000001300 ) ;
#3515 = ORIENTED_EDGE ( 'NONE', *, *, #3361, .T. ) ;
#3516 = DIRECTION ( 'NONE',  ( 0.0000000000000000000, -1.000000000000000000, 3.491481338843133400E-015 ) ) ;
#3517 = VECTOR ( 'NONE', #3407, 1000.000000000000000 ) ;
#3518 = DIRECTION ( 'NONE',  ( 1.652117596168387800E-016, -1.000000000000000000, -3.318601432303456600E-015 ) ) ;
#3519 = ORIENTED_EDGE ( 'NONE', *, *, #3583, .F. ) ;
#3520 = CARTESIAN_POINT ( 'NONE',  ( 3.061616997868383000E-015, -25.00000000000000000, 0.0000000000000000000 ) ) ;
#3521 = ORIENTED_EDGE ( 'NONE', *, *, #2407, .F. ) ;
#3522 = CARTESIAN_POINT ( 'NONE',  ( 0.0000000000000000000, -2.736599999999997500, 0.0000000000000000000 ) ) ;
#3523 = LINE ( 'NONE', #3735, #3249 ) ;
#3524 = ORIENTED_EDGE ( 'NONE', *, *, #1391, .T. ) ;
#3525 = EDGE_CURVE ( 'NONE', #1882, #1378, #1168, .T. ) ;
#3526 = ORIENTED_EDGE ( 'NONE', *, *, #2661, .F. ) ;
#3527 = FACE_OUTER_BOUND ( 'NONE', #1691, .T. ) ;
#3528 = ORIENTED_EDGE ( 'NONE', *, *, #3065, .F. ) ;
#3529 = DIRECTION ( 'NONE',  ( 0.0000000000000000000, 0.0000000000000000000, 1.000000000000000000 ) ) ;
#3530 = ORIENTED_EDGE ( 'NONE', *, *, #452, .T. ) ;
#3531 = DIRECTION ( 'NONE',  ( 0.0000000000000000000, 2.312964634635731600E-015, -1.000000000000000000 ) ) ;
#3532 = LINE ( 'NONE', #1186, #2438 ) ;
#3533 = EDGE_CURVE ( 'NONE', #2498, #78, #421, .T. ) ;
#3534 = AXIS2_PLACEMENT_3D ( 'NONE', #3099, #1366, #3404 ) ;
#3535 = APPLICATION_PROTOCOL_DEFINITION ( 'draft international standard', 'automotive_design', 1998, #918 ) ;
#3536 = ADVANCED_FACE ( 'NONE', ( #2243, #812, #1079, #3269, #48, #2888, #1537, #1844, #1619, #2394, #770 ), #500, .F. ) ;
#3537 = VERTEX_POINT ( 'NONE', #1146 ) ;
#3538 = DIRECTION ( 'NONE',  ( 0.0000000000000000000, 4.625929269271473500E-015, -1.000000000000000000 ) ) ;
#3539 = ORIENTED_EDGE ( 'NONE', *, *, #871, .F. ) ;
#3540 = DIRECTION ( 'NONE',  ( 1.000000000000000000, 4.081702296416019900E-016, -0.0000000000000000000 ) ) ;
#3541 = DIRECTION ( 'NONE',  ( 1.000000000000000000, 0.0000000000000000000, 0.0000000000000000000 ) ) ;
#3542 = ORIENTED_EDGE ( 'NONE', *, *, #2196, .F. ) ;
#3543 = AXIS2_PLACEMENT_3D ( 'NONE', #820, #807, #2846 ) ;
#3544 = CARTESIAN_POINT ( 'NONE',  ( 18.99999999999998200, -31.00000000000002800, 11.86829999999998700 ) ) ;
#3545 = EDGE_CURVE ( 'NONE', #1897, #49, #731, .T. ) ;
#3546 = CIRCLE ( 'NONE', #2808, 0.7366000000000000300 ) ;
#3547 = CARTESIAN_POINT ( 'NONE',  ( 38.50000000000000700, -15.00000000000000000, 0.0000000000000000000 ) ) ;
#3548 = FACE_OUTER_BOUND ( 'NONE', #1028, .T. ) ;
#3549 = CIRCLE ( 'NONE', #2031, 1.500000000000001300 ) ;
#3550 = CARTESIAN_POINT ( 'NONE',  ( 54.00000000000000000, -18.99999999999998600, 0.0000000000000000000 ) ) ;
#3551 = FACE_BOUND ( 'NONE', #3103, .T. ) ;
#3552 = CARTESIAN_POINT ( 'NONE',  ( 8.999999999999998200, 2.571825154191843100E-015, 0.7365999999999904800 ) ) ;
#3553 = DIRECTION ( 'NONE',  ( 0.0000000000000000000, -3.491481338843133000E-015, -1.000000000000000000 ) ) ;
#3554 = DIRECTION ( 'NONE',  ( 0.0000000000000000000, 0.0000000000000000000, 1.000000000000000000 ) ) ;
#3555 = ADVANCED_FACE ( 'NONE', ( #2707 ), #2983, .F. ) ;
#3556 = EDGE_CURVE ( 'NONE', #1727, #3668, #2797, .T. ) ;
#3557 = AXIS2_PLACEMENT_3D ( 'NONE', #2040, #1836, #3326 ) ;
#3558 = DIRECTION ( 'NONE',  ( -1.000000000000000000, 0.0000000000000000000, 0.0000000000000000000 ) ) ;
#3559 = DIRECTION ( 'NONE',  ( -2.449293598294703900E-016, 1.000000000000000000, -3.491481338843133400E-015 ) ) ;
#3560 = PLANE ( 'NONE',  #740 ) ;
#3561 = ORIENTED_EDGE ( 'NONE', *, *, #902, .F. ) ;
#3562 = PLANE ( 'NONE',  #1009 ) ;
#3563 = CIRCLE ( 'NONE', #466, 1.500000000000007300 ) ;
#3564 = DIRECTION ( 'NONE',  ( 1.652117596168387800E-016, -1.000000000000000000, -3.318601432303456900E-015 ) ) ;
#3565 = CYLINDRICAL_SURFACE ( 'NONE', #3591, 1.500000000000001300 ) ;
#3566 = ORIENTED_EDGE ( 'NONE', *, *, #3476, .T. ) ;
#3567 = AXIS2_PLACEMENT_3D ( 'NONE', #1683, #3732, #2811 ) ;
#3568 = EDGE_LOOP ( 'NONE', ( #1720, #681, #1648, #1597 ) ) ;
#3569 = VERTEX_POINT ( 'NONE', #2562 ) ;
#3570 = CARTESIAN_POINT ( 'NONE',  ( 59.00000000000000000, -1.999999999999985800, -5.045481106158403200E-029 ) ) ;
#3571 = LINE ( 'NONE', #3218, #1870 ) ;
#3572 = FACE_OUTER_BOUND ( 'NONE', #505, .T. ) ;
#3573 = EDGE_LOOP ( 'NONE', ( #1732, #180, #3068, #1799 ) ) ;
#3574 = DIRECTION ( 'NONE',  ( 0.0000000000000000000, 0.0000000000000000000, 1.000000000000000000 ) ) ;
#3575 = VERTEX_POINT ( 'NONE', #2260 ) ;
#3576 = ADVANCED_FACE ( 'NONE', ( #904 ), #3765, .F. ) ;
#3577 = DIRECTION ( 'NONE',  ( -2.449293598294702500E-016, 1.000000000000000000, -3.491481338843133000E-015 ) ) ;
#3578 = DIRECTION ( 'NONE',  ( 0.0000000000000000000, 2.312964634635737900E-015, -1.000000000000000000 ) ) ;
#3579 = LINE ( 'NONE', #3369, #758 ) ;
#3580 = VERTEX_POINT ( 'NONE', #1112 ) ;
#3581 = ORIENTED_EDGE ( 'NONE', *, *, #181, .F. ) ;
#3582 = DIRECTION ( 'NONE',  ( -4.336808689942013800E-016, 1.000000000000000000, 0.0000000000000000000 ) ) ;
#3583 = EDGE_CURVE ( 'NONE', #2556, #970, #2205, .T. ) ;
#3584 = FACE_OUTER_BOUND ( 'NONE', #2136, .T. ) ;
#3585 = VERTEX_POINT ( 'NONE', #1674 ) ;
#3586 = ORIENTED_EDGE ( 'NONE', *, *, #280, .T. ) ;
#3587 = CARTESIAN_POINT ( 'NONE',  ( 2.999999999999995600, -18.99999999999999300, -2.000000000000000000 ) ) ;
#3588 = ORIENTED_EDGE ( 'NONE', *, *, #2288, .T. ) ;
#3589 = VERTEX_POINT ( 'NONE', #1985 ) ;
#3590 = EDGE_CURVE ( 'NONE', #2408, #223, #3493, .T. ) ;
#3591 = AXIS2_PLACEMENT_3D ( 'NONE', #1413, #3505, #1986 ) ;
#3592 = DIRECTION ( 'NONE',  ( 0.0000000000000000000, -3.491481338843133400E-015, -1.000000000000000000 ) ) ;
#3593 = VECTOR ( 'NONE', #1913, 1000.000000000000000 ) ;
#3594 = DIRECTION ( 'NONE',  ( 0.0000000000000000000, 2.312964634635735200E-015, -1.000000000000000000 ) ) ;
#3595 = CARTESIAN_POINT ( 'NONE',  ( 8.999999999999998200, -2.736599999999983700, -2.000000000000000000 ) ) ;
#3596 = FACE_BOUND ( 'NONE', #2855, .T. ) ;
#3597 = EDGE_CURVE ( 'NONE', #1054, #1065, #507, .T. ) ;
#3598 = CARTESIAN_POINT ( 'NONE',  ( 0.0000000000000000000, -2.736599999999997900, -2.000000000000000000 ) ) ;
#3599 = DIRECTION ( 'NONE',  ( 1.000000000000000000, 0.0000000000000000000, -7.359504293276601900E-017 ) ) ;
#3600 = DIRECTION ( 'NONE',  ( 1.000000000000000000, 0.0000000000000000000, 0.0000000000000000000 ) ) ;
#3601 = CARTESIAN_POINT ( 'NONE',  ( 27.50000000000000000, -7.999999999999998200, -2.000000000000000000 ) ) ;
#3602 = DIRECTION ( 'NONE',  ( 0.0000000000000000000, 4.625929269271470300E-015, -1.000000000000000000 ) ) ;
#3603 = ORIENTED_EDGE ( 'NONE', *, *, #940, .T. ) ;
#3604 = EDGE_CURVE ( 'NONE', #1011, #49, #3398, .T. ) ;
#3605 = AXIS2_PLACEMENT_3D ( 'NONE', #3719, #2250, #2799 ) ;
#3606 = CARTESIAN_POINT ( 'NONE',  ( 23.00000000000000000, -7.999999999999998200, -2.000000000000000000 ) ) ;
#3607 = EDGE_LOOP ( 'NONE', ( #3608, #539, #1953, #1349 ) ) ;
#3608 = ORIENTED_EDGE ( 'NONE', *, *, #3122, .F. ) ;
#3609 = CARTESIAN_POINT ( 'NONE',  ( 40.00000000000000000, -31.00000000000002800, 11.86830000000000100 ) ) ;
#3610 = CARTESIAN_POINT ( 'NONE',  ( 56.00000000000000000, -18.99999999999998600, -2.000000000000000000 ) ) ;
#3611 = VECTOR ( 'NONE', #58, 1000.000000000000000 ) ;
#3612 = AXIS2_PLACEMENT_3D ( 'NONE', #3716, #1946, #2246 ) ;
#3613 = ORIENTED_EDGE ( 'NONE', *, *, #2473, .T. ) ;
#3614 = EDGE_CURVE ( 'NONE', #724, #2016, #3720, .T. ) ;
#3615 = LINE ( 'NONE', #1677, #3697 ) ;
#3616 = CARTESIAN_POINT ( 'NONE',  ( 34.99999999999999300, -18.99999999999999300, -2.000000000000000000 ) ) ;
#3617 = FACE_OUTER_BOUND ( 'NONE', #3673, .T. ) ;
#3618 = ORIENTED_EDGE ( 'NONE', *, *, #1313, .F. ) ;
#3619 = ORIENTED_EDGE ( 'NONE', *, *, #3646, .T. ) ;
#3620 = VECTOR ( 'NONE', #1918, 1000.000000000000000 ) ;
#3621 = EDGE_LOOP ( 'NONE', ( #3263, #2644, #3630, #2042 ) ) ;
#3622 = DIRECTION ( 'NONE',  ( 1.000000000000000000, 0.0000000000000000000, 0.0000000000000000000 ) ) ;
#3623 = EDGE_LOOP ( 'NONE', ( #2222, #488, #3384, #3306 ) ) ;
#3624 = CYLINDRICAL_SURFACE ( 'NONE', #183, 1.500000000000001300 ) ;
#3625 = VERTEX_POINT ( 'NONE', #1095 ) ;
#3626 = CARTESIAN_POINT ( 'NONE',  ( 0.0000000000000000000, 0.0000000000000000000, -2.000000000000000000 ) ) ;
#3627 = ORIENTED_EDGE ( 'NONE', *, *, #3406, .T. ) ;
#3628 = CARTESIAN_POINT ( 'NONE',  ( 10.49999999999999800, -7.999999999999998200, -2.000000000000000000 ) ) ;
#3629 = DIRECTION ( 'NONE',  ( 1.000000000000000000, 0.0000000000000000000, 0.0000000000000000000 ) ) ;
#3630 = ORIENTED_EDGE ( 'NONE', *, *, #2402, .T. ) ;
#3631 = ORIENTED_EDGE ( 'NONE', *, *, #2577, .F. ) ;
#3632 = CARTESIAN_POINT ( 'NONE',  ( 59.00000000000000000, -2.736599999999984200, 0.7366000000000000300 ) ) ;
#3633 = EDGE_CURVE ( 'NONE', #788, #2539, #3356, .T. ) ;
#3634 = ORIENTED_EDGE ( 'NONE', *, *, #2671, .F. ) ;
#3635 = CARTESIAN_POINT ( 'NONE',  ( 23.00000000000000000, -7.999999999999998200, -2.000000000000000000 ) ) ;
#3636 = FACE_OUTER_BOUND ( 'NONE', #3256, .T. ) ;
#3637 = EDGE_CURVE ( 'NONE', #1080, #1957, #1659, .T. ) ;
#3638 = DIRECTION ( 'NONE',  ( -1.000000000000000000, -1.652117596168364600E-016, -6.788048384257074900E-016 ) ) ;
#3639 = CARTESIAN_POINT ( 'NONE',  ( 8.999999999999998200, 0.0000000000000000000, -6.982962677686266700E-015 ) ) ;
#3640 = FACE_BOUND ( 'NONE', #1241, .T. ) ;
#3641 = CARTESIAN_POINT ( 'NONE',  ( 50.00000000000000000, -5.999999999999991100, 0.0000000000000000000 ) ) ;
#3642 = DIRECTION ( 'NONE',  ( -1.000000000000000000, -4.336808689942013800E-016, 0.0000000000000000000 ) ) ;
#3643 = AXIS2_PLACEMENT_3D ( 'NONE', #2595, #314, #1452 ) ;
#3644 = DIRECTION ( 'NONE',  ( 1.000000000000000000, 1.652117596168356200E-016, 9.050731179009432500E-016 ) ) ;
#3645 = DIRECTION ( 'NONE',  ( 1.000000000000000000, -0.0000000000000000000, -0.0000000000000000000 ) ) ;
#3646 = EDGE_CURVE ( 'NONE', #2928, #2650, #2609, .T. ) ;
#3647 = CARTESIAN_POINT ( 'NONE',  ( 19.00000000000000000, -7.999999999999998200, -2.000000000000000000 ) ) ;
#3648 = ORIENTED_EDGE ( 'NONE', *, *, #1840, .T. ) ;
#3649 = VECTOR ( 'NONE', #603, 1000.000000000000000 ) ;
#3650 = EDGE_CURVE ( 'NONE', #1513, #3537, #1805, .T. ) ;
#3651 = ORIENTED_EDGE ( 'NONE', *, *, #816, .F. ) ;
#3652 = AXIS2_PLACEMENT_3D ( 'NONE', #1665, #2255, #3393 ) ;
#3653 = DIRECTION ( 'NONE',  ( -0.0000000000000000000, 1.000000000000000000, -3.491481338843133400E-015 ) ) ;
#3654 = CYLINDRICAL_SURFACE ( 'NONE', #1692, 2.000000000000001800 ) ;
#3655 = PRESENTATION_STYLE_ASSIGNMENT (( #3287 ) ) ;
#3656 = EDGE_LOOP ( 'NONE', ( #1829, #829, #3619, #2824 ) ) ;
#3657 = CIRCLE ( 'NONE', #67, 4.000000000000003600 ) ;
#3658 = CARTESIAN_POINT ( 'NONE',  ( 56.99999999999999300, -1.999999999999905900, 23.00000000000000700 ) ) ;
#3659 = CARTESIAN_POINT ( 'NONE',  ( 0.0000000000000000000, -2.736599999999997500, 0.7366000000000000300 ) ) ;
#3660 = AXIS2_PLACEMENT_3D ( 'NONE', #2338, #334, #2036 ) ;
#3661 = CIRCLE ( 'NONE', #2881, 1.500000000000001300 ) ;
#3662 = ORIENTED_EDGE ( 'NONE', *, *, #1051, .F. ) ;
#3663 = EDGE_CURVE ( 'NONE', #458, #1469, #692, .T. ) ;
#3664 = EDGE_LOOP ( 'NONE', ( #138, #1701, #1610, #2997 ) ) ;
#3665 = PLANE ( 'NONE',  #2694 ) ;
#3666 = DIRECTION ( 'NONE',  ( -2.449293598294702500E-016, 1.000000000000000000, -3.491481338843133000E-015 ) ) ;
#3667 = VECTOR ( 'NONE', #3381, 1000.000000000000000 ) ;
#3668 = VERTEX_POINT ( 'NONE', #2069 ) ;
#3669 = EDGE_LOOP ( 'NONE', ( #1734, #205 ) ) ;
#3670 = LINE ( 'NONE', #1689, #1347 ) ;
#3671 = ORIENTED_EDGE ( 'NONE', *, *, #1321, .T. ) ;
#3672 = ORIENTED_EDGE ( 'NONE', *, *, #236, .F. ) ;
#3673 = EDGE_LOOP ( 'NONE', ( #3154, #397, #2555, #1593 ) ) ;
#3674 = DIRECTION ( 'NONE',  ( 1.652117596168387800E-016, -1.000000000000000000, -3.318601432303456600E-015 ) ) ;
#3675 = ORIENTED_EDGE ( 'NONE', *, *, #3690, .T. ) ;
#3676 = CARTESIAN_POINT ( 'NONE',  ( 31.50000000000000700, -7.999999999999998200, 0.0000000000000000000 ) ) ;
#3677 = VECTOR ( 'NONE', #581, 1000.000000000000000 ) ;
#3678 = CARTESIAN_POINT ( 'NONE',  ( 39.99999999999999300, -23.00000000000004600, 17.36830000000002300 ) ) ;
#3679 = EDGE_CURVE ( 'NONE', #3443, #3734, #2020, .T. ) ;
#3680 = DIRECTION ( 'NONE',  ( 1.652117596168387800E-016, -1.000000000000000000, -3.318601432303456600E-015 ) ) ;
#3681 = CYLINDRICAL_SURFACE ( 'NONE', #2836, 1.500000000000001300 ) ;
#3682 = LINE ( 'NONE', #1142, #1341 ) ;
#3683 = AXIS2_PLACEMENT_3D ( 'NONE', #1097, #841, #1966 ) ;
#3684 = CARTESIAN_POINT ( 'NONE',  ( 49.99999999999999300, 5.021051876504148200E-015, 0.0000000000000000000 ) ) ;
#3685 = DIRECTION ( 'NONE',  ( -1.000000000000000000, 0.0000000000000000000, 0.0000000000000000000 ) ) ;
#3686 = DIRECTION ( 'NONE',  ( 0.0000000000000000000, 0.0000000000000000000, 1.000000000000000000 ) ) ;
#3687 = EDGE_LOOP ( 'NONE', ( #1599, #257, #3494, #3144 ) ) ;
#3688 = VERTEX_POINT ( 'NONE', #3504 ) ;
#3689 = VERTEX_POINT ( 'NONE', #1185 ) ;
#3690 = EDGE_CURVE ( 'NONE', #358, #895, #320, .T. ) ;
#3691 = PLANE ( 'NONE',  #2379 ) ;
#3692 = LINE ( 'NONE', #2996, #3334 ) ;
#3693 = DIRECTION ( 'NONE',  ( 0.0000000000000000000, 4.710082747696980300E-015, -1.000000000000000000 ) ) ;
#3694 = ORIENTED_EDGE ( 'NONE', *, *, #757, .F. ) ;
#3695 = EDGE_LOOP ( 'NONE', ( #2773, #16, #2554, #2872 ) ) ;
#3696 = CARTESIAN_POINT ( 'NONE',  ( 27.99999999999999600, -25.99999999999999600, -2.000000000000000000 ) ) ;
#3697 = VECTOR ( 'NONE', #549, 1000.000000000000000 ) ;
#3698 = EDGE_CURVE ( 'NONE', #1729, #3160, #1708, .T. ) ;
#3699 = LINE ( 'NONE', #1938, #2090 ) ;
#3700 = VERTEX_POINT ( 'NONE', #2895 ) ;
#3701 =( GEOMETRIC_REPRESENTATION_CONTEXT ( 3 ) GLOBAL_UNCERTAINTY_ASSIGNED_CONTEXT ( ( #1163 ) ) GLOBAL_UNIT_ASSIGNED_CONTEXT ( ( #343, #1798, #2904 ) ) REPRESENTATION_CONTEXT ( 'NONE', 'WORKASPACE' ) );
#3702 = DIRECTION ( 'NONE',  ( 0.0000000000000000000, 0.0000000000000000000, 1.000000000000000000 ) ) ;
#3703 = EDGE_LOOP ( 'NONE', ( #2511, #2312, #496, #3524 ) ) ;
#3704 = ADVANCED_FACE ( 'NONE', ( #3311 ), #2521, .F. ) ;
#3705 = LINE ( 'NONE', #773, #3620 ) ;
#3706 = ORIENTED_EDGE ( 'NONE', *, *, #2930, .F. ) ;
#3707 = ORIENTED_EDGE ( 'NONE', *, *, #548, .T. ) ;
#3708 = CARTESIAN_POINT ( 'NONE',  ( 33.00000000000000000, -23.00000000000002800, 11.86830000000003000 ) ) ;
#3709 = CARTESIAN_POINT ( 'NONE',  ( 18.99999999999998200, -23.00000000000002800, 11.86830000000001400 ) ) ;
#3710 = LINE ( 'NONE', #1124, #1875 ) ;
#3711 = EDGE_LOOP ( 'NONE', ( #353, #269 ) ) ;
#3712 = CARTESIAN_POINT ( 'NONE',  ( 39.99999999999999300, -7.999999999999996400, -2.000000000000000000 ) ) ;
#3713 = VERTEX_POINT ( 'NONE', #596 ) ;
#3714 = CARTESIAN_POINT ( 'NONE',  ( 0.0000000000000000000, 2.594520199021871000E-015, 0.7365999999999903700 ) ) ;
#3715 = CIRCLE ( 'NONE', #3660, 1.500000000000004900 ) ;
#3716 = CARTESIAN_POINT ( 'NONE',  ( 12.00000000000000000, -7.999999999999998200, -2.000000000000000000 ) ) ;
#3717 = ORIENTED_EDGE ( 'NONE', *, *, #775, .F. ) ;
#3718 = EDGE_LOOP ( 'NONE', ( #2054, #3301, #608, #687 ) ) ;
#3719 = CARTESIAN_POINT ( 'NONE',  ( 29.50000000000000000, -25.99999999999999600, -2.000000000000000000 ) ) ;
#3720 = CIRCLE ( 'NONE', #3105, 2.000000000000001800 ) ;
#3721 = EDGE_LOOP ( 'NONE', ( #2972, #794, #2097, #3613 ) ) ;
#3722 = EDGE_CURVE ( 'NONE', #1023, #177, #2566, .T. ) ;
#3723 = CYLINDRICAL_SURFACE ( 'NONE', #1905, 3.999999999999996400 ) ;
#3724 = CARTESIAN_POINT ( 'NONE',  ( 12.00000000000000000, -7.999999999999998200, 0.0000000000000000000 ) ) ;
#3725 = CARTESIAN_POINT ( 'NONE',  ( 36.50000000000000000, -18.99999999999999300, -2.000000000000000000 ) ) ;
#3726 = CIRCLE ( 'NONE', #203, 1.500000000000004000 ) ;
#3727 = EDGE_CURVE ( 'NONE', #2231, #1921, #1754, .T. ) ;
#3728 = AXIS2_PLACEMENT_3D ( 'NONE', #398, #1770, #2956 ) ;
#3729 = AXIS2_PLACEMENT_3D ( 'NONE', #3708, #1091, #3131 ) ;
#3730 = EDGE_CURVE ( 'NONE', #3585, #1054, #3163, .T. ) ;
#3731 = DIRECTION ( 'NONE',  ( 1.000000000000000000, 1.652117596168387800E-016, -1.751623080406021300E-046 ) ) ;
#3732 = DIRECTION ( 'NONE',  ( 0.0000000000000000000, 0.0000000000000000000, 1.000000000000000000 ) ) ;
#3733 = CARTESIAN_POINT ( 'NONE',  ( 5.499999999999993800, -9.999999999999968000, 9.000000000000033800 ) ) ;
#3734 = VERTEX_POINT ( 'NONE', #637 ) ;
#3735 = CARTESIAN_POINT ( 'NONE',  ( 56.00000000000000000, -18.99999999999998600, -2.000000000000000000 ) ) ;
#3736 = ADVANCED_FACE ( 'NONE', ( #3213 ), #2838, .F. ) ;
#3737 = FACE_OUTER_BOUND ( 'NONE', #3607, .T. ) ;
#3738 = DIRECTION ( 'NONE',  ( -1.000000000000000000, -0.0000000000000000000, -0.0000000000000000000 ) ) ;
#3739 = CYLINDRICAL_SURFACE ( 'NONE', #1767, 2.000000000000001800 ) ;
#3740 = VERTEX_POINT ( 'NONE', #1495 ) ;
#3741 = EDGE_CURVE ( 'NONE', #1724, #1379, #316, .T. ) ;
#3742 = ORIENTED_EDGE ( 'NONE', *, *, #1974, .T. ) ;
#3743 = AXIS2_PLACEMENT_3D ( 'NONE', #2954, #660, #1229 ) ;
#3744 = DIRECTION ( 'NONE',  ( 0.0000000000000000000, 0.0000000000000000000, -1.000000000000000000 ) ) ;
#3745 = VECTOR ( 'NONE', #2401, 1000.000000000000000 ) ;
#3746 = CARTESIAN_POINT ( 'NONE',  ( 5.499999999999998200, 6.070229423939535400E-014, 17.00000000000000000 ) ) ;
#3747 = CARTESIAN_POINT ( 'NONE',  ( 17.49999999999999600, -15.00000000000000000, -2.000000000000000000 ) ) ;
#3748 = VECTOR ( 'NONE', #3564, 1000.000000000000000 ) ;
#3749 = ORIENTED_EDGE ( 'NONE', *, *, #3095, .T. ) ;
#3750 = ORIENTED_EDGE ( 'NONE', *, *, #2738, .T. ) ;
#3751 = CARTESIAN_POINT ( 'NONE',  ( 19.00000000000000000, -7.999999999999998200, -2.000000000000000000 ) ) ;
#3752 = DIRECTION ( 'NONE',  ( 1.000000000000000000, 0.0000000000000000000, 0.0000000000000000000 ) ) ;
#3753 = CIRCLE ( 'NONE', #2102, 2.000000000000001800 ) ;
#3754 = VERTEX_POINT ( 'NONE', #3209 ) ;
#3755 = ORIENTED_EDGE ( 'NONE', *, *, #1802, .F. ) ;
#3756 = FACE_OUTER_BOUND ( 'NONE', #3623, .T. ) ;
#3757 = EDGE_LOOP ( 'NONE', ( #3244, #1256, #1340, #2725 ) ) ;
#3758 = DIRECTION ( 'NONE',  ( 0.0000000000000000000, -4.625929269271475900E-015, 1.000000000000000000 ) ) ;
#3759 = ORIENTED_EDGE ( 'NONE', *, *, #2795, .T. ) ;
#3760 = AXIS2_PLACEMENT_3D ( 'NONE', #1719, #3513, #1181 ) ;
#3761 = CARTESIAN_POINT ( 'NONE',  ( 47.00000000000000000, -31.00000000000002800, 11.86830000000000300 ) ) ;
#3762 = ORIENTED_EDGE ( 'NONE', *, *, #3425, .F. ) ;
#3763 = CARTESIAN_POINT ( 'NONE',  ( 29.50000000000000000, -18.99999999999999600, -2.000000000000000000 ) ) ;
#3764 = EDGE_LOOP ( 'NONE', ( #1058, #1784, #3750, #1066 ) ) ;
#3765 = CYLINDRICAL_SURFACE ( 'NONE', #1222, 1.500000000000001300 ) ;
#3766 = CARTESIAN_POINT ( 'NONE',  ( 5.499999999999998200, -1.999999999999934100, 19.00000000000001400 ) ) ;
#3767 = CARTESIAN_POINT ( 'NONE',  ( 49.99999999999999300, 8.546417244754346300E-014, 20.99999999999999600 ) ) ;
#3768 = FACE_BOUND ( 'NONE', #46, .T. ) ;
ENDSEC;
END-ISO-10303-21;
