ISO-10303-21;
HEADER;
FILE_DESCRIPTION (( 'STEP AP214' ),
    '1' );
FILE_NAME ('长U支架.STEP',
    '2017-10-14T01:12:55',
    ( '' ),
    ( '' ),
    'SwSTEP 2.0',
    'SolidWorks 2014',
    '' );
FILE_SCHEMA (( 'AUTOMOTIVE_DESIGN' ));
ENDSEC;

DATA;
#1 = DIRECTION ( 'NONE',  ( 1.000000000000000000, 0.0000000000000000000, 0.0000000000000000000 ) ) ;
#2 = DIRECTION ( 'NONE',  ( -1.000000000000000000, 0.0000000000000000000, 3.469446951953613000E-015 ) ) ;
#3 = ADVANCED_FACE ( 'NONE', ( #213 ), #1138, .F. ) ;
#4 = EDGE_CURVE ( 'NONE', #2133, #294, #293, .T. ) ;
#5 = DIRECTION ( 'NONE',  ( -1.000000000000000000, -1.224646799147353200E-016, -3.491481338843133000E-015 ) ) ;
#6 = DIRECTION ( 'NONE',  ( -1.000000000000000000, 0.0000000000000000000, 3.469446951953613000E-015 ) ) ;
#7 = EDGE_CURVE ( 'NONE', #1049, #2046, #703, .T. ) ;
#8 = DIRECTION ( 'NONE',  ( 0.0000000000000000000, 0.0000000000000000000, 1.000000000000000000 ) ) ;
#9 = ORIENTED_EDGE ( 'NONE', *, *, #1536, .T. ) ;
#10 = CARTESIAN_POINT ( 'NONE',  ( 27.00000000000000000, -5.500000000000001800, -2.000000000000000000 ) ) ;
#11 = LINE ( 'NONE', #2066, #1780 ) ;
#12 = EDGE_LOOP ( 'NONE', ( #968, #1440, #21, #1735 ) ) ;
#13 = DIRECTION ( 'NONE',  ( 4.625929269271481400E-015, 0.0000000000000000000, 1.000000000000000000 ) ) ;
#14 = CIRCLE ( 'NONE', #156, 1.500000000000003100 ) ;
#15 = CARTESIAN_POINT ( 'NONE',  ( 32.50000000000000000, -12.49999999999999800, -2.000000000000000000 ) ) ;
#16 = ORIENTED_EDGE ( 'NONE', *, *, #57, .F. ) ;
#17 = FACE_OUTER_BOUND ( 'NONE', #536, .T. ) ;
#18 = AXIS2_PLACEMENT_3D ( 'NONE', #254, #1447, #1616 ) ;
#19 = ADVANCED_FACE ( 'NONE', ( #2102 ), #591, .F. ) ;
#20 = VERTEX_POINT ( 'NONE', #103 ) ;
#21 = ORIENTED_EDGE ( 'NONE', *, *, #1757, .T. ) ;
#22 = DIRECTION ( 'NONE',  ( -1.000000000000000000, -1.224646799147353200E-016, -3.491481338843133000E-015 ) ) ;
#23 = CYLINDRICAL_SURFACE ( 'NONE', #2149, 1.500000000000003100 ) ;
#24 = DIRECTION ( 'NONE',  ( -1.000000000000000000, -1.224646799147353200E-016, -3.491481338843133000E-015 ) ) ;
#25 = DIRECTION ( 'NONE',  ( 0.0000000000000000000, -0.0000000000000000000, -1.000000000000000000 ) ) ;
#26 = EDGE_CURVE ( 'NONE', #547, #1164, #1093, .T. ) ;
#27 = FACE_OUTER_BOUND ( 'NONE', #1172, .T. ) ;
#28 = ORIENTED_EDGE ( 'NONE', *, *, #1298, .T. ) ;
#29 = CARTESIAN_POINT ( 'NONE',  ( 53.00000000000009900, -12.50000000000000000, 30.00000000000000400 ) ) ;
#30 = FACE_BOUND ( 'NONE', #1926, .T. ) ;
#31 = ADVANCED_FACE ( 'NONE', ( #2052, #1334, #342, #483, #1191, #1361, #749, #1892 ), #2136, .F. ) ;
#32 = AXIS2_PLACEMENT_3D ( 'NONE', #1229, #181, #205 ) ;
#33 = CARTESIAN_POINT ( 'NONE',  ( -1.000000000000144800, -12.50000000000000000, 41.50000000000009900 ) ) ;
#34 = DIRECTION ( 'NONE',  ( 4.625929269271481400E-015, 0.0000000000000000000, 1.000000000000000000 ) ) ;
#35 = DIRECTION ( 'NONE',  ( -1.000000000000000000, -1.224646799147353200E-016, -3.491481338843133000E-015 ) ) ;
#36 = EDGE_CURVE ( 'NONE', #1049, #180, #985, .T. ) ;
#37 = DIRECTION ( 'NONE',  ( -3.469446951953611000E-015, 0.0000000000000000000, 1.000000000000000000 ) ) ;
#38 = CARTESIAN_POINT ( 'NONE',  ( -1.000000000000188300, -12.50000000000000000, 54.00000000000010700 ) ) ;
#39 = ORIENTED_EDGE ( 'NONE', *, *, #221, .F. ) ;
#40 = EDGE_CURVE ( 'NONE', #1782, #720, #2177, .T. ) ;
#41 = CIRCLE ( 'NONE', #1617, 1.500000000000001300 ) ;
#42 = ORIENTED_EDGE ( 'NONE', *, *, #2087, .T. ) ;
#43 = AXIS2_PLACEMENT_3D ( 'NONE', #1620, #263, #282 ) ;
#44 = DIRECTION ( 'NONE',  ( -3.469446951953611000E-015, 0.0000000000000000000, 1.000000000000000000 ) ) ;
#45 = CYLINDRICAL_SURFACE ( 'NONE', #1118, 1.500000000000001300 ) ;
#46 = VERTEX_POINT ( 'NONE', #1301 ) ;
#47 = DIRECTION ( 'NONE',  ( -1.000000000000000000, -0.0000000000000000000, -0.0000000000000000000 ) ) ;
#48 = AXIS2_PLACEMENT_3D ( 'NONE', #1184, #143, #2023 ) ;
#49 = ORIENTED_EDGE ( 'NONE', *, *, #1614, .F. ) ;
#50 = VECTOR ( 'NONE', #1481, 1000.000000000000000 ) ;
#51 = DIRECTION ( 'NONE',  ( 0.0000000000000000000, 0.0000000000000000000, 1.000000000000000000 ) ) ;
#52 = LINE ( 'NONE', #1615, #1258 ) ;
#53 = EDGE_LOOP ( 'NONE', ( #1873, #676, #1523, #1163 ) ) ;
#54 = CIRCLE ( 'NONE', #367, 1.500000000000003100 ) ;
#55 = ORIENTED_EDGE ( 'NONE', *, *, #498, .F. ) ;
#56 = DIRECTION ( 'NONE',  ( -3.469446951953611000E-015, 0.0000000000000000000, 1.000000000000000000 ) ) ;
#57 = EDGE_CURVE ( 'NONE', #145, #1621, #1410, .T. ) ;
#58 = CARTESIAN_POINT ( 'NONE',  ( -1.000000000000202100, -24.99999999999998600, 49.50000000000019900 ) ) ;
#59 = CARTESIAN_POINT ( 'NONE',  ( -1.000000000000052800, -12.50000000000000000, 14.50000000000018800 ) ) ;
#60 = AXIS2_PLACEMENT_3D ( 'NONE', #1645, #2139, #813 ) ;
#61 = DIRECTION ( 'NONE',  ( -1.000000000000000000, -1.224646799147353200E-016, -3.491481338843133000E-015 ) ) ;
#62 = ORIENTED_EDGE ( 'NONE', *, *, #127, .F. ) ;
#63 = VECTOR ( 'NONE', #1527, 1000.000000000000000 ) ;
#64 = ORIENTED_EDGE ( 'NONE', *, *, #1975, .F. ) ;
#65 = CIRCLE ( 'NONE', #396, 1.500000000000001300 ) ;
#66 = ORIENTED_EDGE ( 'NONE', *, *, #1589, .T. ) ;
#67 = FACE_BOUND ( 'NONE', #2138, .T. ) ;
#68 = ORIENTED_EDGE ( 'NONE', *, *, #2113, .F. ) ;
#69 = VERTEX_POINT ( 'NONE', #1789 ) ;
#70 = AXIS2_PLACEMENT_3D ( 'NONE', #2199, #1370, #1200 ) ;
#71 = DIRECTION ( 'NONE',  ( -3.469446951953611000E-015, 0.0000000000000000000, 1.000000000000000000 ) ) ;
#72 = ORIENTED_EDGE ( 'NONE', *, *, #84, .T. ) ;
#73 = LINE ( 'NONE', #1267, #222 ) ;
#74 = ORIENTED_EDGE ( 'NONE', *, *, #1076, .F. ) ;
#75 = CARTESIAN_POINT ( 'NONE',  ( 53.00000000000014900, -12.50000000000000000, 42.99999999999991500 ) ) ;
#76 = VECTOR ( 'NONE', #1568, 1000.000000000000000 ) ;
#77 = ORIENTED_EDGE ( 'NONE', *, *, #1891, .T. ) ;
#78 = EDGE_CURVE ( 'NONE', #1621, #1842, #1783, .T. ) ;
#79 = CARTESIAN_POINT ( 'NONE',  ( 55.00000000000019900, -12.50000000000000000, 56.99999999999990800 ) ) ;
#80 = CIRCLE ( 'NONE', #636, 1.500000000000001300 ) ;
#81 = DIRECTION ( 'NONE',  ( -1.000000000000000000, -1.224646799147353200E-016, -3.491481338843133000E-015 ) ) ;
#82 = EDGE_CURVE ( 'NONE', #1862, #1753, #2154, .T. ) ;
#83 = DIRECTION ( 'NONE',  ( -1.000000000000000000, -1.224646799147353200E-016, -3.491481338843133000E-015 ) ) ;
#84 = EDGE_CURVE ( 'NONE', #720, #681, #290, .T. ) ;
#85 = DIRECTION ( 'NONE',  ( -2.943801717310626500E-016, 1.000000000000000000, -7.359504293276566200E-017 ) ) ;
#86 = CARTESIAN_POINT ( 'NONE',  ( -1.000000000000174300, -5.500000000000000900, 50.00000000000009900 ) ) ;
#87 = DIRECTION ( 'NONE',  ( -1.000000000000000000, 0.0000000000000000000, 3.469446951953613000E-015 ) ) ;
#88 = CARTESIAN_POINT ( 'NONE',  ( -1.000000000000160500, -12.50000000000000000, 46.00000000000009900 ) ) ;
#89 = CARTESIAN_POINT ( 'NONE',  ( 0.9999999999998880900, -12.50000000000000000, 31.50000000000020300 ) ) ;
#90 = ORIENTED_EDGE ( 'NONE', *, *, #754, .F. ) ;
#91 = CARTESIAN_POINT ( 'NONE',  ( 27.00000000000000000, -19.50000000000000000, -2.000000000000000000 ) ) ;
#92 = ORIENTED_EDGE ( 'NONE', *, *, #321, .F. ) ;
#93 = DIRECTION ( 'NONE',  ( -3.469446951953611000E-015, 0.0000000000000000000, 1.000000000000000000 ) ) ;
#94 = CIRCLE ( 'NONE', #144, 12.49999999999999600 ) ;
#95 = ORIENTED_EDGE ( 'NONE', *, *, #1475, .F. ) ;
#96 = EDGE_CURVE ( 'NONE', #2172, #1582, #1810, .T. ) ;
#97 = PLANE ( 'NONE',  #2051 ) ;
#98 = CIRCLE ( 'NONE', #1306, 1.500000000000001300 ) ;
#99 = ORIENTED_EDGE ( 'NONE', *, *, #1975, .T. ) ;
#100 = ORIENTED_EDGE ( 'NONE', *, *, #1666, .F. ) ;
#101 = CIRCLE ( 'NONE', #680, 0.7365999999999970300 ) ;
#102 = AXIS2_PLACEMENT_3D ( 'NONE', #1800, #247, #1472 ) ;
#103 = CARTESIAN_POINT ( 'NONE',  ( 0.9999999999999419400, -12.50000000000000000, 16.00000000000019900 ) ) ;
#104 = CIRCLE ( 'NONE', #840, 1.500000000000003100 ) ;
#105 = EDGE_LOOP ( 'NONE', ( #1901, #1893, #1420, #1413 ) ) ;
#106 = CARTESIAN_POINT ( 'NONE',  ( 53.00000000000015600, -12.50000000000000000, 44.49999999999991500 ) ) ;
#107 = CIRCLE ( 'NONE', #418, 1.500000000000001300 ) ;
#108 = ORIENTED_EDGE ( 'NONE', *, *, #736, .T. ) ;
#109 = CARTESIAN_POINT ( 'NONE',  ( 1.000000000000000000, 1.224646799147353200E-016, -0.0000000000000000000 ) ) ;
#110 = CARTESIAN_POINT ( 'NONE',  ( 55.00000000000021300, -12.49999999999999300, 62.00000000000000000 ) ) ;
#111 = CARTESIAN_POINT ( 'NONE',  ( -1.000000000000237100, 1.224646799147062800E-016, 68.00000000000000000 ) ) ;
#112 = EDGE_CURVE ( 'NONE', #783, #401, #1305, .T. ) ;
#113 = DIRECTION ( 'NONE',  ( 1.000000000000000000, 0.0000000000000000000, 0.0000000000000000000 ) ) ;
#114 = AXIS2_PLACEMENT_3D ( 'NONE', #1310, #795, #1651 ) ;
#115 = DIRECTION ( 'NONE',  ( -1.000000000000000000, -1.224646799147353200E-016, -3.491481338843133000E-015 ) ) ;
#116 = PRESENTATION_LAYER_ASSIGNMENT (  '', '', ( #1037 ) ) ;
#117 = CARTESIAN_POINT ( 'NONE',  ( 8.500000000000000000, -12.50000000000000000, -2.000000000000000000 ) ) ;
#118 = ORIENTED_EDGE ( 'NONE', *, *, #2186, .F. ) ;
#119 = FACE_BOUND ( 'NONE', #1619, .T. ) ;
#120 = EDGE_CURVE ( 'NONE', #1308, #1226, #2098, .T. ) ;
#121 = ORIENTED_EDGE ( 'NONE', *, *, #2033, .T. ) ;
#122 = CIRCLE ( 'NONE', #510, 0.7365999999999978100 ) ;
#123 = EDGE_LOOP ( 'NONE', ( #1251, #343 ) ) ;
#124 = FACE_BOUND ( 'NONE', #1608, .T. ) ;
#125 = CARTESIAN_POINT ( 'NONE',  ( 0.9999999999999974500, 0.0000000000000000000, 0.7365999999999969200 ) ) ;
#126 = VERTEX_POINT ( 'NONE', #981 ) ;
#127 = EDGE_CURVE ( 'NONE', #930, #69, #959, .T. ) ;
#128 = ORIENTED_EDGE ( 'NONE', *, *, #1803, .T. ) ;
#129 = CARTESIAN_POINT ( 'NONE',  ( 53.00000000000017800, -19.50000000000000000, 48.49999999999991500 ) ) ;
#130 = EDGE_LOOP ( 'NONE', ( #436, #1511, #1097, #995 ) ) ;
#131 = CARTESIAN_POINT ( 'NONE',  ( 53.00000000000017100, -12.49999999999999300, 49.50000000000000700 ) ) ;
#132 = VECTOR ( 'NONE', #267, 1000.000000000000000 ) ;
#133 = VERTEX_POINT ( 'NONE', #110 ) ;
#134 = AXIS2_PLACEMENT_3D ( 'NONE', #358, #1208, #364 ) ;
#135 = UNCERTAINTY_MEASURE_WITH_UNIT (LENGTH_MEASURE( 1.000000000000000100E-005 ), #1841, 'distance_accuracy_value', 'NONE');
#136 = VECTOR ( 'NONE', #838, 1000.000000000000000 ) ;
#137 = ORIENTED_EDGE ( 'NONE', *, *, #1015, .F. ) ;
#138 = VECTOR ( 'NONE', #1988, 1000.000000000000000 ) ;
#139 = CARTESIAN_POINT ( 'NONE',  ( 45.50000000000000000, -12.50000000000000000, -2.000000000000000000 ) ) ;
#140 = APPLICATION_PROTOCOL_DEFINITION ( 'draft international standard', 'automotive_design', 1998, #2178 ) ;
#141 = EDGE_CURVE ( 'NONE', #771, #679, #1513, .T. ) ;
#142 = DIRECTION ( 'NONE',  ( -1.000000000000000000, 0.0000000000000000000, 3.469446951953613000E-015 ) ) ;
#143 = DIRECTION ( 'NONE',  ( 1.000000000000000000, 1.224646799147353200E-016, 3.491481338843133000E-015 ) ) ;
#144 = AXIS2_PLACEMENT_3D ( 'NONE', #1642, #626, #778 ) ;
#145 = VERTEX_POINT ( 'NONE', #125 ) ;
#146 = VERTEX_POINT ( 'NONE', #1328 ) ;
#147 = CIRCLE ( 'NONE', #114, 1.500000000000001300 ) ;
#148 = DIRECTION ( 'NONE',  ( -0.0000000000000000000, -1.000000000000000000, -0.0000000000000000000 ) ) ;
#149 = ORIENTED_EDGE ( 'NONE', *, *, #1925, .T. ) ;
#150 = EDGE_CURVE ( 'NONE', #1164, #133, #237, .T. ) ;
#151 = FACE_OUTER_BOUND ( 'NONE', #1540, .T. ) ;
#152 = CARTESIAN_POINT ( 'NONE',  ( 55.00000000000011400, -12.50000000000000000, 31.50000000000000000 ) ) ;
#153 = ORIENTED_EDGE ( 'NONE', *, *, #674, .F. ) ;
#154 = VERTEX_POINT ( 'NONE', #2168 ) ;
#155 = CARTESIAN_POINT ( 'NONE',  ( -1.000000000000160500, -12.50000000000000000, 46.00000000000009900 ) ) ;
#156 = AXIS2_PLACEMENT_3D ( 'NONE', #508, #336, #520 ) ;
#157 = FACE_OUTER_BOUND ( 'NONE', #1471, .T. ) ;
#158 = EDGE_CURVE ( 'NONE', #1674, #596, #182, .T. ) ;
#159 = FILL_AREA_STYLE ('',( #664 ) ) ;
#160 = CYLINDRICAL_SURFACE ( 'NONE', #761, 1.500000000000001300 ) ;
#161 = AXIS2_PLACEMENT_3D ( 'NONE', #2195, #853, #2040 ) ;
#162 = VERTEX_POINT ( 'NONE', #307 ) ;
#163 = CARTESIAN_POINT ( 'NONE',  ( 53.00000000000000000, 0.0000000000000000000, -1.873501354054950900E-013 ) ) ;
#164 = LINE ( 'NONE', #1791, #2062 ) ;
#165 = AXIS2_PLACEMENT_3D ( 'NONE', #1910, #560, #1963 ) ;
#166 = CARTESIAN_POINT ( 'NONE',  ( 53.00000000000000000, -7.703719777548943400E-031, 0.7365999999999970300 ) ) ;
#167 = ADVANCED_FACE ( 'NONE', ( #1597 ), #1500, .T. ) ;
#168 = DIRECTION ( 'NONE',  ( -1.000000000000000000, -1.224646799147353200E-016, -3.491481338843133000E-015 ) ) ;
#169 = CARTESIAN_POINT ( 'NONE',  ( 53.00000000000000000, 0.0000000000000000000, 0.7365999999999970300 ) ) ;
#170 = DIRECTION ( 'NONE',  ( 1.000000000000000000, 0.0000000000000000000, -3.486435400815772400E-015 ) ) ;
#171 = EDGE_CURVE ( 'NONE', #410, #294, #2047, .T. ) ;
#172 = DIRECTION ( 'NONE',  ( -3.469446951953607100E-015, 0.0000000000000000000, 1.000000000000000000 ) ) ;
#173 = CARTESIAN_POINT ( 'NONE',  ( 53.00000000000019200, -19.50000000000000000, 51.49999999999991500 ) ) ;
#174 = ORIENTED_EDGE ( 'NONE', *, *, #1757, .F. ) ;
#175 = DIRECTION ( 'NONE',  ( 1.000000000000000000, 0.0000000000000000000, 0.0000000000000000000 ) ) ;
#176 = DIRECTION ( 'NONE',  ( 4.625929269271481400E-015, 0.0000000000000000000, 1.000000000000000000 ) ) ;
#177 = AXIS2_PLACEMENT_3D ( 'NONE', #1129, #977, #633 ) ;
#178 = LINE ( 'NONE', #618, #339 ) ;
#179 = ADVANCED_FACE ( 'NONE', ( #1539 ), #45, .F. ) ;
#180 = VERTEX_POINT ( 'NONE', #2015 ) ;
#181 = DIRECTION ( 'NONE',  ( -1.000000000000000000, -1.224646799147353200E-016, -3.491481338843133000E-015 ) ) ;
#182 = LINE ( 'NONE', #492, #1946 ) ;
#183 = ORIENTED_EDGE ( 'NONE', *, *, #833, .F. ) ;
#184 = FACE_BOUND ( 'NONE', #2056, .T. ) ;
#185 = ORIENTED_EDGE ( 'NONE', *, *, #526, .F. ) ;
#186 = VERTEX_POINT ( 'NONE', #1644 ) ;
#187 = DIRECTION ( 'NONE',  ( -3.469446951953611000E-015, 0.0000000000000000000, 1.000000000000000000 ) ) ;
#188 = DIRECTION ( 'NONE',  ( -1.000000000000000000, -1.224646799147353200E-016, -3.491481338843133000E-015 ) ) ;
#189 = VERTEX_POINT ( 'NONE', #478 ) ;
#190 = DIRECTION ( 'NONE',  ( -1.000000000000000000, 0.0000000000000000000, 3.469446951953613000E-015 ) ) ;
#191 = VERTEX_POINT ( 'NONE', #638 ) ;
#192 = FACE_OUTER_BOUND ( 'NONE', #2120, .T. ) ;
#193 = CARTESIAN_POINT ( 'NONE',  ( -1.000000000000218000, -12.49999999999999300, 62.00000000000019200 ) ) ;
#194 = VERTEX_POINT ( 'NONE', #1337 ) ;
#195 = ADVANCED_FACE ( 'NONE', ( #1090 ), #624, .F. ) ;
#196 = AXIS2_PLACEMENT_3D ( 'NONE', #2209, #2222, #1362 ) ;
#197 = LINE ( 'NONE', #973, #138 ) ;
#198 = CARTESIAN_POINT ( 'NONE',  ( -1.000000000000150100, -12.50000000000000000, 43.00000000000009900 ) ) ;
#199 = DIRECTION ( 'NONE',  ( 4.625929269271481400E-015, 0.0000000000000000000, 1.000000000000000000 ) ) ;
#200 = DIRECTION ( 'NONE',  ( 1.000000000000000000, 0.0000000000000000000, 0.0000000000000000000 ) ) ;
#201 = EDGE_CURVE ( 'NONE', #1858, #146, #1032, .T. ) ;
#202 = CARTESIAN_POINT ( 'NONE',  ( 53.00000000000018500, -19.50000000000000000, 49.99999999999991500 ) ) ;
#203 = ADVANCED_FACE ( 'NONE', ( #1134 ), #1462, .F. ) ;
#204 = EDGE_CURVE ( 'NONE', #162, #1278, #803, .T. ) ;
#205 = DIRECTION ( 'NONE',  ( -3.469446951953611000E-015, 0.0000000000000000000, 1.000000000000000000 ) ) ;
#206 = EDGE_LOOP ( 'NONE', ( #1808, #507, #485, #862 ) ) ;
#207 = EDGE_CURVE ( 'NONE', #1578, #622, #1652, .T. ) ;
#208 = CARTESIAN_POINT ( 'NONE',  ( -1.000000000000002400, -1.198115186434063700E-016, 0.7365999999999900400 ) ) ;
#209 = ORIENTED_EDGE ( 'NONE', *, *, #1843, .T. ) ;
#210 = FACE_OUTER_BOUND ( 'NONE', #2080, .T. ) ;
#211 = ORIENTED_EDGE ( 'NONE', *, *, #1425, .T. ) ;
#212 = AXIS2_PLACEMENT_3D ( 'NONE', #548, #1548, #1720 ) ;
#213 = FACE_OUTER_BOUND ( 'NONE', #942, .T. ) ;
#214 = ORIENTED_EDGE ( 'NONE', *, *, #668, .T. ) ;
#215 = CARTESIAN_POINT ( 'NONE',  ( 52.26340000000000400, -1.540743955509788700E-030, -1.999999999999997100 ) ) ;
#216 = VERTEX_POINT ( 'NONE', #1505 ) ;
#217 = CARTESIAN_POINT ( 'NONE',  ( -1.000000000000150100, -12.50000000000000000, 43.00000000000009900 ) ) ;
#218 = ADVANCED_FACE ( 'NONE', ( #700 ), #650, .F. ) ;
#219 = LINE ( 'NONE', #1731, #574 ) ;
#220 = DIRECTION ( 'NONE',  ( 1.000000000000000000, 0.0000000000000000000, 0.0000000000000000000 ) ) ;
#221 = EDGE_CURVE ( 'NONE', #1621, #1461, #122, .T. ) ;
#222 = VECTOR ( 'NONE', #1806, 1000.000000000000000 ) ;
#223 = VERTEX_POINT ( 'NONE', #1868 ) ;
#224 = DIRECTION ( 'NONE',  ( -3.469446951953611000E-015, 0.0000000000000000000, 1.000000000000000000 ) ) ;
#225 = FACE_OUTER_BOUND ( 'NONE', #458, .T. ) ;
#226 = AXIS2_PLACEMENT_3D ( 'NONE', #1587, #229, #2084 ) ;
#227 = DIRECTION ( 'NONE',  ( -1.000000000000000000, 0.0000000000000000000, 3.469446951953613000E-015 ) ) ;
#228 = DIRECTION ( 'NONE',  ( -3.469446951953611000E-015, 0.0000000000000000000, 1.000000000000000000 ) ) ;
#229 = DIRECTION ( 'NONE',  ( -1.000000000000000000, 0.0000000000000000000, 3.469446951953613000E-015 ) ) ;
#230 = EDGE_LOOP ( 'NONE', ( #376, #1209, #496, #66 ) ) ;
#231 = EDGE_CURVE ( 'NONE', #1226, #191, #1250, .T. ) ;
#232 = DIRECTION ( 'NONE',  ( 0.0000000000000000000, 0.0000000000000000000, 1.000000000000000000 ) ) ;
#233 = CYLINDRICAL_SURFACE ( 'NONE', #283, 1.500000000000001300 ) ;
#234 = ORIENTED_EDGE ( 'NONE', *, *, #842, .F. ) ;
#235 = AXIS2_PLACEMENT_3D ( 'NONE', #784, #1284, #2129 ) ;
#236 = CARTESIAN_POINT ( 'NONE',  ( 53.00000000000005000, -12.50000000000000000, 14.50000000000000000 ) ) ;
#237 = CIRCLE ( 'NONE', #1647, 12.49999999999999600 ) ;
#238 = VERTEX_POINT ( 'NONE', #499 ) ;
#239 = FACE_BOUND ( 'NONE', #677, .T. ) ;
#240 = DIRECTION ( 'NONE',  ( -1.000000000000000000, 0.0000000000000000000, 3.469446951953613000E-015 ) ) ;
#241 = ORIENTED_EDGE ( 'NONE', *, *, #96, .T. ) ;
#242 = ORIENTED_EDGE ( 'NONE', *, *, #1088, .F. ) ;
#243 = ADVANCED_FACE ( 'NONE', ( #151 ), #1011, .F. ) ;
#244 = DIRECTION ( 'NONE',  ( -1.000000000000000000, 0.0000000000000000000, 3.469446951953613000E-015 ) ) ;
#245 = EDGE_CURVE ( 'NONE', #216, #487, #538, .T. ) ;
#246 = LINE ( 'NONE', #460, #1521 ) ;
#247 = DIRECTION ( 'NONE',  ( -1.000000000000000000, -1.224646799147353200E-016, -3.491481338843133000E-015 ) ) ;
#248 = VERTEX_POINT ( 'NONE', #1205 ) ;
#249 = VECTOR ( 'NONE', #1555, 1000.000000000000000 ) ;
#250 = EDGE_LOOP ( 'NONE', ( #440, #1110 ) ) ;
#251 = CARTESIAN_POINT ( 'NONE',  ( -1.000000000000169200, -5.500000000000000900, 48.50000000000009900 ) ) ;
#252 = EDGE_CURVE ( 'NONE', #1489, #930, #14, .T. ) ;
#253 = CIRCLE ( 'NONE', #1882, 2.736599999999997500 ) ;
#254 = CARTESIAN_POINT ( 'NONE',  ( 55.00000000000015600, -12.50000000000000000, 42.99999999999990800 ) ) ;
#255 = CARTESIAN_POINT ( 'NONE',  ( 35.50000000000000700, -12.49999999999999800, 0.0000000000000000000 ) ) ;
#256 = DIRECTION ( 'NONE',  ( 0.0000000000000000000, 1.000000000000000000, 0.0000000000000000000 ) ) ;
#257 = CARTESIAN_POINT ( 'NONE',  ( 0.9999999999998343500, -19.50000000000000000, 48.50000000000010700 ) ) ;
#258 = VERTEX_POINT ( 'NONE', #2042 ) ;
#259 = EDGE_CURVE ( 'NONE', #679, #780, #65, .T. ) ;
#260 = ORIENTED_EDGE ( 'NONE', *, *, #2141, .F. ) ;
#261 = CYLINDRICAL_SURFACE ( 'NONE', #741, 4.000000000000003600 ) ;
#262 = EDGE_LOOP ( 'NONE', ( #1379, #915, #827, #241 ) ) ;
#263 = DIRECTION ( 'NONE',  ( -1.000000000000000000, -1.224646799147353200E-016, -3.491481338843133000E-015 ) ) ;
#264 = ORIENTED_EDGE ( 'NONE', *, *, #644, .F. ) ;
#265 = ORIENTED_EDGE ( 'NONE', *, *, #614, .F. ) ;
#266 = AXIS2_PLACEMENT_3D ( 'NONE', #1883, #1212, #170 ) ;
#267 = DIRECTION ( 'NONE',  ( -3.469446951953613000E-015, 0.0000000000000000000, -1.000000000000000000 ) ) ;
#268 = DIRECTION ( 'NONE',  ( -1.000000000000000000, 0.0000000000000000000, 3.469446951953613000E-015 ) ) ;
#269 = ORIENTED_EDGE ( 'NONE', *, *, #1125, .T. ) ;
#270 = CARTESIAN_POINT ( 'NONE',  ( 28.50000000000000000, -19.50000000000000000, -2.000000000000000000 ) ) ;
#271 = DIRECTION ( 'NONE',  ( 3.469446951953611000E-015, 0.0000000000000000000, 1.000000000000000000 ) ) ;
#272 = EDGE_LOOP ( 'NONE', ( #2215, #857 ) ) ;
#273 = VECTOR ( 'NONE', #1945, 1000.000000000000000 ) ;
#274 = ORIENTED_EDGE ( 'NONE', *, *, #2070, .T. ) ;
#275 = EDGE_CURVE ( 'NONE', #2203, #1316, #1921, .T. ) ;
#276 = CARTESIAN_POINT ( 'NONE',  ( 31.00000000000000000, -12.50000000000000000, 0.0000000000000000000 ) ) ;
#277 = FACE_OUTER_BOUND ( 'NONE', #1018, .T. ) ;
#278 = CARTESIAN_POINT ( 'NONE',  ( 53.00000000000017100, 0.0000000000000000000, 49.50000000000000000 ) ) ;
#279 = CARTESIAN_POINT ( 'NONE',  ( 1.000000000000000000, 1.224646799147353200E-016, 0.0000000000000000000 ) ) ;
#280 = AXIS2_PLACEMENT_3D ( 'NONE', #422, #1984, #71 ) ;
#281 = DIRECTION ( 'NONE',  ( -2.943801717310626500E-016, 1.000000000000000000, -7.359504293276566200E-017 ) ) ;
#282 = DIRECTION ( 'NONE',  ( -3.469446951953611000E-015, 0.0000000000000000000, 1.000000000000000000 ) ) ;
#283 = AXIS2_PLACEMENT_3D ( 'NONE', #1439, #757, #1246 ) ;
#284 = CARTESIAN_POINT ( 'NONE',  ( 52.26340000000000400, -3.469446951953614200E-015, 0.7365999999999995900 ) ) ;
#285 = AXIS2_PLACEMENT_3D ( 'NONE', #89, #1071, #1233 ) ;
#286 = DIRECTION ( 'NONE',  ( -1.000000000000000000, -1.224646799147353200E-016, -3.491481338843133000E-015 ) ) ;
#287 = FACE_OUTER_BOUND ( 'NONE', #651, .T. ) ;
#288 = ORIENTED_EDGE ( 'NONE', *, *, #1747, .T. ) ;
#289 = EDGE_CURVE ( 'NONE', #849, #887, #509, .T. ) ;
#290 = LINE ( 'NONE', #1444, #1863 ) ;
#291 = VERTEX_POINT ( 'NONE', #682 ) ;
#292 = LINE ( 'NONE', #1509, #1030 ) ;
#293 = CIRCLE ( 'NONE', #471, 1.500000000000001300 ) ;
#294 = VERTEX_POINT ( 'NONE', #2192 ) ;
#295 = VECTOR ( 'NONE', #1658, 1000.000000000000000 ) ;
#296 = AXIS2_PLACEMENT_3D ( 'NONE', #1859, #1870, #984 ) ;
#297 = DIRECTION ( 'NONE',  ( -3.469446951953611000E-015, 0.0000000000000000000, 1.000000000000000000 ) ) ;
#298 = CIRCLE ( 'NONE', #1639, 1.500000000000001300 ) ;
#299 = ORIENTED_EDGE ( 'NONE', *, *, #1151, .T. ) ;
#300 = CYLINDRICAL_SURFACE ( 'NONE', #134, 1.500000000000001300 ) ;
#301 = ORIENTED_EDGE ( 'NONE', *, *, #1151, .F. ) ;
#302 = VECTOR ( 'NONE', #1781, 1000.000000000000000 ) ;
#303 = DIRECTION ( 'NONE',  ( 0.0000000000000000000, -0.0000000000000000000, 1.000000000000000000 ) ) ;
#304 = DIRECTION ( 'NONE',  ( 0.0000000000000000000, 0.0000000000000000000, 1.000000000000000000 ) ) ;
#305 = CARTESIAN_POINT ( 'NONE',  ( 34.00000000000000000, -12.49999999999999800, -2.000000000000000000 ) ) ;
#306 = AXIS2_PLACEMENT_3D ( 'NONE', #400, #389, #2072 ) ;
#307 = CARTESIAN_POINT ( 'NONE',  ( 53.00000000000019200, -19.50000000000000000, 51.49999999999991500 ) ) ;
#308 = DIRECTION ( 'NONE',  ( 1.000000000000000000, 1.224646799147353200E-016, 3.491481338843133000E-015 ) ) ;
#309 = ORIENTED_EDGE ( 'NONE', *, *, #1000, .F. ) ;
#310 = PRODUCT_CONTEXT ( 'NONE', #2178, 'mechanical' ) ;
#311 = EDGE_CURVE ( 'NONE', #1862, #1725, #456, .T. ) ;
#312 = ORIENTED_EDGE ( 'NONE', *, *, #634, .T. ) ;
#313 = DIRECTION ( 'NONE',  ( 3.330669073875472000E-015, -8.326672684688680000E-016, 1.000000000000000000 ) ) ;
#314 = VECTOR ( 'NONE', #575, 1000.000000000000000 ) ;
#315 = ORIENTED_EDGE ( 'NONE', *, *, #818, .T. ) ;
#316 = DIRECTION ( 'NONE',  ( 4.625929269271481400E-015, 0.0000000000000000000, 1.000000000000000000 ) ) ;
#317 = EDGE_LOOP ( 'NONE', ( #2175, #965 ) ) ;
#318 = EDGE_CURVE ( 'NONE', #294, #2133, #98, .T. ) ;
#319 = ORIENTED_EDGE ( 'NONE', *, *, #672, .T. ) ;
#320 = DIRECTION ( 'NONE',  ( -1.000000000000000000, -1.224646799147353200E-016, -3.491481338843133000E-015 ) ) ;
#321 = EDGE_CURVE ( 'NONE', #2203, #1339, #905, .T. ) ;
#322 = EDGE_LOOP ( 'NONE', ( #758, #514, #2094, #2078 ) ) ;
#323 = CARTESIAN_POINT ( 'NONE',  ( 55.00000000000015600, -12.50000000000000000, 44.49999999999990800 ) ) ;
#324 = ORIENTED_EDGE ( 'NONE', *, *, #1015, .T. ) ;
#325 = AXIS2_PLACEMENT_3D ( 'NONE', #202, #1561, #2221 ) ;
#326 = FACE_OUTER_BOUND ( 'NONE', #1303, .T. ) ;
#327 = CARTESIAN_POINT ( 'NONE',  ( 53.00000000000014900, -12.50000000000000000, 42.99999999999991500 ) ) ;
#328 = ORIENTED_EDGE ( 'NONE', *, *, #1348, .T. ) ;
#329 = VECTOR ( 'NONE', #752, 1000.000000000000000 ) ;
#330 = DIRECTION ( 'NONE',  ( 4.625929269271481400E-015, 0.0000000000000000000, 1.000000000000000000 ) ) ;
#331 = DIRECTION ( 'NONE',  ( 0.0000000000000000000, 0.0000000000000000000, 1.000000000000000000 ) ) ;
#332 = EDGE_CURVE ( 'NONE', #191, #1226, #1486, .T. ) ;
#333 = CARTESIAN_POINT ( 'NONE',  ( -1.000000000000052800, -12.50000000000000000, 14.50000000000018800 ) ) ;
#334 = AXIS2_PLACEMENT_3D ( 'NONE', #1300, #798, #851 ) ;
#335 = ADVANCED_FACE ( 'NONE', ( #2202 ), #826, .F. ) ;
#336 = DIRECTION ( 'NONE',  ( -1.000000000000000000, 0.0000000000000000000, 3.469446951953613000E-015 ) ) ;
#337 = ORIENTED_EDGE ( 'NONE', *, *, #78, .F. ) ;
#338 = CARTESIAN_POINT ( 'NONE',  ( 55.00000000000000000, -25.00000000000000000, 0.7365999999999900400 ) ) ;
#339 = VECTOR ( 'NONE', #611, 1000.000000000000000 ) ;
#340 = ORIENTED_EDGE ( 'NONE', *, *, #1887, .T. ) ;
#341 = CARTESIAN_POINT ( 'NONE',  ( 0.9999999999998256900, -12.50000000000000000, 50.00000000000010700 ) ) ;
#342 = FACE_BOUND ( 'NONE', #1697, .T. ) ;
#343 = ORIENTED_EDGE ( 'NONE', *, *, #725, .F. ) ;
#344 = CYLINDRICAL_SURFACE ( 'NONE', #266, 2.736599999999998800 ) ;
#345 = ORIENTED_EDGE ( 'NONE', *, *, #332, .T. ) ;
#346 = ORIENTED_EDGE ( 'NONE', *, *, #1238, .F. ) ;
#347 = DIRECTION ( 'NONE',  ( 0.0000000000000000000, 0.0000000000000000000, 1.000000000000000000 ) ) ;
#348 = EDGE_CURVE ( 'NONE', #1947, #1288, #403, .T. ) ;
#349 = ADVANCED_FACE ( 'NONE', ( #1758 ), #1510, .F. ) ;
#350 = CIRCLE ( 'NONE', #1294, 1.500000000000001300 ) ;
#351 = AXIS2_PLACEMENT_3D ( 'NONE', #1558, #1912, #719 ) ;
#352 = ORIENTED_EDGE ( 'NONE', *, *, #819, .T. ) ;
#353 = CARTESIAN_POINT ( 'NONE',  ( 27.00000000000000000, -5.500000000000001800, -2.000000000000000000 ) ) ;
#354 = VECTOR ( 'NONE', #1719, 1000.000000000000000 ) ;
#355 = ORIENTED_EDGE ( 'NONE', *, *, #158, .T. ) ;
#356 = AXIS2_PLACEMENT_3D ( 'NONE', #394, #569, #1285 ) ;
#357 = DIRECTION ( 'NONE',  ( 0.0000000000000000000, 0.0000000000000000000, -1.000000000000000000 ) ) ;
#358 = CARTESIAN_POINT ( 'NONE',  ( -1.000000000000111900, -12.50000000000000000, 31.50000000000019500 ) ) ;
#359 = EDGE_CURVE ( 'NONE', #783, #194, #41, .T. ) ;
#360 = CARTESIAN_POINT ( 'NONE',  ( 1.736599999999994400, -25.00000000000000000, -1.999999999999996700 ) ) ;
#361 = DIRECTION ( 'NONE',  ( -1.000000000000000000, -1.224646799147353200E-016, -3.491481338843133000E-015 ) ) ;
#362 = ADVANCED_FACE ( 'NONE', ( #852 ), #2019, .F. ) ;
#363 = AXIS2_PLACEMENT_3D ( 'NONE', #692, #1168, #690 ) ;
#364 = DIRECTION ( 'NONE',  ( -3.469446951953611000E-015, 0.0000000000000000000, 1.000000000000000000 ) ) ;
#365 = ORIENTED_EDGE ( 'NONE', *, *, #1120, .F. ) ;
#366 = DIRECTION ( 'NONE',  ( 1.000000000000000000, 0.0000000000000000000, 0.0000000000000000000 ) ) ;
#367 = AXIS2_PLACEMENT_3D ( 'NONE', #1346, #320, #500 ) ;
#368 = FACE_OUTER_BOUND ( 'NONE', #856, .T. ) ;
#369 = ORIENTED_EDGE ( 'NONE', *, *, #595, .F. ) ;
#370 = CARTESIAN_POINT ( 'NONE',  ( 27.00000000000000000, -19.50000000000000000, 0.0000000000000000000 ) ) ;
#371 = CYLINDRICAL_SURFACE ( 'NONE', #881, 1.500000000000001300 ) ;
#372 = ORIENTED_EDGE ( 'NONE', *, *, #1964, .T. ) ;
#373 = LINE ( 'NONE', #1416, #2127 ) ;
#374 = ADVANCED_FACE ( 'NONE', ( #1459 ), #1908, .T. ) ;
#375 = APPLICATION_CONTEXT ( 'automotive_design' ) ;
#376 = ORIENTED_EDGE ( 'NONE', *, *, #1874, .T. ) ;
#377 = ORIENTED_EDGE ( 'NONE', *, *, #311, .T. ) ;
#378 = DIRECTION ( 'NONE',  ( -1.000000000000000000, -1.224646799147353200E-016, -3.491481338843133000E-015 ) ) ;
#379 = DIRECTION ( 'NONE',  ( 0.0000000000000000000, 0.0000000000000000000, 1.000000000000000000 ) ) ;
#380 = EDGE_CURVE ( 'NONE', #829, #1687, #1115, .T. ) ;
#381 = ORIENTED_EDGE ( 'NONE', *, *, #1003, .T. ) ;
#382 = LINE ( 'NONE', #1325, #1815 ) ;
#383 = CARTESIAN_POINT ( 'NONE',  ( 52.26340000000000400, -24.99999999999999300, 0.7365999999999995900 ) ) ;
#384 = DIRECTION ( 'NONE',  ( -1.000000000000000000, 0.0000000000000000000, 3.469446951953613000E-015 ) ) ;
#385 = ORIENTED_EDGE ( 'NONE', *, *, #713, .F. ) ;
#386 = AXIS2_PLACEMENT_3D ( 'NONE', #163, #6, #1695 ) ;
#387 = CIRCLE ( 'NONE', #1991, 1.500000000000001300 ) ;
#388 = CARTESIAN_POINT ( 'NONE',  ( 53.00000000000005000, -12.50000000000000000, 14.50000000000000000 ) ) ;
#389 = DIRECTION ( 'NONE',  ( -1.000000000000000000, -1.224646799147353200E-016, -3.491481338843133000E-015 ) ) ;
#390 = ADVANCED_FACE ( 'NONE', ( #287 ), #1724, .T. ) ;
#391 = CARTESIAN_POINT ( 'NONE',  ( 55.00000000000018500, -5.500000000000000900, 49.99999999999990800 ) ) ;
#392 = CARTESIAN_POINT ( 'NONE',  ( 1.736600000000002600, -25.00000000000000000, 0.7366000000000013600 ) ) ;
#393 = EDGE_CURVE ( 'NONE', #1753, #854, #1277, .T. ) ;
#394 = CARTESIAN_POINT ( 'NONE',  ( -1.000000000000111900, -12.50000000000000000, 31.50000000000019500 ) ) ;
#395 = CARTESIAN_POINT ( 'NONE',  ( 10.00000000000000200, -12.50000000000000000, -2.000000000000000000 ) ) ;
#396 = AXIS2_PLACEMENT_3D ( 'NONE', #858, #1350, #1 ) ;
#397 = AXIS2_PLACEMENT_3D ( 'NONE', #353, #2057, #530 ) ;
#398 = VERTEX_POINT ( 'NONE', #29 ) ;
#399 = VECTOR ( 'NONE', #232, 1000.000000000000000 ) ;
#400 = CARTESIAN_POINT ( 'NONE',  ( -1.000000000000174300, -5.500000000000000900, 50.00000000000009900 ) ) ;
#401 = VERTEX_POINT ( 'NONE', #868 ) ;
#402 = AXIS2_PLACEMENT_3D ( 'NONE', #1516, #1861, #841 ) ;
#403 = CIRCLE ( 'NONE', #1391, 1.500000000000001300 ) ;
#404 = VERTEX_POINT ( 'NONE', #1565 ) ;
#405 = DIRECTION ( 'NONE',  ( 4.625929269271475900E-015, 0.0000000000000000000, 1.000000000000000000 ) ) ;
#406 = VERTEX_POINT ( 'NONE', #729 ) ;
#407 = VERTEX_POINT ( 'NONE', #215 ) ;
#408 = DIRECTION ( 'NONE',  ( -1.000000000000000000, -1.224646799147353200E-016, -3.491481338843133000E-015 ) ) ;
#409 = LINE ( 'NONE', #1648, #295 ) ;
#410 = VERTEX_POINT ( 'NONE', #708 ) ;
#411 = DIRECTION ( 'NONE',  ( -1.000000000000000000, 0.0000000000000000000, 3.469446951953613000E-015 ) ) ;
#412 = EDGE_CURVE ( 'NONE', #1132, #189, #1807, .T. ) ;
#413 = EDGE_LOOP ( 'NONE', ( #1281, #2126, #477, #806 ) ) ;
#414 = CARTESIAN_POINT ( 'NONE',  ( 0.9999999999998552300, -12.50000000000000000, 41.50000000000010700 ) ) ;
#415 = FACE_OUTER_BOUND ( 'NONE', #1248, .T. ) ;
#416 = VERTEX_POINT ( 'NONE', #544 ) ;
#417 = ADVANCED_FACE ( 'NONE', ( #1359 ), #371, .F. ) ;
#418 = AXIS2_PLACEMENT_3D ( 'NONE', #790, #463, #949 ) ;
#419 = DIRECTION ( 'NONE',  ( 2.943801717310626500E-016, -1.000000000000000000, 7.359504293276566200E-017 ) ) ;
#420 = CARTESIAN_POINT ( 'NONE',  ( 53.00000000000019900, -12.50000000000000000, 56.99999999999991500 ) ) ;
#421 = CARTESIAN_POINT ( 'NONE',  ( 53.00000000000017100, -12.50000000000000000, 45.99999999999990800 ) ) ;
#422 = CARTESIAN_POINT ( 'NONE',  ( -1.000000000000198700, -12.50000000000000000, 57.00000000000009900 ) ) ;
#423 = DIRECTION ( 'NONE',  ( -1.000000000000000000, -1.224646799147353200E-016, -3.491481338843133000E-015 ) ) ;
#424 = ORIENTED_EDGE ( 'NONE', *, *, #1857, .F. ) ;
#425 = DIRECTION ( 'NONE',  ( 3.491481338843133000E-015, -0.0000000000000000000, -1.000000000000000000 ) ) ;
#426 = LINE ( 'NONE', #1033, #2174 ) ;
#427 = EDGE_LOOP ( 'NONE', ( #906, #972 ) ) ;
#428 = AXIS2_PLACEMENT_3D ( 'NONE', #1971, #85, #966 ) ;
#429 = DIRECTION ( 'NONE',  ( 0.0000000000000000000, 0.0000000000000000000, 1.000000000000000000 ) ) ;
#430 = VECTOR ( 'NONE', #438, 1000.000000000000000 ) ;
#431 = VERTEX_POINT ( 'NONE', #916 ) ;
#432 = FACE_OUTER_BOUND ( 'NONE', #1275, .T. ) ;
#433 = CARTESIAN_POINT ( 'NONE',  ( -1.000000000000155200, -12.50000000000000000, 44.50000000000009900 ) ) ;
#434 = VERTEX_POINT ( 'NONE', #414 ) ;
#435 = DIRECTION ( 'NONE',  ( 4.625929269271481400E-015, 0.0000000000000000000, 1.000000000000000000 ) ) ;
#436 = ORIENTED_EDGE ( 'NONE', *, *, #2144, .T. ) ;
#437 = EDGE_CURVE ( 'NONE', #189, #1653, #722, .T. ) ;
#438 = DIRECTION ( 'NONE',  ( 1.000000000000000000, -0.0000000000000000000, -3.469446951953613000E-015 ) ) ;
#439 = FACE_BOUND ( 'NONE', #1429, .T. ) ;
#440 = ORIENTED_EDGE ( 'NONE', *, *, #2196, .F. ) ;
#441 = CARTESIAN_POINT ( 'NONE',  ( 53.00000000000019900, -12.50000000000000000, 53.99999999999991500 ) ) ;
#442 = AXIS2_PLACEMENT_3D ( 'NONE', #643, #2037, #316 ) ;
#443 = VECTOR ( 'NONE', #423, 1000.000000000000000 ) ;
#444 = EDGE_CURVE ( 'NONE', #2166, #2077, #1247, .T. ) ;
#445 = DIRECTION ( 'NONE',  ( -1.000000000000000000, 0.0000000000000000000, 3.469446951953613000E-015 ) ) ;
#446 = DIRECTION ( 'NONE',  ( -3.491481338843133000E-015, 3.601902350432963500E-018, 1.000000000000000000 ) ) ;
#447 =( GEOMETRIC_REPRESENTATION_CONTEXT ( 3 ) GLOBAL_UNCERTAINTY_ASSIGNED_CONTEXT ( ( #135 ) ) GLOBAL_UNIT_ASSIGNED_CONTEXT ( ( #1841, #2013, #1162 ) ) REPRESENTATION_CONTEXT ( 'NONE', 'WORKASPACE' ) );
#448 = CARTESIAN_POINT ( 'NONE',  ( -1.000000000000106800, -12.50000000000000000, 30.00000000000018800 ) ) ;
#449 =( LENGTH_UNIT ( ) NAMED_UNIT ( * ) SI_UNIT ( .MILLI., .METRE. ) );
#450 = CARTESIAN_POINT ( 'NONE',  ( 47.00000000000000000, -12.50000000000000000, -2.000000000000000000 ) ) ;
#451 = EDGE_CURVE ( 'NONE', #930, #1489, #747, .T. ) ;
#452 = ORIENTED_EDGE ( 'NONE', *, *, #1852, .F. ) ;
#453 = LINE ( 'NONE', #1498, #2151 ) ;
#454 = ORIENTED_EDGE ( 'NONE', *, *, #2144, .F. ) ;
#455 = CARTESIAN_POINT ( 'NONE',  ( 52.26340000000000400, -24.99999999999999300, 2.710505431213761100E-015 ) ) ;
#456 = CIRCLE ( 'NONE', #963, 1.500000000000001300 ) ;
#457 = PRODUCT_DEFINITION_CONTEXT ( 'detailed design', #375, 'design' ) ;
#458 = EDGE_LOOP ( 'NONE', ( #1730, #763, #1778, #1491 ) ) ;
#459 = AXIS2_PLACEMENT_3D ( 'NONE', #1451, #589, #1966 ) ;
#460 = CARTESIAN_POINT ( 'NONE',  ( 53.00000000000000000, -25.00000000000000000, 0.7365999999999970300 ) ) ;
#461 = DIRECTION ( 'NONE',  ( 0.0000000000000000000, 1.000000000000000000, 0.0000000000000000000 ) ) ;
#462 = ORIENTED_EDGE ( 'NONE', *, *, #2188, .F. ) ;
#463 = DIRECTION ( 'NONE',  ( -1.000000000000000000, 0.0000000000000000000, 3.469446951953613000E-015 ) ) ;
#464 = VECTOR ( 'NONE', #1811, 1000.000000000000000 ) ;
#465 = ORIENTED_EDGE ( 'NONE', *, *, #321, .T. ) ;
#466 = CYLINDRICAL_SURFACE ( 'NONE', #2163, 1.500000000000001300 ) ;
#467 = ORIENTED_EDGE ( 'NONE', *, *, #1402, .F. ) ;
#468 = VECTOR ( 'NONE', #1041, 1000.000000000000000 ) ;
#469 = ORIENTED_EDGE ( 'NONE', *, *, #1959, .T. ) ;
#470 = CARTESIAN_POINT ( 'NONE',  ( 8.500000000000000000, -12.50000000000000000, -2.000000000000000000 ) ) ;
#471 = AXIS2_PLACEMENT_3D ( 'NONE', #947, #87, #1632 ) ;
#472 = CARTESIAN_POINT ( 'NONE',  ( 52.26340000000000400, -24.99999999999998200, -2.000000000000000000 ) ) ;
#473 = AXIS2_PLACEMENT_3D ( 'NONE', #2110, #594, #1590 ) ;
#474 = DIRECTION ( 'NONE',  ( 1.000000000000000000, -0.0000000000000000000, -3.469446951953613000E-015 ) ) ;
#475 = EDGE_CURVE ( 'NONE', #406, #1646, #2095, .T. ) ;
#476 = DIRECTION ( 'NONE',  ( -3.469446951953611000E-015, 0.0000000000000000000, 1.000000000000000000 ) ) ;
#477 = ORIENTED_EDGE ( 'NONE', *, *, #1666, .T. ) ;
#478 = CARTESIAN_POINT ( 'NONE',  ( 1.736599999999993000, 1.396592535537254600E-014, -2.000000000000000000 ) ) ;
#479 = FACE_BOUND ( 'NONE', #1629, .T. ) ;
#480 = ORIENTED_EDGE ( 'NONE', *, *, #1843, .F. ) ;
#481 = AXIS2_PLACEMENT_3D ( 'NONE', #1623, #2148, #766 ) ;
#482 = DIRECTION ( 'NONE',  ( -1.000000000000000000, 0.0000000000000000000, 3.469446951953613000E-015 ) ) ;
#483 = FACE_BOUND ( 'NONE', #926, .T. ) ;
#484 =( NAMED_UNIT ( * ) PLANE_ANGLE_UNIT ( ) SI_UNIT ( $, .RADIAN. ) );
#485 = ORIENTED_EDGE ( 'NONE', *, *, #584, .T. ) ;
#486 = FACE_BOUND ( 'NONE', #2198, .T. ) ;
#487 = VERTEX_POINT ( 'NONE', #1256 ) ;
#488 = CARTESIAN_POINT ( 'NONE',  ( 27.00000000000000000, -5.500000000000001800, -2.000000000000000000 ) ) ;
#489 = ORIENTED_EDGE ( 'NONE', *, *, #318, .T. ) ;
#490 = AXIS2_PLACEMENT_3D ( 'NONE', #2038, #2055, #2204 ) ;
#491 = ORIENTED_EDGE ( 'NONE', *, *, #1609, .F. ) ;
#492 = CARTESIAN_POINT ( 'NONE',  ( -1.000000000000106800, -12.50000000000000000, 30.00000000000018800 ) ) ;
#493 = LINE ( 'NONE', #667, #1366 ) ;
#494 = CARTESIAN_POINT ( 'NONE',  ( 52.26340000000000400, -7.703719777548943400E-031, 2.710505431213761100E-015 ) ) ;
#495 = CIRCLE ( 'NONE', #1981, 12.49999999999999600 ) ;
#496 = ORIENTED_EDGE ( 'NONE', *, *, #475, .F. ) ;
#497 = FACE_BOUND ( 'NONE', #1309, .T. ) ;
#498 = EDGE_CURVE ( 'NONE', #1537, #596, #1676, .T. ) ;
#499 = CARTESIAN_POINT ( 'NONE',  ( 55.00000000000012100, -12.50000000000000000, 33.00000000000000000 ) ) ;
#500 = DIRECTION ( 'NONE',  ( -3.469446951953607100E-015, 0.0000000000000000000, 1.000000000000000000 ) ) ;
#501 = AXIS2_PLACEMENT_3D ( 'NONE', #152, #1864, #1355 ) ;
#502 = CARTESIAN_POINT ( 'NONE',  ( 1.736600000000002600, -25.00000000000000000, 0.7366000000000013600 ) ) ;
#503 = CARTESIAN_POINT ( 'NONE',  ( 8.500000000000000000, -12.50000000000000000, -2.000000000000000000 ) ) ;
#504 = EDGE_CURVE ( 'NONE', #2077, #1621, #955, .T. ) ;
#505 = EDGE_LOOP ( 'NONE', ( #1711, #627, #625, #605 ) ) ;
#506 = DIRECTION ( 'NONE',  ( -0.0000000000000000000, -1.000000000000000000, -0.0000000000000000000 ) ) ;
#507 = ORIENTED_EDGE ( 'NONE', *, *, #1244, .F. ) ;
#508 = CARTESIAN_POINT ( 'NONE',  ( 55.00000000000005000, -12.50000000000000000, 14.49999999999999500 ) ) ;
#509 = CIRCLE ( 'NONE', #556, 1.500000000000003100 ) ;
#510 = AXIS2_PLACEMENT_3D ( 'NONE', #502, #843, #1879 ) ;
#511 = ORIENTED_EDGE ( 'NONE', *, *, #1238, .T. ) ;
#512 = CARTESIAN_POINT ( 'NONE',  ( -1.000000000000117000, -12.50000000000000000, 33.00000000000019900 ) ) ;
#513 = CARTESIAN_POINT ( 'NONE',  ( 52.26340000000000400, -24.99999999999998600, 0.7365999999999995900 ) ) ;
#514 = ORIENTED_EDGE ( 'NONE', *, *, #127, .T. ) ;
#515 = AXIS2_PLACEMENT_3D ( 'NONE', #1911, #718, #1407 ) ;
#516 = CARTESIAN_POINT ( 'NONE',  ( 55.00000000000004300, -12.50000000000000000, 12.99999999999999100 ) ) ;
#517 = FACE_OUTER_BOUND ( 'NONE', #1262, .T. ) ;
#518 = MECHANICAL_DESIGN_GEOMETRIC_PRESENTATION_REPRESENTATION (  '', ( #1037 ), #447 ) ;
#519 = CIRCLE ( 'NONE', #1314, 1.500000000000001300 ) ;
#520 = DIRECTION ( 'NONE',  ( 4.625929269271475900E-015, 0.0000000000000000000, 1.000000000000000000 ) ) ;
#521 = ORIENTED_EDGE ( 'NONE', *, *, #2030, .T. ) ;
#522 = CIRCLE ( 'NONE', #296, 4.000000000000000000 ) ;
#523 = CARTESIAN_POINT ( 'NONE',  ( 53.00000000000017100, -25.00000000000000000, 49.50000000000000700 ) ) ;
#524 = VERTEX_POINT ( 'NONE', #936 ) ;
#525 = ADVANCED_FACE ( 'NONE', ( #2125 ), #1969, .F. ) ;
#526 = EDGE_CURVE ( 'NONE', #1768, #918, #775, .T. ) ;
#527 = CARTESIAN_POINT ( 'NONE',  ( 45.50000000000000000, -12.50000000000000000, -2.000000000000000000 ) ) ;
#528 = UNCERTAINTY_MEASURE_WITH_UNIT (LENGTH_MEASURE( 1.000000000000000100E-005 ), #1178, 'distance_accuracy_value', 'NONE');
#529 = CARTESIAN_POINT ( 'NONE',  ( 1.000000000000004900, -25.00000000000000000, 0.7365999999999987000 ) ) ;
#530 = DIRECTION ( 'NONE',  ( 1.000000000000000000, 0.0000000000000000000, 0.0000000000000000000 ) ) ;
#531 = AXIS2_PLACEMENT_3D ( 'NONE', #59, #1231, #577 ) ;
#532 = DIRECTION ( 'NONE',  ( 1.000000000000000000, 0.0000000000000000000, 0.0000000000000000000 ) ) ;
#533 = ORIENTED_EDGE ( 'NONE', *, *, #674, .T. ) ;
#534 = LINE ( 'NONE', #1380, #2101 ) ;
#535 = ADVANCED_FACE ( 'NONE', ( #210 ), #261, .F. ) ;
#536 = EDGE_LOOP ( 'NONE', ( #1330, #2155, #699, #365 ) ) ;
#537 = CARTESIAN_POINT ( 'NONE',  ( 53.00000000000011400, -12.50000000000000000, 33.00000000000000700 ) ) ;
#538 = CIRCLE ( 'NONE', #600, 4.000000000000000000 ) ;
#539 = CARTESIAN_POINT ( 'NONE',  ( 18.50000000000000000, -12.49999999999999800, 0.0000000000000000000 ) ) ;
#540 = ORIENTED_EDGE ( 'NONE', *, *, #7, .F. ) ;
#541 = FACE_BOUND ( 'NONE', #804, .T. ) ;
#542 = ORIENTED_EDGE ( 'NONE', *, *, #2181, .F. ) ;
#543 = ORIENTED_EDGE ( 'NONE', *, *, #1999, .T. ) ;
#544 = CARTESIAN_POINT ( 'NONE',  ( 21.50000000000000000, -12.49999999999999800, -2.000000000000000000 ) ) ;
#545 = LINE ( 'NONE', #1450, #273 ) ;
#546 = AXIS2_PLACEMENT_3D ( 'NONE', #561, #902, #25 ) ;
#547 = VERTEX_POINT ( 'NONE', #1270 ) ;
#548 = CARTESIAN_POINT ( 'NONE',  ( 55.00000000000018500, -12.50000000000000000, 49.99999999999990800 ) ) ;
#549 = PLANE ( 'NONE',  #515 ) ;
#550 = LINE ( 'NONE', #1259, #1662 ) ;
#551 = ORIENTED_EDGE ( 'NONE', *, *, #2099, .T. ) ;
#552 = ADVANCED_FACE ( 'NONE', ( #1063 ), #233, .F. ) ;
#553 = CARTESIAN_POINT ( 'NONE',  ( 55.00000000000019900, -12.50000000000000000, 56.99999999999990800 ) ) ;
#554 = LINE ( 'NONE', #1296, #1397 ) ;
#555 = EDGE_CURVE ( 'NONE', #216, #1028, #1649, .T. ) ;
#556 = AXIS2_PLACEMENT_3D ( 'NONE', #1854, #1002, #172 ) ;
#557 = CARTESIAN_POINT ( 'NONE',  ( 0.9999999999998256900, -12.50000000000000000, 50.00000000000010700 ) ) ;
#558 = CARTESIAN_POINT ( 'NONE',  ( 0.9999999999999522600, -12.50000000000000000, 13.00000000000019200 ) ) ;
#559 = ORIENTED_EDGE ( 'NONE', *, *, #1818, .T. ) ;
#560 = DIRECTION ( 'NONE',  ( 0.0000000000000000000, 0.0000000000000000000, 1.000000000000000000 ) ) ;
#561 = CARTESIAN_POINT ( 'NONE',  ( 3.061616997868383000E-015, -25.00000000000000000, -2.000000000000000000 ) ) ;
#562 = PRODUCT_DEFINITION ( '未知', '', #1269, #457 ) ;
#563 = ORIENTED_EDGE ( 'NONE', *, *, #26, .F. ) ;
#564 = CIRCLE ( 'NONE', #967, 1.500000000000001300 ) ;
#565 = ORIENTED_EDGE ( 'NONE', *, *, #1688, .F. ) ;
#566 = CARTESIAN_POINT ( 'NONE',  ( 0.9999999999998933100, -12.50000000000000000, 30.00000000000019500 ) ) ;
#567 = VECTOR ( 'NONE', #1104, 1000.000000000000000 ) ;
#568 = EDGE_LOOP ( 'NONE', ( #74, #1604, #773, #598 ) ) ;
#569 = DIRECTION ( 'NONE',  ( -1.000000000000000000, -1.224646799147353200E-016, -3.491481338843133000E-015 ) ) ;
#570 = CARTESIAN_POINT ( 'NONE',  ( 45.50000000000000000, -12.50000000000000000, 0.0000000000000000000 ) ) ;
#571 = EDGE_CURVE ( 'NONE', #186, #434, #2044, .T. ) ;
#572 = ORIENTED_EDGE ( 'NONE', *, *, #1575, .F. ) ;
#573 = ADVANCED_FACE ( 'NONE', ( #1224 ), #740, .T. ) ;
#574 = VECTOR ( 'NONE', #717, 1000.000000000000000 ) ;
#575 = DIRECTION ( 'NONE',  ( -1.000000000000000000, 0.0000000000000000000, 3.469446951953613000E-015 ) ) ;
#576 = CYLINDRICAL_SURFACE ( 'NONE', #226, 1.500000000000001300 ) ;
#577 = DIRECTION ( 'NONE',  ( -3.469446951953607100E-015, 0.0000000000000000000, 1.000000000000000000 ) ) ;
#578 = ORIENTED_EDGE ( 'NONE', *, *, #1387, .T. ) ;
#579 = AXIS2_PLACEMENT_3D ( 'NONE', #1641, #1293, #1985 ) ;
#580 = VECTOR ( 'NONE', #599, 1000.000000000000000 ) ;
#581 = CARTESIAN_POINT ( 'NONE',  ( 23.00000000000000000, -12.50000000000000000, 0.0000000000000000000 ) ) ;
#582 = DIRECTION ( 'NONE',  ( -1.000000000000000000, -1.224646799147353200E-016, -3.491481338843133000E-015 ) ) ;
#583 = DIRECTION ( 'NONE',  ( 2.943801717310626500E-016, -1.000000000000000000, 7.359504293276566200E-017 ) ) ;
#584 = EDGE_CURVE ( 'NONE', #831, #2133, #901, .T. ) ;
#585 = AXIS2_PLACEMENT_3D ( 'NONE', #1661, #1828, #816 ) ;
#586 = DIRECTION ( 'NONE',  ( 4.625929269271481400E-015, 0.0000000000000000000, 1.000000000000000000 ) ) ;
#587 = ORIENTED_EDGE ( 'NONE', *, *, #1454, .F. ) ;
#588 = CIRCLE ( 'NONE', #1909, 1.500000000000001300 ) ;
#589 = DIRECTION ( 'NONE',  ( -1.000000000000000000, 0.0000000000000000000, 3.469446951953613000E-015 ) ) ;
#590 = VERTEX_POINT ( 'NONE', #455 ) ;
#591 = CYLINDRICAL_SURFACE ( 'NONE', #481, 1.500000000000001300 ) ;
#592 = EDGE_LOOP ( 'NONE', ( #1655, #876 ) ) ;
#593 = FACE_BOUND ( 'NONE', #317, .T. ) ;
#594 = DIRECTION ( 'NONE',  ( -1.000000000000000000, -1.224646799147353200E-016, -3.491481338843133000E-015 ) ) ;
#595 = EDGE_CURVE ( 'NONE', #133, #1389, #94, .T. ) ;
#596 = VERTEX_POINT ( 'NONE', #448 ) ;
#597 = VERTEX_POINT ( 'NONE', #1638 ) ;
#598 = ORIENTED_EDGE ( 'NONE', *, *, #1692, .T. ) ;
#599 = DIRECTION ( 'NONE',  ( -1.000000000000000000, -0.0000000000000000000, -0.0000000000000000000 ) ) ;
#600 = AXIS2_PLACEMENT_3D ( 'NONE', #1703, #1691, #835 ) ;
#601 = LINE ( 'NONE', #421, #1044 ) ;
#602 = VERTEX_POINT ( 'NONE', #1786 ) ;
#603 = CARTESIAN_POINT ( 'NONE',  ( 20.00000000000000000, -12.49999999999999800, 0.0000000000000000000 ) ) ;
#604 = LINE ( 'NONE', #129, #1769 ) ;
#605 = ORIENTED_EDGE ( 'NONE', *, *, #2186, .T. ) ;
#606 =( NAMED_UNIT ( * ) SI_UNIT ( $, .STERADIAN. ) SOLID_ANGLE_UNIT ( ) );
#607 = LINE ( 'NONE', #1480, #1239 ) ;
#608 = PRODUCT_DEFINITION_SHAPE ( 'NONE', 'NONE',  #562 ) ;
#609 = AXIS2_PLACEMENT_3D ( 'NONE', #470, #1977, #802 ) ;
#610 = CARTESIAN_POINT ( 'NONE',  ( 53.00000000000017800, -19.50000000000000000, 48.49999999999991500 ) ) ;
#611 = DIRECTION ( 'NONE',  ( -1.000000000000000000, 0.0000000000000000000, 3.469446951953613000E-015 ) ) ;
#612 = FILL_AREA_STYLE_COLOUR ( '', #631 ) ;
#613 = DIRECTION ( 'NONE',  ( 1.000000000000000000, 0.0000000000000000000, 0.0000000000000000000 ) ) ;
#614 = EDGE_CURVE ( 'NONE', #720, #1782, #698, .T. ) ;
#615 = CARTESIAN_POINT ( 'NONE',  ( 53.00000000000005700, -12.50000000000000000, 16.00000000000000400 ) ) ;
#616 = DIRECTION ( 'NONE',  ( 1.224646799147352000E-016, -1.000000000000000000, 3.469446951953614800E-017 ) ) ;
#617 = ORIENTED_EDGE ( 'NONE', *, *, #1799, .T. ) ;
#618 = CARTESIAN_POINT ( 'NONE',  ( 53.00000000000021300, -12.49999999999999300, 62.00000000000000000 ) ) ;
#619 = ORIENTED_EDGE ( 'NONE', *, *, #1402, .T. ) ;
#620 = AXIS2_PLACEMENT_3D ( 'NONE', #217, #408, #1750 ) ;
#621 = FACE_OUTER_BOUND ( 'NONE', #1192, .T. ) ;
#622 = VERTEX_POINT ( 'NONE', #2153 ) ;
#623 = CARTESIAN_POINT ( 'NONE',  ( 55.00000000000017100, -25.00000000000000000, 49.50000000000000000 ) ) ;
#624 = CYLINDRICAL_SURFACE ( 'NONE', #1050, 1.500000000000001300 ) ;
#625 = ORIENTED_EDGE ( 'NONE', *, *, #889, .T. ) ;
#626 = DIRECTION ( 'NONE',  ( 1.000000000000000000, -0.0000000000000000000, -3.469446951953613000E-015 ) ) ;
#627 = ORIENTED_EDGE ( 'NONE', *, *, #380, .F. ) ;
#628 = EDGE_CURVE ( 'NONE', #1363, #1308, #1085, .T. ) ;
#629 = LINE ( 'NONE', #944, #1659 ) ;
#630 = DIRECTION ( 'NONE',  ( 0.0000000000000000000, 0.0000000000000000000, 1.000000000000000000 ) ) ;
#631 = COLOUR_RGB ( '',0.2509803921568627400, 0.2509803921568627400, 0.2509803921568627400 ) ;
#632 = ORIENTED_EDGE ( 'NONE', *, *, #289, .F. ) ;
#633 = DIRECTION ( 'NONE',  ( 3.330669073875472000E-015, 0.0000000000000000000, 1.000000000000000000 ) ) ;
#634 = EDGE_CURVE ( 'NONE', #194, #783, #147, .T. ) ;
#635 = CARTESIAN_POINT ( 'NONE',  ( -1.000000000000144800, -12.50000000000000000, 41.50000000000009900 ) ) ;
#636 = AXIS2_PLACEMENT_3D ( 'NONE', #920, #1940, #772 ) ;
#637 = PLANE ( 'NONE',  #334 ) ;
#638 = CARTESIAN_POINT ( 'NONE',  ( 28.50000000000000000, -19.50000000000000000, 0.0000000000000000000 ) ) ;
#639 = AXIS2_PLACEMENT_3D ( 'NONE', #198, #1024, #187 ) ;
#640 = CARTESIAN_POINT ( 'NONE',  ( 55.00000000000020600, -12.50000000000000000, 58.49999999999990800 ) ) ;
#641 = CARTESIAN_POINT ( 'NONE',  ( 52.26340000000000400, -24.99999999999999300, 0.7365999999999995900 ) ) ;
#642 = CARTESIAN_POINT ( 'NONE',  ( 55.00000000000019200, -19.50000000000000000, 51.49999999999990800 ) ) ;
#643 = CARTESIAN_POINT ( 'NONE',  ( 53.00000000000018500, -19.50000000000000000, 49.99999999999991500 ) ) ;
#644 = EDGE_CURVE ( 'NONE', #145, #1858, #1007, .T. ) ;
#645 = DIRECTION ( 'NONE',  ( -1.000000000000000000, -1.224646799147353000E-016, 0.0000000000000000000 ) ) ;
#646 = VERTEX_POINT ( 'NONE', #1453 ) ;
#647 = LINE ( 'NONE', #1152, #1943 ) ;
#648 = VERTEX_POINT ( 'NONE', #635 ) ;
#649 = DIRECTION ( 'NONE',  ( -1.000000000000000000, 0.0000000000000000000, 3.469446951953613000E-015 ) ) ;
#650 = CYLINDRICAL_SURFACE ( 'NONE', #1762, 0.7365999999999970300 ) ;
#651 = EDGE_LOOP ( 'NONE', ( #2021, #1236, #1790, #1835 ) ) ;
#652 = FACE_BOUND ( 'NONE', #592, .T. ) ;
#653 = AXIS2_PLACEMENT_3D ( 'NONE', #79, #1283, #1622 ) ;
#654 = DIRECTION ( 'NONE',  ( -1.000000000000000000, -1.224646799147353200E-016, -3.491481338843133000E-015 ) ) ;
#655 = EDGE_LOOP ( 'NONE', ( #491, #1920, #695, #2112 ) ) ;
#656 = ORIENTED_EDGE ( 'NONE', *, *, #689, .T. ) ;
#657 = CIRCLE ( 'NONE', #212, 4.000000000000003600 ) ;
#658 = VERTEX_POINT ( 'NONE', #642 ) ;
#659 = VECTOR ( 'NONE', #1927, 1000.000000000000000 ) ;
#660 = DIRECTION ( 'NONE',  ( 4.625929269271481400E-015, 0.0000000000000000000, 1.000000000000000000 ) ) ;
#661 = ORIENTED_EDGE ( 'NONE', *, *, #1271, .F. ) ;
#662 = LINE ( 'NONE', #38, #1524 ) ;
#663 = CARTESIAN_POINT ( 'NONE',  ( -1.000000000000198700, -12.50000000000000000, 57.00000000000009900 ) ) ;
#664 = FILL_AREA_STYLE_COLOUR ( '', #1763 ) ;
#665 = DIRECTION ( 'NONE',  ( 1.000000000000000000, 0.0000000000000000000, 0.0000000000000000000 ) ) ;
#666 = DIRECTION ( 'NONE',  ( -1.000000000000000000, 0.0000000000000000000, 3.469446951953613000E-015 ) ) ;
#667 = CARTESIAN_POINT ( 'NONE',  ( 53.00000000000011400, -12.50000000000000000, 33.00000000000000700 ) ) ;
#668 = EDGE_CURVE ( 'NONE', #524, #1537, #800, .T. ) ;
#669 = CARTESIAN_POINT ( 'NONE',  ( 53.00000000000005700, -12.50000000000000000, 16.00000000000000400 ) ) ;
#670 = ORIENTED_EDGE ( 'NONE', *, *, #779, .T. ) ;
#671 = ORIENTED_EDGE ( 'NONE', *, *, #412, .F. ) ;
#672 = EDGE_CURVE ( 'NONE', #133, #1733, #178, .T. ) ;
#673 = VECTOR ( 'NONE', #1942, 1000.000000000000000 ) ;
#674 = EDGE_CURVE ( 'NONE', #2166, #1842, #1535, .T. ) ;
#675 = CARTESIAN_POINT ( 'NONE',  ( -1.000000000000176100, -19.50000000000000000, 51.50000000000009900 ) ) ;
#676 = ORIENTED_EDGE ( 'NONE', *, *, #1196, .T. ) ;
#677 = EDGE_LOOP ( 'NONE', ( #578, #954 ) ) ;
#678 = CARTESIAN_POINT ( 'NONE',  ( 0.9999999999998066000, -12.50000000000000000, 55.50000000000010700 ) ) ;
#679 = VERTEX_POINT ( 'NONE', #1824 ) ;
#680 = AXIS2_PLACEMENT_3D ( 'NONE', #641, #791, #1467 ) ;
#681 = VERTEX_POINT ( 'NONE', #1297 ) ;
#682 = CARTESIAN_POINT ( 'NONE',  ( 0.9999999999998239200, -19.50000000000000000, 51.50000000000010700 ) ) ;
#683 = LINE ( 'NONE', #1997, #464 ) ;
#684 = DIRECTION ( 'NONE',  ( 0.0000000000000000000, 0.0000000000000000000, 1.000000000000000000 ) ) ;
#685 = CARTESIAN_POINT ( 'NONE',  ( 0.9999999999998395700, -12.50000000000000000, 46.00000000000010700 ) ) ;
#686 = PRESENTATION_STYLE_ASSIGNMENT (( #1272 ) ) ;
#687 = EDGE_LOOP ( 'NONE', ( #986, #28 ) ) ;
#688 = FACE_OUTER_BOUND ( 'NONE', #1998, .T. ) ;
#689 = EDGE_CURVE ( 'NONE', #1947, #1888, #1131, .T. ) ;
#690 = DIRECTION ( 'NONE',  ( 3.469446951953611000E-015, 0.0000000000000000000, 1.000000000000000000 ) ) ;
#691 = AXIS2_PLACEMENT_3D ( 'NONE', #117, #1324, #1636 ) ;
#692 = CARTESIAN_POINT ( 'NONE',  ( 55.00000000000018500, -12.50000000000000000, 49.99999999999990800 ) ) ;
#693 = CARTESIAN_POINT ( 'NONE',  ( 55.00000000000017100, -12.50000000000000000, 45.99999999999990100 ) ) ;
#694 = ADVANCED_FACE ( 'NONE', ( #621 ), #1469, .T. ) ;
#695 = ORIENTED_EDGE ( 'NONE', *, *, #1614, .T. ) ;
#696 = DIRECTION ( 'NONE',  ( -1.000000000000000000, -1.224646799147353200E-016, -3.491481338843133000E-015 ) ) ;
#697 = DIRECTION ( 'NONE',  ( -3.469446951953611000E-015, 0.0000000000000000000, 1.000000000000000000 ) ) ;
#698 = CIRCLE ( 'NONE', #43, 1.500000000000001300 ) ;
#699 = ORIENTED_EDGE ( 'NONE', *, *, #2025, .T. ) ;
#700 = FACE_OUTER_BOUND ( 'NONE', #870, .T. ) ;
#701 = ORIENTED_EDGE ( 'NONE', *, *, #891, .F. ) ;
#702 = VECTOR ( 'NONE', #649, 1000.000000000000000 ) ;
#703 = LINE ( 'NONE', #1291, #1227 ) ;
#704 = EDGE_LOOP ( 'NONE', ( #1036, #2159, #2123, #2162 ) ) ;
#705 = AXIS2_PLACEMENT_3D ( 'NONE', #91, #807, #1280 ) ;
#706 = CIRCLE ( 'NONE', #1240, 1.500000000000001300 ) ;
#707 = ADVANCED_FACE ( 'NONE', ( #1188 ), #786, .T. ) ;
#708 = CARTESIAN_POINT ( 'NONE',  ( 55.00000000000014900, -12.50000000000000000, 41.49999999999990800 ) ) ;
#709 = ORIENTED_EDGE ( 'NONE', *, *, #1061, .F. ) ;
#710 = FACE_BOUND ( 'NONE', #1680, .T. ) ;
#711 = DIRECTION ( 'NONE',  ( -1.000000000000000000, -1.224646799147353200E-016, -3.491481338843133000E-015 ) ) ;
#712 = ORIENTED_EDGE ( 'NONE', *, *, #1987, .F. ) ;
#713 = EDGE_CURVE ( 'NONE', #1897, #771, #564, .T. ) ;
#714 = FACE_OUTER_BOUND ( 'NONE', #1130, .T. ) ;
#715 = DIRECTION ( 'NONE',  ( -2.961546055655551000E-015, 0.0000000000000000000, -1.000000000000000000 ) ) ;
#716 = ADVANCED_FACE ( 'NONE', ( #1993 ), #1732, .F. ) ;
#717 = DIRECTION ( 'NONE',  ( 1.000000000000000000, 0.0000000000000000000, 0.0000000000000000000 ) ) ;
#718 = DIRECTION ( 'NONE',  ( -0.0000000000000000000, 0.0000000000000000000, 1.000000000000000000 ) ) ;
#719 = DIRECTION ( 'NONE',  ( 4.625929269271481400E-015, 0.0000000000000000000, 1.000000000000000000 ) ) ;
#720 = VERTEX_POINT ( 'NONE', #678 ) ;
#721 = VERTEX_POINT ( 'NONE', #824 ) ;
#722 = CIRCLE ( 'NONE', #850, 2.736599999999997900 ) ;
#723 = CARTESIAN_POINT ( 'NONE',  ( 53.00000000000005000, -12.50000000000000000, 14.50000000000000000 ) ) ;
#724 = ORIENTED_EDGE ( 'NONE', *, *, #84, .F. ) ;
#725 = EDGE_CURVE ( 'NONE', #1582, #2172, #1754, .T. ) ;
#726 = ADVANCED_FACE ( 'NONE', ( #1406 ), #1566, .F. ) ;
#727 = VERTEX_POINT ( 'NONE', #472 ) ;
#728 = ORIENTED_EDGE ( 'NONE', *, *, #150, .F. ) ;
#729 = CARTESIAN_POINT ( 'NONE',  ( 53.00000000000000000, -24.99999999999999300, 0.7365999999999970300 ) ) ;
#730 = CIRCLE ( 'NONE', #744, 1.500000000000001300 ) ;
#731 = AXIS2_PLACEMENT_3D ( 'NONE', #663, #1840, #820 ) ;
#732 = EDGE_LOOP ( 'NONE', ( #95, #2017, #1254, #2130 ) ) ;
#733 = DIRECTION ( 'NONE',  ( -3.469446951953607100E-015, 0.0000000000000000000, 1.000000000000000000 ) ) ;
#734 = CYLINDRICAL_SURFACE ( 'NONE', #531, 1.500000000000003100 ) ;
#735 = ORIENTED_EDGE ( 'NONE', *, *, #833, .T. ) ;
#736 = EDGE_CURVE ( 'NONE', #154, #727, #647, .T. ) ;
#737 = DIRECTION ( 'NONE',  ( 0.0000000000000000000, 0.0000000000000000000, 1.000000000000000000 ) ) ;
#738 = DIRECTION ( 'NONE',  ( 0.0000000000000000000, 0.0000000000000000000, 1.000000000000000000 ) ) ;
#739 = AXIS2_PLACEMENT_3D ( 'NONE', #1640, #953, #770 ) ;
#740 = PLANE ( 'NONE',  #1952 ) ;
#741 = AXIS2_PLACEMENT_3D ( 'NONE', #2121, #61, #1958 ) ;
#742 = DIRECTION ( 'NONE',  ( 4.625929269271475900E-015, 0.0000000000000000000, 1.000000000000000000 ) ) ;
#743 = DIRECTION ( 'NONE',  ( 3.469446951953611000E-015, 0.0000000000000000000, 1.000000000000000000 ) ) ;
#744 = AXIS2_PLACEMENT_3D ( 'NONE', #2194, #1855, #1525 ) ;
#745 = EDGE_LOOP ( 'NONE', ( #701, #712, #1087, #108 ) ) ;
#746 = DIRECTION ( 'NONE',  ( 1.000000000000000000, 1.224646799147353200E-016, 0.0000000000000000000 ) ) ;
#747 = CIRCLE ( 'NONE', #1378, 1.500000000000003100 ) ;
#748 = VERTEX_POINT ( 'NONE', #1503 ) ;
#749 = FACE_BOUND ( 'NONE', #2043, .T. ) ;
#750 = ORIENTED_EDGE ( 'NONE', *, *, #672, .F. ) ;
#751 = CYLINDRICAL_SURFACE ( 'NONE', #1559, 1.500000000000001300 ) ;
#752 = DIRECTION ( 'NONE',  ( -1.000000000000000000, -1.224646799147353200E-016, -3.491481338843133000E-015 ) ) ;
#753 = ORIENTED_EDGE ( 'NONE', *, *, #1702, .F. ) ;
#754 = EDGE_CURVE ( 'NONE', #1782, #258, #453, .T. ) ;
#755 = ORIENTED_EDGE ( 'NONE', *, *, #412, .T. ) ;
#756 = CIRCLE ( 'NONE', #1995, 4.000000000000003600 ) ;
#757 = DIRECTION ( 'NONE',  ( 0.0000000000000000000, 0.0000000000000000000, 1.000000000000000000 ) ) ;
#758 = ORIENTED_EDGE ( 'NONE', *, *, #451, .F. ) ;
#759 = CARTESIAN_POINT ( 'NONE',  ( 52.26340000000000400, -7.703719777548943400E-031, 0.7365999999999995900 ) ) ;
#760 = EDGE_LOOP ( 'NONE', ( #2059, #2152, #1956, #1600 ) ) ;
#761 = AXIS2_PLACEMENT_3D ( 'NONE', #1936, #909, #1081 ) ;
#762 = FACE_BOUND ( 'NONE', #1606, .T. ) ;
#763 = ORIENTED_EDGE ( 'NONE', *, *, #201, .F. ) ;
#764 = CIRCLE ( 'NONE', #579, 1.500000000000001300 ) ;
#765 = CARTESIAN_POINT ( 'NONE',  ( 53.00000000000018500, -12.50000000000000000, 49.99999999999991500 ) ) ;
#766 = DIRECTION ( 'NONE',  ( 1.000000000000000000, 0.0000000000000000000, 0.0000000000000000000 ) ) ;
#767 = DIRECTION ( 'NONE',  ( 1.000000000000000000, 2.943801717310626500E-016, 0.0000000000000000000 ) ) ;
#768 = AXIS2_PLACEMENT_3D ( 'NONE', #2079, #1584, #1931 ) ;
#769 = DIRECTION ( 'NONE',  ( -1.000000000000000000, 0.0000000000000000000, 3.469446951953613000E-015 ) ) ;
#770 = DIRECTION ( 'NONE',  ( -3.469446951953611000E-015, 0.0000000000000000000, 1.000000000000000000 ) ) ;
#771 = VERTEX_POINT ( 'NONE', #996 ) ;
#772 = DIRECTION ( 'NONE',  ( 1.000000000000000000, 0.0000000000000000000, 0.0000000000000000000 ) ) ;
#773 = ORIENTED_EDGE ( 'NONE', *, *, #1265, .T. ) ;
#774 = DIRECTION ( 'NONE',  ( -1.000000000000000000, 0.0000000000000000000, 3.469446951953613000E-015 ) ) ;
#775 = CIRCLE ( 'NONE', #1266, 1.500000000000001300 ) ;
#776 = ORIENTED_EDGE ( 'NONE', *, *, #437, .T. ) ;
#777 = FACE_OUTER_BOUND ( 'NONE', #992, .T. ) ;
#778 = DIRECTION ( 'NONE',  ( 3.330669073875470400E-015, 0.0000000000000000000, 1.000000000000000000 ) ) ;
#779 = EDGE_CURVE ( 'NONE', #2071, #2046, #1302, .T. ) ;
#780 = VERTEX_POINT ( 'NONE', #1341 ) ;
#781 = ORIENTED_EDGE ( 'NONE', *, *, #584, .F. ) ;
#782 = DIRECTION ( 'NONE',  ( 3.469446951953611000E-015, 0.0000000000000000000, 1.000000000000000000 ) ) ;
#783 = VERTEX_POINT ( 'NONE', #2026 ) ;
#784 = CARTESIAN_POINT ( 'NONE',  ( 1.736600000000002600, -25.00000000000000000, 0.7366000000000013600 ) ) ;
#785 = CARTESIAN_POINT ( 'NONE',  ( 0.9999999999998500100, -12.50000000000000000, 43.00000000000010700 ) ) ;
#786 = PLANE ( 'NONE',  #428 ) ;
#787 = FACE_BOUND ( 'NONE', #1755, .T. ) ;
#788 = EDGE_LOOP ( 'NONE', ( #1814, #100 ) ) ;
#789 = CYLINDRICAL_SURFACE ( 'NONE', #609, 1.500000000000001300 ) ;
#790 = CARTESIAN_POINT ( 'NONE',  ( 53.00000000000019900, -12.50000000000000000, 56.99999999999991500 ) ) ;
#791 = DIRECTION ( 'NONE',  ( -0.0000000000000000000, -1.000000000000000000, -0.0000000000000000000 ) ) ;
#792 = CARTESIAN_POINT ( 'NONE',  ( 53.00000000000019200, -12.50000000000000000, 55.49999999999990800 ) ) ;
#793 = EDGE_CURVE ( 'NONE', #547, #1733, #847, .T. ) ;
#794 = CARTESIAN_POINT ( 'NONE',  ( 55.00000000000018500, -19.50000000000000000, 49.99999999999990800 ) ) ;
#795 = DIRECTION ( 'NONE',  ( -1.000000000000000000, 0.0000000000000000000, 3.469446951953613000E-015 ) ) ;
#796 = ORIENTED_EDGE ( 'NONE', *, *, #1244, .T. ) ;
#797 = AXIS2_PLACEMENT_3D ( 'NONE', #1004, #1515, #2012 ) ;
#798 = DIRECTION ( 'NONE',  ( 0.0000000000000000000, -1.000000000000000000, -0.0000000000000000000 ) ) ;
#799 = CARTESIAN_POINT ( 'NONE',  ( 53.00000000000014900, -12.50000000000000000, 42.99999999999991500 ) ) ;
#800 = LINE ( 'NONE', #957, #1860 ) ;
#801 = EDGE_LOOP ( 'NONE', ( #62, #1941, #352, #2100 ) ) ;
#802 = DIRECTION ( 'NONE',  ( 1.000000000000000000, 0.0000000000000000000, 0.0000000000000000000 ) ) ;
#803 = CIRCLE ( 'NONE', #442, 1.500000000000001300 ) ;
#804 = EDGE_LOOP ( 'NONE', ( #1158, #1838 ) ) ;
#805 = CIRCLE ( 'NONE', #1421, 1.500000000000001300 ) ;
#806 = ORIENTED_EDGE ( 'NONE', *, *, #1460, .F. ) ;
#807 = DIRECTION ( 'NONE',  ( 0.0000000000000000000, 0.0000000000000000000, 1.000000000000000000 ) ) ;
#808 = ORIENTED_EDGE ( 'NONE', *, *, #201, .T. ) ;
#809 = ORIENTED_EDGE ( 'NONE', *, *, #1088, .T. ) ;
#810 = DIRECTION ( 'NONE',  ( 0.0000000000000000000, 0.0000000000000000000, 1.000000000000000000 ) ) ;
#811 = FACE_OUTER_BOUND ( 'NONE', #760, .T. ) ;
#812 = ORIENTED_EDGE ( 'NONE', *, *, #1120, .T. ) ;
#813 = DIRECTION ( 'NONE',  ( -3.469446951953611000E-015, 0.0000000000000000000, 1.000000000000000000 ) ) ;
#814 = CIRCLE ( 'NONE', #1070, 12.49999999999999100 ) ;
#815 = ORIENTED_EDGE ( 'NONE', *, *, #1232, .F. ) ;
#816 = DIRECTION ( 'NONE',  ( 1.000000000000000000, 0.0000000000000000000, 0.0000000000000000000 ) ) ;
#817 = AXIS2_PLACEMENT_3D ( 'NONE', #75, #2132, #950 ) ;
#818 = EDGE_CURVE ( 'NONE', #780, #679, #588, .T. ) ;
#819 = EDGE_CURVE ( 'NONE', #1489, #1160, #1785, .T. ) ;
#820 = DIRECTION ( 'NONE',  ( -3.469446951953611000E-015, 0.0000000000000000000, 1.000000000000000000 ) ) ;
#821 = ORIENTED_EDGE ( 'NONE', *, *, #1804, .T. ) ;
#822 = FACE_OUTER_BOUND ( 'NONE', #1202, .T. ) ;
#823 = EDGE_LOOP ( 'NONE', ( #369, #319, #1273, #328 ) ) ;
#824 = CARTESIAN_POINT ( 'NONE',  ( 55.00000000000000000, 0.0000000000000000000, 0.7365999999999900400 ) ) ;
#825 = UNCERTAINTY_MEASURE_WITH_UNIT (LENGTH_MEASURE( 1.000000000000000100E-005 ), #449, 'distance_accuracy_value', 'NONE');
#826 = CYLINDRICAL_SURFACE ( 'NONE', #1501, 4.000000000000003600 ) ;
#827 = ORIENTED_EDGE ( 'NONE', *, *, #925, .T. ) ;
#828 = ORIENTED_EDGE ( 'NONE', *, *, #1320, .T. ) ;
#829 = VERTEX_POINT ( 'NONE', #1853 ) ;
#830 = DIRECTION ( 'NONE',  ( -1.000000000000000000, 0.0000000000000000000, 3.469446951953613000E-015 ) ) ;
#831 = VERTEX_POINT ( 'NONE', #323 ) ;
#832 = CARTESIAN_POINT ( 'NONE',  ( 27.00000000000000000, -5.500000000000001800, 0.0000000000000000000 ) ) ;
#833 = EDGE_CURVE ( 'NONE', #416, #1820, #1428, .T. ) ;
#834 = CIRCLE ( 'NONE', #731, 1.500000000000001300 ) ;
#835 = DIRECTION ( 'NONE',  ( 1.000000000000000000, 0.0000000000000000000, 0.0000000000000000000 ) ) ;
#836 = EDGE_LOOP ( 'NONE', ( #979, #299, #2182, #462 ) ) ;
#837 = LINE ( 'NONE', #2091, #1877 ) ;
#838 = DIRECTION ( 'NONE',  ( 0.0000000000000000000, 0.0000000000000000000, 1.000000000000000000 ) ) ;
#839 = SURFACE_SIDE_STYLE ('',( #2187 ) ) ;
#840 = AXIS2_PLACEMENT_3D ( 'NONE', #236, #1399, #1602 ) ;
#841 = DIRECTION ( 'NONE',  ( -1.000000000000000000, -2.943801717310626500E-016, 0.0000000000000000000 ) ) ;
#842 = EDGE_CURVE ( 'NONE', #1725, #854, #292, .T. ) ;
#843 = DIRECTION ( 'NONE',  ( 2.943801717310626500E-016, -1.000000000000000000, 7.359504293276566200E-017 ) ) ;
#844 = ORIENTED_EDGE ( 'NONE', *, *, #713, .T. ) ;
#845 = AXIS2_PLACEMENT_3D ( 'NONE', #2165, #286, #297 ) ;
#846 = DIRECTION ( 'NONE',  ( 0.0000000000000000000, 0.0000000000000000000, 1.000000000000000000 ) ) ;
#847 = CIRCLE ( 'NONE', #922, 12.49999999999999100 ) ;
#848 = SURFACE_STYLE_USAGE ( .BOTH. , #839 ) ;
#849 = VERTEX_POINT ( 'NONE', #1326 ) ;
#850 = AXIS2_PLACEMENT_3D ( 'NONE', #1082, #1106, #767 ) ;
#851 = DIRECTION ( 'NONE',  ( 0.0000000000000000000, 0.0000000000000000000, -1.000000000000000000 ) ) ;
#852 = FACE_OUTER_BOUND ( 'NONE', #1396, .T. ) ;
#853 = DIRECTION ( 'NONE',  ( -1.000000000000000000, 0.0000000000000000000, 3.469446951953613000E-015 ) ) ;
#854 = VERTEX_POINT ( 'NONE', #1482 ) ;
#855 = ADVANCED_FACE ( 'NONE', ( #1484 ), #751, .F. ) ;
#856 = EDGE_LOOP ( 'NONE', ( #1564, #260, #1517, #324, #1123 ) ) ;
#857 = ORIENTED_EDGE ( 'NONE', *, *, #36, .T. ) ;
#858 = CARTESIAN_POINT ( 'NONE',  ( 27.00000000000000000, -5.500000000000001800, 0.0000000000000000000 ) ) ;
#859 = CARTESIAN_POINT ( 'NONE',  ( 52.26340000000000400, -7.703719777548943400E-031, 2.710505431213761100E-015 ) ) ;
#860 = VERTEX_POINT ( 'NONE', #1844 ) ;
#861 = CYLINDRICAL_SURFACE ( 'NONE', #2011, 1.500000000000001300 ) ;
#862 = ORIENTED_EDGE ( 'NONE', *, *, #4, .T. ) ;
#863 = EDGE_CURVE ( 'NONE', #1461, #154, #1728, .T. ) ;
#864 = CARTESIAN_POINT ( 'NONE',  ( -1.000000000000000000, -1.224646799147353200E-016, -6.982962677686266700E-015 ) ) ;
#865 = ADVANCED_FACE ( 'NONE', ( #239, #2050, #1541, #982, #124, #1948, #119, #17 ), #2009, .F. ) ;
#866 = DIRECTION ( 'NONE',  ( 4.625929269271481400E-015, 0.0000000000000000000, 1.000000000000000000 ) ) ;
#867 = AXIS2_PLACEMENT_3D ( 'NONE', #765, #769, #782 ) ;
#868 = CARTESIAN_POINT ( 'NONE',  ( 53.00000000000019200, -5.500000000000000900, 51.49999999999991500 ) ) ;
#869 = CARTESIAN_POINT ( 'NONE',  ( 53.00000000000020600, -12.50000000000000000, 58.49999999999991500 ) ) ;
#870 = EDGE_LOOP ( 'NONE', ( #619, #908, #340, #559 ) ) ;
#871 = CIRCLE ( 'NONE', #2147, 1.500000000000003100 ) ;
#872 = ADVANCED_FACE ( 'NONE', ( #432 ), #344, .T. ) ;
#873 = ORIENTED_EDGE ( 'NONE', *, *, #2128, .F. ) ;
#874 = DIRECTION ( 'NONE',  ( -1.000000000000000000, -1.224646799147353200E-016, -3.491481338843133000E-015 ) ) ;
#875 = VECTOR ( 'NONE', #928, 1000.000000000000000 ) ;
#876 = ORIENTED_EDGE ( 'NONE', *, *, #2070, .F. ) ;
#877 = LINE ( 'NONE', #1898, #63 ) ;
#878 = CARTESIAN_POINT ( 'NONE',  ( -1.000000000000174300, -12.49999999999999300, 49.50000000000019900 ) ) ;
#879 = VERTEX_POINT ( 'NONE', #1549 ) ;
#880 = ORIENTED_EDGE ( 'NONE', *, *, #1775, .T. ) ;
#881 = AXIS2_PLACEMENT_3D ( 'NONE', #1553, #2067, #224 ) ;
#882 = CARTESIAN_POINT ( 'NONE',  ( 55.00000000000019200, -12.50000000000000000, 55.49999999999990100 ) ) ;
#883 = PLANE ( 'NONE',  #546 ) ;
#884 = CIRCLE ( 'NONE', #48, 12.49999999999999600 ) ;
#885 = LINE ( 'NONE', #869, #354 ) ;
#886 = CARTESIAN_POINT ( 'NONE',  ( 34.00000000000000000, -12.49999999999999800, 0.0000000000000000000 ) ) ;
#887 = VERTEX_POINT ( 'NONE', #1173 ) ;
#888 = ADVANCED_FACE ( 'NONE', ( #1889, #931, #486, #652, #2180, #479, #593, #368 ), #1721, .T. ) ;
#889 = EDGE_CURVE ( 'NONE', #829, #597, #1336, .T. ) ;
#890 = FACE_OUTER_BOUND ( 'NONE', #1934, .T. ) ;
#891 = EDGE_CURVE ( 'NONE', #590, #727, #534, .T. ) ;
#892 = DIRECTION ( 'NONE',  ( 0.0000000000000000000, 0.0000000000000000000, 1.000000000000000000 ) ) ;
#893 = DIRECTION ( 'NONE',  ( 1.000000000000000000, 0.0000000000000000000, 0.0000000000000000000 ) ) ;
#894 = DIRECTION ( 'NONE',  ( -1.000000000000000000, -1.224646799147353200E-016, -3.491481338843133000E-015 ) ) ;
#895 = AXIS2_PLACEMENT_3D ( 'NONE', #2205, #1170, #1669 ) ;
#896 = ADVANCED_FACE ( 'NONE', ( #1654 ), #2122, .F. ) ;
#897 = DIRECTION ( 'NONE',  ( 1.000000000000000000, 0.0000000000000000000, 0.0000000000000000000 ) ) ;
#898 = DIRECTION ( 'NONE',  ( 0.0000000000000000000, 0.0000000000000000000, 1.000000000000000000 ) ) ;
#899 = EDGE_LOOP ( 'NONE', ( #2008, #121 ) ) ;
#900 = CARTESIAN_POINT ( 'NONE',  ( 53.00000000000018500, -19.50000000000000000, 49.99999999999991500 ) ) ;
#901 = LINE ( 'NONE', #1938, #314 ) ;
#902 = DIRECTION ( 'NONE',  ( 0.0000000000000000000, -1.000000000000000000, 0.0000000000000000000 ) ) ;
#903 = ORIENTED_EDGE ( 'NONE', *, *, #2099, .F. ) ;
#904 = EDGE_CURVE ( 'NONE', #658, #860, #1193, .T. ) ;
#905 = CIRCLE ( 'NONE', #934, 4.000000000000003600 ) ;
#906 = ORIENTED_EDGE ( 'NONE', *, *, #1323, .F. ) ;
#907 = CARTESIAN_POINT ( 'NONE',  ( 0.9999999999998500100, -12.50000000000000000, 43.00000000000010700 ) ) ;
#908 = ORIENTED_EDGE ( 'NONE', *, *, #2115, .T. ) ;
#909 = DIRECTION ( 'NONE',  ( 0.0000000000000000000, 0.0000000000000000000, 1.000000000000000000 ) ) ;
#910 = CIRCLE ( 'NONE', #1009, 1.500000000000001300 ) ;
#911 = AXIS2_PLACEMENT_3D ( 'NONE', #1675, #304, #1693 ) ;
#912 = ORIENTED_EDGE ( 'NONE', *, *, #948, .T. ) ;
#913 = DIRECTION ( 'NONE',  ( 0.0000000000000000000, 0.0000000000000000000, 1.000000000000000000 ) ) ;
#914 = CYLINDRICAL_SURFACE ( 'NONE', #325, 1.500000000000001300 ) ;
#915 = ORIENTED_EDGE ( 'NONE', *, *, #1747, .F. ) ;
#916 = CARTESIAN_POINT ( 'NONE',  ( -1.000000000000169200, -5.500000000000000900, 48.50000000000009900 ) ) ;
#917 = CIRCLE ( 'NONE', #797, 1.500000000000001300 ) ;
#918 = VERTEX_POINT ( 'NONE', #539 ) ;
#919 = CARTESIAN_POINT ( 'NONE',  ( 53.00000000000005000, -12.50000000000000000, 14.50000000000000000 ) ) ;
#920 = CARTESIAN_POINT ( 'NONE',  ( 20.00000000000000000, -12.49999999999999800, 0.0000000000000000000 ) ) ;
#921 = ADVANCED_FACE ( 'NONE', ( #1386 ), #1136, .F. ) ;
#922 = AXIS2_PLACEMENT_3D ( 'NONE', #131, #2018, #313 ) ;
#923 = EDGE_LOOP ( 'NONE', ( #1992, #1496 ) ) ;
#924 = FACE_BOUND ( 'NONE', #250, .T. ) ;
#925 = EDGE_CURVE ( 'NONE', #291, #2172, #877, .T. ) ;
#926 = EDGE_LOOP ( 'NONE', ( #2029, #1382 ) ) ;
#927 = DIRECTION ( 'NONE',  ( -1.000000000000000000, -1.224646799147353200E-016, -3.491481338843133000E-015 ) ) ;
#928 = DIRECTION ( 'NONE',  ( -1.000000000000000000, -1.224646799147353200E-016, -3.491481338843133400E-015 ) ) ;
#929 = VECTOR ( 'NONE', #666, 1000.000000000000000 ) ;
#930 = VERTEX_POINT ( 'NONE', #516 ) ;
#931 = FACE_BOUND ( 'NONE', #1299, .T. ) ;
#932 = DIRECTION ( 'NONE',  ( -1.000000000000000000, -1.224646799147353200E-016, -3.491481338843133000E-015 ) ) ;
#933 = ORIENTED_EDGE ( 'NONE', *, *, #393, .T. ) ;
#934 = AXIS2_PLACEMENT_3D ( 'NONE', #557, #874, #1393 ) ;
#935 = ORIENTED_EDGE ( 'NONE', *, *, #1536, .F. ) ;
#936 = CARTESIAN_POINT ( 'NONE',  ( 0.9999999999998829800, -12.50000000000000000, 33.00000000000020600 ) ) ;
#937 = CIRCLE ( 'NONE', #1493, 4.000000000000003600 ) ;
#938 = DIRECTION ( 'NONE',  ( 0.0000000000000000000, 1.000000000000000000, 0.0000000000000000000 ) ) ;
#939 = DIRECTION ( 'NONE',  ( -1.000000000000000000, -1.224646799147353200E-016, -3.491481338843133000E-015 ) ) ;
#940 = AXIS2_PLACEMENT_3D ( 'NONE', #864, #1886, #1727 ) ;
#941 = FACE_OUTER_BOUND ( 'NONE', #1485, .T. ) ;
#942 = EDGE_LOOP ( 'NONE', ( #265, #72, #511, #90 ) ) ;
#943 = DIRECTION ( 'NONE',  ( -1.000000000000000000, -1.224646799147353200E-016, -3.491481338843133000E-015 ) ) ;
#944 = CARTESIAN_POINT ( 'NONE',  ( -1.000000000000002700, -9.690873366664538200E-017, 0.7365999999999904800 ) ) ;
#945 = CYLINDRICAL_SURFACE ( 'NONE', #177, 12.49999999999999100 ) ;
#946 = CARTESIAN_POINT ( 'NONE',  ( 55.00000000000023400, 0.0000000000000000000, 68.00000000000000000 ) ) ;
#947 = CARTESIAN_POINT ( 'NONE',  ( 53.00000000000014900, -12.50000000000000000, 42.99999999999991500 ) ) ;
#948 = EDGE_CURVE ( 'NONE', #401, #46, #1831, .T. ) ;
#949 = DIRECTION ( 'NONE',  ( 4.625929269271481400E-015, 0.0000000000000000000, 1.000000000000000000 ) ) ;
#950 = DIRECTION ( 'NONE',  ( 4.625929269271481400E-015, 0.0000000000000000000, 1.000000000000000000 ) ) ;
#951 = AXIS2_PLACEMENT_3D ( 'NONE', #2076, #1767, #586 ) ;
#952 = CARTESIAN_POINT ( 'NONE',  ( 27.00000000000000000, -19.50000000000000000, -2.000000000000000000 ) ) ;
#953 = DIRECTION ( 'NONE',  ( -1.000000000000000000, -1.224646799147353200E-016, -3.491481338843133000E-015 ) ) ;
#954 = ORIENTED_EDGE ( 'NONE', *, *, #1512, .T. ) ;
#955 = LINE ( 'NONE', #1079, #1594 ) ;
#956 = EDGE_LOOP ( 'NONE', ( #1533, #1805, #1388, #1663 ) ) ;
#957 = CARTESIAN_POINT ( 'NONE',  ( -1.000000000000117000, -12.50000000000000000, 33.00000000000019900 ) ) ;
#958 = EDGE_CURVE ( 'NONE', #771, #1897, #1734, .T. ) ;
#959 = LINE ( 'NONE', #971, #1972 ) ;
#960 = EDGE_LOOP ( 'NONE', ( #1787, #1198 ) ) ;
#961 = DIRECTION ( 'NONE',  ( 4.625929269271481400E-015, 0.0000000000000000000, 1.000000000000000000 ) ) ;
#962 = ORIENTED_EDGE ( 'NONE', *, *, #359, .T. ) ;
#963 = AXIS2_PLACEMENT_3D ( 'NONE', #527, #1027, #1010 ) ;
#964 = LINE ( 'NONE', #1307, #50 ) ;
#965 = ORIENTED_EDGE ( 'NONE', *, *, #1569, .F. ) ;
#966 = DIRECTION ( 'NONE',  ( -1.000000000000000000, -2.943801717310626500E-016, 0.0000000000000000000 ) ) ;
#967 = AXIS2_PLACEMENT_3D ( 'NONE', #488, #2183, #2170 ) ;
#968 = ORIENTED_EDGE ( 'NONE', *, *, #1298, .F. ) ;
#969 = CARTESIAN_POINT ( 'NONE',  ( 25.50000000000000000, -5.500000000000001800, -2.000000000000000000 ) ) ;
#970 = CYLINDRICAL_SURFACE ( 'NONE', #1435, 1.500000000000001300 ) ;
#971 = CARTESIAN_POINT ( 'NONE',  ( 53.00000000000004300, -12.50000000000000000, 12.99999999999999800 ) ) ;
#972 = ORIENTED_EDGE ( 'NONE', *, *, #1891, .F. ) ;
#973 = CARTESIAN_POINT ( 'NONE',  ( 53.00000000000017100, -25.00000000000000000, 49.50000000000000700 ) ) ;
#974 = DIRECTION ( 'NONE',  ( 0.0000000000000000000, -0.0000000000000000000, 1.000000000000000000 ) ) ;
#975 = CARTESIAN_POINT ( 'NONE',  ( 53.00000000000010700, -12.50000000000000000, 31.50000000000000700 ) ) ;
#976 = EDGE_CURVE ( 'NONE', #126, #238, #1381, .T. ) ;
#977 = DIRECTION ( 'NONE',  ( -1.000000000000000000, 0.0000000000000000000, 3.469446951953613000E-015 ) ) ;
#978 = DIRECTION ( 'NONE',  ( -1.000000000000000000, -1.224646799147353200E-016, -3.491481338843133000E-015 ) ) ;
#979 = ORIENTED_EDGE ( 'NONE', *, *, #976, .F. ) ;
#980 = AXIS2_PLACEMENT_3D ( 'NONE', #952, #630, #1442 ) ;
#981 = CARTESIAN_POINT ( 'NONE',  ( 55.00000000000010700, -12.50000000000000000, 29.99999999999999600 ) ) ;
#982 = FACE_BOUND ( 'NONE', #272, .T. ) ;
#983 = ORIENTED_EDGE ( 'NONE', *, *, #526, .T. ) ;
#984 = DIRECTION ( 'NONE',  ( 1.000000000000000000, 0.0000000000000000000, 0.0000000000000000000 ) ) ;
#985 = CIRCLE ( 'NONE', #2216, 1.500000000000001300 ) ;
#986 = ORIENTED_EDGE ( 'NONE', *, *, #380, .T. ) ;
#987 = FACE_BOUND ( 'NONE', #2201, .T. ) ;
#988 = ORIENTED_EDGE ( 'NONE', *, *, #1925, .F. ) ;
#989 = DIRECTION ( 'NONE',  ( -3.469446951953611000E-015, 0.0000000000000000000, 1.000000000000000000 ) ) ;
#990 = ORIENTED_EDGE ( 'NONE', *, *, #444, .F. ) ;
#991 = ORIENTED_EDGE ( 'NONE', *, *, #275, .F. ) ;
#992 = EDGE_LOOP ( 'NONE', ( #1257, #467, #1075, #454 ) ) ;
#993 = DIRECTION ( 'NONE',  ( 0.0000000000000000000, 0.0000000000000000000, 1.000000000000000000 ) ) ;
#994 = LINE ( 'NONE', #338, #468 ) ;
#995 = ORIENTED_EDGE ( 'NONE', *, *, #221, .T. ) ;
#996 = CARTESIAN_POINT ( 'NONE',  ( 28.50000000000000000, -5.500000000000001800, -2.000000000000000000 ) ) ;
#997 = AXIS2_PLACEMENT_3D ( 'NONE', #907, #582, #228 ) ;
#998 = CIRCLE ( 'NONE', #18, 1.500000000000001300 ) ;
#999 = CARTESIAN_POINT ( 'NONE',  ( 8.500000000000000000, -12.50000000000000000, 0.0000000000000000000 ) ) ;
#1000 = EDGE_CURVE ( 'NONE', #407, #727, #11, .T. ) ;
#1001 = DIRECTION ( 'NONE',  ( 0.0000000000000000000, 0.0000000000000000000, 1.000000000000000000 ) ) ;
#1002 = DIRECTION ( 'NONE',  ( -1.000000000000000000, -1.224646799147353200E-016, -3.491481338843133000E-015 ) ) ;
#1003 = EDGE_CURVE ( 'NONE', #887, #849, #871, .T. ) ;
#1004 = CARTESIAN_POINT ( 'NONE',  ( 45.50000000000000000, -12.50000000000000000, -2.000000000000000000 ) ) ;
#1005 = ORIENTED_EDGE ( 'NONE', *, *, #555, .F. ) ;
#1006 = ORIENTED_EDGE ( 'NONE', *, *, #1579, .F. ) ;
#1007 = LINE ( 'NONE', #109, #2200 ) ;
#1008 = ORIENTED_EDGE ( 'NONE', *, *, #171, .T. ) ;
#1009 = AXIS2_PLACEMENT_3D ( 'NONE', #1347, #168, #1013 ) ;
#1010 = DIRECTION ( 'NONE',  ( 1.000000000000000000, 0.0000000000000000000, 0.0000000000000000000 ) ) ;
#1011 = CYLINDRICAL_SURFACE ( 'NONE', #1154, 1.500000000000001300 ) ;
#1012 = EDGE_LOOP ( 'NONE', ( #1100, #1008, #489, #781 ) ) ;
#1013 = DIRECTION ( 'NONE',  ( -3.469446951953611000E-015, 0.0000000000000000000, 1.000000000000000000 ) ) ;
#1014 = LINE ( 'NONE', #1054, #1929 ) ;
#1015 = EDGE_CURVE ( 'NONE', #547, #1552, #426, .T. ) ;
#1016 = FACE_OUTER_BOUND ( 'NONE', #655, .T. ) ;
#1017 = CARTESIAN_POINT ( 'NONE',  ( 27.00000000000000000, -19.50000000000000000, 0.0000000000000000000 ) ) ;
#1018 = EDGE_LOOP ( 'NONE', ( #750, #728, #563, #1228 ) ) ;
#1019 = LINE ( 'NONE', #1098, #580 ) ;
#1020 = CARTESIAN_POINT ( 'NONE',  ( 55.00000000000000000, -25.00000000000000000, 0.7365999999999900400 ) ) ;
#1021 = ADVANCED_FACE ( 'NONE', ( #822 ), #1488, .F. ) ;
#1022 = AXIS2_PLACEMENT_3D ( 'NONE', #1029, #22, #2218 ) ;
#1023 = CARTESIAN_POINT ( 'NONE',  ( -1.000000000000111900, -12.50000000000000000, 31.50000000000019500 ) ) ;
#1024 = DIRECTION ( 'NONE',  ( -1.000000000000000000, -1.224646799147353200E-016, -3.491481338843133000E-015 ) ) ;
#1025 = DIRECTION ( 'NONE',  ( -1.000000000000000000, 0.0000000000000000000, 3.469446951953613000E-015 ) ) ;
#1026 = ADVANCED_FACE ( 'NONE', ( #1673 ), #1274, .F. ) ;
#1027 = DIRECTION ( 'NONE',  ( 0.0000000000000000000, 0.0000000000000000000, 1.000000000000000000 ) ) ;
#1028 = VERTEX_POINT ( 'NONE', #581 ) ;
#1029 = CARTESIAN_POINT ( 'NONE',  ( -1.000000000000198700, -12.50000000000000000, 57.00000000000009900 ) ) ;
#1030 = VECTOR ( 'NONE', #1689, 1000.000000000000000 ) ;
#1031 = ORIENTED_EDGE ( 'NONE', *, *, #112, .F. ) ;
#1032 = CIRCLE ( 'NONE', #1880, 12.49999999999999100 ) ;
#1033 = CARTESIAN_POINT ( 'NONE',  ( 53.00000000000000000, 0.0000000000000000000, -1.873501354054950900E-013 ) ) ;
#1034 = ORIENTED_EDGE ( 'NONE', *, *, #1874, .F. ) ;
#1035 = CYLINDRICAL_SURFACE ( 'NONE', #1312, 4.000000000000003600 ) ;
#1036 = ORIENTED_EDGE ( 'NONE', *, *, #689, .F. ) ;
#1037 = STYLED_ITEM ( 'NONE', ( #1255 ), #2167 ) ;
#1038 = ORIENTED_EDGE ( 'NONE', *, *, #141, .F. ) ;
#1039 = DIRECTION ( 'NONE',  ( 0.0000000000000000000, -1.000000000000000000, -0.0000000000000000000 ) ) ;
#1040 = EDGE_LOOP ( 'NONE', ( #1601, #1508, #372, #1737 ) ) ;
#1041 = DIRECTION ( 'NONE',  ( 1.000000000000000000, 0.0000000000000000000, -3.491481338843133400E-015 ) ) ;
#1042 = ADVANCED_FACE ( 'NONE', ( #1219 ), #1035, .F. ) ;
#1043 = EDGE_CURVE ( 'NONE', #854, #1753, #805, .T. ) ;
#1044 = VECTOR ( 'NONE', #1953, 1000.000000000000000 ) ;
#1045 = ORIENTED_EDGE ( 'NONE', *, *, #1962, .T. ) ;
#1046 = DIRECTION ( 'NONE',  ( -1.000000000000000000, 0.0000000000000000000, 3.469446951953613000E-015 ) ) ;
#1047 = DIRECTION ( 'NONE',  ( -1.000000000000000000, -1.224646799147353200E-016, -3.491481338843133000E-015 ) ) ;
#1048 = CIRCLE ( 'NONE', #620, 1.500000000000001300 ) ;
#1049 = VERTEX_POINT ( 'NONE', #15 ) ;
#1050 = AXIS2_PLACEMENT_3D ( 'NONE', #975, #1668, #660 ) ;
#1051 = DIRECTION ( 'NONE',  ( 0.0000000000000000000, 0.0000000000000000000, 1.000000000000000000 ) ) ;
#1052 = CYLINDRICAL_SURFACE ( 'NONE', #1529, 1.500000000000001300 ) ;
#1053 = DIRECTION ( 'NONE',  ( -3.486794186713384600E-015, 0.0000000000000000000, 1.000000000000000000 ) ) ;
#1054 = CARTESIAN_POINT ( 'NONE',  ( 7.000000000000000000, -12.50000000000000000, -2.000000000000000000 ) ) ;
#1055 = AXIS2_PLACEMENT_3D ( 'NONE', #1183, #711, #2063 ) ;
#1056 = ADVANCED_FACE ( 'NONE', ( #1331 ), #883, .T. ) ;
#1057 = CARTESIAN_POINT ( 'NONE',  ( 53.00000000000018500, -12.50000000000000000, 49.99999999999991500 ) ) ;
#1058 = DIRECTION ( 'NONE',  ( 1.000000000000000000, 0.0000000000000000000, 0.0000000000000000000 ) ) ;
#1059 = ORIENTED_EDGE ( 'NONE', *, *, #644, .T. ) ;
#1060 = DIRECTION ( 'NONE',  ( -1.000000000000000000, 0.0000000000000000000, 3.469446951953613000E-015 ) ) ;
#1061 = EDGE_CURVE ( 'NONE', #69, #1160, #1092, .T. ) ;
#1062 = ORIENTED_EDGE ( 'NONE', *, *, #348, .T. ) ;
#1063 = FACE_OUTER_BOUND ( 'NONE', #956, .T. ) ;
#1064 = EDGE_LOOP ( 'NONE', ( #2206, #1206, #1848, #617 ) ) ;
#1065 = CARTESIAN_POINT ( 'NONE',  ( 21.50000000000000000, -12.49999999999999800, 0.0000000000000000000 ) ) ;
#1066 = PRODUCT ( '长U支架', '长U支架', '', ( #310 ) ) ;
#1067 = ADVANCED_FACE ( 'NONE', ( #924, #1894, #184, #1434, #987, #541, #67, #777 ), #549, .T. ) ;
#1068 = VECTOR ( 'NONE', #1817, 1000.000000000000000 ) ;
#1069 = ORIENTED_EDGE ( 'NONE', *, *, #1424, .F. ) ;
#1070 = AXIS2_PLACEMENT_3D ( 'NONE', #1534, #2068, #1053 ) ;
#1071 = DIRECTION ( 'NONE',  ( -1.000000000000000000, -1.224646799147353200E-016, -3.491481338843133000E-015 ) ) ;
#1072 = ORIENTED_EDGE ( 'NONE', *, *, #245, .T. ) ;
#1073 = CIRCLE ( 'NONE', #285, 1.500000000000001300 ) ;
#1074 = FACE_OUTER_BOUND ( 'NONE', #1571, .T. ) ;
#1075 = ORIENTED_EDGE ( 'NONE', *, *, #1203, .T. ) ;
#1076 = EDGE_CURVE ( 'NONE', #434, #648, #1279, .T. ) ;
#1077 = FACE_OUTER_BOUND ( 'NONE', #732, .T. ) ;
#1078 = EDGE_CURVE ( 'NONE', #1897, #780, #373, .T. ) ;
#1079 = CARTESIAN_POINT ( 'NONE',  ( 1.000000000000003100, -25.00000000000000000, 1.068957861474239500E-029 ) ) ;
#1080 = AXIS2_PLACEMENT_3D ( 'NONE', #1142, #1333, #989 ) ;
#1081 = DIRECTION ( 'NONE',  ( 1.000000000000000000, 0.0000000000000000000, 0.0000000000000000000 ) ) ;
#1082 = CARTESIAN_POINT ( 'NONE',  ( 1.736599999999995300, 0.0000000000000000000, 0.7365999999999994800 ) ) ;
#1083 = EDGE_CURVE ( 'NONE', #1820, #918, #837, .T. ) ;
#1084 = ORIENTED_EDGE ( 'NONE', *, *, #1633, .T. ) ;
#1085 = CIRCLE ( 'NONE', #705, 1.500000000000001300 ) ;
#1086 = DIRECTION ( 'NONE',  ( 1.000000000000000000, 0.0000000000000000000, 0.0000000000000000000 ) ) ;
#1087 = ORIENTED_EDGE ( 'NONE', *, *, #863, .T. ) ;
#1088 = EDGE_CURVE ( 'NONE', #1339, #248, #662, .T. ) ;
#1089 = ADVANCED_FACE ( 'NONE', ( #1077 ), #1052, .F. ) ;
#1090 = FACE_OUTER_BOUND ( 'NONE', #836, .T. ) ;
#1091 = ORIENTED_EDGE ( 'NONE', *, *, #1773, .T. ) ;
#1092 = CIRCLE ( 'NONE', #1342, 1.500000000000003100 ) ;
#1093 = LINE ( 'NONE', #278, #430 ) ;
#1094 = EDGE_LOOP ( 'NONE', ( #1145, #264, #2001, #209 ) ) ;
#1095 = DIRECTION ( 'NONE',  ( 0.0000000000000000000, 0.0000000000000000000, 1.000000000000000000 ) ) ;
#1096 = AXIS2_PLACEMENT_3D ( 'NONE', #2104, #1249, #893 ) ;
#1097 = ORIENTED_EDGE ( 'NONE', *, *, #57, .T. ) ;
#1098 = CARTESIAN_POINT ( 'NONE',  ( 0.0000000000000000000, 0.0000000000000000000, 0.0000000000000000000 ) ) ;
#1099 = CIRCLE ( 'NONE', #1190, 4.000000000000000000 ) ;
#1100 = ORIENTED_EDGE ( 'NONE', *, *, #1458, .F. ) ;
#1101 = LINE ( 'NONE', #859, #659 ) ;
#1102 = ORIENTED_EDGE ( 'NONE', *, *, #595, .T. ) ;
#1103 = CYLINDRICAL_SURFACE ( 'NONE', #1213, 4.000000000000000000 ) ;
#1104 = DIRECTION ( 'NONE',  ( 0.0000000000000000000, 0.0000000000000000000, 1.000000000000000000 ) ) ;
#1105 = DIRECTION ( 'NONE',  ( 1.000000000000000000, 0.0000000000000000000, 0.0000000000000000000 ) ) ;
#1106 = DIRECTION ( 'NONE',  ( -2.943801717310626500E-016, 1.000000000000000000, -7.359504293276566200E-017 ) ) ;
#1107 = CARTESIAN_POINT ( 'NONE',  ( 18.50000000000000000, -12.49999999999999800, -2.000000000000000000 ) ) ;
#1108 = DIRECTION ( 'NONE',  ( -1.000000000000000000, 0.0000000000000000000, 3.469446951953613000E-015 ) ) ;
#1109 = CARTESIAN_POINT ( 'NONE',  ( 55.00000000000017100, 0.0000000000000000000, 49.49999999999999300 ) ) ;
#1110 = ORIENTED_EDGE ( 'NONE', *, *, #2074, .F. ) ;
#1111 = CARTESIAN_POINT ( 'NONE',  ( -0.9999999999999970000, -25.00000000000000000, -6.982962677686266700E-015 ) ) ;
#1112 = EDGE_CURVE ( 'NONE', #1132, #145, #1124, .T. ) ;
#1113 = ORIENTED_EDGE ( 'NONE', *, *, #1497, .T. ) ;
#1114 = CARTESIAN_POINT ( 'NONE',  ( 55.00000000000000000, 0.0000000000000000000, -1.943330980831813600E-013 ) ) ;
#1115 = CIRCLE ( 'NONE', #32, 1.500000000000001300 ) ;
#1116 = ORIENTED_EDGE ( 'NONE', *, *, #1579, .T. ) ;
#1117 = ORIENTED_EDGE ( 'NONE', *, *, #1962, .F. ) ;
#1118 = AXIS2_PLACEMENT_3D ( 'NONE', #1492, #115, #1128 ) ;
#1119 = EDGE_LOOP ( 'NONE', ( #2075, #821, #274, #815 ) ) ;
#1120 = EDGE_CURVE ( 'NONE', #407, #189, #1612, .T. ) ;
#1121 = VERTEX_POINT ( 'NONE', #395 ) ;
#1122 = SURFACE_SIDE_STYLE ('',( #1204 ) ) ;
#1123 = ORIENTED_EDGE ( 'NONE', *, *, #1887, .F. ) ;
#1124 = CIRCLE ( 'NONE', #768, 0.7365999999999978100 ) ;
#1125 = EDGE_CURVE ( 'NONE', #918, #1768, #80, .T. ) ;
#1126 = DIRECTION ( 'NONE',  ( 0.0000000000000000000, 1.000000000000000000, 0.0000000000000000000 ) ) ;
#1127 = STYLED_ITEM ( 'NONE', ( #686 ), #1845 ) ;
#1128 = DIRECTION ( 'NONE',  ( -3.469446951953611000E-015, 0.0000000000000000000, 1.000000000000000000 ) ) ;
#1129 = CARTESIAN_POINT ( 'NONE',  ( 53.00000000000017100, -12.49999999999999300, 49.50000000000000700 ) ) ;
#1130 = EDGE_LOOP ( 'NONE', ( #1005, #565, #2053, #149 ) ) ;
#1131 = LINE ( 'NONE', #1986, #1919 ) ;
#1132 = VERTEX_POINT ( 'NONE', #1573 ) ;
#1133 = CARTESIAN_POINT ( 'NONE',  ( -1.000000000000171000, -19.50000000000000000, 50.00000000000009900 ) ) ;
#1134 = FACE_OUTER_BOUND ( 'NONE', #1012, .T. ) ;
#1135 = ORIENTED_EDGE ( 'NONE', *, *, #504, .T. ) ;
#1136 = CYLINDRICAL_SURFACE ( 'NONE', #2171, 1.500000000000001300 ) ;
#1137 = DIRECTION ( 'NONE',  ( -3.486794186713384600E-015, 0.0000000000000000000, 1.000000000000000000 ) ) ;
#1138 = CYLINDRICAL_SURFACE ( 'NONE', #280, 1.500000000000001300 ) ;
#1139 = ORIENTED_EDGE ( 'NONE', *, *, #259, .T. ) ;
#1140 = CIRCLE ( 'NONE', #1885, 1.500000000000001300 ) ;
#1141 = ORIENTED_EDGE ( 'NONE', *, *, #976, .T. ) ;
#1142 = CARTESIAN_POINT ( 'NONE',  ( -1.000000000000171000, -19.50000000000000000, 50.00000000000009900 ) ) ;
#1143 = FACE_OUTER_BOUND ( 'NONE', #105, .T. ) ;
#1144 = AXIS2_PLACEMENT_3D ( 'NONE', #1546, #8, #532 ) ;
#1145 = ORIENTED_EDGE ( 'NONE', *, *, #1419, .T. ) ;
#1146 = LINE ( 'NONE', #1020, #249 ) ;
#1147 = CARTESIAN_POINT ( 'NONE',  ( 25.50000000000000000, -19.50000000000000000, -2.000000000000000000 ) ) ;
#1148 = ORIENTED_EDGE ( 'NONE', *, *, #2158, .T. ) ;
#1149 = VECTOR ( 'NONE', #81, 1000.000000000000000 ) ;
#1150 = CARTESIAN_POINT ( 'NONE',  ( 1.736599999999996800, -25.00000000000000000, 0.0000000000000000000 ) ) ;
#1151 = EDGE_CURVE ( 'NONE', #126, #398, #164, .T. ) ;
#1152 = CARTESIAN_POINT ( 'NONE',  ( 3.061616997868383000E-015, -25.00000000000000000, -2.000000000000000000 ) ) ;
#1153 = DIRECTION ( 'NONE',  ( 3.330669073875470400E-015, -8.326672684688676000E-016, 1.000000000000000000 ) ) ;
#1154 = AXIS2_PLACEMENT_3D ( 'NONE', #1181, #1176, #1356 ) ;
#1155 = CARTESIAN_POINT ( 'NONE',  ( 55.00000000000015600, -12.50000000000000000, 42.99999999999990800 ) ) ;
#1156 = DIRECTION ( 'NONE',  ( 1.000000000000000000, 0.0000000000000000000, 0.0000000000000000000 ) ) ;
#1157 = DIRECTION ( 'NONE',  ( 0.0000000000000000000, 0.0000000000000000000, 1.000000000000000000 ) ) ;
#1158 = ORIENTED_EDGE ( 'NONE', *, *, #259, .F. ) ;
#1159 = AXIS2_PLACEMENT_3D ( 'NONE', #886, #898, #1058 ) ;
#1160 = VERTEX_POINT ( 'NONE', #615 ) ;
#1161 = VECTOR ( 'NONE', #1813, 1000.000000000000000 ) ;
#1162 =( NAMED_UNIT ( * ) SI_UNIT ( $, .STERADIAN. ) SOLID_ANGLE_UNIT ( ) );
#1163 = ORIENTED_EDGE ( 'NONE', *, *, #925, .F. ) ;
#1164 = VERTEX_POINT ( 'NONE', #1109 ) ;
#1165 = EDGE_LOOP ( 'NONE', ( #1230, #844 ) ) ;
#1166 = EDGE_CURVE ( 'NONE', #1687, #431, #1797, .T. ) ;
#1167 = ORIENTED_EDGE ( 'NONE', *, *, #1003, .F. ) ;
#1168 = DIRECTION ( 'NONE',  ( -1.000000000000000000, 0.0000000000000000000, 3.469446951953613000E-015 ) ) ;
#1169 = CIRCLE ( 'NONE', #639, 1.500000000000001300 ) ;
#1170 = DIRECTION ( 'NONE',  ( 1.000000000000000000, -0.0000000000000000000, -3.469446951953613000E-015 ) ) ;
#1171 = LINE ( 'NONE', #1340, #1742 ) ;
#1172 = EDGE_LOOP ( 'NONE', ( #1433, #1794, #1411, #1760 ) ) ;
#1173 = CARTESIAN_POINT ( 'NONE',  ( -1.000000000000047700, -12.50000000000000000, 13.00000000000018500 ) ) ;
#1174 = AXIS2_PLACEMENT_3D ( 'NONE', #392, #583, #1241 ) ;
#1175 = CIRCLE ( 'NONE', #1710, 2.736599999999997000 ) ;
#1176 = DIRECTION ( 'NONE',  ( 0.0000000000000000000, 0.0000000000000000000, 1.000000000000000000 ) ) ;
#1177 = DIRECTION ( 'NONE',  ( -1.000000000000000000, -1.224646799147353200E-016, -3.491481338843133000E-015 ) ) ;
#1178 =( LENGTH_UNIT ( ) NAMED_UNIT ( * ) SI_UNIT ( .MILLI., .METRE. ) );
#1179 = EDGE_CURVE ( 'NONE', #1842, #154, #253, .T. ) ;
#1180 = CARTESIAN_POINT ( 'NONE',  ( -1.000000000000150100, -12.50000000000000000, 43.00000000000009900 ) ) ;
#1181 = CARTESIAN_POINT ( 'NONE',  ( 20.00000000000000000, -12.49999999999999800, -2.000000000000000000 ) ) ;
#1182 = AXIS2_PLACEMENT_3D ( 'NONE', #799, #1837, #1479 ) ;
#1183 = CARTESIAN_POINT ( 'NONE',  ( -1.000000000000174300, -12.50000000000000000, 50.00000000000009900 ) ) ;
#1184 = CARTESIAN_POINT ( 'NONE',  ( -1.000000000000174300, -12.49999999999999300, 49.50000000000019900 ) ) ;
#1185 = AXIS2_PLACEMENT_3D ( 'NONE', #2048, #1025, #176 ) ;
#1186 = ORIENTED_EDGE ( 'NONE', *, *, #1424, .T. ) ;
#1187 = CARTESIAN_POINT ( 'NONE',  ( 53.00000000000010700, -12.50000000000000000, 31.50000000000000700 ) ) ;
#1188 = FACE_OUTER_BOUND ( 'NONE', #2219, .T. ) ;
#1189 = EDGE_LOOP ( 'NONE', ( #796, #1570 ) ) ;
#1190 = AXIS2_PLACEMENT_3D ( 'NONE', #1905, #1698, #175 ) ;
#1191 = FACE_BOUND ( 'NONE', #2005, .T. ) ;
#1192 = EDGE_LOOP ( 'NONE', ( #1507, #1896, #1260, #137 ) ) ;
#1193 = CIRCLE ( 'NONE', #1185, 1.500000000000001300 ) ;
#1194 = DIRECTION ( 'NONE',  ( -1.000000000000000000, -1.224646799147353200E-016, -3.491481338843133000E-015 ) ) ;
#1195 = ADVANCED_FACE ( 'NONE', ( #2010 ), #1448, .F. ) ;
#1196 = EDGE_CURVE ( 'NONE', #1867, #1582, #1473, .T. ) ;
#1197 = EDGE_LOOP ( 'NONE', ( #873, #1319, #1973, #1949 ) ) ;
#1198 = ORIENTED_EDGE ( 'NONE', *, *, #1043, .F. ) ;
#1199 = DIRECTION ( 'NONE',  ( 0.0000000000000000000, 0.0000000000000000000, 1.000000000000000000 ) ) ;
#1200 = DIRECTION ( 'NONE',  ( 4.625929269271481400E-015, 0.0000000000000000000, 1.000000000000000000 ) ) ;
#1201 = CYLINDRICAL_SURFACE ( 'NONE', #2107, 1.500000000000001300 ) ;
#1202 = EDGE_LOOP ( 'NONE', ( #64, #1713, #1684, #2131 ) ) ;
#1203 = EDGE_CURVE ( 'NONE', #2184, #1132, #1019, .T. ) ;
#1204 = SURFACE_STYLE_FILL_AREA ( #2114 ) ;
#1205 = CARTESIAN_POINT ( 'NONE',  ( -1.000000000000188300, -12.50000000000000000, 54.00000000000010700 ) ) ;
#1206 = ORIENTED_EDGE ( 'NONE', *, *, #1916, .F. ) ;
#1207 = VECTOR ( 'NONE', #2, 1000.000000000000000 ) ;
#1208 = DIRECTION ( 'NONE',  ( -1.000000000000000000, -1.224646799147353200E-016, -3.491481338843133000E-015 ) ) ;
#1209 = ORIENTED_EDGE ( 'NONE', *, *, #1348, .F. ) ;
#1210 = CYLINDRICAL_SURFACE ( 'NONE', #459, 1.500000000000001300 ) ;
#1211 = DIRECTION ( 'NONE',  ( -3.469446951953611000E-015, 0.0000000000000000000, 1.000000000000000000 ) ) ;
#1212 = DIRECTION ( 'NONE',  ( 0.0000000000000000000, 1.000000000000000000, 0.0000000000000000000 ) ) ;
#1213 = AXIS2_PLACEMENT_3D ( 'NONE', #1595, #2096, #1086 ) ;
#1214 = ADVANCED_FACE ( 'NONE', ( #688 ), #1210, .F. ) ;
#1215 = DIRECTION ( 'NONE',  ( 0.0000000000000000000, 0.0000000000000000000, 1.000000000000000000 ) ) ;
#1216 = DIRECTION ( 'NONE',  ( 4.625929269271481400E-015, 0.0000000000000000000, 1.000000000000000000 ) ) ;
#1217 = ORIENTED_EDGE ( 'NONE', *, *, #2188, .T. ) ;
#1218 = CARTESIAN_POINT ( 'NONE',  ( -1.000000000000002700, -8.056007779592260800E-016, 0.7365999999999898200 ) ) ;
#1219 = FACE_OUTER_BOUND ( 'NONE', #1064, .T. ) ;
#1220 = ADVANCED_FACE ( 'NONE', ( #225 ), #1637, .T. ) ;
#1221 = ORIENTED_EDGE ( 'NONE', *, *, #2030, .F. ) ;
#1222 = AXIS2_PLACEMENT_3D ( 'NONE', #1321, #2014, #113 ) ;
#1223 = DIRECTION ( 'NONE',  ( -3.469446951953611000E-015, 0.0000000000000000000, 1.000000000000000000 ) ) ;
#1224 = FACE_OUTER_BOUND ( 'NONE', #1483, .T. ) ;
#1225 = CARTESIAN_POINT ( 'NONE',  ( 53.00000000000018500, -12.50000000000000000, 49.99999999999991500 ) ) ;
#1226 = VERTEX_POINT ( 'NONE', #1436 ) ;
#1227 = VECTOR ( 'NONE', #429, 1000.000000000000000 ) ;
#1228 = ORIENTED_EDGE ( 'NONE', *, *, #793, .T. ) ;
#1229 = CARTESIAN_POINT ( 'NONE',  ( 0.9999999999998256900, -5.500000000000000900, 50.00000000000010700 ) ) ;
#1230 = ORIENTED_EDGE ( 'NONE', *, *, #958, .T. ) ;
#1231 = DIRECTION ( 'NONE',  ( -1.000000000000000000, -1.224646799147353200E-016, -3.491481338843133000E-015 ) ) ;
#1232 = EDGE_CURVE ( 'NONE', #622, #646, #1745, .T. ) ;
#1233 = DIRECTION ( 'NONE',  ( -3.469446951953611000E-015, 0.0000000000000000000, 1.000000000000000000 ) ) ;
#1234 = DIRECTION ( 'NONE',  ( 4.625929269271475900E-015, 0.0000000000000000000, 1.000000000000000000 ) ) ;
#1235 = LINE ( 'NONE', #173, #1207 ) ;
#1236 = ORIENTED_EDGE ( 'NONE', *, *, #2115, .F. ) ;
#1237 = ADVANCED_FACE ( 'NONE', ( #714 ), #1103, .F. ) ;
#1238 = EDGE_CURVE ( 'NONE', #681, #258, #387, .T. ) ;
#1239 = VECTOR ( 'NONE', #1476, 1000.000000000000000 ) ;
#1240 = AXIS2_PLACEMENT_3D ( 'NONE', #900, #1060, #435 ) ;
#1241 = DIRECTION ( 'NONE',  ( -1.000000000000000000, 0.0000000000000000000, -3.486435400815773600E-015 ) ) ;
#1242 = ADVANCED_FACE ( 'NONE', ( #2031 ), #1345, .T. ) ;
#1243 = DIRECTION ( 'NONE',  ( -1.000000000000000000, -1.224646799147353200E-016, -3.491481338843133000E-015 ) ) ;
#1244 = EDGE_CURVE ( 'NONE', #831, #410, #998, .T. ) ;
#1245 = ORIENTED_EDGE ( 'NONE', *, *, #1083, .T. ) ;
#1246 = DIRECTION ( 'NONE',  ( 1.000000000000000000, 0.0000000000000000000, 0.0000000000000000000 ) ) ;
#1247 = LINE ( 'NONE', #58, #1624 ) ;
#1248 = EDGE_LOOP ( 'NONE', ( #724, #1367, #1490, #9 ) ) ;
#1249 = DIRECTION ( 'NONE',  ( 0.0000000000000000000, 0.0000000000000000000, 1.000000000000000000 ) ) ;
#1250 = CIRCLE ( 'NONE', #1989, 1.500000000000001300 ) ;
#1251 = ORIENTED_EDGE ( 'NONE', *, *, #96, .F. ) ;
#1252 = CARTESIAN_POINT ( 'NONE',  ( 53.00000000000017100, -12.49999999999999300, 49.50000000000000700 ) ) ;
#1253 = ORIENTED_EDGE ( 'NONE', *, *, #1922, .F. ) ;
#1254 = ORIENTED_EDGE ( 'NONE', *, *, #1043, .T. ) ;
#1255 = PRESENTATION_STYLE_ASSIGNMENT (( #848 ) ) ;
#1256 = CARTESIAN_POINT ( 'NONE',  ( 31.00000000000000000, -12.50000000000000000, -2.000000000000000000 ) ) ;
#1257 = ORIENTED_EDGE ( 'NONE', *, *, #1987, .T. ) ;
#1258 = VECTOR ( 'NONE', #446, 1000.000000000000000 ) ;
#1259 = CARTESIAN_POINT ( 'NONE',  ( -1.000000000000058200, -12.50000000000000000, 16.00000000000019200 ) ) ;
#1260 = ORIENTED_EDGE ( 'NONE', *, *, #1937, .F. ) ;
#1261 = CYLINDRICAL_SURFACE ( 'NONE', #1022, 1.500000000000001300 ) ;
#1262 = EDGE_LOOP ( 'NONE', ( #1743, #355, #1890, #1665 ) ) ;
#1263 = DIRECTION ( 'NONE',  ( -1.000000000000000000, 0.0000000000000000000, 3.469446951953613000E-015 ) ) ;
#1264 = CARTESIAN_POINT ( 'NONE',  ( 55.00000000000005000, -12.50000000000000000, 14.49999999999999500 ) ) ;
#1265 = EDGE_CURVE ( 'NONE', #186, #602, #1904, .T. ) ;
#1266 = AXIS2_PLACEMENT_3D ( 'NONE', #603, #51, #2116 ) ;
#1267 = CARTESIAN_POINT ( 'NONE',  ( 55.00000000000000000, -25.00000000000000000, -6.982962677686266700E-015 ) ) ;
#1268 = DIRECTION ( 'NONE',  ( 1.000000000000000000, 0.0000000000000000000, 0.0000000000000000000 ) ) ;
#1269 = PRODUCT_DEFINITION_FORMATION_WITH_SPECIFIED_SOURCE ( '任何', '', #1066, .NOT_KNOWN. ) ;
#1270 = CARTESIAN_POINT ( 'NONE',  ( 53.00000000000017100, 0.0000000000000000000, 49.50000000000000000 ) ) ;
#1271 = EDGE_CURVE ( 'NONE', #721, #407, #1175, .T. ) ;
#1272 = SURFACE_STYLE_USAGE ( .BOTH. , #1122 ) ;
#1273 = ORIENTED_EDGE ( 'NONE', *, *, #2141, .T. ) ;
#1274 = CYLINDRICAL_SURFACE ( 'NONE', #306, 1.500000000000001300 ) ;
#1275 = EDGE_LOOP ( 'NONE', ( #309, #661, #1084, #542 ) ) ;
#1276 = AXIS2_PLACEMENT_3D ( 'NONE', #370, #1051, #1924 ) ;
#1277 = CIRCLE ( 'NONE', #1144, 1.500000000000001300 ) ;
#1278 = VERTEX_POINT ( 'NONE', #610 ) ;
#1279 = LINE ( 'NONE', #33, #1679 ) ;
#1280 = DIRECTION ( 'NONE',  ( 1.000000000000000000, 0.0000000000000000000, 0.0000000000000000000 ) ) ;
#1281 = ORIENTED_EDGE ( 'NONE', *, *, #36, .F. ) ;
#1282 = EDGE_LOOP ( 'NONE', ( #735, #1113 ) ) ;
#1283 = DIRECTION ( 'NONE',  ( -1.000000000000000000, 0.0000000000000000000, 3.469446951953613000E-015 ) ) ;
#1284 = DIRECTION ( 'NONE',  ( 2.943801717310626500E-016, -1.000000000000000000, 7.359504293276566200E-017 ) ) ;
#1285 = DIRECTION ( 'NONE',  ( -3.469446951953611000E-015, 0.0000000000000000000, 1.000000000000000000 ) ) ;
#1286 = CIRCLE ( 'NONE', #1723, 1.500000000000001300 ) ;
#1287 = CIRCLE ( 'NONE', #1899, 1.500000000000001300 ) ;
#1288 = VERTEX_POINT ( 'NONE', #640 ) ;
#1289 = CARTESIAN_POINT ( 'NONE',  ( -1.000000000000174300, -5.500000000000000900, 50.00000000000009900 ) ) ;
#1290 = LINE ( 'NONE', #1422, #302 ) ;
#1291 = CARTESIAN_POINT ( 'NONE',  ( 32.50000000000000000, -12.49999999999999800, -2.000000000000000000 ) ) ;
#1292 = EDGE_CURVE ( 'NONE', #146, #1592, #1290, .T. ) ;
#1293 = DIRECTION ( 'NONE',  ( -1.000000000000000000, -1.224646799147353200E-016, -3.491481338843133000E-015 ) ) ;
#1294 = AXIS2_PLACEMENT_3D ( 'NONE', #86, #927, #93 ) ;
#1295 = CARTESIAN_POINT ( 'NONE',  ( 0.9999999999997961600, -12.50000000000000000, 58.50000000000010700 ) ) ;
#1296 = CARTESIAN_POINT ( 'NONE',  ( 52.26340000000000400, -3.469446951953614200E-015, 2.710505431213761100E-015 ) ) ;
#1297 = CARTESIAN_POINT ( 'NONE',  ( -1.000000000000193400, -12.50000000000000000, 55.50000000000009900 ) ) ;
#1298 = EDGE_CURVE ( 'NONE', #1687, #829, #1554, .T. ) ;
#1299 = EDGE_LOOP ( 'NONE', ( #1404, #1369 ) ) ;
#1300 = CARTESIAN_POINT ( 'NONE',  ( 52.26340000000000400, -7.703719777548943400E-031, 0.7365999999999995900 ) ) ;
#1301 = CARTESIAN_POINT ( 'NONE',  ( 53.00000000000017800, -5.500000000000000900, 48.49999999999991500 ) ) ;
#1302 = CIRCLE ( 'NONE', #1222, 1.500000000000001300 ) ;
#1303 = EDGE_LOOP ( 'NONE', ( #808, #1547, #1135, #16, #1059 ) ) ;
#1304 = DIRECTION ( 'NONE',  ( -0.0000000000000000000, -1.000000000000000000, -0.0000000000000000000 ) ) ;
#1305 = LINE ( 'NONE', #1960, #1384 ) ;
#1306 = AXIS2_PLACEMENT_3D ( 'NONE', #327, #1749, #199 ) ;
#1307 = CARTESIAN_POINT ( 'NONE',  ( 53.00000000000017800, -5.500000000000000900, 48.49999999999991500 ) ) ;
#1308 = VERTEX_POINT ( 'NONE', #1827 ) ;
#1309 = EDGE_LOOP ( 'NONE', ( #2097, #1543 ) ) ;
#1310 = CARTESIAN_POINT ( 'NONE',  ( 55.00000000000018500, -5.500000000000000900, 49.99999999999990800 ) ) ;
#1311 = ORIENTED_EDGE ( 'NONE', *, *, #1526, .F. ) ;
#1312 = AXIS2_PLACEMENT_3D ( 'NONE', #1225, #1588, #743 ) ;
#1313 = CARTESIAN_POINT ( 'NONE',  ( 53.00000000000014200, -12.50000000000000000, 41.49999999999991500 ) ) ;
#1314 = AXIS2_PLACEMENT_3D ( 'NONE', #1187, #1875, #866 ) ;
#1315 = FACE_OUTER_BOUND ( 'NONE', #1335, .T. ) ;
#1316 = VERTEX_POINT ( 'NONE', #88 ) ;
#1317 = DIRECTION ( 'NONE',  ( 0.0000000000000000000, 0.0000000000000000000, 1.000000000000000000 ) ) ;
#1318 = FACE_OUTER_BOUND ( 'NONE', #1951, .T. ) ;
#1319 = ORIENTED_EDGE ( 'NONE', *, *, #2003, .F. ) ;
#1320 = EDGE_CURVE ( 'NONE', #860, #658, #2140, .T. ) ;
#1321 = CARTESIAN_POINT ( 'NONE',  ( 34.00000000000000000, -12.49999999999999800, 0.0000000000000000000 ) ) ;
#1322 = DIRECTION ( 'NONE',  ( 0.0000000000000000000, 1.000000000000000000, 0.0000000000000000000 ) ) ;
#1323 = EDGE_CURVE ( 'NONE', #223, #1888, #107, .T. ) ;
#1324 = DIRECTION ( 'NONE',  ( 0.0000000000000000000, 0.0000000000000000000, 1.000000000000000000 ) ) ;
#1325 = CARTESIAN_POINT ( 'NONE',  ( 1.736600000000000400, -25.00000000000000000, 3.469446951953614200E-015 ) ) ;
#1326 = CARTESIAN_POINT ( 'NONE',  ( -1.000000000000058200, -12.50000000000000000, 16.00000000000019200 ) ) ;
#1327 = AXIS2_PLACEMENT_3D ( 'NONE', #794, #1802, #1829 ) ;
#1328 = CARTESIAN_POINT ( 'NONE',  ( 0.9999999999997820600, -12.49999999999999300, 62.00000000000019200 ) ) ;
#1329 = DIRECTION ( 'NONE',  ( 1.000000000000000000, 0.0000000000000000000, 0.0000000000000000000 ) ) ;
#1330 = ORIENTED_EDGE ( 'NONE', *, *, #1000, .T. ) ;
#1331 = FACE_OUTER_BOUND ( 'NONE', #745, .T. ) ;
#1332 = EDGE_LOOP ( 'NONE', ( #1950, #709 ) ) ;
#1333 = DIRECTION ( 'NONE',  ( -1.000000000000000000, -1.224646799147353200E-016, -3.491481338843133000E-015 ) ) ;
#1334 = FACE_BOUND ( 'NONE', #1765, .T. ) ;
#1335 = EDGE_LOOP ( 'NONE', ( #385, #1426, #315, #1038 ) ) ;
#1336 = LINE ( 'NONE', #2035, #1599 ) ;
#1337 = CARTESIAN_POINT ( 'NONE',  ( 55.00000000000017800, -5.500000000000000900, 48.49999999999990800 ) ) ;
#1338 = ORIENTED_EDGE ( 'NONE', *, *, #2113, .T. ) ;
#1339 = VERTEX_POINT ( 'NONE', #1821 ) ;
#1340 = CARTESIAN_POINT ( 'NONE',  ( 10.00000000000000200, -12.50000000000000000, -2.000000000000000000 ) ) ;
#1341 = CARTESIAN_POINT ( 'NONE',  ( 25.50000000000000000, -5.500000000000001800, 0.0000000000000000000 ) ) ;
#1342 = AXIS2_PLACEMENT_3D ( 'NONE', #723, #227, #1234 ) ;
#1343 = CIRCLE ( 'NONE', #490, 1.500000000000001300 ) ;
#1344 = EDGE_LOOP ( 'NONE', ( #991, #1117, #809, #1832 ) ) ;
#1345 = CYLINDRICAL_SURFACE ( 'NONE', #1593, 12.49999999999999100 ) ;
#1346 = CARTESIAN_POINT ( 'NONE',  ( 0.9999999999999471500, -12.50000000000000000, 14.50000000000019500 ) ) ;
#1347 = CARTESIAN_POINT ( 'NONE',  ( 0.9999999999998291400, -19.50000000000000000, 50.00000000000010700 ) ) ;
#1348 = EDGE_CURVE ( 'NONE', #1646, #1389, #197, .T. ) ;
#1349 = DIRECTION ( 'NONE',  ( 1.000000000000000000, 0.0000000000000000000, 0.0000000000000000000 ) ) ;
#1350 = DIRECTION ( 'NONE',  ( 0.0000000000000000000, 0.0000000000000000000, 1.000000000000000000 ) ) ;
#1351 = AXIS2_PLACEMENT_3D ( 'NONE', #1114, #268, #1455 ) ;
#1352 = CARTESIAN_POINT ( 'NONE',  ( 55.00000000000005700, -12.50000000000000000, 15.99999999999999600 ) ) ;
#1353 = EDGE_CURVE ( 'NONE', #1674, #524, #764, .T. ) ;
#1354 = CARTESIAN_POINT ( 'NONE',  ( -1.000000000000202100, -24.99999999999998600, 49.50000000000019900 ) ) ;
#1355 = DIRECTION ( 'NONE',  ( 4.625929269271481400E-015, 0.0000000000000000000, 1.000000000000000000 ) ) ;
#1356 = DIRECTION ( 'NONE',  ( 1.000000000000000000, 0.0000000000000000000, 0.0000000000000000000 ) ) ;
#1357 = ORIENTED_EDGE ( 'NONE', *, *, #1633, .F. ) ;
#1358 = DIRECTION ( 'NONE',  ( 4.625929269271481400E-015, 0.0000000000000000000, 1.000000000000000000 ) ) ;
#1359 = FACE_OUTER_BOUND ( 'NONE', #53, .T. ) ;
#1360 = ORIENTED_EDGE ( 'NONE', *, *, #958, .F. ) ;
#1361 = FACE_BOUND ( 'NONE', #1189, .T. ) ;
#1362 = DIRECTION ( 'NONE',  ( 1.000000000000000000, 0.0000000000000000000, 0.0000000000000000000 ) ) ;
#1363 = VERTEX_POINT ( 'NONE', #270 ) ;
#1364 = EDGE_CURVE ( 'NONE', #487, #1830, #607, .T. ) ;
#1365 = EDGE_LOOP ( 'NONE', ( #153, #49, #2024, #480, #42 ) ) ;
#1366 = VECTOR ( 'NONE', #1696, 1000.000000000000000 ) ;
#1367 = ORIENTED_EDGE ( 'NONE', *, *, #40, .F. ) ;
#1368 = CARTESIAN_POINT ( 'NONE',  ( -1.000000000000165600, -19.50000000000000000, 48.50000000000009900 ) ) ;
#1369 = ORIENTED_EDGE ( 'NONE', *, *, #2041, .F. ) ;
#1370 = DIRECTION ( 'NONE',  ( -1.000000000000000000, 0.0000000000000000000, 3.469446951953613000E-015 ) ) ;
#1371 = AXIS2_PLACEMENT_3D ( 'NONE', #1961, #932, #1626 ) ;
#1372 = VECTOR ( 'NONE', #308, 1000.000000000000000 ) ;
#1373 = ORIENTED_EDGE ( 'NONE', *, *, #318, .F. ) ;
#1374 = ADVANCED_FACE ( 'NONE', ( #890 ), #789, .F. ) ;
#1375 = CARTESIAN_POINT ( 'NONE',  ( -1.000000000000174300, -12.50000000000000000, 50.00000000000009900 ) ) ;
#1376 = DIRECTION ( 'NONE',  ( -1.000000000000000000, 0.0000000000000000000, 3.469446951953613000E-015 ) ) ;
#1377 = ADVANCED_FACE ( 'NONE', ( #1850 ), #2160, .T. ) ;
#1378 = AXIS2_PLACEMENT_3D ( 'NONE', #1264, #244, #405 ) ;
#1379 = ORIENTED_EDGE ( 'NONE', *, *, #1196, .F. ) ;
#1380 = CARTESIAN_POINT ( 'NONE',  ( 52.26340000000000400, -24.99999999999999300, 2.710505431213761100E-015 ) ) ;
#1381 = CIRCLE ( 'NONE', #501, 1.500000000000001300 ) ;
#1382 = ORIENTED_EDGE ( 'NONE', *, *, #207, .T. ) ;
#1383 = CARTESIAN_POINT ( 'NONE',  ( 55.00000000000000000, -25.00000000000000000, -6.982962677686266700E-015 ) ) ;
#1384 = VECTOR ( 'NONE', #1108, 1000.000000000000000 ) ;
#1385 = ORIENTED_EDGE ( 'NONE', *, *, #634, .F. ) ;
#1386 = FACE_OUTER_BOUND ( 'NONE', #1040, .T. ) ;
#1387 = EDGE_CURVE ( 'NONE', #1121, #1944, #2086, .T. ) ;
#1388 = ORIENTED_EDGE ( 'NONE', *, *, #231, .T. ) ;
#1389 = VERTEX_POINT ( 'NONE', #623 ) ;
#1390 = ADVANCED_FACE ( 'NONE', ( #277 ), #945, .T. ) ;
#1391 = AXIS2_PLACEMENT_3D ( 'NONE', #553, #190, #1216 ) ;
#1392 = CIRCLE ( 'NONE', #1667, 0.7365999999999970300 ) ;
#1393 = DIRECTION ( 'NONE',  ( -3.469446951953611000E-015, 0.0000000000000000000, 1.000000000000000000 ) ) ;
#1394 = CIRCLE ( 'NONE', #1866, 1.500000000000001300 ) ;
#1395 = DIRECTION ( 'NONE',  ( -3.486794186713383400E-015, 0.0000000000000000000, 1.000000000000000000 ) ) ;
#1396 = EDGE_LOOP ( 'NONE', ( #1954, #656, #77, #572 ) ) ;
#1397 = VECTOR ( 'NONE', #1304, 1000.000000000000000 ) ;
#1398 = DIRECTION ( 'NONE',  ( -3.469446951953607100E-015, 0.0000000000000000000, 1.000000000000000000 ) ) ;
#1399 = DIRECTION ( 'NONE',  ( -1.000000000000000000, 0.0000000000000000000, 3.469446951953613000E-015 ) ) ;
#1400 = CARTESIAN_POINT ( 'NONE',  ( 32.50000000000000000, -12.49999999999999800, 0.0000000000000000000 ) ) ;
#1401 = DIRECTION ( 'NONE',  ( 0.0000000000000000000, 0.0000000000000000000, 1.000000000000000000 ) ) ;
#1402 = EDGE_CURVE ( 'NONE', #2184, #590, #554, .T. ) ;
#1403 = CARTESIAN_POINT ( 'NONE',  ( 27.00000000000000000, -12.50000000000000000, -2.000000000000000000 ) ) ;
#1404 = ORIENTED_EDGE ( 'NONE', *, *, #204, .F. ) ;
#1405 = MECHANICAL_DESIGN_GEOMETRIC_PRESENTATION_REPRESENTATION (  '', ( #1127 ), #1520 ) ;
#1406 = FACE_OUTER_BOUND ( 'NONE', #413, .T. ) ;
#1407 = DIRECTION ( 'NONE',  ( 1.000000000000000000, 0.0000000000000000000, 0.0000000000000000000 ) ) ;
#1408 = ORIENTED_EDGE ( 'NONE', *, *, #1112, .F. ) ;
#1409 = ADVANCED_FACE ( 'NONE', ( #497, #1690, #1957, #1499, #30, #2164, #787, #326 ), #97, .F. ) ;
#1410 = LINE ( 'NONE', #1431, #1834 ) ;
#1411 = ORIENTED_EDGE ( 'NONE', *, *, #1544, .T. ) ;
#1412 = DIRECTION ( 'NONE',  ( 4.625929269271481400E-015, 0.0000000000000000000, 1.000000000000000000 ) ) ;
#1413 = ORIENTED_EDGE ( 'NONE', *, *, #437, .F. ) ;
#1414 = EDGE_CURVE ( 'NONE', #1704, #20, #54, .T. ) ;
#1415 = CYLINDRICAL_SURFACE ( 'NONE', #356, 1.500000000000001300 ) ;
#1416 = CARTESIAN_POINT ( 'NONE',  ( 25.50000000000000000, -5.500000000000001800, -2.000000000000000000 ) ) ;
#1417 = CYLINDRICAL_SURFACE ( 'NONE', #1174, 2.736599999999997900 ) ;
#1418 = ORIENTED_EDGE ( 'NONE', *, *, #1203, .F. ) ;
#1419 = EDGE_CURVE ( 'NONE', #404, #1858, #2217, .T. ) ;
#1420 = ORIENTED_EDGE ( 'NONE', *, *, #2087, .F. ) ;
#1421 = AXIS2_PLACEMENT_3D ( 'NONE', #570, #913, #220 ) ;
#1422 = CARTESIAN_POINT ( 'NONE',  ( -1.000000000000218000, -12.49999999999999300, 62.00000000000019200 ) ) ;
#1423 = AXIS2_PLACEMENT_3D ( 'NONE', #2197, #993, #1156 ) ;
#1424 = EDGE_CURVE ( 'NONE', #238, #126, #1394, .T. ) ;
#1425 = EDGE_CURVE ( 'NONE', #860, #1278, #604, .T. ) ;
#1426 = ORIENTED_EDGE ( 'NONE', *, *, #1078, .T. ) ;
#1427 = CARTESIAN_POINT ( 'NONE',  ( 53.00000000000000000, -25.00000000000000000, -1.873501354054950900E-013 ) ) ;
#1428 = CIRCLE ( 'NONE', #585, 1.500000000000001300 ) ;
#1429 = EDGE_LOOP ( 'NONE', ( #935, #346 ) ) ;
#1430 = DIRECTION ( 'NONE',  ( -3.469446951953611000E-015, 0.0000000000000000000, 1.000000000000000000 ) ) ;
#1431 = CARTESIAN_POINT ( 'NONE',  ( 0.9999999999999974500, 2.452844572666088900E-016, 0.7365999999999973700 ) ) ;
#1432 = VECTOR ( 'NONE', #1532, 1000.000000000000000 ) ;
#1433 = ORIENTED_EDGE ( 'NONE', *, *, #1425, .F. ) ;
#1434 = FACE_BOUND ( 'NONE', #788, .T. ) ;
#1435 = AXIS2_PLACEMENT_3D ( 'NONE', #139, #2169, #1329 ) ;
#1436 = CARTESIAN_POINT ( 'NONE',  ( 25.50000000000000000, -19.50000000000000000, 0.0000000000000000000 ) ) ;
#1437 = ORIENTED_EDGE ( 'NONE', *, *, #948, .F. ) ;
#1438 = ORIENTED_EDGE ( 'NONE', *, *, #614, .T. ) ;
#1439 = CARTESIAN_POINT ( 'NONE',  ( 27.00000000000000000, -19.50000000000000000, -2.000000000000000000 ) ) ;
#1440 = ORIENTED_EDGE ( 'NONE', *, *, #1166, .T. ) ;
#1441 = VECTOR ( 'NONE', #1708, 1000.000000000000000 ) ;
#1442 = DIRECTION ( 'NONE',  ( 1.000000000000000000, 0.0000000000000000000, 0.0000000000000000000 ) ) ;
#1443 = ORIENTED_EDGE ( 'NONE', *, *, #498, .T. ) ;
#1444 = CARTESIAN_POINT ( 'NONE',  ( -1.000000000000193400, -12.50000000000000000, 55.50000000000009900 ) ) ;
#1445 = LINE ( 'NONE', #1685, #136 ) ;
#1446 = EDGE_LOOP ( 'NONE', ( #1913, #1856, #1706, #1865 ) ) ;
#1447 = DIRECTION ( 'NONE',  ( -1.000000000000000000, 0.0000000000000000000, 3.469446951953613000E-015 ) ) ;
#1448 = CYLINDRICAL_SURFACE ( 'NONE', #235, 0.7365999999999978100 ) ;
#1449 = AXIS2_PLACEMENT_3D ( 'NONE', #1383, #2082, #1738 ) ;
#1450 = CARTESIAN_POINT ( 'NONE',  ( 28.50000000000000000, -19.50000000000000000, -2.000000000000000000 ) ) ;
#1451 = CARTESIAN_POINT ( 'NONE',  ( 53.00000000000018500, -5.500000000000000900, 49.99999999999991500 ) ) ;
#1452 = DIRECTION ( 'NONE',  ( 0.0000000000000000000, 0.0000000000000000000, 1.000000000000000000 ) ) ;
#1453 = CARTESIAN_POINT ( 'NONE',  ( 53.00000000000019900, -12.50000000000000000, 53.99999999999991500 ) ) ;
#1454 = EDGE_CURVE ( 'NONE', #1028, #1830, #522, .T. ) ;
#1455 = DIRECTION ( 'NONE',  ( 3.469446951953613000E-015, 0.0000000000000000000, 1.000000000000000000 ) ) ;
#1456 = VERTEX_POINT ( 'NONE', #2032 ) ;
#1457 = EDGE_LOOP ( 'NONE', ( #1994, #1567, #381, #1707 ) ) ;
#1458 = EDGE_CURVE ( 'NONE', #410, #831, #1287, .T. ) ;
#1459 = FACE_OUTER_BOUND ( 'NONE', #230, .T. ) ;
#1460 = EDGE_CURVE ( 'NONE', #180, #2071, #1445, .T. ) ;
#1461 = VERTEX_POINT ( 'NONE', #1150 ) ;
#1462 = CYLINDRICAL_SURFACE ( 'NONE', #1182, 1.500000000000001300 ) ;
#1463 = ORIENTED_EDGE ( 'NONE', *, *, #628, .T. ) ;
#1464 = DIRECTION ( 'NONE',  ( 1.000000000000000000, 0.0000000000000000000, 0.0000000000000000000 ) ) ;
#1465 = PRODUCT_RELATED_PRODUCT_CATEGORY ( 'part', '', ( #1066 ) ) ;
#1466 = DIRECTION ( 'NONE',  ( -1.000000000000000000, -1.224646799147353200E-016, -3.491481338843133000E-015 ) ) ;
#1467 = DIRECTION ( 'NONE',  ( 0.0000000000000000000, 0.0000000000000000000, 1.000000000000000000 ) ) ;
#1468 = FACE_OUTER_BOUND ( 'NONE', #801, .T. ) ;
#1469 = PLANE ( 'NONE',  #1610 ) ;
#1470 = CYLINDRICAL_SURFACE ( 'NONE', #2191, 4.000000000000003600 ) ;
#1471 = EDGE_LOOP ( 'NONE', ( #1625, #183, #1338, #983 ) ) ;
#1472 = DIRECTION ( 'NONE',  ( -3.486794186713383400E-015, 0.0000000000000000000, 1.000000000000000000 ) ) ;
#1473 = LINE ( 'NONE', #2106, #1149 ) ;
#1474 = CARTESIAN_POINT ( 'NONE',  ( 0.0000000000000000000, 0.0000000000000000000, -2.000000000000000000 ) ) ;
#1475 = EDGE_CURVE ( 'NONE', #1725, #1862, #917, .T. ) ;
#1476 = DIRECTION ( 'NONE',  ( 0.0000000000000000000, 0.0000000000000000000, 1.000000000000000000 ) ) ;
#1477 = DIRECTION ( 'NONE',  ( -3.491481338843133000E-015, 3.601902350432963500E-018, 1.000000000000000000 ) ) ;
#1478 = AXIS2_PLACEMENT_3D ( 'NONE', #919, #384, #742 ) ;
#1479 = DIRECTION ( 'NONE',  ( 4.625929269271481400E-015, 0.0000000000000000000, 1.000000000000000000 ) ) ;
#1480 = CARTESIAN_POINT ( 'NONE',  ( 31.00000000000000000, -12.50000000000000000, -2.000000000000000000 ) ) ;
#1481 = DIRECTION ( 'NONE',  ( -1.000000000000000000, 0.0000000000000000000, 3.469446951953613000E-015 ) ) ;
#1482 = CARTESIAN_POINT ( 'NONE',  ( 44.00000000000000000, -12.50000000000000000, 0.0000000000000000000 ) ) ;
#1483 = EDGE_LOOP ( 'NONE', ( #2157, #990, #533, #337 ) ) ;
#1484 = FACE_OUTER_BOUND ( 'NONE', #262, .T. ) ;
#1485 = EDGE_LOOP ( 'NONE', ( #234, #1878, #1967, #933 ) ) ;
#1486 = CIRCLE ( 'NONE', #1276, 1.500000000000001300 ) ;
#1487 = ORIENTED_EDGE ( 'NONE', *, *, #150, .T. ) ;
#1488 = CYLINDRICAL_SURFACE ( 'NONE', #2134, 1.500000000000001300 ) ;
#1489 = VERTEX_POINT ( 'NONE', #1352 ) ;
#1490 = ORIENTED_EDGE ( 'NONE', *, *, #754, .T. ) ;
#1491 = ORIENTED_EDGE ( 'NONE', *, *, #2145, .T. ) ;
#1492 = CARTESIAN_POINT ( 'NONE',  ( -1.000000000000150100, -12.50000000000000000, 43.00000000000009900 ) ) ;
#1493 = AXIS2_PLACEMENT_3D ( 'NONE', #341, #5, #1211 ) ;
#1494 = ORIENTED_EDGE ( 'NONE', *, *, #78, .T. ) ;
#1495 = FACE_BOUND ( 'NONE', #2207, .T. ) ;
#1496 = ORIENTED_EDGE ( 'NONE', *, *, #451, .T. ) ;
#1497 = EDGE_CURVE ( 'NONE', #1820, #416, #1634, .T. ) ;
#1498 = CARTESIAN_POINT ( 'NONE',  ( -1.000000000000203800, -12.50000000000000000, 58.50000000000009900 ) ) ;
#1499 = FACE_BOUND ( 'NONE', #1681, .T. ) ;
#1500 = PLANE ( 'NONE',  #1849 ) ;
#1501 = AXIS2_PLACEMENT_3D ( 'NONE', #1057, #1376, #1577 ) ;
#1502 = DIRECTION ( 'NONE',  ( 1.000000000000000000, 0.0000000000000000000, 0.0000000000000000000 ) ) ;
#1503 = CARTESIAN_POINT ( 'NONE',  ( 10.00000000000000200, -12.50000000000000000, 0.0000000000000000000 ) ) ;
#1504 = AXIS2_PLACEMENT_3D ( 'NONE', #1741, #737, #1930 ) ;
#1505 = CARTESIAN_POINT ( 'NONE',  ( 23.00000000000000000, -12.50000000000000000, -2.000000000000000000 ) ) ;
#1506 = CARTESIAN_POINT ( 'NONE',  ( 55.00000000000011400, -12.50000000000000000, 31.50000000000000000 ) ) ;
#1507 = ORIENTED_EDGE ( 'NONE', *, *, #26, .T. ) ;
#1508 = ORIENTED_EDGE ( 'NONE', *, *, #1076, .T. ) ;
#1509 = CARTESIAN_POINT ( 'NONE',  ( 44.00000000000000000, -12.50000000000000000, -2.000000000000000000 ) ) ;
#1510 = CYLINDRICAL_SURFACE ( 'NONE', #2220, 4.000000000000000000 ) ;
#1511 = ORIENTED_EDGE ( 'NONE', *, *, #1112, .T. ) ;
#1512 = EDGE_CURVE ( 'NONE', #1944, #1121, #2137, .T. ) ;
#1513 = LINE ( 'NONE', #1826, #1996 ) ;
#1514 = ORIENTED_EDGE ( 'NONE', *, *, #120, .F. ) ;
#1515 = DIRECTION ( 'NONE',  ( 0.0000000000000000000, 0.0000000000000000000, 1.000000000000000000 ) ) ;
#1516 = CARTESIAN_POINT ( 'NONE',  ( 1.736600000000002600, -25.00000000000000000, 0.7366000000000013600 ) ) ;
#1517 = ORIENTED_EDGE ( 'NONE', *, *, #793, .F. ) ;
#1518 = DIRECTION ( 'NONE',  ( -3.469446951953613000E-015, 0.0000000000000000000, -1.000000000000000000 ) ) ;
#1519 = CIRCLE ( 'NONE', #895, 12.49999999999999100 ) ;
#1520 =( GEOMETRIC_REPRESENTATION_CONTEXT ( 3 ) GLOBAL_UNCERTAINTY_ASSIGNED_CONTEXT ( ( #825 ) ) GLOBAL_UNIT_ASSIGNED_CONTEXT ( ( #449, #1796, #606 ) ) REPRESENTATION_CONTEXT ( 'NONE', 'WORKASPACE' ) );
#1521 = VECTOR ( 'NONE', #1816, 1000.000000000000000 ) ;
#1522 = DIRECTION ( 'NONE',  ( 1.000000000000000000, 0.0000000000000000000, 0.0000000000000000000 ) ) ;
#1523 = ORIENTED_EDGE ( 'NONE', *, *, #725, .T. ) ;
#1524 = VECTOR ( 'NONE', #1243, 1000.000000000000000 ) ;
#1525 = DIRECTION ( 'NONE',  ( -3.469446951953611000E-015, 0.0000000000000000000, 1.000000000000000000 ) ) ;
#1526 = EDGE_CURVE ( 'NONE', #1121, #748, #1171, .T. ) ;
#1527 = DIRECTION ( 'NONE',  ( -1.000000000000000000, -1.224646799147353200E-016, -3.491481338843133000E-015 ) ) ;
#1528 = ADVANCED_FACE ( 'NONE', ( #1686 ), #1793, .F. ) ;
#1529 = AXIS2_PLACEMENT_3D ( 'NONE', #1562, #738, #366 ) ;
#1530 = DIRECTION ( 'NONE',  ( 0.0000000000000000000, -9.420165495394050400E-015, -1.000000000000000000 ) ) ;
#1531 = AXIS2_PLACEMENT_3D ( 'NONE', #2065, #1046, #13 ) ;
#1532 = DIRECTION ( 'NONE',  ( -1.000000000000000000, -1.224646799147353200E-016, -3.491481338843133000E-015 ) ) ;
#1533 = ORIENTED_EDGE ( 'NONE', *, *, #1803, .F. ) ;
#1534 = CARTESIAN_POINT ( 'NONE',  ( 0.9999999999998256900, -12.49999999999999300, 49.50000000000020600 ) ) ;
#1535 = LINE ( 'NONE', #1111, #1161 ) ;
#1536 = EDGE_CURVE ( 'NONE', #258, #681, #834, .T. ) ;
#1537 = VERTEX_POINT ( 'NONE', #512 ) ;
#1538 = CARTESIAN_POINT ( 'NONE',  ( -1.000000000000174300, -12.50000000000000000, 50.00000000000009900 ) ) ;
#1539 = FACE_OUTER_BOUND ( 'NONE', #568, .T. ) ;
#1540 = EDGE_LOOP ( 'NONE', ( #1903, #1245, #269, #68 ) ) ;
#1541 = FACE_BOUND ( 'NONE', #1282, .T. ) ;
#1542 = ADVANCED_FACE ( 'NONE', ( #941 ), #970, .F. ) ;
#1543 = ORIENTED_EDGE ( 'NONE', *, *, #1414, .T. ) ;
#1544 = EDGE_CURVE ( 'NONE', #658, #162, #1235, .T. ) ;
#1545 = ORIENTED_EDGE ( 'NONE', *, *, #1999, .F. ) ;
#1546 = CARTESIAN_POINT ( 'NONE',  ( 45.50000000000000000, -12.50000000000000000, 0.0000000000000000000 ) ) ;
#1547 = ORIENTED_EDGE ( 'NONE', *, *, #1609, .T. ) ;
#1548 = DIRECTION ( 'NONE',  ( -1.000000000000000000, 0.0000000000000000000, 3.469446951953613000E-015 ) ) ;
#1549 = CARTESIAN_POINT ( 'NONE',  ( 55.00000000000000000, -24.99999999999998600, 0.7365999999999899300 ) ) ;
#1550 = AXIS2_PLACEMENT_3D ( 'NONE', #1023, #1194, #1715 ) ;
#1551 = FACE_OUTER_BOUND ( 'NONE', #1671, .T. ) ;
#1552 = VERTEX_POINT ( 'NONE', #166 ) ;
#1553 = CARTESIAN_POINT ( 'NONE',  ( -1.000000000000171000, -19.50000000000000000, 50.00000000000009900 ) ) ;
#1554 = CIRCLE ( 'NONE', #60, 1.500000000000001300 ) ;
#1555 = DIRECTION ( 'NONE',  ( -0.0000000000000000000, -1.000000000000000000, -0.0000000000000000000 ) ) ;
#1556 = ADVANCED_FACE ( 'NONE', ( #1714, #1822, #1495, #710, #439, #762, #2058, #2083 ), #1881, .T. ) ;
#1557 = CARTESIAN_POINT ( 'NONE',  ( 0.9999999999999471500, -12.50000000000000000, 14.50000000000019500 ) ) ;
#1558 = CARTESIAN_POINT ( 'NONE',  ( 53.00000000000019900, -12.50000000000000000, 56.99999999999991500 ) ) ;
#1559 = AXIS2_PLACEMENT_3D ( 'NONE', #1133, #2000, #476 ) ;
#1560 = EDGE_LOOP ( 'NONE', ( #903, #1976, #2002, #912 ) ) ;
#1561 = DIRECTION ( 'NONE',  ( -1.000000000000000000, 0.0000000000000000000, 3.469446951953613000E-015 ) ) ;
#1562 = CARTESIAN_POINT ( 'NONE',  ( 45.50000000000000000, -12.50000000000000000, -2.000000000000000000 ) ) ;
#1563 = ADVANCED_FACE ( 'NONE', ( #1551 ), #300, .F. ) ;
#1564 = ORIENTED_EDGE ( 'NONE', *, *, #475, .T. ) ;
#1565 = CARTESIAN_POINT ( 'NONE',  ( -1.000000000000205600, 0.0000000000000000000, 49.50000000000019900 ) ) ;
#1566 = CYLINDRICAL_SURFACE ( 'NONE', #2064, 1.500000000000001300 ) ;
#1567 = ORIENTED_EDGE ( 'NONE', *, *, #2128, .T. ) ;
#1568 = DIRECTION ( 'NONE',  ( -1.000000000000000000, -1.224646799147353200E-016, -3.491481338843133400E-015 ) ) ;
#1569 = EDGE_CURVE ( 'NONE', #398, #2022, #1343, .T. ) ;
#1570 = ORIENTED_EDGE ( 'NONE', *, *, #1458, .T. ) ;
#1571 = EDGE_LOOP ( 'NONE', ( #1627, #211, #1650, #1917 ) ) ;
#1572 = DIRECTION ( 'NONE',  ( -1.000000000000000000, 0.0000000000000000000, 3.469446951953613000E-015 ) ) ;
#1573 = CARTESIAN_POINT ( 'NONE',  ( 1.736599999999993000, 0.0000000000000000000, 1.626303258728256700E-015 ) ) ;
#1574 = EDGE_LOOP ( 'NONE', ( #39, #1494, #1598, #1716 ) ) ;
#1575 = EDGE_CURVE ( 'NONE', #1288, #223, #885, .T. ) ;
#1576 = CIRCLE ( 'NONE', #165, 1.500000000000001300 ) ;
#1577 = DIRECTION ( 'NONE',  ( 3.469446951953611000E-015, 0.0000000000000000000, 1.000000000000000000 ) ) ;
#1578 = VERTEX_POINT ( 'NONE', #693 ) ;
#1579 = EDGE_CURVE ( 'NONE', #1316, #248, #1607, .T. ) ;
#1580 = CYLINDRICAL_SURFACE ( 'NONE', #102, 12.49999999999999600 ) ;
#1581 = CARTESIAN_POINT ( 'NONE',  ( 47.00000000000000000, -12.50000000000000000, 0.0000000000000000000 ) ) ;
#1582 = VERTEX_POINT ( 'NONE', #1368 ) ;
#1583 = ADVANCED_FACE ( 'NONE', ( #415 ), #1261, .F. ) ;
#1584 = DIRECTION ( 'NONE',  ( -2.943801717310626500E-016, 1.000000000000000000, -7.359504293276566200E-017 ) ) ;
#1585 =( GEOMETRIC_REPRESENTATION_CONTEXT ( 3 ) GLOBAL_UNCERTAINTY_ASSIGNED_CONTEXT ( ( #528 ) ) GLOBAL_UNIT_ASSIGNED_CONTEXT ( ( #1178, #484, #2039 ) ) REPRESENTATION_CONTEXT ( 'NONE', 'WORKASPACE' ) );
#1586 = CARTESIAN_POINT ( 'NONE',  ( 23.00000000000000000, -12.50000000000000000, -2.000000000000000000 ) ) ;
#1587 = CARTESIAN_POINT ( 'NONE',  ( 53.00000000000018500, -19.50000000000000000, 49.99999999999991500 ) ) ;
#1588 = DIRECTION ( 'NONE',  ( -1.000000000000000000, 0.0000000000000000000, 3.469446951953613000E-015 ) ) ;
#1589 = EDGE_CURVE ( 'NONE', #406, #879, #994, .T. ) ;
#1590 = DIRECTION ( 'NONE',  ( -3.469446951953611000E-015, 0.0000000000000000000, 1.000000000000000000 ) ) ;
#1591 = CARTESIAN_POINT ( 'NONE',  ( 0.9999999999998309100, -5.500000000000000900, 48.50000000000010700 ) ) ;
#1592 = VERTEX_POINT ( 'NONE', #193 ) ;
#1593 = AXIS2_PLACEMENT_3D ( 'NONE', #1252, #411, #2119 ) ;
#1594 = VECTOR ( 'NONE', #425, 1000.000000000000000 ) ;
#1595 = CARTESIAN_POINT ( 'NONE',  ( 27.00000000000000000, -12.50000000000000000, -2.000000000000000000 ) ) ;
#1596 = ORIENTED_EDGE ( 'NONE', *, *, #158, .F. ) ;
#1597 = FACE_OUTER_BOUND ( 'NONE', #1812, .T. ) ;
#1598 = ORIENTED_EDGE ( 'NONE', *, *, #1179, .T. ) ;
#1599 = VECTOR ( 'NONE', #188, 1000.000000000000000 ) ;
#1600 = ORIENTED_EDGE ( 'NONE', *, *, #1660, .F. ) ;
#1601 = ORIENTED_EDGE ( 'NONE', *, *, #2033, .F. ) ;
#1602 = DIRECTION ( 'NONE',  ( 4.625929269271475900E-015, 0.0000000000000000000, 1.000000000000000000 ) ) ;
#1603 = CYLINDRICAL_SURFACE ( 'NONE', #1504, 1.500000000000001300 ) ;
#1604 = ORIENTED_EDGE ( 'NONE', *, *, #571, .F. ) ;
#1605 = ADVANCED_FACE ( 'NONE', ( #1318 ), #861, .F. ) ;
#1606 = EDGE_LOOP ( 'NONE', ( #1823, #2073 ) ) ;
#1607 = CIRCLE ( 'NONE', #1055, 4.000000000000003600 ) ;
#1608 = EDGE_LOOP ( 'NONE', ( #1463, #128 ) ) ;
#1609 = EDGE_CURVE ( 'NONE', #146, #2077, #814, .T. ) ;
#1610 = AXIS2_PLACEMENT_3D ( 'NONE', #1990, #256, #974 ) ;
#1611 = CARTESIAN_POINT ( 'NONE',  ( -0.9999999999999995600, -25.00000000000000000, 0.7365999999999913700 ) ) ;
#1612 = LINE ( 'NONE', #1906, #1983 ) ;
#1613 = CARTESIAN_POINT ( 'NONE',  ( 1.000000000000000400, -25.00000000000000000, 0.7365999999999982600 ) ) ;
#1614 = EDGE_CURVE ( 'NONE', #1592, #2166, #495, .T. ) ;
#1615 = CARTESIAN_POINT ( 'NONE',  ( -1.000000000000237400, 1.224646799147062600E-016, 68.00000000000000000 ) ) ;
#1616 = DIRECTION ( 'NONE',  ( 4.625929269271481400E-015, 0.0000000000000000000, 1.000000000000000000 ) ) ;
#1617 = AXIS2_PLACEMENT_3D ( 'NONE', #391, #1744, #34 ) ;
#1618 = CARTESIAN_POINT ( 'NONE',  ( 53.00000000000018500, -12.50000000000000000, 49.99999999999991500 ) ) ;
#1619 = EDGE_LOOP ( 'NONE', ( #1965, #1072 ) ) ;
#1620 = CARTESIAN_POINT ( 'NONE',  ( 0.9999999999998013800, -12.50000000000000000, 57.00000000000010700 ) ) ;
#1621 = VERTEX_POINT ( 'NONE', #529 ) ;
#1622 = DIRECTION ( 'NONE',  ( 4.625929269271481400E-015, 0.0000000000000000000, 1.000000000000000000 ) ) ;
#1623 = CARTESIAN_POINT ( 'NONE',  ( 34.00000000000000000, -12.49999999999999800, -2.000000000000000000 ) ) ;
#1624 = VECTOR ( 'NONE', #1935, 1000.000000000000000 ) ;
#1625 = ORIENTED_EDGE ( 'NONE', *, *, #1083, .F. ) ;
#1626 = DIRECTION ( 'NONE',  ( -3.486794186713383400E-015, 0.0000000000000000000, 1.000000000000000000 ) ) ;
#1627 = ORIENTED_EDGE ( 'NONE', *, *, #1320, .F. ) ;
#1628 = CARTESIAN_POINT ( 'NONE',  ( 0.9999999999998302500, -24.99999999999998600, 49.50000000000020600 ) ) ;
#1629 = EDGE_LOOP ( 'NONE', ( #2179, #1373 ) ) ;
#1630 = DIRECTION ( 'NONE',  ( -1.000000000000000000, -1.224646799147353200E-016, -3.491481338843133000E-015 ) ) ;
#1631 = CLOSED_SHELL ( 'NONE', ( #1242, #1739, #195, #1915, #203, #1214, #362, #335, #1884, #1528, #2045, #417, #921, #1026, #3, #535, #1374, #1089, #243, #726, #552, #1748, #349, #31, #888, #374, #1556, #1409, #573, #865, #1067, #167, #1056, #1237, #1605, #2060, #19, #2069, #1542, #1021, #707, #2212, #1726, #1195, #1377, #390, #1895, #872, #218, #694, #1907, #1583, #1774, #179, #855, #1563, #1717, #1220, #1042, #525, #896, #716, #1722, #1700, #2081, #1390 ) ) ;
#1632 = DIRECTION ( 'NONE',  ( 4.625929269271481400E-015, 0.0000000000000000000, 1.000000000000000000 ) ) ;
#1633 = EDGE_CURVE ( 'NONE', #721, #879, #1146, .T. ) ;
#1634 = CIRCLE ( 'NONE', #911, 1.500000000000001300 ) ;
#1635 = ORIENTED_EDGE ( 'NONE', *, *, #2074, .T. ) ;
#1636 = DIRECTION ( 'NONE',  ( 1.000000000000000000, 0.0000000000000000000, 0.0000000000000000000 ) ) ;
#1637 = CYLINDRICAL_SURFACE ( 'NONE', #1371, 12.49999999999999600 ) ;
#1638 = CARTESIAN_POINT ( 'NONE',  ( -1.000000000000179600, -5.500000000000000900, 51.50000000000009900 ) ) ;
#1639 = AXIS2_PLACEMENT_3D ( 'NONE', #2135, #1095, #1464 ) ;
#1640 = CARTESIAN_POINT ( 'NONE',  ( 0.9999999999998013800, -12.50000000000000000, 57.00000000000010700 ) ) ;
#1641 = CARTESIAN_POINT ( 'NONE',  ( 0.9999999999998880900, -12.50000000000000000, 31.50000000000020300 ) ) ;
#1642 = CARTESIAN_POINT ( 'NONE',  ( 55.00000000000017100, -12.49999999999999300, 49.50000000000000000 ) ) ;
#1643 = EDGE_CURVE ( 'NONE', #596, #1537, #1664, .T. ) ;
#1644 = CARTESIAN_POINT ( 'NONE',  ( 0.9999999999998447900, -12.50000000000000000, 44.50000000000010700 ) ) ;
#1645 = CARTESIAN_POINT ( 'NONE',  ( 0.9999999999998256900, -5.500000000000000900, 50.00000000000010700 ) ) ;
#1646 = VERTEX_POINT ( 'NONE', #523 ) ;
#1647 = AXIS2_PLACEMENT_3D ( 'NONE', #1847, #474, #1153 ) ;
#1648 = CARTESIAN_POINT ( 'NONE',  ( 21.50000000000000000, -12.49999999999999800, -2.000000000000000000 ) ) ;
#1649 = LINE ( 'NONE', #1586, #399 ) ;
#1650 = ORIENTED_EDGE ( 'NONE', *, *, #2041, .T. ) ;
#1651 = DIRECTION ( 'NONE',  ( 4.625929269271481400E-015, 0.0000000000000000000, 1.000000000000000000 ) ) ;
#1652 = CIRCLE ( 'NONE', #363, 4.000000000000003600 ) ;
#1653 = VERTEX_POINT ( 'NONE', #1218 ) ;
#1654 = FACE_OUTER_BOUND ( 'NONE', #1560, .T. ) ;
#1655 = ORIENTED_EDGE ( 'NONE', *, *, #1799, .F. ) ;
#1656 = EDGE_LOOP ( 'NONE', ( #288, #1148 ) ) ;
#1657 = DIRECTION ( 'NONE',  ( -1.224646799147353000E-016, 1.000000000000000000, -3.601902350433391000E-018 ) ) ;
#1658 = DIRECTION ( 'NONE',  ( 0.0000000000000000000, 0.0000000000000000000, 1.000000000000000000 ) ) ;
#1659 = VECTOR ( 'NONE', #616, 1000.000000000000000 ) ;
#1660 = EDGE_CURVE ( 'NONE', #2184, #407, #1101, .T. ) ;
#1661 = CARTESIAN_POINT ( 'NONE',  ( 20.00000000000000000, -12.49999999999999800, -2.000000000000000000 ) ) ;
#1662 = VECTOR ( 'NONE', #2093, 1000.000000000000000 ) ;
#1663 = ORIENTED_EDGE ( 'NONE', *, *, #1773, .F. ) ;
#1664 = CIRCLE ( 'NONE', #1550, 1.500000000000001300 ) ;
#1665 = ORIENTED_EDGE ( 'NONE', *, *, #668, .F. ) ;
#1666 = EDGE_CURVE ( 'NONE', #2046, #2071, #2007, .T. ) ;
#1667 = AXIS2_PLACEMENT_3D ( 'NONE', #759, #938, #1777 ) ;
#1668 = DIRECTION ( 'NONE',  ( -1.000000000000000000, 0.0000000000000000000, 3.469446951953613000E-015 ) ) ;
#1669 = DIRECTION ( 'NONE',  ( 3.330669073875472000E-015, 0.0000000000000000000, 1.000000000000000000 ) ) ;
#1670 = DIRECTION ( 'NONE',  ( 1.000000000000000000, 0.0000000000000000000, 0.0000000000000000000 ) ) ;
#1671 = EDGE_LOOP ( 'NONE', ( #1596, #1221, #214, #1443 ) ) ;
#1672 = DIRECTION ( 'NONE',  ( 1.000000000000000000, 1.224646799147353200E-016, 3.491481338843133000E-015 ) ) ;
#1673 = FACE_OUTER_BOUND ( 'NONE', #12, .T. ) ;
#1674 = VERTEX_POINT ( 'NONE', #566 ) ;
#1675 = CARTESIAN_POINT ( 'NONE',  ( 20.00000000000000000, -12.49999999999999800, -2.000000000000000000 ) ) ;
#1676 = CIRCLE ( 'NONE', #473, 1.500000000000001300 ) ;
#1677 = DIRECTION ( 'NONE',  ( 1.000000000000000000, 0.0000000000000000000, 0.0000000000000000000 ) ) ;
#1678 = ORIENTED_EDGE ( 'NONE', *, *, #1078, .F. ) ;
#1679 = VECTOR ( 'NONE', #894, 1000.000000000000000 ) ;
#1680 = EDGE_LOOP ( 'NONE', ( #1253, #1006 ) ) ;
#1681 = EDGE_LOOP ( 'NONE', ( #1045, #465 ) ) ;
#1682 = AXIS2_PLACEMENT_3D ( 'NONE', #383, #1039, #357 ) ;
#1683 = SHAPE_DEFINITION_REPRESENTATION ( #608, #2167 ) ;
#1684 = ORIENTED_EDGE ( 'NONE', *, *, #1526, .T. ) ;
#1685 = CARTESIAN_POINT ( 'NONE',  ( 35.50000000000000700, -12.49999999999999800, -2.000000000000000000 ) ) ;
#1686 = FACE_OUTER_BOUND ( 'NONE', #1457, .T. ) ;
#1687 = VERTEX_POINT ( 'NONE', #1591 ) ;
#1688 = EDGE_CURVE ( 'NONE', #487, #216, #2111, .T. ) ;
#1689 = DIRECTION ( 'NONE',  ( 0.0000000000000000000, 0.0000000000000000000, 1.000000000000000000 ) ) ;
#1690 = FACE_BOUND ( 'NONE', #1656, .T. ) ;
#1691 = DIRECTION ( 'NONE',  ( 0.0000000000000000000, 0.0000000000000000000, 1.000000000000000000 ) ) ;
#1692 = EDGE_CURVE ( 'NONE', #602, #648, #1048, .T. ) ;
#1693 = DIRECTION ( 'NONE',  ( 1.000000000000000000, 0.0000000000000000000, 0.0000000000000000000 ) ) ;
#1694 = DIRECTION ( 'NONE',  ( 0.0000000000000000000, 0.0000000000000000000, 1.000000000000000000 ) ) ;
#1695 = DIRECTION ( 'NONE',  ( 3.469446951953613000E-015, 0.0000000000000000000, 1.000000000000000000 ) ) ;
#1696 = DIRECTION ( 'NONE',  ( -1.000000000000000000, 0.0000000000000000000, 3.469446951953613000E-015 ) ) ;
#1697 = EDGE_LOOP ( 'NONE', ( #962, #312 ) ) ;
#1698 = DIRECTION ( 'NONE',  ( 0.0000000000000000000, 0.0000000000000000000, 1.000000000000000000 ) ) ;
#1699 = VECTOR ( 'NONE', #715, 1000.000000000000000 ) ;
#1700 = ADVANCED_FACE ( 'NONE', ( #192 ), #1846, .F. ) ;
#1701 = EDGE_LOOP ( 'NONE', ( #540, #452, #2150, #670 ) ) ;
#1702 = EDGE_CURVE ( 'NONE', #145, #1653, #1955, .T. ) ;
#1703 = CARTESIAN_POINT ( 'NONE',  ( 27.00000000000000000, -12.50000000000000000, -2.000000000000000000 ) ) ;
#1704 = VERTEX_POINT ( 'NONE', #558 ) ;
#1705 = DIRECTION ( 'NONE',  ( 1.000000000000000000, 1.224646799147353200E-016, 3.491481338843133000E-015 ) ) ;
#1706 = ORIENTED_EDGE ( 'NONE', *, *, #1454, .T. ) ;
#1707 = ORIENTED_EDGE ( 'NONE', *, *, #1729, .F. ) ;
#1708 = DIRECTION ( 'NONE',  ( 1.000000000000000000, 0.0000000000000000000, -3.491481338843133400E-015 ) ) ;
#1709 = DIRECTION ( 'NONE',  ( -2.943801717310637400E-015, -7.359504293276653700E-017, -1.000000000000000000 ) ) ;
#1710 = AXIS2_PLACEMENT_3D ( 'NONE', #2143, #1126, #1317 ) ;
#1711 = ORIENTED_EDGE ( 'NONE', *, *, #1166, .F. ) ;
#1712 = CIRCLE ( 'NONE', #653, 1.500000000000001300 ) ;
#1713 = ORIENTED_EDGE ( 'NONE', *, *, #1387, .F. ) ;
#1714 = FACE_BOUND ( 'NONE', #2109, .T. ) ;
#1715 = DIRECTION ( 'NONE',  ( -3.469446951953611000E-015, 0.0000000000000000000, 1.000000000000000000 ) ) ;
#1716 = ORIENTED_EDGE ( 'NONE', *, *, #863, .F. ) ;
#1717 = ADVANCED_FACE ( 'NONE', ( #1902 ), #734, .F. ) ;
#1718 = DIRECTION ( 'NONE',  ( -3.469446951953611000E-015, 0.0000000000000000000, 1.000000000000000000 ) ) ;
#1719 = DIRECTION ( 'NONE',  ( -1.000000000000000000, 0.0000000000000000000, 3.469446951953613000E-015 ) ) ;
#1720 = DIRECTION ( 'NONE',  ( 3.469446951953611000E-015, 0.0000000000000000000, 1.000000000000000000 ) ) ;
#1721 = PLANE ( 'NONE',  #386 ) ;
#1722 = ADVANCED_FACE ( 'NONE', ( #27 ), #576, .F. ) ;
#1723 = AXIS2_PLACEMENT_3D ( 'NONE', #999, #1694, #1677 ) ;
#1724 = PLANE ( 'NONE',  #1682 ) ;
#1725 = VERTEX_POINT ( 'NONE', #2088 ) ;
#1726 = ADVANCED_FACE ( 'NONE', ( #1143 ), #1417, .T. ) ;
#1727 = DIRECTION ( 'NONE',  ( -3.491481338843133000E-015, 0.0000000000000000000, 1.000000000000000000 ) ) ;
#1728 = LINE ( 'NONE', #1833, #1836 ) ;
#1729 = EDGE_CURVE ( 'NONE', #20, #849, #550, .T. ) ;
#1730 = ORIENTED_EDGE ( 'NONE', *, *, #1292, .F. ) ;
#1731 = CARTESIAN_POINT ( 'NONE',  ( 3.061616997868383000E-015, -25.00000000000000000, 0.0000000000000000000 ) ) ;
#1732 = CYLINDRICAL_SURFACE ( 'NONE', #817, 1.500000000000001300 ) ;
#1733 = VERTEX_POINT ( 'NONE', #1756 ) ;
#1734 = CIRCLE ( 'NONE', #397, 1.500000000000001300 ) ;
#1735 = ORIENTED_EDGE ( 'NONE', *, *, #889, .F. ) ;
#1736 = EDGE_CURVE ( 'NONE', #1160, #69, #104, .T. ) ;
#1737 = ORIENTED_EDGE ( 'NONE', *, *, #1265, .F. ) ;
#1738 = DIRECTION ( 'NONE',  ( 0.0000000000000000000, -0.0000000000000000000, -1.000000000000000000 ) ) ;
#1739 = ADVANCED_FACE ( 'NONE', ( #2161 ), #2004, .F. ) ;
#1740 = FACE_OUTER_BOUND ( 'NONE', #2185, .T. ) ;
#1741 = CARTESIAN_POINT ( 'NONE',  ( 27.00000000000000000, -19.50000000000000000, -2.000000000000000000 ) ) ;
#1742 = VECTOR ( 'NONE', #684, 1000.000000000000000 ) ;
#1743 = ORIENTED_EDGE ( 'NONE', *, *, #1353, .F. ) ;
#1744 = DIRECTION ( 'NONE',  ( -1.000000000000000000, 0.0000000000000000000, 3.469446951953613000E-015 ) ) ;
#1745 = LINE ( 'NONE', #441, #2190 ) ;
#1746 = CARTESIAN_POINT ( 'NONE',  ( -1.000000000000052800, -12.50000000000000000, 14.50000000000018800 ) ) ;
#1747 = EDGE_CURVE ( 'NONE', #291, #1867, #2213, .T. ) ;
#1748 = ADVANCED_FACE ( 'NONE', ( #1315 ), #160, .F. ) ;
#1749 = DIRECTION ( 'NONE',  ( -1.000000000000000000, 0.0000000000000000000, 3.469446951953613000E-015 ) ) ;
#1750 = DIRECTION ( 'NONE',  ( -3.469446951953611000E-015, 0.0000000000000000000, 1.000000000000000000 ) ) ;
#1751 = AXIS2_PLACEMENT_3D ( 'NONE', #1982, #2156, #961 ) ;
#1752 = DIRECTION ( 'NONE',  ( 1.000000000000000000, 0.0000000000000000000, 0.0000000000000000000 ) ) ;
#1753 = VERTEX_POINT ( 'NONE', #1581 ) ;
#1754 = CIRCLE ( 'NONE', #1080, 1.500000000000001300 ) ;
#1755 = EDGE_LOOP ( 'NONE', ( #521, #2027 ) ) ;
#1756 = CARTESIAN_POINT ( 'NONE',  ( 53.00000000000021300, -12.49999999999999300, 62.00000000000000000 ) ) ;
#1757 = EDGE_CURVE ( 'NONE', #431, #597, #350, .T. ) ;
#1758 = FACE_OUTER_BOUND ( 'NONE', #1446, .T. ) ;
#1759 = ORIENTED_EDGE ( 'NONE', *, *, #1475, .T. ) ;
#1760 = ORIENTED_EDGE ( 'NONE', *, *, #204, .T. ) ;
#1761 = EDGE_LOOP ( 'NONE', ( #377, #1759 ) ) ;
#1762 = AXIS2_PLACEMENT_3D ( 'NONE', #284, #1322, #2214 ) ;
#1763 = COLOUR_RGB ( '',0.2509803921568627400, 0.2509803921568627400, 0.2509803921568627400 ) ;
#1764 = CARTESIAN_POINT ( 'NONE',  ( -0.9999999999999970000, -25.00000000000000000, -6.982962677686266700E-015 ) ) ;
#1765 = EDGE_LOOP ( 'NONE', ( #1839, #828 ) ) ;
#1766 = CIRCLE ( 'NONE', #980, 1.500000000000001300 ) ;
#1767 = DIRECTION ( 'NONE',  ( -1.000000000000000000, 0.0000000000000000000, 3.469446951953613000E-015 ) ) ;
#1768 = VERTEX_POINT ( 'NONE', #1065 ) ;
#1769 = VECTOR ( 'NONE', #2176, 1000.000000000000000 ) ;
#1770 = ORIENTED_EDGE ( 'NONE', *, *, #1643, .F. ) ;
#1771 = CARTESIAN_POINT ( 'NONE',  ( -1.000000000000198700, -12.50000000000000000, 57.00000000000009900 ) ) ;
#1772 = AXIS2_PLACEMENT_3D ( 'NONE', #1375, #696, #1718 ) ;
#1773 = EDGE_CURVE ( 'NONE', #1363, #191, #545, .T. ) ;
#1774 = ADVANCED_FACE ( 'NONE', ( #1979 ), #466, .F. ) ;
#1775 = EDGE_CURVE ( 'NONE', #1288, #1947, #1712, .T. ) ;
#1776 = DIRECTION ( 'NONE',  ( 1.224646799147353200E-016, -1.000000000000000000, 4.275831445896957700E-031 ) ) ;
#1777 = DIRECTION ( 'NONE',  ( 0.0000000000000000000, 0.0000000000000000000, 1.000000000000000000 ) ) ;
#1778 = ORIENTED_EDGE ( 'NONE', *, *, #1419, .F. ) ;
#1779 = PRESENTATION_LAYER_ASSIGNMENT (  '', '', ( #1127 ) ) ;
#1780 = VECTOR ( 'NONE', #506, 1000.000000000000000 ) ;
#1781 = DIRECTION ( 'NONE',  ( -1.000000000000000000, -1.224646799147353200E-016, -3.491481338843133000E-015 ) ) ;
#1782 = VERTEX_POINT ( 'NONE', #1295 ) ;
#1783 = LINE ( 'NONE', #1613, #875 ) ;
#1784 = ORIENTED_EDGE ( 'NONE', *, *, #275, .T. ) ;
#1785 = LINE ( 'NONE', #669, #702 ) ;
#1786 = CARTESIAN_POINT ( 'NONE',  ( -1.000000000000155200, -12.50000000000000000, 44.50000000000009900 ) ) ;
#1787 = ORIENTED_EDGE ( 'NONE', *, *, #393, .F. ) ;
#1788 = ORIENTED_EDGE ( 'NONE', *, *, #1660, .T. ) ;
#1789 = CARTESIAN_POINT ( 'NONE',  ( 53.00000000000004300, -12.50000000000000000, 12.99999999999999800 ) ) ;
#1790 = ORIENTED_EDGE ( 'NONE', *, *, #891, .T. ) ;
#1791 = CARTESIAN_POINT ( 'NONE',  ( 53.00000000000009900, -12.50000000000000000, 30.00000000000000400 ) ) ;
#1792 = VECTOR ( 'NONE', #1968, 1000.000000000000000 ) ;
#1793 = CYLINDRICAL_SURFACE ( 'NONE', #1825, 1.500000000000003100 ) ;
#1794 = ORIENTED_EDGE ( 'NONE', *, *, #904, .F. ) ;
#1795 = AXIS2_PLACEMENT_3D ( 'NONE', #420, #2092, #1412 ) ;
#1796 =( NAMED_UNIT ( * ) PLANE_ANGLE_UNIT ( ) SI_UNIT ( $, .RADIAN. ) );
#1797 = LINE ( 'NONE', #251, #443 ) ;
#1798 = CARTESIAN_POINT ( 'NONE',  ( 1.736600000000002600, -25.00000000000000000, 0.7366000000000013600 ) ) ;
#1799 = EDGE_CURVE ( 'NONE', #646, #1456, #1819, .T. ) ;
#1800 = CARTESIAN_POINT ( 'NONE',  ( -1.000000000000174300, -12.49999999999999300, 49.50000000000019900 ) ) ;
#1801 = CARTESIAN_POINT ( 'NONE',  ( 34.00000000000000000, -12.49999999999999800, -2.000000000000000000 ) ) ;
#1802 = DIRECTION ( 'NONE',  ( -1.000000000000000000, 0.0000000000000000000, 3.469446951953613000E-015 ) ) ;
#1803 = EDGE_CURVE ( 'NONE', #1308, #1363, #1766, .T. ) ;
#1804 = EDGE_CURVE ( 'NONE', #1578, #1456, #601, .T. ) ;
#1805 = ORIENTED_EDGE ( 'NONE', *, *, #120, .T. ) ;
#1806 = DIRECTION ( 'NONE',  ( 3.469446951953613000E-015, -0.0000000000000000000, 1.000000000000000000 ) ) ;
#1807 = LINE ( 'NONE', #2061, #1699 ) ;
#1808 = ORIENTED_EDGE ( 'NONE', *, *, #171, .F. ) ;
#1809 = DIRECTION ( 'NONE',  ( -3.491481338843133000E-015, 0.0000000000000000000, 1.000000000000000000 ) ) ;
#1810 = CIRCLE ( 'NONE', #845, 1.500000000000001300 ) ;
#1811 = DIRECTION ( 'NONE',  ( -1.000000000000000000, -1.224646799147353200E-016, -3.491481338843133000E-015 ) ) ;
#1812 = EDGE_LOOP ( 'NONE', ( #1418, #1788, #812, #671 ) ) ;
#1813 = DIRECTION ( 'NONE',  ( 3.491481338843133000E-015, 0.0000000000000000000, -1.000000000000000000 ) ) ;
#1814 = ORIENTED_EDGE ( 'NONE', *, *, #779, .F. ) ;
#1815 = VECTOR ( 'NONE', #281, 1000.000000000000000 ) ;
#1816 = DIRECTION ( 'NONE',  ( 0.0000000000000000000, 1.000000000000000000, 0.0000000000000000000 ) ) ;
#1817 = DIRECTION ( 'NONE',  ( 0.0000000000000000000, 0.0000000000000000000, 1.000000000000000000 ) ) ;
#1818 = EDGE_CURVE ( 'NONE', #1552, #2184, #1392, .T. ) ;
#1819 = CIRCLE ( 'NONE', #867, 4.000000000000003600 ) ;
#1820 = VERTEX_POINT ( 'NONE', #1107 ) ;
#1821 = CARTESIAN_POINT ( 'NONE',  ( 0.9999999999998118200, -12.50000000000000000, 54.00000000000011400 ) ) ;
#1822 = FACE_BOUND ( 'NONE', #123, .T. ) ;
#1823 = ORIENTED_EDGE ( 'NONE', *, *, #1692, .F. ) ;
#1824 = CARTESIAN_POINT ( 'NONE',  ( 28.50000000000000000, -5.500000000000001800, 0.0000000000000000000 ) ) ;
#1825 = AXIS2_PLACEMENT_3D ( 'NONE', #333, #1177, #1851 ) ;
#1826 = CARTESIAN_POINT ( 'NONE',  ( 28.50000000000000000, -5.500000000000001800, -2.000000000000000000 ) ) ;
#1827 = CARTESIAN_POINT ( 'NONE',  ( 25.50000000000000000, -19.50000000000000000, -2.000000000000000000 ) ) ;
#1828 = DIRECTION ( 'NONE',  ( 0.0000000000000000000, 0.0000000000000000000, 1.000000000000000000 ) ) ;
#1829 = DIRECTION ( 'NONE',  ( 4.625929269271481400E-015, 0.0000000000000000000, 1.000000000000000000 ) ) ;
#1830 = VERTEX_POINT ( 'NONE', #276 ) ;
#1831 = CIRCLE ( 'NONE', #161, 1.500000000000001300 ) ;
#1832 = ORIENTED_EDGE ( 'NONE', *, *, #1922, .T. ) ;
#1833 = CARTESIAN_POINT ( 'NONE',  ( 1.736600000000000400, -25.00000000000000000, 3.469446951953614200E-015 ) ) ;
#1834 = VECTOR ( 'NONE', #2117, 1000.000000000000000 ) ;
#1835 = ORIENTED_EDGE ( 'NONE', *, *, #2181, .T. ) ;
#1836 = VECTOR ( 'NONE', #1709, 1000.000000000000000 ) ;
#1837 = DIRECTION ( 'NONE',  ( -1.000000000000000000, 0.0000000000000000000, 3.469446951953613000E-015 ) ) ;
#1838 = ORIENTED_EDGE ( 'NONE', *, *, #818, .F. ) ;
#1839 = ORIENTED_EDGE ( 'NONE', *, *, #904, .T. ) ;
#1840 = DIRECTION ( 'NONE',  ( -1.000000000000000000, -1.224646799147353200E-016, -3.491481338843133000E-015 ) ) ;
#1841 =( LENGTH_UNIT ( ) NAMED_UNIT ( * ) SI_UNIT ( .MILLI., .METRE. ) );
#1842 = VERTEX_POINT ( 'NONE', #1611 ) ;
#1843 = EDGE_CURVE ( 'NONE', #1653, #404, #52, .T. ) ;
#1844 = CARTESIAN_POINT ( 'NONE',  ( 55.00000000000017800, -19.50000000000000000, 48.49999999999990800 ) ) ;
#1845 = MANIFOLD_SOLID_BREP ( '切除-拉伸1', #1631 ) ;
#1846 = CYLINDRICAL_SURFACE ( 'NONE', #951, 1.500000000000001300 ) ;
#1847 = CARTESIAN_POINT ( 'NONE',  ( 55.00000000000017100, -12.49999999999999300, 49.50000000000000000 ) ) ;
#1848 = ORIENTED_EDGE ( 'NONE', *, *, #1232, .T. ) ;
#1849 = AXIS2_PLACEMENT_3D ( 'NONE', #1474, #461, #303 ) ;
#1850 = FACE_OUTER_BOUND ( 'NONE', #1094, .T. ) ;
#1851 = DIRECTION ( 'NONE',  ( -3.469446951953607100E-015, 0.0000000000000000000, 1.000000000000000000 ) ) ;
#1852 = EDGE_CURVE ( 'NONE', #180, #1049, #298, .T. ) ;
#1853 = CARTESIAN_POINT ( 'NONE',  ( 0.9999999999998204800, -5.500000000000000900, 51.50000000000010700 ) ) ;
#1854 = CARTESIAN_POINT ( 'NONE',  ( -1.000000000000052800, -12.50000000000000000, 14.50000000000018800 ) ) ;
#1855 = DIRECTION ( 'NONE',  ( -1.000000000000000000, -1.224646799147353200E-016, -3.491481338843133000E-015 ) ) ;
#1856 = ORIENTED_EDGE ( 'NONE', *, *, #555, .T. ) ;
#1857 = EDGE_CURVE ( 'NONE', #1164, #721, #2028, .T. ) ;
#1858 = VERTEX_POINT ( 'NONE', #2142 ) ;
#1859 = CARTESIAN_POINT ( 'NONE',  ( 27.00000000000000000, -12.50000000000000000, 0.0000000000000000000 ) ) ;
#1860 = VECTOR ( 'NONE', #2146, 1000.000000000000000 ) ;
#1861 = DIRECTION ( 'NONE',  ( -2.943801717310626500E-016, 1.000000000000000000, -7.359504293276566200E-017 ) ) ;
#1862 = VERTEX_POINT ( 'NONE', #1974 ) ;
#1863 = VECTOR ( 'NONE', #939, 1000.000000000000000 ) ;
#1864 = DIRECTION ( 'NONE',  ( -1.000000000000000000, 0.0000000000000000000, 3.469446951953613000E-015 ) ) ;
#1865 = ORIENTED_EDGE ( 'NONE', *, *, #1364, .F. ) ;
#1866 = AXIS2_PLACEMENT_3D ( 'NONE', #1506, #482, #1358 ) ;
#1867 = VERTEX_POINT ( 'NONE', #257 ) ;
#1868 = CARTESIAN_POINT ( 'NONE',  ( 53.00000000000020600, -12.50000000000000000, 58.49999999999991500 ) ) ;
#1869 = CIRCLE ( 'NONE', #1531, 1.500000000000001300 ) ;
#1870 = DIRECTION ( 'NONE',  ( 0.0000000000000000000, 0.0000000000000000000, 1.000000000000000000 ) ) ;
#1871 = PLANE ( 'NONE',  #402 ) ;
#1872 = CIRCLE ( 'NONE', #1772, 4.000000000000003600 ) ;
#1873 = ORIENTED_EDGE ( 'NONE', *, *, #2158, .F. ) ;
#1874 = EDGE_CURVE ( 'NONE', #879, #1389, #73, .T. ) ;
#1875 = DIRECTION ( 'NONE',  ( -1.000000000000000000, 0.0000000000000000000, 3.469446951953613000E-015 ) ) ;
#1876 = CARTESIAN_POINT ( 'NONE',  ( 8.500000000000000000, -12.50000000000000000, -2.000000000000000000 ) ) ;
#1877 = VECTOR ( 'NONE', #1401, 1000.000000000000000 ) ;
#1878 = ORIENTED_EDGE ( 'NONE', *, *, #311, .F. ) ;
#1879 = DIRECTION ( 'NONE',  ( 1.000000000000000000, 0.0000000000000000000, 0.0000000000000000000 ) ) ;
#1880 = AXIS2_PLACEMENT_3D ( 'NONE', #2173, #1672, #1137 ) ;
#1881 = PLANE ( 'NONE',  #940 ) ;
#1882 = AXIS2_PLACEMENT_3D ( 'NONE', #1798, #419, #1268 ) ;
#1883 = CARTESIAN_POINT ( 'NONE',  ( 52.26340000000000400, -3.469446951953614200E-015, 0.7365999999999995900 ) ) ;
#1884 = ADVANCED_FACE ( 'NONE', ( #1016 ), #1580, .T. ) ;
#1885 = AXIS2_PLACEMENT_3D ( 'NONE', #785, #83, #37 ) ;
#1886 = DIRECTION ( 'NONE',  ( -1.000000000000000000, -1.224646799147353200E-016, -3.491481338843133000E-015 ) ) ;
#1887 = EDGE_CURVE ( 'NONE', #406, #1552, #246, .T. ) ;
#1888 = VERTEX_POINT ( 'NONE', #792 ) ;
#1889 = FACE_BOUND ( 'NONE', #1332, .T. ) ;
#1890 = ORIENTED_EDGE ( 'NONE', *, *, #1643, .T. ) ;
#1891 = EDGE_CURVE ( 'NONE', #1888, #223, #1933, .T. ) ;
#1892 = FACE_OUTER_BOUND ( 'NONE', #2211, .T. ) ;
#1893 = ORIENTED_EDGE ( 'NONE', *, *, #1179, .F. ) ;
#1894 = FACE_BOUND ( 'NONE', #960, .T. ) ;
#1895 = ADVANCED_FACE ( 'NONE', ( #811 ), #637, .F. ) ;
#1896 = ORIENTED_EDGE ( 'NONE', *, *, #1857, .T. ) ;
#1897 = VERTEX_POINT ( 'NONE', #969 ) ;
#1898 = CARTESIAN_POINT ( 'NONE',  ( -1.000000000000176100, -19.50000000000000000, 51.50000000000009900 ) ) ;
#1899 = AXIS2_PLACEMENT_3D ( 'NONE', #1155, #830, #330 ) ;
#1900 = LINE ( 'NONE', #169, #1441 ) ;
#1901 = ORIENTED_EDGE ( 'NONE', *, *, #2025, .F. ) ;
#1902 = FACE_OUTER_BOUND ( 'NONE', #1197, .T. ) ;
#1903 = ORIENTED_EDGE ( 'NONE', *, *, #1497, .F. ) ;
#1904 = LINE ( 'NONE', #433, #329 ) ;
#1905 = CARTESIAN_POINT ( 'NONE',  ( 27.00000000000000000, -12.50000000000000000, 0.0000000000000000000 ) ) ;
#1906 = CARTESIAN_POINT ( 'NONE',  ( 0.0000000000000000000, 0.0000000000000000000, -2.000000000000000000 ) ) ;
#1907 = ADVANCED_FACE ( 'NONE', ( #2108 ), #1470, .F. ) ;
#1908 = PLANE ( 'NONE',  #1449 ) ;
#1909 = AXIS2_PLACEMENT_3D ( 'NONE', #832, #1001, #1349 ) ;
#1910 = CARTESIAN_POINT ( 'NONE',  ( 8.500000000000000000, -12.50000000000000000, 0.0000000000000000000 ) ) ;
#1911 = CARTESIAN_POINT ( 'NONE',  ( 0.0000000000000000000, 0.0000000000000000000, 0.0000000000000000000 ) ) ;
#1912 = DIRECTION ( 'NONE',  ( -1.000000000000000000, 0.0000000000000000000, 3.469446951953613000E-015 ) ) ;
#1913 = ORIENTED_EDGE ( 'NONE', *, *, #245, .F. ) ;
#1914 = CARTESIAN_POINT ( 'NONE',  ( 0.9999999999998291400, -19.50000000000000000, 50.00000000000010700 ) ) ;
#1915 = ADVANCED_FACE ( 'NONE', ( #1074 ), #914, .F. ) ;
#1916 = EDGE_CURVE ( 'NONE', #622, #1578, #657, .T. ) ;
#1917 = ORIENTED_EDGE ( 'NONE', *, *, #1544, .F. ) ;
#1918 = DIRECTION ( 'NONE',  ( 4.625929269271475900E-015, 0.0000000000000000000, 1.000000000000000000 ) ) ;
#1919 = VECTOR ( 'NONE', #445, 1000.000000000000000 ) ;
#1920 = ORIENTED_EDGE ( 'NONE', *, *, #1292, .T. ) ;
#1921 = LINE ( 'NONE', #155, #1432 ) ;
#1922 = EDGE_CURVE ( 'NONE', #248, #1316, #1872, .T. ) ;
#1923 = ORIENTED_EDGE ( 'NONE', *, *, #628, .F. ) ;
#1924 = DIRECTION ( 'NONE',  ( 1.000000000000000000, 0.0000000000000000000, 0.0000000000000000000 ) ) ;
#1925 = EDGE_CURVE ( 'NONE', #1830, #1028, #1099, .T. ) ;
#1926 = EDGE_LOOP ( 'NONE', ( #2049, #1438 ) ) ;
#1927 = DIRECTION ( 'NONE',  ( 0.0000000000000000000, 1.045848462876591900E-030, -1.000000000000000000 ) ) ;
#1928 = APPLICATION_PROTOCOL_DEFINITION ( 'draft international standard', 'automotive_design', 1998, #375 ) ;
#1929 = VECTOR ( 'NONE', #1199, 1000.000000000000000 ) ;
#1930 = DIRECTION ( 'NONE',  ( 1.000000000000000000, 0.0000000000000000000, 0.0000000000000000000 ) ) ;
#1931 = DIRECTION ( 'NONE',  ( 1.000000000000000000, 2.943801717310627000E-016, 0.0000000000000000000 ) ) ;
#1932 = AXIS2_PLACEMENT_3D ( 'NONE', #513, #148, #331 ) ;
#1933 = CIRCLE ( 'NONE', #1751, 1.500000000000001300 ) ;
#1934 = EDGE_LOOP ( 'NONE', ( #2085, #99, #1635, #1311 ) ) ;
#1935 = DIRECTION ( 'NONE',  ( 1.000000000000000000, 1.224646799147353200E-016, 3.491481338843133000E-015 ) ) ;
#1936 = CARTESIAN_POINT ( 'NONE',  ( 27.00000000000000000, -5.500000000000001800, -2.000000000000000000 ) ) ;
#1937 = EDGE_CURVE ( 'NONE', #1552, #721, #1900, .T. ) ;
#1938 = CARTESIAN_POINT ( 'NONE',  ( 53.00000000000015600, -12.50000000000000000, 44.49999999999991500 ) ) ;
#1939 = AXIS2_PLACEMENT_3D ( 'NONE', #111, #1657, #645 ) ;
#1940 = DIRECTION ( 'NONE',  ( 0.0000000000000000000, 0.0000000000000000000, 1.000000000000000000 ) ) ;
#1941 = ORIENTED_EDGE ( 'NONE', *, *, #252, .F. ) ;
#1942 = DIRECTION ( 'NONE',  ( 3.469446951953613000E-015, 0.0000000000000000000, 1.000000000000000000 ) ) ;
#1943 = VECTOR ( 'NONE', #665, 1000.000000000000000 ) ;
#1944 = VERTEX_POINT ( 'NONE', #2208 ) ;
#1945 = DIRECTION ( 'NONE',  ( 0.0000000000000000000, 0.0000000000000000000, 1.000000000000000000 ) ) ;
#1946 = VECTOR ( 'NONE', #654, 1000.000000000000000 ) ;
#1947 = VERTEX_POINT ( 'NONE', #882 ) ;
#1948 = FACE_BOUND ( 'NONE', #1165, .T. ) ;
#1949 = ORIENTED_EDGE ( 'NONE', *, *, #289, .T. ) ;
#1950 = ORIENTED_EDGE ( 'NONE', *, *, #1736, .F. ) ;
#1951 = EDGE_LOOP ( 'NONE', ( #1678, #1360, #2103, #1139 ) ) ;
#1952 = AXIS2_PLACEMENT_3D ( 'NONE', #1764, #1776, #746 ) ;
#1953 = DIRECTION ( 'NONE',  ( -1.000000000000000000, 0.0000000000000000000, 3.469446951953613000E-015 ) ) ;
#1954 = ORIENTED_EDGE ( 'NONE', *, *, #348, .F. ) ;
#1955 = LINE ( 'NONE', #208, #76 ) ;
#1956 = ORIENTED_EDGE ( 'NONE', *, *, #1271, .T. ) ;
#1957 = FACE_BOUND ( 'NONE', #687, .T. ) ;
#1958 = DIRECTION ( 'NONE',  ( -3.469446951953611000E-015, 0.0000000000000000000, 1.000000000000000000 ) ) ;
#1959 = EDGE_CURVE ( 'NONE', #2022, #398, #519, .T. ) ;
#1960 = CARTESIAN_POINT ( 'NONE',  ( 53.00000000000019200, -5.500000000000000900, 51.49999999999991500 ) ) ;
#1961 = CARTESIAN_POINT ( 'NONE',  ( -1.000000000000174300, -12.49999999999999300, 49.50000000000019900 ) ) ;
#1962 = EDGE_CURVE ( 'NONE', #1339, #2203, #937, .T. ) ;
#1963 = DIRECTION ( 'NONE',  ( 1.000000000000000000, 0.0000000000000000000, 0.0000000000000000000 ) ) ;
#1964 = EDGE_CURVE ( 'NONE', #648, #602, #1169, .T. ) ;
#1965 = ORIENTED_EDGE ( 'NONE', *, *, #1688, .T. ) ;
#1966 = DIRECTION ( 'NONE',  ( 4.625929269271481400E-015, 0.0000000000000000000, 1.000000000000000000 ) ) ;
#1967 = ORIENTED_EDGE ( 'NONE', *, *, #82, .T. ) ;
#1968 = DIRECTION ( 'NONE',  ( -2.943801717310626500E-016, 1.000000000000000000, -7.359504293276566200E-017 ) ) ;
#1969 = CYLINDRICAL_SURFACE ( 'NONE', #1795, 1.500000000000001300 ) ;
#1970 = ORIENTED_EDGE ( 'NONE', *, *, #1125, .F. ) ;
#1971 = CARTESIAN_POINT ( 'NONE',  ( 1.736599999999995300, 0.0000000000000000000, 0.7365999999999994800 ) ) ;
#1972 = VECTOR ( 'NONE', #142, 1000.000000000000000 ) ;
#1973 = ORIENTED_EDGE ( 'NONE', *, *, #1729, .T. ) ;
#1974 = CARTESIAN_POINT ( 'NONE',  ( 47.00000000000000000, -12.50000000000000000, -2.000000000000000000 ) ) ;
#1975 = EDGE_CURVE ( 'NONE', #1944, #2189, #1014, .T. ) ;
#1976 = ORIENTED_EDGE ( 'NONE', *, *, #359, .F. ) ;
#1977 = DIRECTION ( 'NONE',  ( 0.0000000000000000000, 0.0000000000000000000, 1.000000000000000000 ) ) ;
#1978 = LINE ( 'NONE', #360, #1792 ) ;
#1979 = FACE_OUTER_BOUND ( 'NONE', #505, .T. ) ;
#1980 = ORIENTED_EDGE ( 'NONE', *, *, #332, .F. ) ;
#1981 = AXIS2_PLACEMENT_3D ( 'NONE', #878, #1705, #1395 ) ;
#1982 = CARTESIAN_POINT ( 'NONE',  ( 53.00000000000019900, -12.50000000000000000, 56.99999999999991500 ) ) ;
#1983 = VECTOR ( 'NONE', #47, 1000.000000000000000 ) ;
#1984 = DIRECTION ( 'NONE',  ( -1.000000000000000000, -1.224646799147353200E-016, -3.491481338843133000E-015 ) ) ;
#1985 = DIRECTION ( 'NONE',  ( -3.469446951953611000E-015, 0.0000000000000000000, 1.000000000000000000 ) ) ;
#1986 = CARTESIAN_POINT ( 'NONE',  ( 53.00000000000019200, -12.50000000000000000, 55.49999999999990800 ) ) ;
#1987 = EDGE_CURVE ( 'NONE', #1461, #590, #219, .T. ) ;
#1988 = DIRECTION ( 'NONE',  ( 1.000000000000000000, -0.0000000000000000000, -3.469446951953613000E-015 ) ) ;
#1989 = AXIS2_PLACEMENT_3D ( 'NONE', #1017, #347, #1522 ) ;
#1990 = CARTESIAN_POINT ( 'NONE',  ( 55.00000000000023400, 0.0000000000000000000, 68.00000000000000000 ) ) ;
#1991 = AXIS2_PLACEMENT_3D ( 'NONE', #1771, #943, #56 ) ;
#1992 = ORIENTED_EDGE ( 'NONE', *, *, #252, .T. ) ;
#1993 = FACE_OUTER_BOUND ( 'NONE', #206, .T. ) ;
#1994 = ORIENTED_EDGE ( 'NONE', *, *, #1414, .F. ) ;
#1995 = AXIS2_PLACEMENT_3D ( 'NONE', #1618, #1572, #271 ) ;
#1996 = VECTOR ( 'NONE', #810, 1000.000000000000000 ) ;
#1997 = CARTESIAN_POINT ( 'NONE',  ( -1.000000000000047700, -12.50000000000000000, 13.00000000000018500 ) ) ;
#1998 = EDGE_LOOP ( 'NONE', ( #1385, #551, #543, #1031 ) ) ;
#1999 = EDGE_CURVE ( 'NONE', #46, #401, #1869, .T. ) ;
#2000 = DIRECTION ( 'NONE',  ( -1.000000000000000000, -1.224646799147353200E-016, -3.491481338843133000E-015 ) ) ;
#2001 = ORIENTED_EDGE ( 'NONE', *, *, #1702, .T. ) ;
#2002 = ORIENTED_EDGE ( 'NONE', *, *, #112, .T. ) ;
#2003 = EDGE_CURVE ( 'NONE', #20, #1704, #2054, .T. ) ;
#2004 = CYLINDRICAL_SURFACE ( 'NONE', #1478, 1.500000000000003100 ) ;
#2005 = EDGE_LOOP ( 'NONE', ( #880, #1062 ) ) ;
#2006 = DIRECTION ( 'NONE',  ( 0.0000000000000000000, 0.0000000000000000000, 1.000000000000000000 ) ) ;
#2007 = CIRCLE ( 'NONE', #1159, 1.500000000000001300 ) ;
#2008 = ORIENTED_EDGE ( 'NONE', *, *, #571, .T. ) ;
#2009 = PLANE ( 'NONE',  #196 ) ;
#2010 = FACE_OUTER_BOUND ( 'NONE', #130, .T. ) ;
#2011 = AXIS2_PLACEMENT_3D ( 'NONE', #10, #846, #200 ) ;
#2012 = DIRECTION ( 'NONE',  ( 1.000000000000000000, 0.0000000000000000000, 0.0000000000000000000 ) ) ;
#2013 =( NAMED_UNIT ( * ) PLANE_ANGLE_UNIT ( ) SI_UNIT ( $, .RADIAN. ) );
#2014 = DIRECTION ( 'NONE',  ( 0.0000000000000000000, 0.0000000000000000000, 1.000000000000000000 ) ) ;
#2015 = CARTESIAN_POINT ( 'NONE',  ( 35.50000000000000700, -12.49999999999999800, -2.000000000000000000 ) ) ;
#2016 = EDGE_LOOP ( 'NONE', ( #55, #1770 ) ) ;
#2017 = ORIENTED_EDGE ( 'NONE', *, *, #842, .T. ) ;
#2018 = DIRECTION ( 'NONE',  ( 1.000000000000000000, -0.0000000000000000000, -3.469446951953613000E-015 ) ) ;
#2019 = CYLINDRICAL_SURFACE ( 'NONE', #351, 1.500000000000001300 ) ;
#2020 = ORIENTED_EDGE ( 'NONE', *, *, #231, .F. ) ;
#2021 = ORIENTED_EDGE ( 'NONE', *, *, #1589, .F. ) ;
#2022 = VERTEX_POINT ( 'NONE', #537 ) ;
#2023 = DIRECTION ( 'NONE',  ( -3.486794186713383400E-015, 0.0000000000000000000, 1.000000000000000000 ) ) ;
#2024 = ORIENTED_EDGE ( 'NONE', *, *, #2145, .F. ) ;
#2025 = EDGE_CURVE ( 'NONE', #154, #189, #1978, .T. ) ;
#2026 = CARTESIAN_POINT ( 'NONE',  ( 55.00000000000019200, -5.500000000000000900, 51.49999999999990800 ) ) ;
#2027 = ORIENTED_EDGE ( 'NONE', *, *, #1353, .T. ) ;
#2028 = LINE ( 'NONE', #946, #132 ) ;
#2029 = ORIENTED_EDGE ( 'NONE', *, *, #1916, .T. ) ;
#2030 = EDGE_CURVE ( 'NONE', #524, #1674, #1073, .T. ) ;
#2031 = FACE_OUTER_BOUND ( 'NONE', #823, .T. ) ;
#2032 = CARTESIAN_POINT ( 'NONE',  ( 53.00000000000017100, -12.50000000000000000, 45.99999999999990800 ) ) ;
#2033 = EDGE_CURVE ( 'NONE', #434, #186, #1140, .T. ) ;
#2034 = CARTESIAN_POINT ( 'NONE',  ( 7.000000000000000000, -12.50000000000000000, 0.0000000000000000000 ) ) ;
#2035 = CARTESIAN_POINT ( 'NONE',  ( -1.000000000000179600, -5.500000000000000900, 51.50000000000009900 ) ) ;
#2036 = AXIS2_PLACEMENT_3D ( 'NONE', #1557, #24, #1398 ) ;
#2037 = DIRECTION ( 'NONE',  ( -1.000000000000000000, 0.0000000000000000000, 3.469446951953613000E-015 ) ) ;
#2038 = CARTESIAN_POINT ( 'NONE',  ( 53.00000000000010700, -12.50000000000000000, 31.50000000000000700 ) ) ;
#2039 =( NAMED_UNIT ( * ) SI_UNIT ( $, .STERADIAN. ) SOLID_ANGLE_UNIT ( ) );
#2040 = DIRECTION ( 'NONE',  ( 4.625929269271481400E-015, 0.0000000000000000000, 1.000000000000000000 ) ) ;
#2041 = EDGE_CURVE ( 'NONE', #1278, #162, #706, .T. ) ;
#2042 = CARTESIAN_POINT ( 'NONE',  ( -1.000000000000203800, -12.50000000000000000, 58.50000000000009900 ) ) ;
#2043 = EDGE_LOOP ( 'NONE', ( #1186, #1141 ) ) ;
#2044 = CIRCLE ( 'NONE', #997, 1.500000000000001300 ) ;
#2045 = ADVANCED_FACE ( 'NONE', ( #517 ), #1415, .F. ) ;
#2046 = VERTEX_POINT ( 'NONE', #1400 ) ;
#2047 = LINE ( 'NONE', #1313, #929 ) ;
#2048 = CARTESIAN_POINT ( 'NONE',  ( 55.00000000000018500, -19.50000000000000000, 49.99999999999990800 ) ) ;
#2049 = ORIENTED_EDGE ( 'NONE', *, *, #40, .T. ) ;
#2050 = FACE_BOUND ( 'NONE', #1761, .T. ) ;
#2051 = AXIS2_PLACEMENT_3D ( 'NONE', #279, #1466, #1809 ) ;
#2052 = FACE_BOUND ( 'NONE', #923, .T. ) ;
#2053 = ORIENTED_EDGE ( 'NONE', *, *, #1364, .T. ) ;
#2054 = CIRCLE ( 'NONE', #2036, 1.500000000000003100 ) ;
#2055 = DIRECTION ( 'NONE',  ( -1.000000000000000000, 0.0000000000000000000, 3.469446951953613000E-015 ) ) ;
#2056 = EDGE_LOOP ( 'NONE', ( #185, #1970 ) ) ;
#2057 = DIRECTION ( 'NONE',  ( 0.0000000000000000000, 0.0000000000000000000, 1.000000000000000000 ) ) ;
#2058 = FACE_BOUND ( 'NONE', #2016, .T. ) ;
#2059 = ORIENTED_EDGE ( 'NONE', *, *, #1818, .F. ) ;
#2060 = ADVANCED_FACE ( 'NONE', ( #1740 ), #1603, .F. ) ;
#2061 = CARTESIAN_POINT ( 'NONE',  ( 1.736599999999993000, 0.0000000000000000000, 1.626303258728256700E-015 ) ) ;
#2062 = VECTOR ( 'NONE', #1263, 1000.000000000000000 ) ;
#2063 = DIRECTION ( 'NONE',  ( -3.469446951953611000E-015, 0.0000000000000000000, 1.000000000000000000 ) ) ;
#2064 = AXIS2_PLACEMENT_3D ( 'NONE', #305, #1157, #1670 ) ;
#2065 = CARTESIAN_POINT ( 'NONE',  ( 53.00000000000018500, -5.500000000000000900, 49.99999999999991500 ) ) ;
#2066 = CARTESIAN_POINT ( 'NONE',  ( 52.26340000000000400, -3.469446951953614200E-015, -1.999999999999997100 ) ) ;
#2067 = DIRECTION ( 'NONE',  ( -1.000000000000000000, -1.224646799147353200E-016, -3.491481338843133000E-015 ) ) ;
#2068 = DIRECTION ( 'NONE',  ( 1.000000000000000000, 1.224646799147353200E-016, 3.491481338843133000E-015 ) ) ;
#2069 = ADVANCED_FACE ( 'NONE', ( #157 ), #1201, .F. ) ;
#2070 = EDGE_CURVE ( 'NONE', #1456, #646, #756, .T. ) ;
#2071 = VERTEX_POINT ( 'NONE', #255 ) ;
#2072 = DIRECTION ( 'NONE',  ( -3.469446951953611000E-015, 0.0000000000000000000, 1.000000000000000000 ) ) ;
#2073 = ORIENTED_EDGE ( 'NONE', *, *, #1964, .F. ) ;
#2074 = EDGE_CURVE ( 'NONE', #2189, #748, #1576, .T. ) ;
#2075 = ORIENTED_EDGE ( 'NONE', *, *, #207, .F. ) ;
#2076 = CARTESIAN_POINT ( 'NONE',  ( 53.00000000000010700, -12.50000000000000000, 31.50000000000000700 ) ) ;
#2077 = VERTEX_POINT ( 'NONE', #1628 ) ;
#2078 = ORIENTED_EDGE ( 'NONE', *, *, #819, .F. ) ;
#2079 = CARTESIAN_POINT ( 'NONE',  ( 1.736599999999995300, 0.0000000000000000000, 0.7365999999999994800 ) ) ;
#2080 = EDGE_LOOP ( 'NONE', ( #92, #1784, #1116, #242 ) ) ;
#2081 = ADVANCED_FACE ( 'NONE', ( #1468 ), #23, .F. ) ;
#2082 = DIRECTION ( 'NONE',  ( 0.0000000000000000000, -1.000000000000000000, 0.0000000000000000000 ) ) ;
#2083 = FACE_OUTER_BOUND ( 'NONE', #1365, .T. ) ;
#2084 = DIRECTION ( 'NONE',  ( 4.625929269271481400E-015, 0.0000000000000000000, 1.000000000000000000 ) ) ;
#2085 = ORIENTED_EDGE ( 'NONE', *, *, #1512, .F. ) ;
#2086 = CIRCLE ( 'NONE', #691, 1.500000000000001300 ) ;
#2087 = EDGE_CURVE ( 'NONE', #1653, #1842, #629, .T. ) ;
#2088 = CARTESIAN_POINT ( 'NONE',  ( 44.00000000000000000, -12.50000000000000000, -2.000000000000000000 ) ) ;
#2089 = AXIS2_PLACEMENT_3D ( 'NONE', #503, #2006, #1502 ) ;
#2090 = CARTESIAN_POINT ( 'NONE',  ( 20.00000000000000000, -12.49999999999999800, -2.000000000000000000 ) ) ;
#2091 = CARTESIAN_POINT ( 'NONE',  ( 18.50000000000000000, -12.49999999999999800, -2.000000000000000000 ) ) ;
#2092 = DIRECTION ( 'NONE',  ( -1.000000000000000000, 0.0000000000000000000, 3.469446951953613000E-015 ) ) ;
#2093 = DIRECTION ( 'NONE',  ( -1.000000000000000000, -1.224646799147353200E-016, -3.491481338843133000E-015 ) ) ;
#2094 = ORIENTED_EDGE ( 'NONE', *, *, #1061, .T. ) ;
#2095 = LINE ( 'NONE', #1427, #673 ) ;
#2096 = DIRECTION ( 'NONE',  ( 0.0000000000000000000, 0.0000000000000000000, 1.000000000000000000 ) ) ;
#2097 = ORIENTED_EDGE ( 'NONE', *, *, #2003, .T. ) ;
#2098 = LINE ( 'NONE', #1147, #1068 ) ;
#2099 = EDGE_CURVE ( 'NONE', #194, #46, #964, .T. ) ;
#2100 = ORIENTED_EDGE ( 'NONE', *, *, #1736, .T. ) ;
#2101 = VECTOR ( 'NONE', #1530, 1000.000000000000000 ) ;
#2102 = FACE_OUTER_BOUND ( 'NONE', #1701, .T. ) ;
#2103 = ORIENTED_EDGE ( 'NONE', *, *, #141, .T. ) ;
#2104 = CARTESIAN_POINT ( 'NONE',  ( 27.00000000000000000, -12.50000000000000000, -2.000000000000000000 ) ) ;
#2105 = CIRCLE ( 'NONE', #1932, 2.736599999999997000 ) ;
#2106 = CARTESIAN_POINT ( 'NONE',  ( -1.000000000000165600, -19.50000000000000000, 48.50000000000009900 ) ) ;
#2107 = AXIS2_PLACEMENT_3D ( 'NONE', #2090, #1452, #1105 ) ;
#2108 = FACE_OUTER_BOUND ( 'NONE', #1344, .T. ) ;
#2109 = EDGE_LOOP ( 'NONE', ( #632, #1167 ) ) ;
#2110 = CARTESIAN_POINT ( 'NONE',  ( -1.000000000000111900, -12.50000000000000000, 31.50000000000019500 ) ) ;
#2111 = CIRCLE ( 'NONE', #1096, 4.000000000000000000 ) ;
#2112 = ORIENTED_EDGE ( 'NONE', *, *, #444, .T. ) ;
#2113 = EDGE_CURVE ( 'NONE', #416, #1768, #409, .T. ) ;
#2114 = FILL_AREA_STYLE ('',( #612 ) ) ;
#2115 = EDGE_CURVE ( 'NONE', #590, #406, #101, .T. ) ;
#2116 = DIRECTION ( 'NONE',  ( 1.000000000000000000, 0.0000000000000000000, 0.0000000000000000000 ) ) ;
#2117 = DIRECTION ( 'NONE',  ( 1.224646799147352000E-016, -1.000000000000000000, 3.469446951953614800E-017 ) ) ;
#2118 = AXIS2_PLACEMENT_3D ( 'NONE', #1914, #35, #44 ) ;
#2119 = DIRECTION ( 'NONE',  ( 3.330669073875472000E-015, 0.0000000000000000000, 1.000000000000000000 ) ) ;
#2120 = EDGE_LOOP ( 'NONE', ( #301, #1069, #1217, #469 ) ) ;
#2121 = CARTESIAN_POINT ( 'NONE',  ( -1.000000000000174300, -12.50000000000000000, 50.00000000000009900 ) ) ;
#2122 = CYLINDRICAL_SURFACE ( 'NONE', #70, 1.500000000000001300 ) ;
#2123 = ORIENTED_EDGE ( 'NONE', *, *, #1575, .T. ) ;
#2124 = DIRECTION ( 'NONE',  ( 0.0000000000000000000, 0.0000000000000000000, 1.000000000000000000 ) ) ;
#2125 = FACE_OUTER_BOUND ( 'NONE', #704, .T. ) ;
#2126 = ORIENTED_EDGE ( 'NONE', *, *, #7, .T. ) ;
#2127 = VECTOR ( 'NONE', #1215, 1000.000000000000000 ) ;
#2128 = EDGE_CURVE ( 'NONE', #1704, #887, #683, .T. ) ;
#2129 = DIRECTION ( 'NONE',  ( -1.000000000000000000, 0.0000000000000000000, -3.532562060772764600E-015 ) ) ;
#2130 = ORIENTED_EDGE ( 'NONE', *, *, #82, .F. ) ;
#2131 = ORIENTED_EDGE ( 'NONE', *, *, #2196, .T. ) ;
#2132 = DIRECTION ( 'NONE',  ( -1.000000000000000000, 0.0000000000000000000, 3.469446951953613000E-015 ) ) ;
#2133 = VERTEX_POINT ( 'NONE', #106 ) ;
#2134 = AXIS2_PLACEMENT_3D ( 'NONE', #1876, #379, #1752 ) ;
#2135 = CARTESIAN_POINT ( 'NONE',  ( 34.00000000000000000, -12.49999999999999800, -2.000000000000000000 ) ) ;
#2136 = PLANE ( 'NONE',  #1351 ) ;
#2137 = CIRCLE ( 'NONE', #2089, 1.500000000000001300 ) ;
#2138 = EDGE_LOOP ( 'NONE', ( #988, #587 ) ) ;
#2139 = DIRECTION ( 'NONE',  ( -1.000000000000000000, -1.224646799147353200E-016, -3.491481338843133000E-015 ) ) ;
#2140 = CIRCLE ( 'NONE', #1327, 1.500000000000001300 ) ;
#2141 = EDGE_CURVE ( 'NONE', #1733, #1646, #1519, .T. ) ;
#2142 = CARTESIAN_POINT ( 'NONE',  ( 0.9999999999998272500, 3.007588462611677500E-016, 49.50000000000020600 ) ) ;
#2143 = CARTESIAN_POINT ( 'NONE',  ( 52.26340000000000400, -1.540743955509788700E-030, 0.7365999999999995900 ) ) ;
#2144 = EDGE_CURVE ( 'NONE', #1461, #1132, #382, .T. ) ;
#2145 = EDGE_CURVE ( 'NONE', #404, #1592, #884, .T. ) ;
#2146 = DIRECTION ( 'NONE',  ( -1.000000000000000000, -1.224646799147353200E-016, -3.491481338843133000E-015 ) ) ;
#2147 = AXIS2_PLACEMENT_3D ( 'NONE', #1746, #1047, #733 ) ;
#2148 = DIRECTION ( 'NONE',  ( 0.0000000000000000000, 0.0000000000000000000, 1.000000000000000000 ) ) ;
#2149 = AXIS2_PLACEMENT_3D ( 'NONE', #388, #774, #1918 ) ;
#2150 = ORIENTED_EDGE ( 'NONE', *, *, #1460, .T. ) ;
#2151 = VECTOR ( 'NONE', #978, 1000.000000000000000 ) ;
#2152 = ORIENTED_EDGE ( 'NONE', *, *, #1937, .T. ) ;
#2153 = CARTESIAN_POINT ( 'NONE',  ( 55.00000000000019900, -12.50000000000000000, 53.99999999999990800 ) ) ;
#2154 = LINE ( 'NONE', #450, #567 ) ;
#2155 = ORIENTED_EDGE ( 'NONE', *, *, #736, .F. ) ;
#2156 = DIRECTION ( 'NONE',  ( -1.000000000000000000, 0.0000000000000000000, 3.469446951953613000E-015 ) ) ;
#2157 = ORIENTED_EDGE ( 'NONE', *, *, #504, .F. ) ;
#2158 = EDGE_CURVE ( 'NONE', #1867, #291, #910, .T. ) ;
#2159 = ORIENTED_EDGE ( 'NONE', *, *, #1775, .F. ) ;
#2160 = PLANE ( 'NONE',  #1939 ) ;
#2161 = FACE_OUTER_BOUND ( 'NONE', #322, .T. ) ;
#2162 = ORIENTED_EDGE ( 'NONE', *, *, #1323, .T. ) ;
#2163 = AXIS2_PLACEMENT_3D ( 'NONE', #1289, #1630, #1430 ) ;
#2164 = FACE_BOUND ( 'NONE', #899, .T. ) ;
#2165 = CARTESIAN_POINT ( 'NONE',  ( -1.000000000000171000, -19.50000000000000000, 50.00000000000009900 ) ) ;
#2166 = VERTEX_POINT ( 'NONE', #1354 ) ;
#2167 = ADVANCED_BREP_SHAPE_REPRESENTATION ( '长U支架', ( #1845, #1423 ), #1585 ) ;
#2168 = CARTESIAN_POINT ( 'NONE',  ( 1.736599999999994400, -25.00000000000000000, -1.999999999999996700 ) ) ;
#2169 = DIRECTION ( 'NONE',  ( 0.0000000000000000000, 0.0000000000000000000, 1.000000000000000000 ) ) ;
#2170 = DIRECTION ( 'NONE',  ( 1.000000000000000000, 0.0000000000000000000, 0.0000000000000000000 ) ) ;
#2171 = AXIS2_PLACEMENT_3D ( 'NONE', #1180, #361, #697 ) ;
#2172 = VERTEX_POINT ( 'NONE', #675 ) ;
#2173 = CARTESIAN_POINT ( 'NONE',  ( 0.9999999999998256900, -12.49999999999999300, 49.50000000000020600 ) ) ;
#2174 = VECTOR ( 'NONE', #1518, 1000.000000000000000 ) ;
#2175 = ORIENTED_EDGE ( 'NONE', *, *, #1959, .F. ) ;
#2176 = DIRECTION ( 'NONE',  ( -1.000000000000000000, 0.0000000000000000000, 3.469446951953613000E-015 ) ) ;
#2177 = CIRCLE ( 'NONE', #739, 1.500000000000001300 ) ;
#2178 = APPLICATION_CONTEXT ( 'automotive_design' ) ;
#2179 = ORIENTED_EDGE ( 'NONE', *, *, #4, .F. ) ;
#2180 = FACE_BOUND ( 'NONE', #427, .T. ) ;
#2181 = EDGE_CURVE ( 'NONE', #727, #879, #2105, .T. ) ;
#2182 = ORIENTED_EDGE ( 'NONE', *, *, #1569, .T. ) ;
#2183 = DIRECTION ( 'NONE',  ( 0.0000000000000000000, 0.0000000000000000000, 1.000000000000000000 ) ) ;
#2184 = VERTEX_POINT ( 'NONE', #494 ) ;
#2185 = EDGE_LOOP ( 'NONE', ( #1514, #1923, #1091, #345 ) ) ;
#2186 = EDGE_CURVE ( 'NONE', #597, #431, #730, .T. ) ;
#2187 = SURFACE_STYLE_FILL_AREA ( #159 ) ;
#2188 = EDGE_CURVE ( 'NONE', #238, #2022, #493, .T. ) ;
#2189 = VERTEX_POINT ( 'NONE', #2034 ) ;
#2190 = VECTOR ( 'NONE', #240, 1000.000000000000000 ) ;
#2191 = AXIS2_PLACEMENT_3D ( 'NONE', #1538, #378, #1223 ) ;
#2192 = CARTESIAN_POINT ( 'NONE',  ( 53.00000000000014200, -12.50000000000000000, 41.49999999999991500 ) ) ;
#2193 = CARTESIAN_POINT ( 'NONE',  ( -1.000000000000205600, 0.0000000000000000000, 49.50000000000019900 ) ) ;
#2194 = CARTESIAN_POINT ( 'NONE',  ( -1.000000000000174300, -5.500000000000000900, 50.00000000000009900 ) ) ;
#2195 = CARTESIAN_POINT ( 'NONE',  ( 53.00000000000018500, -5.500000000000000900, 49.99999999999991500 ) ) ;
#2196 = EDGE_CURVE ( 'NONE', #748, #2189, #1286, .T. ) ;
#2197 = CARTESIAN_POINT ( 'NONE',  ( 0.0000000000000000000, 0.0000000000000000000, 0.0000000000000000000 ) ) ;
#2198 = EDGE_LOOP ( 'NONE', ( #1437, #1545 ) ) ;
#2199 = CARTESIAN_POINT ( 'NONE',  ( 53.00000000000018500, -5.500000000000000900, 49.99999999999991500 ) ) ;
#2200 = VECTOR ( 'NONE', #1477, 1000.000000000000000 ) ;
#2201 = EDGE_LOOP ( 'NONE', ( #1980, #2020 ) ) ;
#2202 = FACE_OUTER_BOUND ( 'NONE', #1119, .T. ) ;
#2203 = VERTEX_POINT ( 'NONE', #685 ) ;
#2204 = DIRECTION ( 'NONE',  ( 4.625929269271481400E-015, 0.0000000000000000000, 1.000000000000000000 ) ) ;
#2205 = CARTESIAN_POINT ( 'NONE',  ( 53.00000000000017100, -12.49999999999999300, 49.50000000000000700 ) ) ;
#2206 = ORIENTED_EDGE ( 'NONE', *, *, #1804, .F. ) ;
#2207 = EDGE_LOOP ( 'NONE', ( #118, #174 ) ) ;
#2208 = CARTESIAN_POINT ( 'NONE',  ( 7.000000000000000000, -12.50000000000000000, -2.000000000000000000 ) ) ;
#2209 = CARTESIAN_POINT ( 'NONE',  ( 0.0000000000000000000, 0.0000000000000000000, -2.000000000000000000 ) ) ;
#2210 = FACE_OUTER_BOUND ( 'NONE', #1574, .T. ) ;
#2211 = EDGE_LOOP ( 'NONE', ( #1487, #1102, #1034, #1357, #424 ) ) ;
#2212 = ADVANCED_FACE ( 'NONE', ( #2210 ), #1871, .F. ) ;
#2213 = CIRCLE ( 'NONE', #2118, 1.500000000000001300 ) ;
#2214 = DIRECTION ( 'NONE',  ( 1.000000000000000000, 0.0000000000000000000, -3.532562060772768100E-015 ) ) ;
#2215 = ORIENTED_EDGE ( 'NONE', *, *, #1852, .T. ) ;
#2216 = AXIS2_PLACEMENT_3D ( 'NONE', #1801, #2124, #613 ) ;
#2217 = LINE ( 'NONE', #2193, #1372 ) ;
#2218 = DIRECTION ( 'NONE',  ( -3.469446951953611000E-015, 0.0000000000000000000, 1.000000000000000000 ) ) ;
#2219 = EDGE_LOOP ( 'NONE', ( #753, #1408, #755, #776 ) ) ;
#2220 = AXIS2_PLACEMENT_3D ( 'NONE', #1403, #892, #897 ) ;
#2221 = DIRECTION ( 'NONE',  ( 4.625929269271481400E-015, 0.0000000000000000000, 1.000000000000000000 ) ) ;
#2222 = DIRECTION ( 'NONE',  ( -0.0000000000000000000, 0.0000000000000000000, 1.000000000000000000 ) ) ;
ENDSEC;
END-ISO-10303-21;
