ISO-10303-21;
HEADER;
FILE_DESCRIPTION (( 'STEP AP203' ),
    '1' );
FILE_NAME ('大脚掌.STEP',
    '2018-08-16T09:25:19',
    ( '' ),
    ( '' ),
    'SwSTEP 2.0',
    'SolidWorks 2018',
    '' );
FILE_SCHEMA (( 'CONFIG_CONTROL_DESIGN' ));
ENDSEC;

DATA;
#1 = AXIS2_PLACEMENT_3D ( 'NONE', #1894, #2079, #940 ) ;
#2 = CARTESIAN_POINT ( 'NONE',  ( -17.50000000000001421, 18.46697673420170105, 2.000000000000000000 ) ) ;
#3 = CARTESIAN_POINT ( 'NONE',  ( -6.500000000000013323, 18.46697673420220553, 2.000000000000000000 ) ) ;
#4 = DIRECTION ( 'NONE',  ( 1.000000000000000000, 0.0000000000000000000, 0.0000000000000000000 ) ) ;
#5 = CARTESIAN_POINT ( 'NONE',  ( -21.55000000000000071, 28.46697673420221264, -1.734723475976807094E-15 ) ) ;
#6 = ORIENTED_EDGE ( 'NONE', *, *, #2398, .T. ) ;
#7 = EDGE_LOOP ( 'NONE', ( #68, #1276, #1698, #937 ) ) ;
#8 = EDGE_CURVE ( 'NONE', #1333, #2131, #1416, .T. ) ;
#9 = ORIENTED_EDGE ( 'NONE', *, *, #418, .F. ) ;
#10 = CARTESIAN_POINT ( 'NONE',  ( 14.49999999999998934, 18.46697673420220909, 0.0000000000000000000 ) ) ;
#11 = DIRECTION ( 'NONE',  ( -1.000000000000000000, 0.0000000000000000000, 0.0000000000000000000 ) ) ;
#12 = ORIENTED_EDGE ( 'NONE', *, *, #1601, .T. ) ;
#13 = LINE ( 'NONE', #622, #751 ) ;
#14 = EDGE_LOOP ( 'NONE', ( #695, #1730 ) ) ;
#15 = ORIENTED_EDGE ( 'NONE', *, *, #137, .F. ) ;
#16 = LINE ( 'NONE', #1196, #1848 ) ;
#17 = FACE_BOUND ( 'NONE', #375, .T. ) ;
#18 = DIRECTION ( 'NONE',  ( 1.000000000000000000, 0.0000000000000000000, 0.0000000000000000000 ) ) ;
#19 = CARTESIAN_POINT ( 'NONE',  ( -4.999999999999426237, 18.46697673420217001, 2.000000000000000000 ) ) ;
#20 = CIRCLE ( 'NONE', #1756, 4.000000000000007994 ) ;
#21 = EDGE_CURVE ( 'NONE', #2112, #554, #1626, .T. ) ;
#22 = CARTESIAN_POINT ( 'NONE',  ( 10.50000000000033218, 11.46697673420221264, 2.000000000000000000 ) ) ;
#23 = DIRECTION ( 'NONE',  ( -0.0000000000000000000, -0.0000000000000000000, -1.000000000000000000 ) ) ;
#24 = LINE ( 'NONE', #2008, #1445 ) ;
#25 = CARTESIAN_POINT ( 'NONE',  ( -24.75000000000000000, 18.46697673420220909, -1.734723475976807094E-15 ) ) ;
#26 = ORIENTED_EDGE ( 'NONE', *, *, #722, .F. ) ;
#27 = CARTESIAN_POINT ( 'NONE',  ( -10.50000000000000711, 18.46697673420220553, 0.0000000000000000000 ) ) ;
#28 = PLANE ( 'NONE',  #1984 ) ;
#29 = AXIS2_PLACEMENT_3D ( 'NONE', #1055, #2372, #1424 ) ;
#30 = FACE_OUTER_BOUND ( 'NONE', #1599, .T. ) ;
#31 = DIRECTION ( 'NONE',  ( 1.000000000000000000, 0.0000000000000000000, 0.0000000000000000000 ) ) ;
#32 = EDGE_CURVE ( 'NONE', #181, #1387, #584, .T. ) ;
#33 = CIRCLE ( 'NONE', #2208, 1.500000000000004885 ) ;
#34 = ORIENTED_EDGE ( 'NONE', *, *, #887, .F. ) ;
#35 = CARTESIAN_POINT ( 'NONE',  ( -12.74990455419142954, -35.46325416714226719, 2.000000000000000000 ) ) ;
#36 = ORIENTED_EDGE ( 'NONE', *, *, #1711, .F. ) ;
#37 = DIRECTION ( 'NONE',  ( -0.0000000000000000000, -0.0000000000000000000, -1.000000000000000000 ) ) ;
#38 = AXIS2_PLACEMENT_3D ( 'NONE', #2014, #738, #1261 ) ;
#39 = ORIENTED_EDGE ( 'NONE', *, *, #2078, .T. ) ;
#40 = ORIENTED_EDGE ( 'NONE', *, *, #677, .F. ) ;
#41 = EDGE_CURVE ( 'NONE', #484, #2116, #1535, .T. ) ;
#42 = DIRECTION ( 'NONE',  ( -0.0000000000000000000, -0.0000000000000000000, -1.000000000000000000 ) ) ;
#43 = ORIENTED_EDGE ( 'NONE', *, *, #1203, .T. ) ;
#44 = FACE_OUTER_BOUND ( 'NONE', #174, .T. ) ;
#45 = DIRECTION ( 'NONE',  ( -1.000000000000000000, 0.0000000000000000000, 0.0000000000000000000 ) ) ;
#46 = CARTESIAN_POINT ( 'NONE',  ( -10.49999999999948841, 11.46697673420161223, 0.0000000000000000000 ) ) ;
#47 = AXIS2_PLACEMENT_3D ( 'NONE', #988, #54, #1373 ) ;
#48 = CIRCLE ( 'NONE', #557, 2.000000000000001776 ) ;
#49 = CARTESIAN_POINT ( 'NONE',  ( 24.75000000000000000, 28.46697673420221264, 2.000000000000000000 ) ) ;
#50 = FACE_BOUND ( 'NONE', #967, .T. ) ;
#51 = PERSON ( '未指定', '未指定', '未指定', ('未指定'), ('未指定'), ('未指定') ) ;
#52 = CIRCLE ( 'NONE', #600, 1.499999999999998668 ) ;
#53 = EDGE_CURVE ( 'NONE', #715, #2177, #81, .T. ) ;
#54 = DIRECTION ( 'NONE',  ( 0.0000000000000000000, 0.0000000000000000000, 1.000000000000000000 ) ) ;
#55 = ORIENTED_EDGE ( 'NONE', *, *, #869, .T. ) ;
#56 = EDGE_LOOP ( 'NONE', ( #163, #2145, #2119, #1313 ) ) ;
#57 = AXIS2_PLACEMENT_3D ( 'NONE', #244, #1335, #410 ) ;
#58 = EDGE_CURVE ( 'NONE', #1033, #1134, #527, .T. ) ;
#59 = CARTESIAN_POINT ( 'NONE',  ( -10.50000000000000711, 18.46697673420220553, 2.000000000000000000 ) ) ;
#60 = CIRCLE ( 'NONE', #1885, 2.000000000000005329 ) ;
#61 = AXIS2_PLACEMENT_3D ( 'NONE', #309, #514, #2197 ) ;
#62 = CARTESIAN_POINT ( 'NONE',  ( 3.999999999999999112, 30.46697673420220909, 0.0000000000000000000 ) ) ;
#63 = ORIENTED_EDGE ( 'NONE', *, *, #2123, .T. ) ;
#64 = EDGE_CURVE ( 'NONE', #833, #1306, #2400, .T. ) ;
#65 = ORIENTED_EDGE ( 'NONE', *, *, #2245, .T. ) ;
#66 = ORIENTED_EDGE ( 'NONE', *, *, #961, .F. ) ;
#67 = DIRECTION ( 'NONE',  ( -1.000000000000000000, 0.0000000000000000000, 0.0000000000000000000 ) ) ;
#68 = ORIENTED_EDGE ( 'NONE', *, *, #1286, .F. ) ;
#69 = VERTEX_POINT ( 'NONE', #902 ) ;
#70 = CIRCLE ( 'NONE', #1865, 1.500000000000001332 ) ;
#71 = ORIENTED_EDGE ( 'NONE', *, *, #1386, .T. ) ;
#72 = ORIENTED_EDGE ( 'NONE', *, *, #1680, .T. ) ;
#73 = VECTOR ( 'NONE', #1808, 1000.000000000000000 ) ;
#74 = EDGE_CURVE ( 'NONE', #1333, #1930, #611, .T. ) ;
#75 = DIRECTION ( 'NONE',  ( 0.0000000000000000000, 0.0000000000000000000, 1.000000000000000000 ) ) ;
#76 = FACE_BOUND ( 'NONE', #1084, .T. ) ;
#77 = CARTESIAN_POINT ( 'NONE',  ( -1.500000000000010880, 37.46697673420221264, 2.000000000000000000 ) ) ;
#78 = SECURITY_CLASSIFICATION ( '', '', #1405 ) ;
#79 = FACE_OUTER_BOUND ( 'NONE', #1765, .T. ) ;
#80 = DIRECTION ( 'NONE',  ( -1.000000000000000000, 0.0000000000000000000, 0.0000000000000000000 ) ) ;
#81 = LINE ( 'NONE', #473, #927 ) ;
#82 = ORIENTED_EDGE ( 'NONE', *, *, #462, .T. ) ;
#83 = CARTESIAN_POINT ( 'NONE',  ( -12.50000000000001066, 50.46697673420221264, 0.0000000000000000000 ) ) ;
#84 = DIRECTION ( 'NONE',  ( -1.000000000000000000, 0.0000000000000000000, 0.0000000000000000000 ) ) ;
#85 = EDGE_CURVE ( 'NONE', #1051, #1120, #731, .T. ) ;
#86 = ADVANCED_FACE ( 'NONE', ( #664 ), #1943, .T. ) ;
#87 = APPROVAL_PERSON_ORGANIZATION ( #1634, #1651, #469 ) ;
#88 = AXIS2_PLACEMENT_3D ( 'NONE', #1920, #1904, #2288 ) ;
#89 = DIRECTION ( 'NONE',  ( 1.000000000000000000, 0.0000000000000000000, 0.0000000000000000000 ) ) ;
#90 = CIRCLE ( 'NONE', #1605, 1.500000000000003109 ) ;
#91 = VERTEX_POINT ( 'NONE', #2220 ) ;
#92 = DIRECTION ( 'NONE',  ( 1.000000000000000000, 0.0000000000000000000, 0.0000000000000000000 ) ) ;
#93 = EDGE_LOOP ( 'NONE', ( #1436, #2384, #191, #596 ) ) ;
#94 = ORIENTED_EDGE ( 'NONE', *, *, #324, .T. ) ;
#95 = AXIS2_PLACEMENT_3D ( 'NONE', #781, #1911, #400 ) ;
#96 = CIRCLE ( 'NONE', #2016, 3.999999999999994671 ) ;
#97 = DIRECTION ( 'NONE',  ( 1.000000000000000000, 0.0000000000000000000, 0.0000000000000000000 ) ) ;
#98 = DIRECTION ( 'NONE',  ( 0.0000000000000000000, 0.0000000000000000000, 1.000000000000000000 ) ) ;
#99 = ADVANCED_FACE ( 'NONE', ( #231 ), #1886, .F. ) ;
#100 = EDGE_LOOP ( 'NONE', ( #1461, #795 ) ) ;
#101 = CIRCLE ( 'NONE', #417, 1.500000000000002220 ) ;
#102 = DIRECTION ( 'NONE',  ( -1.000000000000000000, 0.0000000000000000000, 0.0000000000000000000 ) ) ;
#103 = CIRCLE ( 'NONE', #793, 1.500000000000002220 ) ;
#104 = CIRCLE ( 'NONE', #1331, 2.000000000000001776 ) ;
#105 = CARTESIAN_POINT ( 'NONE',  ( 3.500000000000190514, 18.46697673420209185, 2.000000000000000000 ) ) ;
#106 = CARTESIAN_POINT ( 'NONE',  ( -27.95000000000000284, 28.46697673420221264, -1.734723475976807094E-15 ) ) ;
#107 = FACE_OUTER_BOUND ( 'NONE', #463, .T. ) ;
#108 = PERSON_AND_ORGANIZATION_ROLE ( 'design_supplier' ) ;
#109 = CARTESIAN_POINT ( 'NONE',  ( 12.74999999999999645, -35.53302326579778025, 0.0000000000000000000 ) ) ;
#110 = EDGE_LOOP ( 'NONE', ( #1584, #1551 ) ) ;
#111 = CARTESIAN_POINT ( 'NONE',  ( 10.50000000000033218, 11.46697673420221264, 2.000000000000000000 ) ) ;
#112 = ADVANCED_FACE ( 'NONE', ( #348 ), #170, .F. ) ;
#113 = EDGE_CURVE ( 'NONE', #2351, #235, #789, .T. ) ;
#114 = ORIENTED_EDGE ( 'NONE', *, *, #661, .T. ) ;
#115 = DIRECTION ( 'NONE',  ( -1.000000000000000000, 0.0000000000000000000, 0.0000000000000000000 ) ) ;
#116 = DIRECTION ( 'NONE',  ( -1.000000000000000000, 0.0000000000000000000, 0.0000000000000000000 ) ) ;
#117 = EDGE_CURVE ( 'NONE', #1180, #1906, #24, .T. ) ;
#118 = CIRCLE ( 'NONE', #1478, 8.000000000000003553 ) ;
#119 = AXIS2_PLACEMENT_3D ( 'NONE', #617, #1368, #270 ) ;
#120 = DIRECTION ( 'NONE',  ( -1.000000000000000000, 0.0000000000000000000, 0.0000000000000000000 ) ) ;
#121 = ORIENTED_EDGE ( 'NONE', *, *, #2250, .T. ) ;
#122 = ADVANCED_FACE ( 'NONE', ( #1046 ), #2423, .F. ) ;
#123 = ORIENTED_EDGE ( 'NONE', *, *, #1227, .T. ) ;
#124 = CARTESIAN_POINT ( 'NONE',  ( 31.74999999999997868, 60.37904784351498222, 2.000000000000000000 ) ) ;
#125 = ORIENTED_EDGE ( 'NONE', *, *, #251, .T. ) ;
#126 = ORIENTED_EDGE ( 'NONE', *, *, #1620, .T. ) ;
#127 = ORIENTED_EDGE ( 'NONE', *, *, #32, .T. ) ;
#128 = DIRECTION ( 'NONE',  ( -0.0000000000000000000, -0.0000000000000000000, -1.000000000000000000 ) ) ;
#129 = VECTOR ( 'NONE', #1151, 1000.000000000000000 ) ;
#130 = ADVANCED_FACE ( 'NONE', ( #107 ), #2338, .F. ) ;
#131 = AXIS2_PLACEMENT_3D ( 'NONE', #1192, #2134, #84 ) ;
#132 = EDGE_LOOP ( 'NONE', ( #453, #1179, #1404, #389 ) ) ;
#133 = DIRECTION ( 'NONE',  ( -0.0000000000000000000, -0.0000000000000000000, -1.000000000000000000 ) ) ;
#134 = LINE ( 'NONE', #792, #2146 ) ;
#135 = AXIS2_PLACEMENT_3D ( 'NONE', #1532, #421, #2293 ) ;
#136 = FACE_OUTER_BOUND ( 'NONE', #253, .T. ) ;
#137 = EDGE_CURVE ( 'NONE', #181, #186, #1830, .T. ) ;
#138 = CIRCLE ( 'NONE', #2147, 1.500000000000001332 ) ;
#139 = ADVANCED_FACE ( 'NONE', ( #1384 ), #1332, .F. ) ;
#140 = DIRECTION ( 'NONE',  ( -1.000000000000000000, 0.0000000000000000000, 0.0000000000000000000 ) ) ;
#141 = ORIENTED_EDGE ( 'NONE', *, *, #1696, .F. ) ;
#142 = CARTESIAN_POINT ( 'NONE',  ( 24.75000000000000000, 18.46697673420220909, 2.000000000000000000 ) ) ;
#143 = DIRECTION ( 'NONE',  ( -1.000000000000000000, 0.0000000000000000000, 0.0000000000000000000 ) ) ;
#144 = ORIENTED_EDGE ( 'NONE', *, *, #295, .F. ) ;
#145 = CARTESIAN_POINT ( 'NONE',  ( -14.50000000000000178, 18.46697673420220553, 2.000000000000000000 ) ) ;
#146 = AXIS2_PLACEMENT_3D ( 'NONE', #2040, #585, #383 ) ;
#147 = CARTESIAN_POINT ( 'NONE',  ( 7.000000000000093259, 30.46697673420228369, 0.0000000000000000000 ) ) ;
#148 = CARTESIAN_POINT ( 'NONE',  ( 9.000000000000328626, 11.46697673420221264, 0.0000000000000000000 ) ) ;
#149 = DIRECTION ( 'NONE',  ( -1.000000000000000000, 0.0000000000000000000, 0.0000000000000000000 ) ) ;
#150 = VECTOR ( 'NONE', #1726, 1000.000000000000000 ) ;
#151 = ORIENTED_EDGE ( 'NONE', *, *, #41, .F. ) ;
#152 = ORIENTED_EDGE ( 'NONE', *, *, #2108, .T. ) ;
#153 = DIRECTION ( 'NONE',  ( -1.000000000000000000, 0.0000000000000000000, 0.0000000000000000000 ) ) ;
#154 = ADVANCED_FACE ( 'NONE', ( #1219 ), #199, .F. ) ;
#155 = ORIENTED_EDGE ( 'NONE', *, *, #869, .F. ) ;
#156 = VERTEX_POINT ( 'NONE', #521 ) ;
#157 = AXIS2_PLACEMENT_3D ( 'NONE', #380, #582, #1697 ) ;
#158 = CARTESIAN_POINT ( 'NONE',  ( 10.50000000000000000, 25.46697673420220909, 2.000000000000000000 ) ) ;
#159 = CYLINDRICAL_SURFACE ( 'NONE', #2221, 3.999999999999995559 ) ;
#160 = DIRECTION ( 'NONE',  ( -0.0000000000000000000, -0.0000000000000000000, -1.000000000000000000 ) ) ;
#161 = EDGE_CURVE ( 'NONE', #1180, #1048, #403, .T. ) ;
#162 = DIRECTION ( 'NONE',  ( -0.0000000000000000000, -0.0000000000000000000, -1.000000000000000000 ) ) ;
#163 = ORIENTED_EDGE ( 'NONE', *, *, #1327, .T. ) ;
#164 = CYLINDRICAL_SURFACE ( 'NONE', #516, 2.000000000000005329 ) ;
#165 = DIRECTION ( 'NONE',  ( -1.000000000000000000, 0.0000000000000000000, 0.0000000000000000000 ) ) ;
#166 = VECTOR ( 'NONE', #810, 1000.000000000000000 ) ;
#167 = AXIS2_PLACEMENT_3D ( 'NONE', #1052, #1993, #1238 ) ;
#168 = CYLINDRICAL_SURFACE ( 'NONE', #2277, 2.000000000000005329 ) ;
#169 = EDGE_CURVE ( 'NONE', #1843, #2211, #955, .T. ) ;
#170 = CONICAL_SURFACE ( 'NONE', #1690, 3.200000000000001510, 0.7853981633974479459 ) ;
#171 = CARTESIAN_POINT ( 'NONE',  ( 4.749999999999992006, -10.03302326579778914, 2.000000000000000000 ) ) ;
#172 = ORIENTED_EDGE ( 'NONE', *, *, #1951, .F. ) ;
#173 = AXIS2_PLACEMENT_3D ( 'NONE', #1542, #1922, #626 ) ;
#174 = EDGE_LOOP ( 'NONE', ( #1857, #982, #2267, #1782 ) ) ;
#175 = CARTESIAN_POINT ( 'NONE',  ( -10.49999999999948841, 11.46697673420161223, 2.000000000000000000 ) ) ;
#176 = CARTESIAN_POINT ( 'NONE',  ( -21.55000000000000071, 28.46697673420221264, -1.734723475976807094E-15 ) ) ;
#177 = DIRECTION ( 'NONE',  ( 1.000000000000000000, 0.0000000000000000000, 0.0000000000000000000 ) ) ;
#178 = LINE ( 'NONE', #2182, #1023 ) ;
#179 = ORIENTED_EDGE ( 'NONE', *, *, #2301, .F. ) ;
#180 = DIRECTION ( 'NONE',  ( -0.0000000000000000000, -0.0000000000000000000, -1.000000000000000000 ) ) ;
#181 = VERTEX_POINT ( 'NONE', #2189 ) ;
#182 = DIRECTION ( 'NONE',  ( -0.0000000000000000000, -0.0000000000000000000, -1.000000000000000000 ) ) ;
#183 = EDGE_LOOP ( 'NONE', ( #1117, #1288 ) ) ;
#184 = DIRECTION ( 'NONE',  ( -1.000000000000000000, 0.0000000000000000000, 0.0000000000000000000 ) ) ;
#185 = ORIENTED_EDGE ( 'NONE', *, *, #887, .T. ) ;
#186 = VERTEX_POINT ( 'NONE', #759 ) ;
#187 = AXIS2_PLACEMENT_3D ( 'NONE', #1952, #2135, #2132 ) ;
#188 = CIRCLE ( 'NONE', #119, 3.200000000000001510 ) ;
#189 = CARTESIAN_POINT ( 'NONE',  ( -26.75000000000000355, 18.46697673420220909, 1.199999999999997291 ) ) ;
#190 = VERTEX_POINT ( 'NONE', #376 ) ;
#191 = ORIENTED_EDGE ( 'NONE', *, *, #2232, .T. ) ;
#192 = CIRCLE ( 'NONE', #1600, 1.499999999999998668 ) ;
#193 = CARTESIAN_POINT ( 'NONE',  ( 12.49999999999999112, 50.46697673420221264, 2.000000000000000000 ) ) ;
#194 = EDGE_CURVE ( 'NONE', #632, #545, #1772, .T. ) ;
#195 = CARTESIAN_POINT ( 'NONE',  ( -4.749904554191427763, -35.46325416714226719, 0.0000000000000000000 ) ) ;
#196 = FACE_BOUND ( 'NONE', #2164, .T. ) ;
#197 = FACE_BOUND ( 'NONE', #765, .T. ) ;
#198 = CARTESIAN_POINT ( 'NONE',  ( -10.50000000000000711, 18.46697673420220553, 2.000000000000000000 ) ) ;
#199 = CYLINDRICAL_SURFACE ( 'NONE', #2361, 1.500000000000008216 ) ;
#200 = EDGE_CURVE ( 'NONE', #2188, #2412, #1712, .T. ) ;
#201 = DIRECTION ( 'NONE',  ( -0.0000000000000000000, -0.0000000000000000000, -1.000000000000000000 ) ) ;
#202 = CARTESIAN_POINT ( 'NONE',  ( 12.74999999999999645, -10.03302326579778914, 0.0000000000000000000 ) ) ;
#203 = VERTEX_POINT ( 'NONE', #2046 ) ;
#204 = DIRECTION ( 'NONE',  ( 1.000000000000000000, 0.0000000000000000000, 0.0000000000000000000 ) ) ;
#205 = AXIS2_PLACEMENT_3D ( 'NONE', #1646, #757, #1092 ) ;
#206 = DIRECTION ( 'NONE',  ( 0.0000000000000000000, 0.0000000000000000000, 1.000000000000000000 ) ) ;
#207 = CARTESIAN_POINT ( 'NONE',  ( -12.74990455419142954, -35.46325416714226719, 2.000000000000000000 ) ) ;
#208 = CARTESIAN_POINT ( 'NONE',  ( 8.500000000000095923, 30.46697673420228369, 2.000000000000000000 ) ) ;
#209 = CARTESIAN_POINT ( 'NONE',  ( 10.49999999999999289, 18.46697673420220909, 0.0000000000000000000 ) ) ;
#210 = CYLINDRICAL_SURFACE ( 'NONE', #1394, 1.500000000000008216 ) ;
#211 = CARTESIAN_POINT ( 'NONE',  ( 4.749999999999992006, -35.53302326579778025, 2.000000000000000000 ) ) ;
#212 = VECTOR ( 'NONE', #1172, 1000.000000000000000 ) ;
#213 = EDGE_LOOP ( 'NONE', ( #1375, #334, #2105, #172 ) ) ;
#214 = AXIS2_PLACEMENT_3D ( 'NONE', #236, #606, #2088 ) ;
#215 = DIRECTION ( 'NONE',  ( -1.000000000000000000, 0.0000000000000000000, 0.0000000000000000000 ) ) ;
#216 = ORIENTED_EDGE ( 'NONE', *, *, #432, .F. ) ;
#217 = ORIENTED_EDGE ( 'NONE', *, *, #1611, .F. ) ;
#218 = DIRECTION ( 'NONE',  ( -0.0000000000000000000, -0.0000000000000000000, -1.000000000000000000 ) ) ;
#219 = CYLINDRICAL_SURFACE ( 'NONE', #2047, 1.500000000000000000 ) ;
#220 = AXIS2_PLACEMENT_3D ( 'NONE', #198, #206, #1494 ) ;
#221 = CARTESIAN_POINT ( 'NONE',  ( -8.499999999999912959, 30.46697673420217711, 2.000000000000000000 ) ) ;
#222 = CYLINDRICAL_SURFACE ( 'NONE', #2140, 2.000000000000005329 ) ;
#223 = CYLINDRICAL_SURFACE ( 'NONE', #591, 1.499999999999994449 ) ;
#224 = CARTESIAN_POINT ( 'NONE',  ( 3.500000000000190514, 18.46697673420209185, 2.000000000000000000 ) ) ;
#225 = ORIENTED_EDGE ( 'NONE', *, *, #677, .T. ) ;
#226 = DIRECTION ( 'NONE',  ( 0.0000000000000000000, 0.0000000000000000000, 1.000000000000000000 ) ) ;
#227 = CIRCLE ( 'NONE', #528, 8.000000000000001776 ) ;
#228 = EDGE_CURVE ( 'NONE', #1703, #715, #553, .T. ) ;
#229 = DIRECTION ( 'NONE',  ( -0.0000000000000000000, -0.0000000000000000000, -1.000000000000000000 ) ) ;
#230 = CARTESIAN_POINT ( 'NONE',  ( 9.000000000000328626, 11.46697673420221264, 2.000000000000000000 ) ) ;
#231 = FACE_OUTER_BOUND ( 'NONE', #701, .T. ) ;
#232 = ORIENTED_EDGE ( 'NONE', *, *, #194, .F. ) ;
#233 = CARTESIAN_POINT ( 'NONE',  ( -1.999999999999428013, 18.46697673420217001, 2.000000000000000000 ) ) ;
#234 = CARTESIAN_POINT ( 'NONE',  ( 3.500000000000190514, 18.46697673420209185, 2.000000000000000000 ) ) ;
#235 = VERTEX_POINT ( 'NONE', #2422 ) ;
#236 = CARTESIAN_POINT ( 'NONE',  ( -8.598015535578499360E-15, 30.46697673420220909, 2.000000000000000000 ) ) ;
#237 = CARTESIAN_POINT ( 'NONE',  ( -3.499999999999427125, 18.46697673420217001, 0.0000000000000000000 ) ) ;
#238 = DIRECTION ( 'NONE',  ( 0.0000000000000000000, 0.0000000000000000000, 1.000000000000000000 ) ) ;
#239 = AXIS2_PLACEMENT_3D ( 'NONE', #1990, #328, #143 ) ;
#240 = LOCAL_TIME ( 17, 25, 19.00000000000000000, #2222 ) ;
#241 = DIRECTION ( 'NONE',  ( 0.0000000000000000000, 0.0000000000000000000, 1.000000000000000000 ) ) ;
#242 = EDGE_CURVE ( 'NONE', #2131, #2023, #1274, .T. ) ;
#243 = CYLINDRICAL_SURFACE ( 'NONE', #1080, 1.499999999999999556 ) ;
#244 = CARTESIAN_POINT ( 'NONE',  ( -24.75000000000000000, 28.46697673420221264, 2.000000000000000000 ) ) ;
#245 = EDGE_LOOP ( 'NONE', ( #2152, #2072, #496, #457 ) ) ;
#246 = DIRECTION ( 'NONE',  ( -1.000000000000000000, 0.0000000000000000000, 0.0000000000000000000 ) ) ;
#247 = ORIENTED_EDGE ( 'NONE', *, *, #811, .F. ) ;
#248 = DIRECTION ( 'NONE',  ( -0.0000000000000000000, -0.0000000000000000000, -1.000000000000000000 ) ) ;
#249 = ORIENTED_EDGE ( 'NONE', *, *, #1986, .F. ) ;
#250 = ORIENTED_EDGE ( 'NONE', *, *, #228, .T. ) ;
#251 = EDGE_CURVE ( 'NONE', #1537, #2309, #2037, .T. ) ;
#252 = CARTESIAN_POINT ( 'NONE',  ( -22.75000000000000000, 28.46697673420221264, 2.000000000000000000 ) ) ;
#253 = EDGE_LOOP ( 'NONE', ( #1832, #357, #1129, #1495, #447, #841, #438, #1205 ) ) ;
#254 = CIRCLE ( 'NONE', #1, 1.499999999999999556 ) ;
#255 = CARTESIAN_POINT ( 'NONE',  ( -24.75000000000000000, 18.46697673420220909, 2.000000000000000000 ) ) ;
#256 = DIRECTION ( 'NONE',  ( 1.000000000000000000, 0.0000000000000000000, 0.0000000000000000000 ) ) ;
#257 = EDGE_LOOP ( 'NONE', ( #2115, #1338 ) ) ;
#258 = AXIS2_PLACEMENT_3D ( 'NONE', #1681, #1694, #1512 ) ;
#259 = CYLINDRICAL_SURFACE ( 'NONE', #747, 8.000000000000005329 ) ;
#260 = DIRECTION ( 'NONE',  ( 0.0000000000000000000, 0.0000000000000000000, 1.000000000000000000 ) ) ;
#261 = FACE_BOUND ( 'NONE', #1849, .T. ) ;
#262 = CARTESIAN_POINT ( 'NONE',  ( -17.50000000000001421, 18.46697673420170105, 2.000000000000000000 ) ) ;
#263 = LINE ( 'NONE', #1186, #2272 ) ;
#264 = AXIS2_PLACEMENT_3D ( 'NONE', #820, #260, #2308 ) ;
#265 = ORIENTED_EDGE ( 'NONE', *, *, #1193, .F. ) ;
#266 = DIRECTION ( 'NONE',  ( -1.000000000000000000, 0.0000000000000000000, 0.0000000000000000000 ) ) ;
#267 = ORIENTED_EDGE ( 'NONE', *, *, #2013, .F. ) ;
#268 = AXIS2_PLACEMENT_3D ( 'NONE', #1590, #663, #1966 ) ;
#269 = EDGE_CURVE ( 'NONE', #946, #736, #1883, .T. ) ;
#270 = DIRECTION ( 'NONE',  ( -1.000000000000000000, 0.0000000000000000000, 0.0000000000000000000 ) ) ;
#271 = CARTESIAN_POINT ( 'NONE',  ( 31.74999999999997868, 60.37904784351498222, 2.000000000000000000 ) ) ;
#272 = PERSON_AND_ORGANIZATION ( #51, #1367 ) ;
#273 = AXIS2_PLACEMENT_3D ( 'NONE', #1116, #1312, #1662 ) ;
#274 = CARTESIAN_POINT ( 'NONE',  ( -11.99999999999948663, 11.46697673420161223, 0.0000000000000000000 ) ) ;
#275 = CARTESIAN_POINT ( 'NONE',  ( -31.75000000000000000, -45.94509437511054273, 2.000000000000000000 ) ) ;
#276 = ORIENTED_EDGE ( 'NONE', *, *, #558, .F. ) ;
#277 = CARTESIAN_POINT ( 'NONE',  ( 24.75000000000000000, 18.46697673420220909, 2.000000000000000000 ) ) ;
#278 = CIRCLE ( 'NONE', #1460, 1.500000000000008216 ) ;
#279 = VERTEX_POINT ( 'NONE', #748 ) ;
#280 = ORIENTED_EDGE ( 'NONE', *, *, #1106, .T. ) ;
#281 = CIRCLE ( 'NONE', #220, 3.999999999999994227 ) ;
#282 = CARTESIAN_POINT ( 'NONE',  ( 26.75000000000000711, 18.46697673420220909, 1.199999999999994182 ) ) ;
#283 = FACE_OUTER_BOUND ( 'NONE', #2386, .T. ) ;
#284 = CARTESIAN_POINT ( 'NONE',  ( -8.999999999999490186, 11.46697673420161223, 2.000000000000000000 ) ) ;
#285 = CIRCLE ( 'NONE', #1469, 8.000000000000001776 ) ;
#286 = DIRECTION ( 'NONE',  ( 0.0000000000000000000, 0.0000000000000000000, 1.000000000000000000 ) ) ;
#287 = VECTOR ( 'NONE', #1655, 1000.000000000000000 ) ;
#288 = ADVANCED_FACE ( 'NONE', ( #1798 ), #1329, .F. ) ;
#289 = EDGE_CURVE ( 'NONE', #2410, #615, #138, .T. ) ;
#290 = CARTESIAN_POINT ( 'NONE',  ( -24.75000000000000000, 18.46697673420220909, 1.199999999999997291 ) ) ;
#291 = VERTEX_POINT ( 'NONE', #551 ) ;
#292 = PLANE ( 'NONE',  #2397 ) ;
#293 = AXIS2_PLACEMENT_3D ( 'NONE', #2390, #526, #533 ) ;
#294 = CARTESIAN_POINT ( 'NONE',  ( 3.500000000000190514, 18.46697673420209185, 0.0000000000000000000 ) ) ;
#295 = EDGE_CURVE ( 'NONE', #1204, #1349, #227, .T. ) ;
#296 = DIRECTION ( 'NONE',  ( 1.000000000000000000, 0.0000000000000000000, 0.0000000000000000000 ) ) ;
#297 = CALENDAR_DATE ( 2018, 16, 8 ) ;
#298 = AXIS2_PLACEMENT_3D ( 'NONE', #294, #1197, #89 ) ;
#299 = DIRECTION ( 'NONE',  ( 0.0000000000000000000, 0.0000000000000000000, 1.000000000000000000 ) ) ;
#300 = ADVANCED_FACE ( 'NONE', ( #79 ), #817, .F. ) ;
#301 = CIRCLE ( 'NONE', #2404, 1.500000000000008216 ) ;
#302 = EDGE_LOOP ( 'NONE', ( #2247, #1916 ) ) ;
#303 = CARTESIAN_POINT ( 'NONE',  ( 24.75000000000000000, 18.46697673420220909, -1.734723475976807094E-15 ) ) ;
#304 = VERTEX_POINT ( 'NONE', #5 ) ;
#305 = ORIENTED_EDGE ( 'NONE', *, *, #705, .F. ) ;
#306 = EDGE_CURVE ( 'NONE', #1273, #1387, #1074, .T. ) ;
#307 = ORIENTED_EDGE ( 'NONE', *, *, #645, .T. ) ;
#308 = DIRECTION ( 'NONE',  ( 1.000000000000000000, 0.0000000000000000000, 0.0000000000000000000 ) ) ;
#309 = CARTESIAN_POINT ( 'NONE',  ( -12.50000000000001066, 50.46697673420221264, 2.000000000000000000 ) ) ;
#310 = ORIENTED_EDGE ( 'NONE', *, *, #2348, .T. ) ;
#311 = CYLINDRICAL_SURFACE ( 'NONE', #1049, 8.000000000000003553 ) ;
#312 = EDGE_CURVE ( 'NONE', #1787, #1541, #872, .T. ) ;
#313 = DIRECTION ( 'NONE',  ( 0.0000000000000000000, 0.0000000000000000000, 1.000000000000000000 ) ) ;
#314 = ORIENTED_EDGE ( 'NONE', *, *, #1069, .F. ) ;
#315 = VECTOR ( 'NONE', #2313, 1000.000000000000000 ) ;
#316 = CIRCLE ( 'NONE', #1212, 1.499999999999999556 ) ;
#317 = ADVANCED_FACE ( 'NONE', ( #1769 ), #465, .F. ) ;
#318 = DIRECTION ( 'NONE',  ( -0.0000000000000000000, -1.000000000000000000, -0.0000000000000000000 ) ) ;
#319 = LINE ( 'NONE', #2028, #1743 ) ;
#320 = CARTESIAN_POINT ( 'NONE',  ( 26.75000000000000711, 18.46697673420220909, 2.000000000000000000 ) ) ;
#321 = DIRECTION ( 'NONE',  ( 0.0000000000000000000, 0.0000000000000000000, 1.000000000000000000 ) ) ;
#322 = CIRCLE ( 'NONE', #1222, 1.499999999999999556 ) ;
#323 = ORIENTED_EDGE ( 'NONE', *, *, #2158, .T. ) ;
#324 = EDGE_CURVE ( 'NONE', #1125, #2181, #640, .T. ) ;
#325 = ORIENTED_EDGE ( 'NONE', *, *, #8, .T. ) ;
#326 = CARTESIAN_POINT ( 'NONE',  ( 12.49999999999999112, 50.46697673420221264, 2.000000000000000000 ) ) ;
#327 = CARTESIAN_POINT ( 'NONE',  ( 26.75000000000000711, 28.46697673420221264, 1.199999999999994182 ) ) ;
#328 = DIRECTION ( 'NONE',  ( -0.0000000000000000000, -0.0000000000000000000, -1.000000000000000000 ) ) ;
#329 = EDGE_CURVE ( 'NONE', #1255, #1120, #1250, .T. ) ;
#330 = DATE_AND_TIME ( #2316, #1754 ) ;
#331 = DIRECTION ( 'NONE',  ( 0.7071067811865472397, 8.659560562354930393E-17, -0.7071067811865479058 ) ) ;
#332 = CARTESIAN_POINT ( 'NONE',  ( -14.50000000000000178, 18.46697673420220553, 2.000000000000000000 ) ) ;
#333 = CARTESIAN_POINT ( 'NONE',  ( 19.00000000000019895, 18.46697673420237251, 0.0000000000000000000 ) ) ;
#334 = ORIENTED_EDGE ( 'NONE', *, *, #2086, .T. ) ;
#335 = ORIENTED_EDGE ( 'NONE', *, *, #1657, .T. ) ;
#336 = CARTESIAN_POINT ( 'NONE',  ( -9.455268294981648552E-15, 37.46697673420221264, 2.000000000000000000 ) ) ;
#337 = EDGE_LOOP ( 'NONE', ( #1903, #2067 ) ) ;
#338 = DIRECTION ( 'NONE',  ( -1.000000000000000000, 0.0000000000000000000, 0.0000000000000000000 ) ) ;
#339 = LINE ( 'NONE', #176, #2263 ) ;
#340 = AXIS2_PLACEMENT_3D ( 'NONE', #303, #1396, #1220 ) ;
#341 = EDGE_LOOP ( 'NONE', ( #929, #39, #2230, #1320 ) ) ;
#342 = LINE ( 'NONE', #1391, #1705 ) ;
#343 = ADVANCED_FACE ( 'NONE', ( #1131 ), #168, .F. ) ;
#344 = VECTOR ( 'NONE', #824, 1000.000000000000000 ) ;
#345 = EDGE_CURVE ( 'NONE', #1292, #773, #2007, .T. ) ;
#346 = CYLINDRICAL_SURFACE ( 'NONE', #1000, 3.999999999999995559 ) ;
#347 = AXIS2_PLACEMENT_3D ( 'NONE', #1133, #1137, #1310 ) ;
#348 = FACE_OUTER_BOUND ( 'NONE', #1842, .T. ) ;
#349 = EDGE_LOOP ( 'NONE', ( #1508, #2289, #1980, #36 ) ) ;
#350 = DIRECTION ( 'NONE',  ( -0.0000000000000000000, -0.0000000000000000000, -1.000000000000000000 ) ) ;
#351 = AXIS2_PLACEMENT_3D ( 'NONE', #891, #1070, #1269 ) ;
#352 = CARTESIAN_POINT ( 'NONE',  ( -21.55000000000000071, 18.46697673420220909, -1.734723475976807094E-15 ) ) ;
#353 = CARTESIAN_POINT ( 'NONE',  ( -11.99999999999948663, 11.46697673420161223, 2.000000000000000000 ) ) ;
#354 = PERSON_AND_ORGANIZATION ( #51, #1367 ) ;
#355 = CONICAL_SURFACE ( 'NONE', #1096, 3.200000000000001510, 0.7853981633974479459 ) ;
#356 = EDGE_LOOP ( 'NONE', ( #604, #26 ) ) ;
#357 = ORIENTED_EDGE ( 'NONE', *, *, #1045, .F. ) ;
#358 = CARTESIAN_POINT ( 'NONE',  ( -3.499999999999427125, 18.46697673420217001, 2.000000000000000000 ) ) ;
#359 = ORIENTED_EDGE ( 'NONE', *, *, #451, .F. ) ;
#360 = EDGE_LOOP ( 'NONE', ( #633, #2011, #2403, #2009 ) ) ;
#361 = CARTESIAN_POINT ( 'NONE',  ( -4.000000000000016875, 30.46697673420220909, 2.000000000000000000 ) ) ;
#362 = EDGE_CURVE ( 'NONE', #2211, #1843, #373, .T. ) ;
#363 = DIRECTION ( 'NONE',  ( 1.000000000000000000, 0.0000000000000000000, 0.0000000000000000000 ) ) ;
#364 = AXIS2_PLACEMENT_3D ( 'NONE', #404, #2051, #776 ) ;
#365 = ORIENTED_EDGE ( 'NONE', *, *, #329, .F. ) ;
#366 = LINE ( 'NONE', #559, #427 ) ;
#367 = DIRECTION ( 'NONE',  ( -0.0000000000000000000, -0.0000000000000000000, -1.000000000000000000 ) ) ;
#368 = ORIENTED_EDGE ( 'NONE', *, *, #745, .F. ) ;
#369 = ORIENTED_EDGE ( 'NONE', *, *, #64, .T. ) ;
#370 = LINE ( 'NONE', #1670, #547 ) ;
#371 = FACE_BOUND ( 'NONE', #356, .T. ) ;
#372 = EDGE_CURVE ( 'NONE', #1959, #946, #847, .T. ) ;
#373 = CIRCLE ( 'NONE', #95, 1.500000000000008216 ) ;
#374 = DIRECTION ( 'NONE',  ( -0.0000000000000000000, -0.0000000000000000000, -1.000000000000000000 ) ) ;
#375 = EDGE_LOOP ( 'NONE', ( #2000, #599 ) ) ;
#376 = CARTESIAN_POINT ( 'NONE',  ( 19.00000000000019895, 18.46697673420237251, 2.000000000000000000 ) ) ;
#377 = AXIS2_PLACEMENT_3D ( 'NONE', #1647, #2426, #1299 ) ;
#378 = ORIENTED_EDGE ( 'NONE', *, *, #1018, .T. ) ;
#379 = DIRECTION ( 'NONE',  ( -1.000000000000000000, 0.0000000000000000000, 0.0000000000000000000 ) ) ;
#380 = CARTESIAN_POINT ( 'NONE',  ( -6.999999999999912959, 30.46697673420217711, 2.000000000000000000 ) ) ;
#381 = CARTESIAN_POINT ( 'NONE',  ( -4.500000000000007105, 50.46697673420221264, 2.000000000000000000 ) ) ;
#382 = DATE_AND_TIME ( #1573, #240 ) ;
#383 = DIRECTION ( 'NONE',  ( 1.000000000000000000, 0.0000000000000000000, 0.0000000000000000000 ) ) ;
#384 = EDGE_CURVE ( 'NONE', #1168, #1557, #1942, .T. ) ;
#385 = CARTESIAN_POINT ( 'NONE',  ( -20.50000000000001421, 50.46697673420221264, 2.000000000000000000 ) ) ;
#386 =( LENGTH_UNIT ( ) NAMED_UNIT ( * ) SI_UNIT ( .MILLI., .METRE. ) );
#387 = EDGE_LOOP ( 'NONE', ( #905, #1347 ) ) ;
#388 = DIRECTION ( 'NONE',  ( -0.0000000000000000000, -0.0000000000000000000, -1.000000000000000000 ) ) ;
#389 = ORIENTED_EDGE ( 'NONE', *, *, #2158, .F. ) ;
#390 = ORIENTED_EDGE ( 'NONE', *, *, #58, .T. ) ;
#391 = CYLINDRICAL_SURFACE ( 'NONE', #1752, 8.000000000000001776 ) ;
#392 = DIRECTION ( 'NONE',  ( -1.000000000000000000, 0.0000000000000000000, 0.0000000000000000000 ) ) ;
#393 = ORIENTED_EDGE ( 'NONE', *, *, #1514, .T. ) ;
#394 = FACE_OUTER_BOUND ( 'NONE', #1477, .T. ) ;
#395 = CARTESIAN_POINT ( 'NONE',  ( -12.50000000000001066, 50.46697673420221264, 0.0000000000000000000 ) ) ;
#396 = AXIS2_PLACEMENT_3D ( 'NONE', #1503, #952, #204 ) ;
#397 = DIRECTION ( 'NONE',  ( -1.000000000000000000, 0.0000000000000000000, 0.0000000000000000000 ) ) ;
#398 = ORIENTED_EDGE ( 'NONE', *, *, #1577, .T. ) ;
#399 = FACE_BOUND ( 'NONE', #1617, .T. ) ;
#400 = DIRECTION ( 'NONE',  ( 1.000000000000000000, 0.0000000000000000000, 0.0000000000000000000 ) ) ;
#401 = FACE_BOUND ( 'NONE', #1846, .T. ) ;
#402 = DIRECTION ( 'NONE',  ( -0.0000000000000000000, -0.0000000000000000000, -1.000000000000000000 ) ) ;
#403 = CIRCLE ( 'NONE', #1975, 8.000000000000001776 ) ;
#404 = CARTESIAN_POINT ( 'NONE',  ( 1.380442006958332136E-13, 23.46697673420220553, 2.000000000000000000 ) ) ;
#405 = DIRECTION ( 'NONE',  ( -0.0000000000000000000, -0.0000000000000000000, -1.000000000000000000 ) ) ;
#406 = VERTEX_POINT ( 'NONE', #413 ) ;
#407 = DIRECTION ( 'NONE',  ( -0.0000000000000000000, -0.0000000000000000000, -1.000000000000000000 ) ) ;
#408 = CC_DESIGN_PERSON_AND_ORGANIZATION_ASSIGNMENT ( #909, #108, ( #616 ) ) ;
#409 = EDGE_CURVE ( 'NONE', #186, #406, #1216, .T. ) ;
#410 = DIRECTION ( 'NONE',  ( 1.000000000000000000, 0.0000000000000000000, 0.0000000000000000000 ) ) ;
#411 = CARTESIAN_POINT ( 'NONE',  ( -8.598015535578499360E-15, 30.46697673420220909, 2.000000000000000000 ) ) ;
#412 = LOCAL_TIME ( 17, 25, 19.00000000000000000, #646 ) ;
#413 = CARTESIAN_POINT ( 'NONE',  ( -27.95000000000000284, 18.46697673420220909, -1.734723475976807094E-15 ) ) ;
#414 = FACE_OUTER_BOUND ( 'NONE', #56, .T. ) ;
#415 = ORIENTED_EDGE ( 'NONE', *, *, #1780, .T. ) ;
#416 = ORIENTED_EDGE ( 'NONE', *, *, #548, .T. ) ;
#417 = AXIS2_PLACEMENT_3D ( 'NONE', #1816, #702, #308 ) ;
#418 = EDGE_CURVE ( 'NONE', #1244, #2351, #787, .T. ) ;
#419 = CARTESIAN_POINT ( 'NONE',  ( 17.50000000000018829, 18.46697673420237251, 2.000000000000000000 ) ) ;
#420 = ORIENTED_EDGE ( 'NONE', *, *, #1177, .T. ) ;
#421 = DIRECTION ( 'NONE',  ( -0.0000000000000000000, -0.0000000000000000000, -1.000000000000000000 ) ) ;
#422 = APPROVAL_STATUS ( 'not_yet_approved' ) ;
#423 = CARTESIAN_POINT ( 'NONE',  ( -19.00000000000001066, 18.46697673420170105, 2.000000000000000000 ) ) ;
#424 = ORIENTED_EDGE ( 'NONE', *, *, #1171, .F. ) ;
#425 = DIRECTION ( 'NONE',  ( 0.0000000000000000000, 0.0000000000000000000, 1.000000000000000000 ) ) ;
#426 = EDGE_LOOP ( 'NONE', ( #125, #2362, #1689, #34 ) ) ;
#427 = VECTOR ( 'NONE', #2190, 1000.000000000000000 ) ;
#428 = CYLINDRICAL_SURFACE ( 'NONE', #699, 2.000000000000005329 ) ;
#429 = CARTESIAN_POINT ( 'NONE',  ( 12.00000000000000533, 25.46697673420220909, 0.0000000000000000000 ) ) ;
#430 = DIRECTION ( 'NONE',  ( -1.000000000000000000, 0.0000000000000000000, 0.0000000000000000000 ) ) ;
#431 = FACE_BOUND ( 'NONE', #1578, .T. ) ;
#432 = EDGE_CURVE ( 'NONE', #2188, #1159, #322, .T. ) ;
#433 = CARTESIAN_POINT ( 'NONE',  ( 23.16207110931273760, 68.96697673420221975, 0.0000000000000000000 ) ) ;
#434 = VECTOR ( 'NONE', #331, 999.9999999999998863 ) ;
#435 = CARTESIAN_POINT ( 'NONE',  ( -10.49999999999948841, 11.46697673420161223, 0.0000000000000000000 ) ) ;
#436 = AXIS2_PLACEMENT_3D ( 'NONE', #1908, #2312, #1547 ) ;
#437 = EDGE_CURVE ( 'NONE', #1447, #1581, #730, .T. ) ;
#438 = ORIENTED_EDGE ( 'NONE', *, *, #1425, .F. ) ;
#439 = DIRECTION ( 'NONE',  ( 0.0000000000000000000, 0.0000000000000000000, 1.000000000000000000 ) ) ;
#440 = EDGE_LOOP ( 'NONE', ( #2354, #225, #1030, #1361 ) ) ;
#441 = CARTESIAN_POINT ( 'NONE',  ( -12.50000000000001066, 50.46697673420221264, 2.000000000000000000 ) ) ;
#442 = AXIS2_PLACEMENT_3D ( 'NONE', #22, #201, #1150 ) ;
#443 = PLANE ( 'NONE',  #1663 ) ;
#444 = CARTESIAN_POINT ( 'NONE',  ( 5.000000000000190070, 18.46697673420209185, 0.0000000000000000000 ) ) ;
#445 = DIRECTION ( 'NONE',  ( -0.0000000000000000000, -0.0000000000000000000, -1.000000000000000000 ) ) ;
#446 = ORIENTED_EDGE ( 'NONE', *, *, #32, .F. ) ;
#447 = ORIENTED_EDGE ( 'NONE', *, *, #2315, .F. ) ;
#448 = DIRECTION ( 'NONE',  ( 1.000000000000000000, 0.0000000000000000000, 0.0000000000000000000 ) ) ;
#449 = ORIENTED_EDGE ( 'NONE', *, *, #1398, .T. ) ;
#450 = ORIENTED_EDGE ( 'NONE', *, *, #418, .T. ) ;
#451 = EDGE_CURVE ( 'NONE', #632, #468, #285, .T. ) ;
#452 = CARTESIAN_POINT ( 'NONE',  ( -22.75000000000000000, 18.46697673420220909, 2.000000000000000000 ) ) ;
#453 = ORIENTED_EDGE ( 'NONE', *, *, #1456, .T. ) ;
#454 = CIRCLE ( 'NONE', #1293, 4.000000000000007994 ) ;
#455 = DIRECTION ( 'NONE',  ( -0.0000000000000000000, -0.0000000000000000000, -1.000000000000000000 ) ) ;
#456 = ORIENTED_EDGE ( 'NONE', *, *, #1724, .T. ) ;
#457 = ORIENTED_EDGE ( 'NONE', *, *, #1539, .F. ) ;
#458 = PRODUCT_DEFINITION ( '未知', '', #616, #2070 ) ;
#459 = LINE ( 'NONE', #332, #842 ) ;
#460 = CARTESIAN_POINT ( 'NONE',  ( -9.455268294981648552E-15, 37.46697673420221264, 2.000000000000000000 ) ) ;
#461 = FACE_BOUND ( 'NONE', #819, .T. ) ;
#462 = EDGE_CURVE ( 'NONE', #1244, #754, #2396, .T. ) ;
#463 = EDGE_LOOP ( 'NONE', ( #668, #1290, #2087, #689 ) ) ;
#464 = CARTESIAN_POINT ( 'NONE',  ( 9.000000000000328626, 11.46697673420221264, 2.000000000000000000 ) ) ;
#465 = CYLINDRICAL_SURFACE ( 'NONE', #483, 3.999999999999994671 ) ;
#466 = DIRECTION ( 'NONE',  ( -0.0000000000000000000, -0.0000000000000000000, -1.000000000000000000 ) ) ;
#467 = AXIS2_PLACEMENT_3D ( 'NONE', #1418, #313, #1607 ) ;
#468 = VERTEX_POINT ( 'NONE', #211 ) ;
#469 = APPROVAL_ROLE ( '' ) ;
#470 = CARTESIAN_POINT ( 'NONE',  ( -20.50000000000001421, 50.46697673420221264, 2.000000000000000000 ) ) ;
#471 = ORIENTED_EDGE ( 'NONE', *, *, #1302, .T. ) ;
#472 = EDGE_CURVE ( 'NONE', #484, #2326, #662, .T. ) ;
#473 = CARTESIAN_POINT ( 'NONE',  ( 4.499999999999984901, 50.46697673420221264, 2.000000000000000000 ) ) ;
#474 = AXIS2_PLACEMENT_3D ( 'NONE', #27, #2274, #31 ) ;
#475 = CARTESIAN_POINT ( 'NONE',  ( 3.500000000000190514, 18.46697673420209185, 0.0000000000000000000 ) ) ;
#476 = DIRECTION ( 'NONE',  ( -0.0000000000000000000, -0.0000000000000000000, -1.000000000000000000 ) ) ;
#477 = PERSON_AND_ORGANIZATION_ROLE ( 'creator' ) ;
#478 = DIRECTION ( 'NONE',  ( -0.0000000000000000000, -0.0000000000000000000, -1.000000000000000000 ) ) ;
#479 = COORDINATED_UNIVERSAL_TIME_OFFSET ( 8, 0, .AHEAD. ) ;
#480 = PRODUCT ( '大脚掌', '大脚掌', '', ( #834 ) ) ;
#481 = CYLINDRICAL_SURFACE ( 'NONE', #1853, 1.500000000000004885 ) ;
#482 = ORIENTED_EDGE ( 'NONE', *, *, #2425, .T. ) ;
#483 = AXIS2_PLACEMENT_3D ( 'NONE', #1482, #407, #1346 ) ;
#484 = VERTEX_POINT ( 'NONE', #1773 ) ;
#485 = VERTEX_POINT ( 'NONE', #470 ) ;
#486 = ADVANCED_FACE ( 'NONE', ( #2244 ), #1010, .F. ) ;
#487 = ORIENTED_EDGE ( 'NONE', *, *, #1514, .F. ) ;
#488 = VECTOR ( 'NONE', #822, 999.9999999999998863 ) ;
#489 = DIRECTION ( 'NONE',  ( 0.0000000000000000000, 0.0000000000000000000, 1.000000000000000000 ) ) ;
#490 = CIRCLE ( 'NONE', #2292, 1.499999999999994449 ) ;
#491 = DIRECTION ( 'NONE',  ( -0.0000000000000000000, -0.0000000000000000000, -1.000000000000000000 ) ) ;
#492 = AXIS2_PLACEMENT_3D ( 'NONE', #1187, #1806, #1230 ) ;
#493 = FACE_BOUND ( 'NONE', #110, .T. ) ;
#494 = DIRECTION ( 'NONE',  ( -1.000000000000000000, 0.0000000000000000000, 0.0000000000000000000 ) ) ;
#495 = ORIENTED_EDGE ( 'NONE', *, *, #2377, .T. ) ;
#496 = ORIENTED_EDGE ( 'NONE', *, *, #1951, .T. ) ;
#497 = DIRECTION ( 'NONE',  ( 0.0000000000000000000, 0.0000000000000000000, 1.000000000000000000 ) ) ;
#498 = DIRECTION ( 'NONE',  ( 0.0000000000000000000, 0.0000000000000000000, 1.000000000000000000 ) ) ;
#499 = ADVANCED_FACE ( 'NONE', ( #2214 ), #761, .F. ) ;
#500 = ORIENTED_EDGE ( 'NONE', *, *, #1485, .T. ) ;
#501 = EDGE_CURVE ( 'NONE', #1125, #2042, #2183, .T. ) ;
#502 = AXIS2_PLACEMENT_3D ( 'NONE', #2117, #439, #1927 ) ;
#503 = CARTESIAN_POINT ( 'NONE',  ( 31.75000000000000000, -45.94509437511053562, 0.0000000000000000000 ) ) ;
#504 = DIRECTION ( 'NONE',  ( -1.000000000000000000, 0.0000000000000000000, 0.0000000000000000000 ) ) ;
#505 = FACE_OUTER_BOUND ( 'NONE', #1059, .T. ) ;
#506 = DIRECTION ( 'NONE',  ( -0.0000000000000000000, -0.0000000000000000000, -1.000000000000000000 ) ) ;
#507 = EDGE_LOOP ( 'NONE', ( #15, #127, #734, #2169 ) ) ;
#508 = ORIENTED_EDGE ( 'NONE', *, *, #2213, .T. ) ;
#509 = ADVANCED_FACE ( 'NONE', ( #2369 ), #346, .F. ) ;
#510 = ORIENTED_EDGE ( 'NONE', *, *, #1531, .T. ) ;
#511 = EDGE_LOOP ( 'NONE', ( #714, #775, #1664, #930 ) ) ;
#512 = ORIENTED_EDGE ( 'NONE', *, *, #1926, .T. ) ;
#513 = DIRECTION ( 'NONE',  ( -0.0000000000000000000, -0.0000000000000000000, -1.000000000000000000 ) ) ;
#514 = DIRECTION ( 'NONE',  ( -0.0000000000000000000, -0.0000000000000000000, -1.000000000000000000 ) ) ;
#515 = ORIENTED_EDGE ( 'NONE', *, *, #1780, .F. ) ;
#516 = AXIS2_PLACEMENT_3D ( 'NONE', #1801, #1253, #708 ) ;
#517 = CIRCLE ( 'NONE', #2001, 8.587928890687241079 ) ;
#518 = DIRECTION ( 'NONE',  ( 1.000000000000000000, 0.0000000000000000000, 0.0000000000000000000 ) ) ;
#519 = ORIENTED_EDGE ( 'NONE', *, *, #1053, .F. ) ;
#520 = LINE ( 'NONE', #2126, #1067 ) ;
#521 = CARTESIAN_POINT ( 'NONE',  ( 1.499999999999991784, 37.46697673420221264, 2.000000000000000000 ) ) ;
#522 = FACE_BOUND ( 'NONE', #613, .T. ) ;
#523 = DIRECTION ( 'NONE',  ( -1.000000000000000000, 0.0000000000000000000, 0.0000000000000000000 ) ) ;
#524 = DIRECTION ( 'NONE',  ( 1.000000000000000000, 0.0000000000000000000, 0.0000000000000000000 ) ) ;
#525 = CIRCLE ( 'NONE', #1629, 2.000000000000005329 ) ;
#526 = DIRECTION ( 'NONE',  ( 0.0000000000000000000, 0.0000000000000000000, 1.000000000000000000 ) ) ;
#527 = CIRCLE ( 'NONE', #1309, 1.500000000000001332 ) ;
#528 = AXIS2_PLACEMENT_3D ( 'NONE', #563, #1858, #934 ) ;
#529 = ORIENTED_EDGE ( 'NONE', *, *, #1082, .T. ) ;
#530 = ADVANCED_FACE ( 'NONE', ( #1301 ), #1272, .F. ) ;
#531 = CARTESIAN_POINT ( 'NONE',  ( -23.16207110931276603, 68.96697673420221975, 0.0000000000000000000 ) ) ;
#532 = ADVANCED_BREP_SHAPE_REPRESENTATION ( '大脚掌', ( #1538, #1528 ), #694 ) ;
#533 = DIRECTION ( 'NONE',  ( 1.000000000000000000, 0.0000000000000000000, 0.0000000000000000000 ) ) ;
#534 = CARTESIAN_POINT ( 'NONE',  ( -4.500000000000007105, 50.46697673420221264, 0.0000000000000000000 ) ) ;
#535 = DATE_AND_TIME ( #1390, #771 ) ;
#536 = DIRECTION ( 'NONE',  ( -1.000000000000000000, 0.0000000000000000000, 0.0000000000000000000 ) ) ;
#537 = CYLINDRICAL_SURFACE ( 'NONE', #492, 2.000000000000001776 ) ;
#538 = ORIENTED_EDGE ( 'NONE', *, *, #1363, .T. ) ;
#539 = ORIENTED_EDGE ( 'NONE', *, *, #580, .F. ) ;
#540 = DIRECTION ( 'NONE',  ( 0.0000000000000000000, 0.0000000000000000000, 1.000000000000000000 ) ) ;
#541 = EDGE_CURVE ( 'NONE', #2334, #1255, #1852, .T. ) ;
#542 = ORIENTED_EDGE ( 'NONE', *, *, #1913, .F. ) ;
#543 = ORIENTED_EDGE ( 'NONE', *, *, #1696, .T. ) ;
#544 = AXIS2_PLACEMENT_3D ( 'NONE', #1602, #506, #494 ) ;
#545 = VERTEX_POINT ( 'NONE', #1753 ) ;
#546 = LINE ( 'NONE', #2371, #73 ) ;
#547 = VECTOR ( 'NONE', #2257, 1000.000000000000000 ) ;
#548 = EDGE_CURVE ( 'NONE', #624, #2412, #1504, .T. ) ;
#549 = DIRECTION ( 'NONE',  ( 1.000000000000000000, 0.0000000000000000000, 0.0000000000000000000 ) ) ;
#550 = FACE_BOUND ( 'NONE', #2322, .T. ) ;
#551 = CARTESIAN_POINT ( 'NONE',  ( -4.000000000000016875, 30.46697673420220909, 0.0000000000000000000 ) ) ;
#552 = AXIS2_PLACEMENT_3D ( 'NONE', #1182, #241, #1540 ) ;
#553 = CIRCLE ( 'NONE', #1892, 8.000000000000007105 ) ;
#554 = VERTEX_POINT ( 'NONE', #1200 ) ;
#555 = DIRECTION ( 'NONE',  ( 0.0000000000000000000, 0.0000000000000000000, 1.000000000000000000 ) ) ;
#556 = ORIENTED_EDGE ( 'NONE', *, *, #1177, .F. ) ;
#557 = AXIS2_PLACEMENT_3D ( 'NONE', #255, #226, #1931 ) ;
#558 = EDGE_CURVE ( 'NONE', #2229, #681, #263, .T. ) ;
#559 = CARTESIAN_POINT ( 'NONE',  ( 23.16207110931276603, -54.53302326579778025, 2.000000000000000000 ) ) ;
#560 = DIRECTION ( 'NONE',  ( -0.0000000000000000000, -0.0000000000000000000, -1.000000000000000000 ) ) ;
#561 = DIRECTION ( 'NONE',  ( 0.0000000000000000000, 0.0000000000000000000, 1.000000000000000000 ) ) ;
#562 = CIRCLE ( 'NONE', #864, 8.000000000000007105 ) ;
#563 = CARTESIAN_POINT ( 'NONE',  ( -12.74990455419142954, -35.46325416714226719, 2.000000000000000000 ) ) ;
#564 = VERTEX_POINT ( 'NONE', #2340 ) ;
#565 = ORIENTED_EDGE ( 'NONE', *, *, #1082, .F. ) ;
#566 = ORIENTED_EDGE ( 'NONE', *, *, #939, .T. ) ;
#567 = AXIS2_PLACEMENT_3D ( 'NONE', #2401, #732, #149 ) ;
#568 = CARTESIAN_POINT ( 'NONE',  ( -17.50000000000001421, 18.46697673420170105, 0.0000000000000000000 ) ) ;
#569 = ORIENTED_EDGE ( 'NONE', *, *, #1979, .T. ) ;
#570 = CARTESIAN_POINT ( 'NONE',  ( 4.749999999999992006, -35.53302326579778025, 2.000000000000000000 ) ) ;
#571 = EDGE_CURVE ( 'NONE', #997, #837, #2069, .T. ) ;
#572 = CARTESIAN_POINT ( 'NONE',  ( 23.16207110931274471, 60.37904784351498222, 2.000000000000000000 ) ) ;
#573 = AXIS2_PLACEMENT_3D ( 'NONE', #1498, #1305, #2243 ) ;
#574 = EDGE_LOOP ( 'NONE', ( #1934, #1075 ) ) ;
#575 = CIRCLE ( 'NONE', #47, 8.587928890687237526 ) ;
#576 = ORIENTED_EDGE ( 'NONE', *, *, #1348, .T. ) ;
#577 = FACE_OUTER_BOUND ( 'NONE', #656, .T. ) ;
#578 = CIRCLE ( 'NONE', #717, 8.587928890687241079 ) ;
#579 = CARTESIAN_POINT ( 'NONE',  ( -12.74990455419142954, -9.963254167142267193, 2.000000000000000000 ) ) ;
#580 = EDGE_CURVE ( 'NONE', #2198, #1977, #1683, .T. ) ;
#581 = FACE_BOUND ( 'NONE', #1606, .T. ) ;
#582 = DIRECTION ( 'NONE',  ( 0.0000000000000000000, 0.0000000000000000000, 1.000000000000000000 ) ) ;
#583 = DIRECTION ( 'NONE',  ( 0.0000000000000000000, 0.0000000000000000000, 1.000000000000000000 ) ) ;
#584 = CIRCLE ( 'NONE', #971, 2.000000000000001776 ) ;
#585 = DIRECTION ( 'NONE',  ( 0.0000000000000000000, 0.0000000000000000000, 1.000000000000000000 ) ) ;
#586 = AXIS2_PLACEMENT_3D ( 'NONE', #1307, #1454, #1098 ) ;
#587 = ORIENTED_EDGE ( 'NONE', *, *, #2186, .T. ) ;
#588 = EDGE_CURVE ( 'NONE', #1758, #851, #1710, .T. ) ;
#589 = DIRECTION ( 'NONE',  ( 1.000000000000000000, 0.0000000000000000000, 0.0000000000000000000 ) ) ;
#590 = AXIS2_PLACEMENT_3D ( 'NONE', #1633, #1820, #898 ) ;
#591 = AXIS2_PLACEMENT_3D ( 'NONE', #1364, #1558, #45 ) ;
#592 = EDGE_CURVE ( 'NONE', #279, #1285, #525, .T. ) ;
#593 = DIRECTION ( 'NONE',  ( -0.0000000000000000000, -0.0000000000000000000, -1.000000000000000000 ) ) ;
#594 = FACE_OUTER_BOUND ( 'NONE', #858, .T. ) ;
#595 = CARTESIAN_POINT ( 'NONE',  ( 22.74999999999999645, 28.46697673420221264, 2.000000000000000000 ) ) ;
#596 = ORIENTED_EDGE ( 'NONE', *, *, #1632, .F. ) ;
#597 = CARTESIAN_POINT ( 'NONE',  ( -4.749904554191427763, -9.963254167142265416, 2.000000000000000000 ) ) ;
#598 = DIRECTION ( 'NONE',  ( -0.0000000000000000000, -0.0000000000000000000, -1.000000000000000000 ) ) ;
#599 = ORIENTED_EDGE ( 'NONE', *, *, #984, .T. ) ;
#600 = AXIS2_PLACEMENT_3D ( 'NONE', #237, #1732, #256 ) ;
#601 = CARTESIAN_POINT ( 'NONE',  ( 27.95000000000000284, 28.46697673420221264, -1.734723475976807094E-15 ) ) ;
#602 = VERTEX_POINT ( 'NONE', #2320 ) ;
#603 = CIRCLE ( 'NONE', #628, 1.499999999999999556 ) ;
#604 = ORIENTED_EDGE ( 'NONE', *, *, #1090, .F. ) ;
#605 = CIRCLE ( 'NONE', #1763, 8.000000000000001776 ) ;
#606 = DIRECTION ( 'NONE',  ( -0.0000000000000000000, -0.0000000000000000000, -1.000000000000000000 ) ) ;
#607 = EDGE_CURVE ( 'NONE', #1490, #291, #20, .T. ) ;
#608 = DIRECTION ( 'NONE',  ( 1.000000000000000000, 0.0000000000000000000, 0.0000000000000000000 ) ) ;
#609 = CIRCLE ( 'NONE', #2012, 2.000000000000001776 ) ;
#610 = FACE_BOUND ( 'NONE', #1522, .T. ) ;
#611 = LINE ( 'NONE', #1628, #642 ) ;
#612 = CARTESIAN_POINT ( 'NONE',  ( -20.50000000000001421, 50.46697673420221264, 0.0000000000000000000 ) ) ;
#613 = EDGE_LOOP ( 'NONE', ( #12, #2323 ) ) ;
#614 = CARTESIAN_POINT ( 'NONE',  ( 26.75000000000000711, 18.46697673420220909, 2.000000000000000000 ) ) ;
#615 = VERTEX_POINT ( 'NONE', #1574 ) ;
#616 = PRODUCT_DEFINITION_FORMATION_WITH_SPECIFIED_SOURCE ( '任何', '', #480, .NOT_KNOWN. ) ;
#617 = CARTESIAN_POINT ( 'NONE',  ( -24.75000000000000000, 28.46697673420221264, -1.734723475976807094E-15 ) ) ;
#618 = CARTESIAN_POINT ( 'NONE',  ( -6.500000000000013323, 18.46697673420220553, 0.0000000000000000000 ) ) ;
#619 = CARTESIAN_POINT ( 'NONE',  ( -24.75000000000000000, 18.46697673420220909, -1.734723475976807094E-15 ) ) ;
#620 = VECTOR ( 'NONE', #1234, 999.9999999999998863 ) ;
#621 = EDGE_LOOP ( 'NONE', ( #487, #307, #55, #684 ) ) ;
#622 = CARTESIAN_POINT ( 'NONE',  ( 21.55000000000000071, 18.46697673420220909, -1.734723475976807094E-15 ) ) ;
#623 = VERTEX_POINT ( 'NONE', #1021 ) ;
#624 = VERTEX_POINT ( 'NONE', #1044 ) ;
#625 = ORIENTED_EDGE ( 'NONE', *, *, #1058, .F. ) ;
#626 = DIRECTION ( 'NONE',  ( 1.000000000000000000, 0.0000000000000000000, 0.0000000000000000000 ) ) ;
#627 = EDGE_LOOP ( 'NONE', ( #2319, #529, #63, #994 ) ) ;
#628 = AXIS2_PLACEMENT_3D ( 'NONE', #2202, #1821, #1093 ) ;
#629 = DIRECTION ( 'NONE',  ( -0.0000000000000000000, -0.0000000000000000000, -1.000000000000000000 ) ) ;
#630 = ORIENTED_EDGE ( 'NONE', *, *, #1741, .T. ) ;
#631 = FACE_OUTER_BOUND ( 'NONE', #7, .T. ) ;
#632 = VERTEX_POINT ( 'NONE', #1567 ) ;
#633 = ORIENTED_EDGE ( 'NONE', *, *, #501, .T. ) ;
#634 = CYLINDRICAL_SURFACE ( 'NONE', #2264, 8.000000000000003553 ) ;
#635 = DIRECTION ( 'NONE',  ( 0.0000000000000000000, 0.0000000000000000000, 1.000000000000000000 ) ) ;
#636 = EDGE_LOOP ( 'NONE', ( #9, #82, #1744, #779 ) ) ;
#637 = DIRECTION ( 'NONE',  ( 1.000000000000000000, 0.0000000000000000000, 0.0000000000000000000 ) ) ;
#638 = CIRCLE ( 'NONE', #467, 1.500000000000001332 ) ;
#639 = PLANE ( 'NONE',  #2269 ) ;
#640 = LINE ( 'NONE', #1153, #954 ) ;
#641 = CARTESIAN_POINT ( 'NONE',  ( -16.00000000000002132, 18.46697673420170105, 2.000000000000000000 ) ) ;
#642 = VECTOR ( 'NONE', #1635, 1000.000000000000000 ) ;
#643 = VERTEX_POINT ( 'NONE', #124 ) ;
#644 = CARTESIAN_POINT ( 'NONE',  ( -31.75000000000000000, -45.94509437511054273, 2.000000000000000000 ) ) ;
#645 = EDGE_CURVE ( 'NONE', #1285, #279, #2307, .T. ) ;
#646 = COORDINATED_UNIVERSAL_TIME_OFFSET ( 8, 0, .AHEAD. ) ;
#647 = DIRECTION ( 'NONE',  ( -0.0000000000000000000, -0.0000000000000000000, -1.000000000000000000 ) ) ;
#648 = CARTESIAN_POINT ( 'NONE',  ( -19.00000000000001066, 18.46697673420170105, 0.0000000000000000000 ) ) ;
#649 = LINE ( 'NONE', #106, #620 ) ;
#650 = DIRECTION ( 'NONE',  ( -0.0000000000000000000, -0.0000000000000000000, -1.000000000000000000 ) ) ;
#651 = ORIENTED_EDGE ( 'NONE', *, *, #269, .T. ) ;
#652 = ADVANCED_FACE ( 'NONE', ( #1442, #900, #697, #401, #197, #2125, #1624, #1563, #581, #2335, #1828, #1940, #1007, #1878, #196, #1621, #1851, #522, #1440, #17, #2393, #76, #431, #399, #136, #1562 ), #665, .F. ) ;
#653 = ORIENTED_EDGE ( 'NONE', *, *, #607, .F. ) ;
#654 = CIRCLE ( 'NONE', #1491, 3.999999999999994671 ) ;
#655 = CARTESIAN_POINT ( 'NONE',  ( 2.000000000000190514, 18.46697673420209185, 2.000000000000000000 ) ) ;
#656 = EDGE_LOOP ( 'NONE', ( #1609, #1167, #1818, #1459 ) ) ;
#657 = CC_DESIGN_APPROVAL ( #835, ( #616 ) ) ;
#658 = LINE ( 'NONE', #503, #1324 ) ;
#659 = DIRECTION ( 'NONE',  ( 1.000000000000000000, 0.0000000000000000000, 0.0000000000000000000 ) ) ;
#660 = CYLINDRICAL_SURFACE ( 'NONE', #364, 1.500000000000002220 ) ;
#661 = EDGE_CURVE ( 'NONE', #545, #1037, #1356, .T. ) ;
#662 = LINE ( 'NONE', #221, #1383 ) ;
#663 = DIRECTION ( 'NONE',  ( 0.0000000000000000000, 0.0000000000000000000, 1.000000000000000000 ) ) ;
#664 = FACE_OUTER_BOUND ( 'NONE', #1395, .T. ) ;
#665 = PLANE ( 'NONE',  #1874 ) ;
#666 = ORIENTED_EDGE ( 'NONE', *, *, #2118, .T. ) ;
#667 = EDGE_CURVE ( 'NONE', #2229, #1519, #104, .T. ) ;
#668 = ORIENTED_EDGE ( 'NONE', *, *, #117, .F. ) ;
#669 = ADVANCED_FACE ( 'NONE', ( #951, #371, #696, #758, #461, #1381, #897, #925, #2122, #1679, #2333, #2097, #2006, #1594, #978, #1102, #2179, #261, #1533, #50, #2035, #550, #610, #493, #870, #2241 ), #888, .T. ) ;
#670 = AXIS2_PLACEMENT_3D ( 'NONE', #1275, #182, #2235 ) ;
#671 = CARTESIAN_POINT ( 'NONE',  ( 1.499999999999991784, 37.46697673420221264, 2.000000000000000000 ) ) ;
#672 = CARTESIAN_POINT ( 'NONE',  ( -6.999999999999912959, 30.46697673420217711, 2.000000000000000000 ) ) ;
#673 = DIRECTION ( 'NONE',  ( -1.000000000000000000, 0.0000000000000000000, 0.0000000000000000000 ) ) ;
#674 = ADVANCED_FACE ( 'NONE', ( #1974 ), #1247, .F. ) ;
#675 = CIRCLE ( 'NONE', #1589, 2.000000000000001776 ) ;
#676 = EDGE_LOOP ( 'NONE', ( #1161, #1124, #1492, #368 ) ) ;
#677 = EDGE_CURVE ( 'NONE', #190, #2211, #1183, .T. ) ;
#678 = CARTESIAN_POINT ( 'NONE',  ( -20.74990455419143132, -9.963254167142267193, 0.0000000000000000000 ) ) ;
#679 = DIRECTION ( 'NONE',  ( -0.0000000000000000000, -0.0000000000000000000, -1.000000000000000000 ) ) ;
#680 = VERTEX_POINT ( 'NONE', #1228 ) ;
#681 = VERTEX_POINT ( 'NONE', #1805 ) ;
#682 = ORIENTED_EDGE ( 'NONE', *, *, #1090, .T. ) ;
#683 = ADVANCED_FACE ( 'NONE', ( #1912 ), #2304, .F. ) ;
#684 = ORIENTED_EDGE ( 'NONE', *, *, #462, .F. ) ;
#685 = ORIENTED_EDGE ( 'NONE', *, *, #592, .T. ) ;
#686 = CARTESIAN_POINT ( 'NONE',  ( 31.75000000000000000, -45.94509437511053562, 2.000000000000000000 ) ) ;
#687 = CIRCLE ( 'NONE', #1543, 1.499999999999994449 ) ;
#688 = ORIENTED_EDGE ( 'NONE', *, *, #1855, .T. ) ;
#689 = ORIENTED_EDGE ( 'NONE', *, *, #984, .F. ) ;
#690 = CARTESIAN_POINT ( 'NONE',  ( 12.00000000000033573, 11.46697673420221264, 0.0000000000000000000 ) ) ;
#691 = LINE ( 'NONE', #570, #845 ) ;
#692 = DIRECTION ( 'NONE',  ( -0.0000000000000000000, -0.0000000000000000000, -1.000000000000000000 ) ) ;
#693 = ADVANCED_FACE ( 'NONE', ( #1043 ), #1128, .F. ) ;
#694 =( GEOMETRIC_REPRESENTATION_CONTEXT ( 3 ) GLOBAL_UNCERTAINTY_ASSIGNED_CONTEXT ( ( #1178 ) ) GLOBAL_UNIT_ASSIGNED_CONTEXT ( ( #386, #1132, #958 ) ) REPRESENTATION_CONTEXT ( 'NONE', 'WORKASPACE' ) );
#695 = ORIENTED_EDGE ( 'NONE', *, *, #1410, .F. ) ;
#696 = FACE_BOUND ( 'NONE', #337, .T. ) ;
#697 = FACE_BOUND ( 'NONE', #1066, .T. ) ;
#698 = EDGE_CURVE ( 'NONE', #615, #2410, #638, .T. ) ;
#699 = AXIS2_PLACEMENT_3D ( 'NONE', #723, #710, #786 ) ;
#700 = DIRECTION ( 'NONE',  ( -0.0000000000000000000, -0.0000000000000000000, -1.000000000000000000 ) ) ;
#701 = EDGE_LOOP ( 'NONE', ( #424, #2156, #471, #844 ) ) ;
#702 = DIRECTION ( 'NONE',  ( 0.0000000000000000000, 0.0000000000000000000, 1.000000000000000000 ) ) ;
#703 = DIRECTION ( 'NONE',  ( -0.0000000000000000000, -0.0000000000000000000, -1.000000000000000000 ) ) ;
#704 = VERTEX_POINT ( 'NONE', #880 ) ;
#705 = EDGE_CURVE ( 'NONE', #1787, #1232, #2367, .T. ) ;
#706 = DIRECTION ( 'NONE',  ( -1.000000000000000000, 0.0000000000000000000, 0.0000000000000000000 ) ) ;
#707 = CC_DESIGN_DATE_AND_TIME_ASSIGNMENT ( #330, #1382, ( #458 ) ) ;
#708 = DIRECTION ( 'NONE',  ( -1.000000000000000000, 0.0000000000000000000, 0.0000000000000000000 ) ) ;
#709 = VECTOR ( 'NONE', #1691, 1000.000000000000000 ) ;
#710 = DIRECTION ( 'NONE',  ( -0.0000000000000000000, -0.0000000000000000000, -1.000000000000000000 ) ) ;
#711 = EDGE_CURVE ( 'NONE', #773, #1292, #1412, .T. ) ;
#712 = CIRCLE ( 'NONE', #1965, 1.500000000000004885 ) ;
#713 = ORIENTED_EDGE ( 'NONE', *, *, #592, .F. ) ;
#714 = ORIENTED_EDGE ( 'NONE', *, *, #961, .T. ) ;
#715 = VERTEX_POINT ( 'NONE', #1985 ) ;
#716 = DIRECTION ( 'NONE',  ( -0.0000000000000000000, -0.0000000000000000000, -1.000000000000000000 ) ) ;
#717 = AXIS2_PLACEMENT_3D ( 'NONE', #906, #918, #1449 ) ;
#718 = ORIENTED_EDGE ( 'NONE', *, *, #722, .T. ) ;
#719 = DIRECTION ( 'NONE',  ( -1.000000000000000000, -0.0000000000000000000, -0.0000000000000000000 ) ) ;
#720 = EDGE_LOOP ( 'NONE', ( #1815, #1665, #1107, #446 ) ) ;
#721 = VECTOR ( 'NONE', #1466, 1000.000000000000000 ) ;
#722 = EDGE_CURVE ( 'NONE', #2287, #1118, #1300, .T. ) ;
#723 = CARTESIAN_POINT ( 'NONE',  ( 24.75000000000000000, 28.46697673420221264, 2.000000000000000000 ) ) ;
#724 = CARTESIAN_POINT ( 'NONE',  ( 21.55000000000000071, 28.46697673420221264, -1.734723475976807094E-15 ) ) ;
#725 = LINE ( 'NONE', #644, #1560 ) ;
#726 = DIRECTION ( 'NONE',  ( -0.0000000000000000000, -0.0000000000000000000, -1.000000000000000000 ) ) ;
#727 = ADVANCED_FACE ( 'NONE', ( #1797 ), #1072, .F. ) ;
#728 = AXIS2_PLACEMENT_3D ( 'NONE', #83, #1592, #1050 ) ;
#729 = FACE_OUTER_BOUND ( 'NONE', #360, .T. ) ;
#730 = CIRCLE ( 'NONE', #1344, 1.500000000000003109 ) ;
#731 = CIRCLE ( 'NONE', #1422, 2.000000000000005329 ) ;
#732 = DIRECTION ( 'NONE',  ( -0.0000000000000000000, -0.0000000000000000000, -1.000000000000000000 ) ) ;
#733 = DIRECTION ( 'NONE',  ( 0.0000000000000000000, 0.0000000000000000000, 1.000000000000000000 ) ) ;
#734 = ORIENTED_EDGE ( 'NONE', *, *, #1441, .T. ) ;
#735 = AXIS2_PLACEMENT_3D ( 'NONE', #1734, #238, #980 ) ;
#736 = VERTEX_POINT ( 'NONE', #1100 ) ;
#737 = EDGE_LOOP ( 'NONE', ( #685, #393, #1024, #155 ) ) ;
#738 = DIRECTION ( 'NONE',  ( 0.0000000000000000000, 0.0000000000000000000, 1.000000000000000000 ) ) ;
#739 = DIRECTION ( 'NONE',  ( 0.7071067811865472397, 8.659560562354930393E-17, -0.7071067811865479058 ) ) ;
#740 = COORDINATED_UNIVERSAL_TIME_OFFSET ( 8, 0, .AHEAD. ) ;
#741 = LINE ( 'NONE', #531, #1546 ) ;
#742 = VERTEX_POINT ( 'NONE', #2044 ) ;
#743 = ORIENTED_EDGE ( 'NONE', *, *, #289, .F. ) ;
#744 = ORIENTED_EDGE ( 'NONE', *, *, #645, .F. ) ;
#745 = EDGE_CURVE ( 'NONE', #602, #943, #319, .T. ) ;
#746 = ORIENTED_EDGE ( 'NONE', *, *, #1193, .T. ) ;
#747 = AXIS2_PLACEMENT_3D ( 'NONE', #193, #560, #1513 ) ;
#748 = CARTESIAN_POINT ( 'NONE',  ( 22.74999999999999645, 28.46697673420221264, 2.000000000000000000 ) ) ;
#749 = ORIENTED_EDGE ( 'NONE', *, *, #194, .T. ) ;
#750 = CLOSED_SHELL ( 'NONE', ( #112, #683, #1775, #883, #1056, #727, #693, #1397, #2349, #154, #288, #857, #1225, #1417, #139, #2175, #509, #1656, #2366, #2339, #1215, #1254, #343, #2155, #674, #2199, #1047, #122, #1061, #652, #669, #1786, #1956, #876, #2376, #86, #1593, #846, #1068, #2184, #862, #1444, #1576, #130, #1421, #853, #1240, #1799, #1973, #1027, #317, #1631, #2168, #486, #530, #99, #499, #2144, #2417, #2379, #1603, #300, #1407, #2356, #1616, #1983, #1427, #879 ) ) ;
#751 = VECTOR ( 'NONE', #2124, 999.9999999999998863 ) ;
#752 = VERTEX_POINT ( 'NONE', #1658 ) ;
#753 = ORIENTED_EDGE ( 'NONE', *, *, #501, .F. ) ;
#754 = VERTEX_POINT ( 'NONE', #1473 ) ;
#755 = FACE_OUTER_BOUND ( 'NONE', #621, .T. ) ;
#756 = EDGE_CURVE ( 'NONE', #2414, #1930, #578, .T. ) ;
#757 = DIRECTION ( 'NONE',  ( 0.0000000000000000000, 0.0000000000000000000, 1.000000000000000000 ) ) ;
#758 = FACE_BOUND ( 'NONE', #2341, .T. ) ;
#759 = CARTESIAN_POINT ( 'NONE',  ( -21.55000000000000071, 18.46697673420220909, -1.734723475976807094E-15 ) ) ;
#760 = AXIS2_PLACEMENT_3D ( 'NONE', #945, #2050, #392 ) ;
#761 = CYLINDRICAL_SURFACE ( 'NONE', #131, 1.500000000000002220 ) ;
#762 = DIRECTION ( 'NONE',  ( 0.0000000000000000000, 0.0000000000000000000, 1.000000000000000000 ) ) ;
#763 = ORIENTED_EDGE ( 'NONE', *, *, #2419, .T. ) ;
#764 = CARTESIAN_POINT ( 'NONE',  ( 20.49999999999999645, 50.46697673420221264, 2.000000000000000000 ) ) ;
#765 = EDGE_LOOP ( 'NONE', ( #1507, #1094 ) ) ;
#766 = EDGE_CURVE ( 'NONE', #623, #2177, #815, .T. ) ;
#767 = DIRECTION ( 'NONE',  ( -1.000000000000000000, 0.0000000000000000000, 0.0000000000000000000 ) ) ;
#768 = DIRECTION ( 'NONE',  ( 1.000000000000000000, 0.0000000000000000000, 0.0000000000000000000 ) ) ;
#769 = DIRECTION ( 'NONE',  ( -1.000000000000000000, 0.0000000000000000000, 0.0000000000000000000 ) ) ;
#770 = CARTESIAN_POINT ( 'NONE',  ( -23.16207110931276603, 60.37904784351497511, 2.000000000000000000 ) ) ;
#771 = LOCAL_TIME ( 17, 25, 19.00000000000000000, #1896 ) ;
#772 = DIRECTION ( 'NONE',  ( 1.000000000000000000, 0.0000000000000000000, 0.0000000000000000000 ) ) ;
#773 = VERTEX_POINT ( 'NONE', #361 ) ;
#774 = DIRECTION ( 'NONE',  ( 0.0000000000000000000, 0.0000000000000000000, 1.000000000000000000 ) ) ;
#775 = ORIENTED_EDGE ( 'NONE', *, *, #1450, .T. ) ;
#776 = DIRECTION ( 'NONE',  ( -1.000000000000000000, 0.0000000000000000000, 0.0000000000000000000 ) ) ;
#777 = AXIS2_PLACEMENT_3D ( 'NONE', #2076, #2055, #2413 ) ;
#778 = DIRECTION ( 'NONE',  ( 0.0000000000000000000, 0.0000000000000000000, 1.000000000000000000 ) ) ;
#779 = ORIENTED_EDGE ( 'NONE', *, *, #1410, .T. ) ;
#780 = CIRCLE ( 'NONE', #88, 8.000000000000003553 ) ;
#781 = CARTESIAN_POINT ( 'NONE',  ( 17.50000000000018829, 18.46697673420237251, 0.0000000000000000000 ) ) ;
#782 = ORIENTED_EDGE ( 'NONE', *, *, #1008, .F. ) ;
#783 = CIRCLE ( 'NONE', #993, 1.499999999999994449 ) ;
#784 = CYLINDRICAL_SURFACE ( 'NONE', #2049, 8.587928890687241079 ) ;
#785 = ORIENTED_EDGE ( 'NONE', *, *, #1831, .F. ) ;
#786 = DIRECTION ( 'NONE',  ( -1.000000000000000000, 0.0000000000000000000, 0.0000000000000000000 ) ) ;
#787 = LINE ( 'NONE', #601, #1154 ) ;
#788 = CARTESIAN_POINT ( 'NONE',  ( -9.000000000000007105, 25.46697673420220553, 0.0000000000000000000 ) ) ;
#789 = CIRCLE ( 'NONE', #1770, 3.200000000000001510 ) ;
#790 = ORIENTED_EDGE ( 'NONE', *, *, #1855, .F. ) ;
#791 = CARTESIAN_POINT ( 'NONE',  ( 12.00000000000033573, 11.46697673420221264, 2.000000000000000000 ) ) ;
#792 = CARTESIAN_POINT ( 'NONE',  ( -23.16207110931276603, 68.96697673420221975, 2.000000000000000000 ) ) ;
#793 = AXIS2_PLACEMENT_3D ( 'NONE', #1835, #555, #1645 ) ;
#794 = CARTESIAN_POINT ( 'NONE',  ( 10.50000000000033218, 11.46697673420221264, 2.000000000000000000 ) ) ;
#795 = ORIENTED_EDGE ( 'NONE', *, *, #1719, .T. ) ;
#796 = CIRCLE ( 'NONE', #1323, 3.999999999999994227 ) ;
#797 = EDGE_CURVE ( 'NONE', #889, #1273, #1472, .T. ) ;
#798 = DIRECTION ( 'NONE',  ( 1.000000000000000000, 0.0000000000000000000, 0.0000000000000000000 ) ) ;
#799 = VECTOR ( 'NONE', #445, 1000.000000000000000 ) ;
#800 = CARTESIAN_POINT ( 'NONE',  ( 4.749999999999992006, -35.53302326579778025, 0.0000000000000000000 ) ) ;
#801 = ORIENTED_EDGE ( 'NONE', *, *, #384, .F. ) ;
#802 = CARTESIAN_POINT ( 'NONE',  ( -31.75000000000000000, 60.37904784351497511, 0.0000000000000000000 ) ) ;
#803 = AXIS2_PLACEMENT_3D ( 'NONE', #224, #1506, #215 ) ;
#804 = DIRECTION ( 'NONE',  ( 0.7071067811865472397, 8.659560562354930393E-17, -0.7071067811865479058 ) ) ;
#805 = ORIENTED_EDGE ( 'NONE', *, *, #451, .T. ) ;
#806 = EDGE_LOOP ( 'NONE', ( #2005, #996 ) ) ;
#807 = DIRECTION ( 'NONE',  ( -1.000000000000000000, 0.0000000000000000000, 0.0000000000000000000 ) ) ;
#808 = EDGE_LOOP ( 'NONE', ( #1165, #6, #877, #2294 ) ) ;
#809 = CIRCLE ( 'NONE', #1252, 8.587928890687233974 ) ;
#810 = DIRECTION ( 'NONE',  ( -0.0000000000000000000, -1.000000000000000000, -0.0000000000000000000 ) ) ;
#811 = EDGE_CURVE ( 'NONE', #1060, #2181, #103, .T. ) ;
#812 = DIRECTION ( 'NONE',  ( -0.0000000000000000000, -0.0000000000000000000, -1.000000000000000000 ) ) ;
#813 = FACE_OUTER_BOUND ( 'NONE', #132, .T. ) ;
#814 = DIRECTION ( 'NONE',  ( 0.0000000000000000000, 0.0000000000000000000, 1.000000000000000000 ) ) ;
#815 = CIRCLE ( 'NONE', #2344, 8.000000000000007105 ) ;
#816 = EDGE_CURVE ( 'NONE', #156, #1959, #1471, .T. ) ;
#817 = CYLINDRICAL_SURFACE ( 'NONE', #901, 1.499999999999998668 ) ;
#818 = CARTESIAN_POINT ( 'NONE',  ( 24.75000000000000000, 18.46697673420220909, 2.000000000000000000 ) ) ;
#819 = EDGE_LOOP ( 'NONE', ( #1304, #2236 ) ) ;
#820 = CARTESIAN_POINT ( 'NONE',  ( 1.380442006958332136E-13, 23.46697673420220553, 2.000000000000000000 ) ) ;
#821 = EDGE_LOOP ( 'NONE', ( #1785, #556, #2388, #1236 ) ) ;
#822 = DIRECTION ( 'NONE',  ( -0.7071067811865472397, 0.0000000000000000000, -0.7071067811865479058 ) ) ;
#823 = AXIS2_PLACEMENT_3D ( 'NONE', #2064, #936, #1869 ) ;
#824 = DIRECTION ( 'NONE',  ( -0.0000000000000000000, -0.0000000000000000000, -1.000000000000000000 ) ) ;
#825 = DIRECTION ( 'NONE',  ( 0.0000000000000000000, 0.0000000000000000000, 1.000000000000000000 ) ) ;
#826 = DIRECTION ( 'NONE',  ( 0.0000000000000000000, 0.0000000000000000000, 1.000000000000000000 ) ) ;
#827 = DATE_AND_TIME ( #297, #2018 ) ;
#828 = EDGE_CURVE ( 'NONE', #1037, #545, #1270, .T. ) ;
#829 = DIRECTION ( 'NONE',  ( 0.0000000000000000000, -1.000000000000000000, 0.0000000000000000000 ) ) ;
#830 = ORIENTED_EDGE ( 'NONE', *, *, #2381, .T. ) ;
#831 = ORIENTED_EDGE ( 'NONE', *, *, #2290, .T. ) ;
#832 = EDGE_LOOP ( 'NONE', ( #587, #1650, #267, #1520 ) ) ;
#833 = VERTEX_POINT ( 'NONE', #148 ) ;
#834 = MECHANICAL_CONTEXT ( 'NONE', #1226, 'mechanical' ) ;
#835 = APPROVAL ( #1978, '未指定' ) ;
#836 = DIRECTION ( 'NONE',  ( -0.0000000000000000000, -0.0000000000000000000, -1.000000000000000000 ) ) ;
#837 = VERTEX_POINT ( 'NONE', #145 ) ;
#838 = CONICAL_SURFACE ( 'NONE', #1217, 3.200000000000001510, 0.7853981633974479459 ) ;
#839 = EDGE_CURVE ( 'NONE', #2128, #1557, #976, .T. ) ;
#840 = ORIENTED_EDGE ( 'NONE', *, *, #372, .F. ) ;
#841 = ORIENTED_EDGE ( 'NONE', *, *, #1227, .F. ) ;
#842 = VECTOR ( 'NONE', #1795, 1000.000000000000000 ) ;
#843 = DIRECTION ( 'NONE',  ( 0.0000000000000000000, 0.0000000000000000000, 1.000000000000000000 ) ) ;
#844 = ORIENTED_EDGE ( 'NONE', *, *, #58, .F. ) ;
#845 = VECTOR ( 'NONE', #932, 1000.000000000000000 ) ;
#846 = ADVANCED_FACE ( 'NONE', ( #1181 ), #784, .T. ) ;
#847 = LINE ( 'NONE', #2295, #1648 ) ;
#848 = EDGE_CURVE ( 'NONE', #2266, #1168, #1910, .T. ) ;
#849 = LINE ( 'NONE', #1158, #315 ) ;
#850 = DIRECTION ( 'NONE',  ( -0.0000000000000000000, -0.0000000000000000000, -1.000000000000000000 ) ) ;
#851 = VERTEX_POINT ( 'NONE', #1091 ) ;
#852 = AXIS2_PLACEMENT_3D ( 'NONE', #1194, #843, #1761 ) ;
#853 = ADVANCED_FACE ( 'NONE', ( #755 ), #428, .F. ) ;
#854 = CARTESIAN_POINT ( 'NONE',  ( -6.999999999999912959, 30.46697673420217711, 2.000000000000000000 ) ) ;
#855 = AXIS2_PLACEMENT_3D ( 'NONE', #435, #1716, #1337 ) ;
#856 = LINE ( 'NONE', #1208, #1579 ) ;
#857 = ADVANCED_FACE ( 'NONE', ( #729 ), #660, .F. ) ;
#858 = EDGE_LOOP ( 'NONE', ( #995, #749, #2056, #2231 ) ) ;
#859 = CARTESIAN_POINT ( 'NONE',  ( -8.598015535578499360E-15, 30.46697673420220909, 0.0000000000000000000 ) ) ;
#860 = ORIENTED_EDGE ( 'NONE', *, *, #2123, .F. ) ;
#861 = ORIENTED_EDGE ( 'NONE', *, *, #1577, .F. ) ;
#862 = ADVANCED_FACE ( 'NONE', ( #283 ), #259, .F. ) ;
#863 = ORIENTED_EDGE ( 'NONE', *, *, #2043, .T. ) ;
#864 = AXIS2_PLACEMENT_3D ( 'NONE', #2004, #1630, #524 ) ;
#865 = CYLINDRICAL_SURFACE ( 'NONE', #803, 1.500000000000000000 ) ;
#866 = DIRECTION ( 'NONE',  ( -0.0000000000000000000, -0.0000000000000000000, -1.000000000000000000 ) ) ;
#867 = VERTEX_POINT ( 'NONE', #2251 ) ;
#868 = CIRCLE ( 'NONE', #436, 8.000000000000001776 ) ;
#869 = EDGE_CURVE ( 'NONE', #279, #754, #2094, .T. ) ;
#870 = FACE_BOUND ( 'NONE', #1411, .T. ) ;
#871 = CARTESIAN_POINT ( 'NONE',  ( -26.75000000000000355, 18.46697673420220909, 2.000000000000000000 ) ) ;
#872 = LINE ( 'NONE', #1688, #1745 ) ;
#873 = DIRECTION ( 'NONE',  ( 1.000000000000000000, 0.0000000000000000000, 0.0000000000000000000 ) ) ;
#874 = ORIENTED_EDGE ( 'NONE', *, *, #698, .F. ) ;
#875 = EDGE_CURVE ( 'NONE', #2042, #1060, #1768, .T. ) ;
#876 = ADVANCED_FACE ( 'NONE', ( #1245 ), #2364, .T. ) ;
#877 = ORIENTED_EDGE ( 'NONE', *, *, #1386, .F. ) ;
#878 = AXIS2_PLACEMENT_3D ( 'NONE', #2085, #1119, #1484 ) ;
#879 = ADVANCED_FACE ( 'NONE', ( #1850 ), #2033, .F. ) ;
#880 = CARTESIAN_POINT ( 'NONE',  ( 23.16207110931276603, -54.53302326579778025, 0.0000000000000000000 ) ) ;
#881 = CYLINDRICAL_SURFACE ( 'NONE', #1199, 1.500000000000003109 ) ;
#882 = CARTESIAN_POINT ( 'NONE',  ( 10.50000000000000000, 25.46697673420220909, 2.000000000000000000 ) ) ;
#883 = ADVANCED_FACE ( 'NONE', ( #2212 ), #1709, .F. ) ;
#884 = ORIENTED_EDGE ( 'NONE', *, *, #2166, .F. ) ;
#885 = ORIENTED_EDGE ( 'NONE', *, *, #1249, .T. ) ;
#886 = AXIS2_PLACEMENT_3D ( 'NONE', #35, #2110, #977 ) ;
#887 = EDGE_CURVE ( 'NONE', #1537, #2296, #1740, .T. ) ;
#888 = PLANE ( 'NONE',  #914 ) ;
#889 = VERTEX_POINT ( 'NONE', #1130 ) ;
#890 = ORIENTED_EDGE ( 'NONE', *, *, #848, .F. ) ;
#891 = CARTESIAN_POINT ( 'NONE',  ( 10.50000000000033218, 11.46697673420221264, 0.0000000000000000000 ) ) ;
#892 = CIRCLE ( 'NONE', #1794, 3.200000000000001510 ) ;
#893 = VERTEX_POINT ( 'NONE', #10 ) ;
#894 = CIRCLE ( 'NONE', #258, 8.587928890687241079 ) ;
#895 = DIRECTION ( 'NONE',  ( -0.0000000000000000000, -0.0000000000000000000, -1.000000000000000000 ) ) ;
#896 = ORIENTED_EDGE ( 'NONE', *, *, #1790, .T. ) ;
#897 = FACE_BOUND ( 'NONE', #302, .T. ) ;
#898 = DIRECTION ( 'NONE',  ( 1.000000000000000000, 0.0000000000000000000, 0.0000000000000000000 ) ) ;
#899 = CARTESIAN_POINT ( 'NONE',  ( -10.49999999999948841, 11.46697673420161223, 2.000000000000000000 ) ) ;
#900 = FACE_BOUND ( 'NONE', #1316, .T. ) ;
#901 = AXIS2_PLACEMENT_3D ( 'NONE', #358, #1845, #184 ) ;
#902 = CARTESIAN_POINT ( 'NONE',  ( 27.95000000000000284, 18.46697673420220909, -1.734723475976807094E-15 ) ) ;
#903 = VECTOR ( 'NONE', #1988, 1000.000000000000000 ) ;
#904 = CARTESIAN_POINT ( 'NONE',  ( -9.000000000000007105, 25.46697673420220553, 2.000000000000000000 ) ) ;
#905 = ORIENTED_EDGE ( 'NONE', *, *, #2061, .T. ) ;
#906 = CARTESIAN_POINT ( 'NONE',  ( -23.16207110931276603, 60.37904784351497511, 0.0000000000000000000 ) ) ;
#907 = DIRECTION ( 'NONE',  ( 1.000000000000000000, 0.0000000000000000000, 0.0000000000000000000 ) ) ;
#908 = CARTESIAN_POINT ( 'NONE',  ( 24.75000000000000000, 18.46697673420220909, 1.199999999999994182 ) ) ;
#909 = PERSON_AND_ORGANIZATION ( #51, #1367 ) ;
#910 = CARTESIAN_POINT ( 'NONE',  ( -20.74990455419143132, -35.46325416714226719, 0.0000000000000000000 ) ) ;
#911 = CIRCLE ( 'NONE', #187, 8.587928890687233974 ) ;
#912 = VERTEX_POINT ( 'NONE', #1298 ) ;
#913 = CARTESIAN_POINT ( 'NONE',  ( 24.75000000000000000, 28.46697673420221264, -1.734723475976807094E-15 ) ) ;
#914 = AXIS2_PLACEMENT_3D ( 'NONE', #1248, #1032, #2346 ) ;
#915 = ORIENTED_EDGE ( 'NONE', *, *, #667, .F. ) ;
#916 = EDGE_LOOP ( 'NONE', ( #1078, #359 ) ) ;
#917 = EDGE_CURVE ( 'NONE', #468, #1037, #691, .T. ) ;
#918 = DIRECTION ( 'NONE',  ( 0.0000000000000000000, 0.0000000000000000000, 1.000000000000000000 ) ) ;
#919 = ORIENTED_EDGE ( 'NONE', *, *, #269, .F. ) ;
#920 = LINE ( 'NONE', #1889, #488 ) ;
#921 = ORIENTED_EDGE ( 'NONE', *, *, #931, .T. ) ;
#922 = CARTESIAN_POINT ( 'NONE',  ( -23.16207110931276603, -45.94509437511054273, 2.000000000000000000 ) ) ;
#923 = AXIS2_PLACEMENT_3D ( 'NONE', #2071, #1303, #1880 ) ;
#924 = VECTOR ( 'NONE', #1682, 1000.000000000000000 ) ;
#925 = FACE_BOUND ( 'NONE', #1612, .T. ) ;
#926 = CARTESIAN_POINT ( 'NONE',  ( 23.16207110931276603, -45.94509437511053562, 2.000000000000000000 ) ) ;
#927 = VECTOR ( 'NONE', #850, 1000.000000000000000 ) ;
#928 = AXIS2_PLACEMENT_3D ( 'NONE', #922, #1476, #772 ) ;
#929 = ORIENTED_EDGE ( 'NONE', *, *, #839, .F. ) ;
#930 = ORIENTED_EDGE ( 'NONE', *, *, #306, .F. ) ;
#931 = EDGE_CURVE ( 'NONE', #2198, #1933, #490, .T. ) ;
#932 = DIRECTION ( 'NONE',  ( -0.0000000000000000000, -0.0000000000000000000, -1.000000000000000000 ) ) ;
#933 = CARTESIAN_POINT ( 'NONE',  ( -24.75000000000000000, 28.46697673420221264, 2.000000000000000000 ) ) ;
#934 = DIRECTION ( 'NONE',  ( 1.000000000000000000, 0.0000000000000000000, 0.0000000000000000000 ) ) ;
#935 = VECTOR ( 'NONE', #405, 1000.000000000000000 ) ;
#936 = DIRECTION ( 'NONE',  ( 0.0000000000000000000, 0.0000000000000000000, 1.000000000000000000 ) ) ;
#937 = ORIENTED_EDGE ( 'NONE', *, *, #1824, .F. ) ;
#938 = EDGE_LOOP ( 'NONE', ( #152, #2207, #2170, #1610 ) ) ;
#939 = EDGE_CURVE ( 'NONE', #2412, #624, #2300, .T. ) ;
#940 = DIRECTION ( 'NONE',  ( 1.000000000000000000, 0.0000000000000000000, 0.0000000000000000000 ) ) ;
#941 = EDGE_LOOP ( 'NONE', ( #1443, #1729, #790, #538 ) ) ;
#942 = ORIENTED_EDGE ( 'NONE', *, *, #816, .T. ) ;
#943 = VERTEX_POINT ( 'NONE', #1861 ) ;
#944 = LINE ( 'NONE', #452, #1437 ) ;
#945 = CARTESIAN_POINT ( 'NONE',  ( -9.455268294981648552E-15, 37.46697673420221264, 2.000000000000000000 ) ) ;
#946 = VERTEX_POINT ( 'NONE', #1318 ) ;
#947 = FACE_OUTER_BOUND ( 'NONE', #341, .T. ) ;
#948 = EDGE_CURVE ( 'NONE', #2287, #1064, #370, .T. ) ;
#949 = CARTESIAN_POINT ( 'NONE',  ( -24.75000000000000000, 28.46697673420221264, -1.734723475976807094E-15 ) ) ;
#950 = CARTESIAN_POINT ( 'NONE',  ( 20.74999999999999645, -10.03302326579778736, 0.0000000000000000000 ) ) ;
#951 = FACE_BOUND ( 'NONE', #2259, .T. ) ;
#952 = DIRECTION ( 'NONE',  ( 0.0000000000000000000, 0.0000000000000000000, 1.000000000000000000 ) ) ;
#953 = AXIS2_PLACEMENT_3D ( 'NONE', #1757, #1403, #116 ) ;
#954 = VECTOR ( 'NONE', #1544, 1000.000000000000000 ) ;
#955 = CIRCLE ( 'NONE', #146, 1.500000000000008216 ) ;
#956 = EDGE_CURVE ( 'NONE', #1349, #1204, #2121, .T. ) ;
#957 = CARTESIAN_POINT ( 'NONE',  ( -6.500000000000013323, 18.46697673420220553, 2.000000000000000000 ) ) ;
#958 =( NAMED_UNIT ( * ) SI_UNIT ( $, .STERADIAN. ) SOLID_ANGLE_UNIT ( ) );
#959 = ORIENTED_EDGE ( 'NONE', *, *, #811, .T. ) ;
#960 = AXIS2_PLACEMENT_3D ( 'NONE', #1898, #1742, #637 ) ;
#961 = EDGE_CURVE ( 'NONE', #1273, #889, #48, .T. ) ;
#962 = CARTESIAN_POINT ( 'NONE',  ( -12.74990455419142954, -35.46325416714226719, 2.000000000000000000 ) ) ;
#963 = CARTESIAN_POINT ( 'NONE',  ( -3.499999999999427125, 18.46697673420217001, 2.000000000000000000 ) ) ;
#964 = SHAPE_DEFINITION_REPRESENTATION ( #1552, #532 ) ;
#965 = AXIS2_PLACEMENT_3D ( 'NONE', #1163, #2305, #246 ) ;
#966 = VECTOR ( 'NONE', #2345, 1000.000000000000000 ) ;
#967 = EDGE_LOOP ( 'NONE', ( #1944, #1241 ) ) ;
#968 = DIRECTION ( 'NONE',  ( 0.0000000000000000000, 0.0000000000000000000, 1.000000000000000000 ) ) ;
#969 = EDGE_LOOP ( 'NONE', ( #123, #2391, #1568, #1992 ) ) ;
#970 = DIRECTION ( 'NONE',  ( 0.0000000000000000000, 0.0000000000000000000, 1.000000000000000000 ) ) ;
#971 = AXIS2_PLACEMENT_3D ( 'NONE', #290, #1587, #1776 ) ;
#972 = APPROVAL_STATUS ( 'not_yet_approved' ) ;
#973 = EDGE_LOOP ( 'NONE', ( #1369, #1847, #126, #1122 ) ) ;
#974 = ORIENTED_EDGE ( 'NONE', *, *, #839, .T. ) ;
#975 = CIRCLE ( 'NONE', #1667, 1.500000000000003109 ) ;
#976 = LINE ( 'NONE', #1457, #2239 ) ;
#977 = DIRECTION ( 'NONE',  ( -1.000000000000000000, 0.0000000000000000000, 0.0000000000000000000 ) ) ;
#978 = FACE_BOUND ( 'NONE', #1811, .T. ) ;
#979 = EDGE_LOOP ( 'NONE', ( #2139, #1235, #746, #2248 ) ) ;
#980 = DIRECTION ( 'NONE',  ( 1.000000000000000000, 0.0000000000000000000, 0.0000000000000000000 ) ) ;
#981 = CC_DESIGN_APPROVAL ( #1651, ( #458 ) ) ;
#982 = ORIENTED_EDGE ( 'NONE', *, *, #588, .T. ) ;
#983 = CARTESIAN_POINT ( 'NONE',  ( -4.999999999999427125, 18.46697673420217001, 2.000000000000000000 ) ) ;
#984 = EDGE_CURVE ( 'NONE', #1906, #203, #868, .T. ) ;
#985 = ORIENTED_EDGE ( 'NONE', *, *, #766, .F. ) ;
#986 = AXIS2_PLACEMENT_3D ( 'NONE', #926, #1486, #1136 ) ;
#987 = CARTESIAN_POINT ( 'NONE',  ( -24.75000000000000000, 28.46697673420221264, -1.734723475976807094E-15 ) ) ;
#988 = CARTESIAN_POINT ( 'NONE',  ( -23.16207110931276603, -45.94509437511054273, 0.0000000000000000000 ) ) ;
#989 = EDGE_CURVE ( 'NONE', #1048, #1180, #2418, .T. ) ;
#990 = CARTESIAN_POINT ( 'NONE',  ( -8.999999999999490186, 11.46697673420161223, 0.0000000000000000000 ) ) ;
#991 = CIRCLE ( 'NONE', #1336, 1.499999999999997780 ) ;
#992 = DIRECTION ( 'NONE',  ( 1.000000000000000000, 0.0000000000000000000, 0.0000000000000000000 ) ) ;
#993 = AXIS2_PLACEMENT_3D ( 'NONE', #568, #774, #1867 ) ;
#994 = ORIENTED_EDGE ( 'NONE', *, *, #1058, .T. ) ;
#995 = ORIENTED_EDGE ( 'NONE', *, *, #1905, .T. ) ;
#996 = ORIENTED_EDGE ( 'NONE', *, *, #931, .F. ) ;
#997 = VERTEX_POINT ( 'NONE', #957 ) ;
#998 = CIRCLE ( 'NONE', #2352, 8.000000000000001776 ) ;
#999 = DIRECTION ( 'NONE',  ( 1.000000000000000000, 0.0000000000000000000, 0.0000000000000000000 ) ) ;
#1000 = AXIS2_PLACEMENT_3D ( 'NONE', #2151, #629, #80 ) ;
#1001 = DIRECTION ( 'NONE',  ( 0.0000000000000000000, 0.0000000000000000000, 1.000000000000000000 ) ) ;
#1002 = EDGE_LOOP ( 'NONE', ( #1370, #1209 ) ) ;
#1003 = ORIENTED_EDGE ( 'NONE', *, *, #242, .F. ) ;
#1004 = CIRCLE ( 'NONE', #474, 3.999999999999994227 ) ;
#1005 = DIRECTION ( 'NONE',  ( 1.000000000000000000, 0.0000000000000000000, 0.0000000000000000000 ) ) ;
#1006 = AXIS2_PLACEMENT_3D ( 'NONE', #987, #1170, #1360 ) ;
#1007 = FACE_BOUND ( 'NONE', #1803, .T. ) ;
#1008 = EDGE_CURVE ( 'NONE', #2309, #1537, #192, .T. ) ;
#1009 = CARTESIAN_POINT ( 'NONE',  ( -23.16207110931276603, 68.96697673420221975, 2.000000000000000000 ) ) ;
#1010 = CYLINDRICAL_SURFACE ( 'NONE', #2091, 1.499999999999999556 ) ;
#1011 = CARTESIAN_POINT ( 'NONE',  ( 2.000000000000190514, 18.46697673420209185, 2.000000000000000000 ) ) ;
#1012 = ORIENTED_EDGE ( 'NONE', *, *, #1363, .F. ) ;
#1013 = APPLICATION_PROTOCOL_DEFINITION ( 'international standard', 'config_control_design', 1994, #1969 ) ;
#1014 = DIRECTION ( 'NONE',  ( -1.000000000000000000, 0.0000000000000000000, 0.0000000000000000000 ) ) ;
#1015 = ORIENTED_EDGE ( 'NONE', *, *, #661, .F. ) ;
#1016 = CARTESIAN_POINT ( 'NONE',  ( 22.74999999999999645, 18.46697673420220909, 2.000000000000000000 ) ) ;
#1017 = DIRECTION ( 'NONE',  ( -1.000000000000000000, 0.0000000000000000000, 0.0000000000000000000 ) ) ;
#1018 = EDGE_CURVE ( 'NONE', #1519, #2229, #1796, .T. ) ;
#1019 = DIRECTION ( 'NONE',  ( -0.0000000000000000000, -0.0000000000000000000, -1.000000000000000000 ) ) ;
#1020 = DIRECTION ( 'NONE',  ( 1.000000000000000000, 0.0000000000000000000, 0.0000000000000000000 ) ) ;
#1021 = CARTESIAN_POINT ( 'NONE',  ( 20.49999999999999645, 50.46697673420221264, 0.0000000000000000000 ) ) ;
#1022 = APPROVAL_DATE_TIME ( #827, #1651 ) ;
#1023 = VECTOR ( 'NONE', #703, 1000.000000000000000 ) ;
#1024 = ORIENTED_EDGE ( 'NONE', *, *, #1034, .F. ) ;
#1025 = ORIENTED_EDGE ( 'NONE', *, *, #2398, .F. ) ;
#1026 = CARTESIAN_POINT ( 'NONE',  ( -23.16207110931276603, -54.53302326579778736, 2.000000000000000000 ) ) ;
#1027 = ADVANCED_FACE ( 'NONE', ( #1297 ), #1678, .F. ) ;
#1028 = ORIENTED_EDGE ( 'NONE', *, *, #1996, .T. ) ;
#1029 = PERSON_AND_ORGANIZATION_ROLE ( 'creator' ) ;
#1030 = ORIENTED_EDGE ( 'NONE', *, *, #169, .F. ) ;
#1031 = CC_DESIGN_PERSON_AND_ORGANIZATION_ASSIGNMENT ( #1311, #2098, ( #480 ) ) ;
#1032 = DIRECTION ( 'NONE',  ( 0.0000000000000000000, 0.0000000000000000000, 1.000000000000000000 ) ) ;
#1033 = VERTEX_POINT ( 'NONE', #1915 ) ;
#1034 = EDGE_CURVE ( 'NONE', #754, #1244, #1213, .T. ) ;
#1035 = ORIENTED_EDGE ( 'NONE', *, *, #667, .T. ) ;
#1036 = VECTOR ( 'NONE', #2242, 1000.000000000000000 ) ;
#1037 = VERTEX_POINT ( 'NONE', #800 ) ;
#1038 = DIRECTION ( 'NONE',  ( -1.000000000000000000, 0.0000000000000000000, 0.0000000000000000000 ) ) ;
#1039 = VECTOR ( 'NONE', #647, 1000.000000000000000 ) ;
#1040 = AXIS2_PLACEMENT_3D ( 'NONE', #336, #540, #2223 ) ;
#1041 = CARTESIAN_POINT ( 'NONE',  ( -5.499999999999912959, 30.46697673420217711, 2.000000000000000000 ) ) ;
#1042 = PERSON_AND_ORGANIZATION_ROLE ( 'classification_officer' ) ;
#1043 = FACE_OUTER_BOUND ( 'NONE', #426, .T. ) ;
#1044 = CARTESIAN_POINT ( 'NONE',  ( -12.00000000000000711, 25.46697673420220553, 0.0000000000000000000 ) ) ;
#1045 = EDGE_CURVE ( 'NONE', #1930, #2075, #1644, .T. ) ;
#1046 = FACE_OUTER_BOUND ( 'NONE', #1840, .T. ) ;
#1047 = ADVANCED_FACE ( 'NONE', ( #1619 ), #2178, .F. ) ;
#1048 = VERTEX_POINT ( 'NONE', #1718 ) ;
#1049 = AXIS2_PLACEMENT_3D ( 'NONE', #1545, #1189, #1727 ) ;
#1050 = DIRECTION ( 'NONE',  ( 1.000000000000000000, 0.0000000000000000000, 0.0000000000000000000 ) ) ;
#1051 = VERTEX_POINT ( 'NONE', #1156 ) ;
#1052 = CARTESIAN_POINT ( 'NONE',  ( 10.50000000000000000, 25.46697673420220909, 2.000000000000000000 ) ) ;
#1053 = EDGE_CURVE ( 'NONE', #406, #186, #1127, .T. ) ;
#1054 = CARTESIAN_POINT ( 'NONE',  ( 3.999999999999999112, 30.46697673420220909, 2.000000000000000000 ) ) ;
#1055 = CARTESIAN_POINT ( 'NONE',  ( -12.50000000000001066, 50.46697673420221264, 2.000000000000000000 ) ) ;
#1056 = ADVANCED_FACE ( 'NONE', ( #813 ), #223, .F. ) ;
#1057 = FACE_OUTER_BOUND ( 'NONE', #2138, .T. ) ;
#1058 = EDGE_CURVE ( 'NONE', #912, #304, #1591, .T. ) ;
#1059 = EDGE_LOOP ( 'NONE', ( #249, #1467, #1474, #1566 ) ) ;
#1060 = VERTEX_POINT ( 'NONE', #1731 ) ;
#1061 = ADVANCED_FACE ( 'NONE', ( #1409 ), #634, .F. ) ;
#1062 = ORIENTED_EDGE ( 'NONE', *, *, #1860, .T. ) ;
#1063 = CARTESIAN_POINT ( 'NONE',  ( 26.75000000000000711, 28.46697673420221264, 2.000000000000000000 ) ) ;
#1064 = VERTEX_POINT ( 'NONE', #444 ) ;
#1065 = FACE_OUTER_BOUND ( 'NONE', #1854, .T. ) ;
#1066 = EDGE_LOOP ( 'NONE', ( #519, #1968 ) ) ;
#1067 = VECTOR ( 'NONE', #2328, 1000.000000000000000 ) ;
#1068 = ADVANCED_FACE ( 'NONE', ( #1826 ), #292, .F. ) ;
#1069 = EDGE_CURVE ( 'NONE', #773, #291, #2270, .T. ) ;
#1070 = DIRECTION ( 'NONE',  ( 0.0000000000000000000, 0.0000000000000000000, 1.000000000000000000 ) ) ;
#1071 = ORIENTED_EDGE ( 'NONE', *, *, #1926, .F. ) ;
#1072 = CYLINDRICAL_SURFACE ( 'NONE', #1833, 1.499999999999997780 ) ;
#1073 = DIRECTION ( 'NONE',  ( 0.0000000000000000000, 0.0000000000000000000, 1.000000000000000000 ) ) ;
#1074 = LINE ( 'NONE', #2068, #1358 ) ;
#1075 = ORIENTED_EDGE ( 'NONE', *, *, #1569, .F. ) ;
#1076 = AXIS2_PLACEMENT_3D ( 'NONE', #2394, #2363, #120 ) ;
#1077 = EDGE_CURVE ( 'NONE', #156, #736, #1325, .T. ) ;
#1078 = ORIENTED_EDGE ( 'NONE', *, *, #1905, .F. ) ;
#1079 = DIRECTION ( 'NONE',  ( -1.000000000000000000, 0.0000000000000000000, 0.0000000000000000000 ) ) ;
#1080 = AXIS2_PLACEMENT_3D ( 'NONE', #672, #455, #1583 ) ;
#1081 = CARTESIAN_POINT ( 'NONE',  ( 24.75000000000000000, 18.46697673420220909, 1.199999999999994182 ) ) ;
#1082 = EDGE_CURVE ( 'NONE', #742, #681, #609, .T. ) ;
#1083 = FACE_OUTER_BOUND ( 'NONE', #1661, .T. ) ;
#1084 = EDGE_LOOP ( 'NONE', ( #121, #1294 ) ) ;
#1085 = DIRECTION ( 'NONE',  ( 0.0000000000000000000, 0.0000000000000000000, 1.000000000000000000 ) ) ;
#1086 = CIRCLE ( 'NONE', #2286, 2.000000000000005329 ) ;
#1087 = DIRECTION ( 'NONE',  ( 0.0000000000000000000, 0.0000000000000000000, 1.000000000000000000 ) ) ;
#1088 = ORIENTED_EDGE ( 'NONE', *, *, #2194, .T. ) ;
#1089 = VERTEX_POINT ( 'NONE', #618 ) ;
#1090 = EDGE_CURVE ( 'NONE', #1118, #2287, #316, .T. ) ;
#1091 = CARTESIAN_POINT ( 'NONE',  ( -20.74990455419143132, -9.963254167142267193, 2.000000000000000000 ) ) ;
#1092 = DIRECTION ( 'NONE',  ( 1.000000000000000000, 0.0000000000000000000, 0.0000000000000000000 ) ) ;
#1093 = DIRECTION ( 'NONE',  ( 1.000000000000000000, 0.0000000000000000000, 0.0000000000000000000 ) ) ;
#1094 = ORIENTED_EDGE ( 'NONE', *, *, #1879, .T. ) ;
#1095 = LINE ( 'NONE', #724, #1264 ) ;
#1096 = AXIS2_PLACEMENT_3D ( 'NONE', #619, #812, #67 ) ;
#1097 = LINE ( 'NONE', #2077, #1792 ) ;
#1098 = DIRECTION ( 'NONE',  ( 1.000000000000000000, 0.0000000000000000000, 0.0000000000000000000 ) ) ;
#1099 = LINE ( 'NONE', #1755, #1972 ) ;
#1100 = CARTESIAN_POINT ( 'NONE',  ( 1.499999999999991784, 37.46697673420221264, 0.0000000000000000000 ) ) ;
#1101 = DIRECTION ( 'NONE',  ( 0.0000000000000000000, 0.0000000000000000000, 1.000000000000000000 ) ) ;
#1102 = FACE_BOUND ( 'NONE', #1420, .T. ) ;
#1103 = AXIS2_PLACEMENT_3D ( 'NONE', #25, #2113, #1722 ) ;
#1104 = CARTESIAN_POINT ( 'NONE',  ( 24.75000000000000000, 28.46697673420221264, -1.734723475976807094E-15 ) ) ;
#1105 = ORIENTED_EDGE ( 'NONE', *, *, #372, .T. ) ;
#1106 = EDGE_CURVE ( 'NONE', #851, #1758, #2063, .T. ) ;
#1107 = ORIENTED_EDGE ( 'NONE', *, *, #306, .T. ) ;
#1108 = DIRECTION ( 'NONE',  ( -1.000000000000000000, 0.0000000000000000000, 0.0000000000000000000 ) ) ;
#1109 = ORIENTED_EDGE ( 'NONE', *, *, #2043, .F. ) ;
#1110 = CARTESIAN_POINT ( 'NONE',  ( 12.74999999999999645, -10.03302326579778914, 2.000000000000000000 ) ) ;
#1111 = EDGE_CURVE ( 'NONE', #1120, #69, #1099, .T. ) ;
#1112 = CARTESIAN_POINT ( 'NONE',  ( -8.598015535578499360E-15, 30.46697673420220909, 0.0000000000000000000 ) ) ;
#1113 = AXIS2_PLACEMENT_3D ( 'NONE', #207, #1142, #1882 ) ;
#1114 = FACE_OUTER_BOUND ( 'NONE', #938, .T. ) ;
#1115 = ORIENTED_EDGE ( 'NONE', *, *, #345, .T. ) ;
#1116 = CARTESIAN_POINT ( 'NONE',  ( -3.499999999999427125, 18.46697673420217001, 2.000000000000000000 ) ) ;
#1117 = ORIENTED_EDGE ( 'NONE', *, *, #711, .F. ) ;
#1118 = VERTEX_POINT ( 'NONE', #1011 ) ;
#1119 = DIRECTION ( 'NONE',  ( -0.0000000000000000000, -0.0000000000000000000, -1.000000000000000000 ) ) ;
#1120 = VERTEX_POINT ( 'NONE', #282 ) ;
#1121 = EDGE_CURVE ( 'NONE', #1064, #1385, #2268, .T. ) ;
#1122 = ORIENTED_EDGE ( 'NONE', *, *, #1485, .F. ) ;
#1123 = CONICAL_SURFACE ( 'NONE', #377, 3.200000000000001510, 0.7853981633974479459 ) ;
#1124 = ORIENTED_EDGE ( 'NONE', *, *, #1286, .T. ) ;
#1125 = VERTEX_POINT ( 'NONE', #2353 ) ;
#1126 = AXIS2_PLACEMENT_3D ( 'NONE', #2407, #374, #2015 ) ;
#1127 = CIRCLE ( 'NONE', #135, 3.200000000000001510 ) ;
#1128 = CYLINDRICAL_SURFACE ( 'NONE', #544, 1.499999999999998668 ) ;
#1129 = ORIENTED_EDGE ( 'NONE', *, *, #756, .F. ) ;
#1130 = CARTESIAN_POINT ( 'NONE',  ( -22.75000000000000000, 18.46697673420220909, 2.000000000000000000 ) ) ;
#1131 = FACE_OUTER_BOUND ( 'NONE', #737, .T. ) ;
#1132 =( NAMED_UNIT ( * ) PLANE_ANGLE_UNIT ( ) SI_UNIT ( $, .RADIAN. ) );
#1133 = CARTESIAN_POINT ( 'NONE',  ( -23.16207110931276603, -45.94509437511054273, 2.000000000000000000 ) ) ;
#1134 = VERTEX_POINT ( 'NONE', #1771 ) ;
#1135 = ORIENTED_EDGE ( 'NONE', *, *, #362, .T. ) ;
#1136 = DIRECTION ( 'NONE',  ( -1.000000000000000000, 0.0000000000000000000, 0.0000000000000000000 ) ) ;
#1137 = DIRECTION ( 'NONE',  ( -0.0000000000000000000, -0.0000000000000000000, -1.000000000000000000 ) ) ;
#1138 = DIRECTION ( 'NONE',  ( -1.000000000000000000, 0.0000000000000000000, 0.0000000000000000000 ) ) ;
#1139 = APPROVAL_DATE_TIME ( #535, #835 ) ;
#1140 = DIRECTION ( 'NONE',  ( 1.000000000000000000, 0.0000000000000000000, 0.0000000000000000000 ) ) ;
#1141 = CIRCLE ( 'NONE', #1838, 1.499999999999999556 ) ;
#1142 = DIRECTION ( 'NONE',  ( 0.0000000000000000000, 0.0000000000000000000, 1.000000000000000000 ) ) ;
#1143 = EDGE_CURVE ( 'NONE', #1265, #704, #520, .T. ) ;
#1144 = CARTESIAN_POINT ( 'NONE',  ( 31.75000000000000000, -45.94509437511053562, 2.000000000000000000 ) ) ;
#1145 = ORIENTED_EDGE ( 'NONE', *, *, #1435, .F. ) ;
#1146 = VERTEX_POINT ( 'NONE', #2154 ) ;
#1147 = FACE_OUTER_BOUND ( 'NONE', #808, .T. ) ;
#1148 = CARTESIAN_POINT ( 'NONE',  ( -23.16207110931276603, 68.96697673420220553, 2.000000000000000000 ) ) ;
#1149 = CIRCLE ( 'NONE', #268, 1.500000000000001332 ) ;
#1150 = DIRECTION ( 'NONE',  ( -1.000000000000000000, 0.0000000000000000000, 0.0000000000000000000 ) ) ;
#1151 = DIRECTION ( 'NONE',  ( -0.0000000000000000000, -0.0000000000000000000, -1.000000000000000000 ) ) ;
#1152 = VECTOR ( 'NONE', #160, 1000.000000000000000 ) ;
#1153 = CARTESIAN_POINT ( 'NONE',  ( -1.499999999999864109, 23.46697673420220553, 2.000000000000000000 ) ) ;
#1154 = VECTOR ( 'NONE', #804, 999.9999999999998863 ) ;
#1155 = VECTOR ( 'NONE', #1864, 1000.000000000000000 ) ;
#1156 = CARTESIAN_POINT ( 'NONE',  ( 22.74999999999999645, 18.46697673420220909, 1.199999999999994182 ) ) ;
#1157 = APPROVAL_ROLE ( '' ) ;
#1158 = CARTESIAN_POINT ( 'NONE',  ( -20.74990455419143132, -35.46325416714226719, 2.000000000000000000 ) ) ;
#1159 = VERTEX_POINT ( 'NONE', #2317 ) ;
#1160 = CARTESIAN_POINT ( 'NONE',  ( 24.75000000000000000, 28.46697673420221264, 1.199999999999994182 ) ) ;
#1161 = ORIENTED_EDGE ( 'NONE', *, *, #1260, .T. ) ;
#1162 = EDGE_CURVE ( 'NONE', #2023, #2021, #16, .T. ) ;
#1163 = CARTESIAN_POINT ( 'NONE',  ( -24.75000000000000000, 18.46697673420220909, 2.000000000000000000 ) ) ;
#1164 = LINE ( 'NONE', #271, #212 ) ;
#1165 = ORIENTED_EDGE ( 'NONE', *, *, #1334, .T. ) ;
#1166 = DIRECTION ( 'NONE',  ( 0.0000000000000000000, 0.0000000000000000000, 1.000000000000000000 ) ) ;
#1167 = ORIENTED_EDGE ( 'NONE', *, *, #1171, .T. ) ;
#1168 = VERTEX_POINT ( 'NONE', #274 ) ;
#1169 = ORIENTED_EDGE ( 'NONE', *, *, #1505, .T. ) ;
#1170 = DIRECTION ( 'NONE',  ( -0.0000000000000000000, -0.0000000000000000000, -1.000000000000000000 ) ) ;
#1171 = EDGE_CURVE ( 'NONE', #2410, #1033, #1439, .T. ) ;
#1172 = DIRECTION ( 'NONE',  ( -0.0000000000000000000, -0.0000000000000000000, -1.000000000000000000 ) ) ;
#1173 = EDGE_LOOP ( 'NONE', ( #1738, #1739, #1488, #265 ) ) ;
#1174 = EDGE_LOOP ( 'NONE', ( #280, #495, #2185, #1523 ) ) ;
#1175 = EDGE_LOOP ( 'NONE', ( #1800, #1677, #415, #830, #630, #1872, #688, #325 ) ) ;
#1176 = CONICAL_SURFACE ( 'NONE', #1365, 3.200000000000001510, 0.7853981633974479459 ) ;
#1177 = EDGE_CURVE ( 'NONE', #2131, #2075, #725, .T. ) ;
#1178 = UNCERTAINTY_MEASURE_WITH_UNIT (LENGTH_MEASURE( 1.000000000000000082E-05 ), #386, 'distance_accuracy_value', 'NONE');
#1179 = ORIENTED_EDGE ( 'NONE', *, *, #580, .T. ) ;
#1180 = VERTEX_POINT ( 'NONE', #2343 ) ;
#1181 = FACE_OUTER_BOUND ( 'NONE', #941, .T. ) ;
#1182 = CARTESIAN_POINT ( 'NONE',  ( -12.74990455419142954, -35.46325416714226719, 0.0000000000000000000 ) ) ;
#1183 = LINE ( 'NONE', #1778, #2421 ) ;
#1184 = CARTESIAN_POINT ( 'NONE',  ( -5.499999999999912959, 30.46697673420217711, 2.000000000000000000 ) ) ;
#1185 = VECTOR ( 'NONE', #836, 1000.000000000000000 ) ;
#1186 = CARTESIAN_POINT ( 'NONE',  ( -26.75000000000000355, 28.46697673420221264, 2.000000000000000000 ) ) ;
#1187 = CARTESIAN_POINT ( 'NONE',  ( -24.75000000000000000, 18.46697673420220909, 2.000000000000000000 ) ) ;
#1188 = ORIENTED_EDGE ( 'NONE', *, *, #1317, .T. ) ;
#1189 = DIRECTION ( 'NONE',  ( -0.0000000000000000000, -0.0000000000000000000, -1.000000000000000000 ) ) ;
#1190 = EDGE_LOOP ( 'NONE', ( #2370, #1627, #2383, #2359 ) ) ;
#1191 = DIRECTION ( 'NONE',  ( 1.000000000000000000, 0.0000000000000000000, 0.0000000000000000000 ) ) ;
#1192 = CARTESIAN_POINT ( 'NONE',  ( 1.380442006958332136E-13, 23.46697673420220553, 2.000000000000000000 ) ) ;
#1193 = EDGE_CURVE ( 'NONE', #1159, #624, #2330, .T. ) ;
#1194 = CARTESIAN_POINT ( 'NONE',  ( 12.49999999999999112, 50.46697673420221264, 2.000000000000000000 ) ) ;
#1195 = CYLINDRICAL_SURFACE ( 'NONE', #1277, 4.000000000000007994 ) ;
#1196 = CARTESIAN_POINT ( 'NONE',  ( -23.16207110931276603, -54.53302326579778736, 2.000000000000000000 ) ) ;
#1197 = DIRECTION ( 'NONE',  ( 0.0000000000000000000, 0.0000000000000000000, 1.000000000000000000 ) ) ;
#1198 = CYLINDRICAL_SURFACE ( 'NONE', #61, 8.000000000000003553 ) ;
#1199 = AXIS2_PLACEMENT_3D ( 'NONE', #111, #1788, #673 ) ;
#1200 = CARTESIAN_POINT ( 'NONE',  ( 31.75000000000000000, -45.94509437511053562, 0.0000000000000000000 ) ) ;
#1201 = ORIENTED_EDGE ( 'NONE', *, *, #1143, .T. ) ;
#1202 = ORIENTED_EDGE ( 'NONE', *, *, #1441, .F. ) ;
#1203 = EDGE_CURVE ( 'NONE', #1134, #1033, #1149, .T. ) ;
#1204 = VERTEX_POINT ( 'NONE', #1207 ) ;
#1205 = ORIENTED_EDGE ( 'NONE', *, *, #1143, .F. ) ;
#1206 = VECTOR ( 'NONE', #2045, 1000.000000000000000 ) ;
#1207 = CARTESIAN_POINT ( 'NONE',  ( -20.74990455419143132, -35.46325416714226719, 2.000000000000000000 ) ) ;
#1208 = CARTESIAN_POINT ( 'NONE',  ( -23.16207110931276603, -54.53302326579778736, 2.000000000000000000 ) ) ;
#1209 = ORIENTED_EDGE ( 'NONE', *, *, #588, .F. ) ;
#1210 = VECTOR ( 'NONE', #466, 1000.000000000000000 ) ;
#1211 = DIRECTION ( 'NONE',  ( 0.0000000000000000000, 0.0000000000000000000, 1.000000000000000000 ) ) ;
#1212 = AXIS2_PLACEMENT_3D ( 'NONE', #105, #75, #1380 ) ;
#1213 = CIRCLE ( 'NONE', #2314, 2.000000000000005329 ) ;
#1214 = EDGE_CURVE ( 'NONE', #1519, #742, #342, .T. ) ;
#1215 = ADVANCED_FACE ( 'NONE', ( #1907 ), #2031, .F. ) ;
#1216 = CIRCLE ( 'NONE', #1103, 3.200000000000001510 ) ;
#1217 = AXIS2_PLACEMENT_3D ( 'NONE', #2256, #1326, #379 ) ;
#1218 = DIRECTION ( 'NONE',  ( 0.0000000000000000000, 0.0000000000000000000, 1.000000000000000000 ) ) ;
#1219 = FACE_OUTER_BOUND ( 'NONE', #440, .T. ) ;
#1220 = DIRECTION ( 'NONE',  ( -1.000000000000000000, 0.0000000000000000000, 0.0000000000000000000 ) ) ;
#1221 = EDGE_LOOP ( 'NONE', ( #2358, #1012, #542, #831 ) ) ;
#1222 = AXIS2_PLACEMENT_3D ( 'NONE', #1918, #814, #1536 ) ;
#1223 = DIRECTION ( 'NONE',  ( 0.0000000000000000000, 0.0000000000000000000, -1.000000000000000000 ) ) ;
#1224 = CARTESIAN_POINT ( 'NONE',  ( 17.50000000000018829, 18.46697673420237251, 2.000000000000000000 ) ) ;
#1225 = ADVANCED_FACE ( 'NONE', ( #577 ), #1406, .F. ) ;
#1226 = APPLICATION_CONTEXT ( 'configuration controlled 3d designs of mechanical parts and assemblies' ) ;
#1227 = EDGE_CURVE ( 'NONE', #554, #2153, #658, .T. ) ;
#1228 = CARTESIAN_POINT ( 'NONE',  ( 21.55000000000000071, 18.46697673420220909, -1.734723475976807094E-15 ) ) ;
#1229 = LINE ( 'NONE', #3, #935 ) ;
#1230 = DIRECTION ( 'NONE',  ( -1.000000000000000000, 0.0000000000000000000, 0.0000000000000000000 ) ) ;
#1231 = FACE_OUTER_BOUND ( 'NONE', #93, .T. ) ;
#1232 = VERTEX_POINT ( 'NONE', #1430 ) ;
#1233 = CARTESIAN_POINT ( 'NONE',  ( 10.50000000000033218, 11.46697673420221264, 2.000000000000000000 ) ) ;
#1234 = DIRECTION ( 'NONE',  ( -0.7071067811865472397, 0.0000000000000000000, -0.7071067811865479058 ) ) ;
#1235 = ORIENTED_EDGE ( 'NONE', *, *, #432, .T. ) ;
#1236 = ORIENTED_EDGE ( 'NONE', *, *, #74, .T. ) ;
#1237 = CC_DESIGN_DATE_AND_TIME_ASSIGNMENT ( #2284, #1958, ( #78 ) ) ;
#1238 = DIRECTION ( 'NONE',  ( 1.000000000000000000, 0.0000000000000000000, 0.0000000000000000000 ) ) ;
#1239 = ORIENTED_EDGE ( 'NONE', *, *, #2194, .F. ) ;
#1240 = ADVANCED_FACE ( 'NONE', ( #2297 ), #164, .F. ) ;
#1241 = ORIENTED_EDGE ( 'NONE', *, *, #1759, .F. ) ;
#1242 = VECTOR ( 'NONE', #23, 1000.000000000000000 ) ;
#1243 = ORIENTED_EDGE ( 'NONE', *, *, #1077, .T. ) ;
#1244 = VERTEX_POINT ( 'NONE', #327 ) ;
#1245 = FACE_OUTER_BOUND ( 'NONE', #2062, .T. ) ;
#1246 = DIRECTION ( 'NONE',  ( 1.000000000000000000, 0.0000000000000000000, 0.0000000000000000000 ) ) ;
#1247 = CYLINDRICAL_SURFACE ( 'NONE', #1453, 8.000000000000003553 ) ;
#1248 = CARTESIAN_POINT ( 'NONE',  ( -23.16207110931276603, -45.94509437511054273, 2.000000000000000000 ) ) ;
#1249 = EDGE_CURVE ( 'NONE', #2181, #1060, #101, .T. ) ;
#1250 = LINE ( 'NONE', #614, #2150 ) ;
#1251 = EDGE_LOOP ( 'NONE', ( #885, #959 ) ) ;
#1252 = AXIS2_PLACEMENT_3D ( 'NONE', #572, #561, #4 ) ;
#1253 = DIRECTION ( 'NONE',  ( -0.0000000000000000000, -0.0000000000000000000, -1.000000000000000000 ) ) ;
#1254 = ADVANCED_FACE ( 'NONE', ( #2092 ), #222, .F. ) ;
#1255 = VERTEX_POINT ( 'NONE', #320 ) ;
#1256 = DIRECTION ( 'NONE',  ( -0.0000000000000000000, -0.0000000000000000000, -1.000000000000000000 ) ) ;
#1257 = AXIS2_PLACEMENT_3D ( 'NONE', #277, #286, #1550 ) ;
#1258 = DIRECTION ( 'NONE',  ( 1.000000000000000000, 0.0000000000000000000, 0.0000000000000000000 ) ) ;
#1259 = APPROVAL_PERSON_ORGANIZATION ( #2255, #835, #2282 ) ;
#1260 = EDGE_CURVE ( 'NONE', #602, #1747, #2209, .T. ) ;
#1261 = DIRECTION ( 'NONE',  ( 1.000000000000000000, 0.0000000000000000000, 0.0000000000000000000 ) ) ;
#1262 = ORIENTED_EDGE ( 'NONE', *, *, #828, .T. ) ;
#1263 = VERTEX_POINT ( 'NONE', #678 ) ;
#1264 = VECTOR ( 'NONE', #1659, 999.9999999999998863 ) ;
#1265 = VERTEX_POINT ( 'NONE', #2196 ) ;
#1266 = DIRECTION ( 'NONE',  ( -0.0000000000000000000, -0.0000000000000000000, -1.000000000000000000 ) ) ;
#1267 = LINE ( 'NONE', #1614, #1529 ) ;
#1268 = EDGE_CURVE ( 'NONE', #837, #752, #459, .T. ) ;
#1269 = DIRECTION ( 'NONE',  ( 1.000000000000000000, 0.0000000000000000000, 0.0000000000000000000 ) ) ;
#1270 = CIRCLE ( 'NONE', #2273, 8.000000000000001776 ) ;
#1271 = DIRECTION ( 'NONE',  ( -1.000000000000000000, 0.0000000000000000000, 0.0000000000000000000 ) ) ;
#1272 = CYLINDRICAL_SURFACE ( 'NONE', #1402, 1.500000000000001332 ) ;
#1273 = VERTEX_POINT ( 'NONE', #871 ) ;
#1274 = CIRCLE ( 'NONE', #928, 8.587928890687237526 ) ;
#1275 = CARTESIAN_POINT ( 'NONE',  ( 24.75000000000000000, 18.46697673420220909, -1.734723475976807094E-15 ) ) ;
#1276 = ORIENTED_EDGE ( 'NONE', *, *, #1759, .T. ) ;
#1277 = AXIS2_PLACEMENT_3D ( 'NONE', #411, #229, #397 ) ;
#1278 = CARTESIAN_POINT ( 'NONE',  ( 5.000000000000190070, 18.46697673420209185, 2.000000000000000000 ) ) ;
#1279 = CARTESIAN_POINT ( 'NONE',  ( 12.49999999999999112, 50.46697673420221264, 0.0000000000000000000 ) ) ;
#1280 = EDGE_CURVE ( 'NONE', #2309, #1750, #1351, .T. ) ;
#1281 = DIRECTION ( 'NONE',  ( 0.0000000000000000000, 0.0000000000000000000, 1.000000000000000000 ) ) ;
#1282 = APPROVAL_PERSON_ORGANIZATION ( #1779, #1355, #1157 ) ;
#1283 = DIRECTION ( 'NONE',  ( 0.0000000000000000000, 0.0000000000000000000, 1.000000000000000000 ) ) ;
#1284 = LINE ( 'NONE', #1392, #966 ) ;
#1285 = VERTEX_POINT ( 'NONE', #1063 ) ;
#1286 = EDGE_CURVE ( 'NONE', #1747, #893, #1267, .T. ) ;
#1287 = DIRECTION ( 'NONE',  ( 0.0000000000000000000, 0.0000000000000000000, 1.000000000000000000 ) ) ;
#1288 = ORIENTED_EDGE ( 'NONE', *, *, #345, .F. ) ;
#1289 = CARTESIAN_POINT ( 'NONE',  ( 16.00000000000018119, 18.46697673420237251, 2.000000000000000000 ) ) ;
#1290 = ORIENTED_EDGE ( 'NONE', *, *, #161, .T. ) ;
#1291 = DIRECTION ( 'NONE',  ( 1.000000000000000000, 0.0000000000000000000, 0.0000000000000000000 ) ) ;
#1292 = VERTEX_POINT ( 'NONE', #1054 ) ;
#1293 = AXIS2_PLACEMENT_3D ( 'NONE', #1112, #1101, #363 ) ;
#1294 = ORIENTED_EDGE ( 'NONE', *, *, #1539, .T. ) ;
#1295 = CYLINDRICAL_SURFACE ( 'NONE', #1126, 3.999999999999994671 ) ;
#1296 = ORIENTED_EDGE ( 'NONE', *, *, #1702, .T. ) ;
#1297 = FACE_OUTER_BOUND ( 'NONE', #2321, .T. ) ;
#1298 = CARTESIAN_POINT ( 'NONE',  ( -27.95000000000000284, 28.46697673420221264, -1.734723475976807094E-15 ) ) ;
#1299 = DIRECTION ( 'NONE',  ( -1.000000000000000000, 0.0000000000000000000, 0.0000000000000000000 ) ) ;
#1300 = CIRCLE ( 'NONE', #293, 1.499999999999999556 ) ;
#1301 = FACE_OUTER_BOUND ( 'NONE', #1914, .T. ) ;
#1302 = EDGE_CURVE ( 'NONE', #615, #1134, #546, .T. ) ;
#1303 = DIRECTION ( 'NONE',  ( -0.0000000000000000000, -0.0000000000000000000, -1.000000000000000000 ) ) ;
#1304 = ORIENTED_EDGE ( 'NONE', *, *, #1945, .F. ) ;
#1305 = DIRECTION ( 'NONE',  ( -0.0000000000000000000, -0.0000000000000000000, -1.000000000000000000 ) ) ;
#1306 = VERTEX_POINT ( 'NONE', #690 ) ;
#1307 = CARTESIAN_POINT ( 'NONE',  ( -12.74990455419142954, -35.46325416714226719, 0.0000000000000000000 ) ) ;
#1308 = DIRECTION ( 'NONE',  ( 0.0000000000000000000, 0.0000000000000000000, 1.000000000000000000 ) ) ;
#1309 = AXIS2_PLACEMENT_3D ( 'NONE', #147, #1085, #1452 ) ;
#1310 = DIRECTION ( 'NONE',  ( -1.000000000000000000, 0.0000000000000000000, 0.0000000000000000000 ) ) ;
#1311 = PERSON_AND_ORGANIZATION ( #51, #1367 ) ;
#1312 = DIRECTION ( 'NONE',  ( 0.0000000000000000000, 0.0000000000000000000, 1.000000000000000000 ) ) ;
#1313 = ORIENTED_EDGE ( 'NONE', *, *, #1790, .F. ) ;
#1314 = VERTEX_POINT ( 'NONE', #1423 ) ;
#1315 = CARTESIAN_POINT ( 'NONE',  ( 2.000000000000190514, 18.46697673420209185, 0.0000000000000000000 ) ) ;
#1316 = EDGE_LOOP ( 'NONE', ( #2382, #2233 ) ) ;
#1317 = EDGE_CURVE ( 'NONE', #2021, #704, #366, .T. ) ;
#1318 = CARTESIAN_POINT ( 'NONE',  ( -1.500000000000010880, 37.46697673420221264, 0.0000000000000000000 ) ) ;
#1319 = DIRECTION ( 'NONE',  ( 0.0000000000000000000, 0.0000000000000000000, 1.000000000000000000 ) ) ;
#1320 = ORIENTED_EDGE ( 'NONE', *, *, #1879, .F. ) ;
#1321 = CIRCLE ( 'NONE', #2254, 1.500000000000004885 ) ;
#1322 = DIRECTION ( 'NONE',  ( -0.0000000000000000000, -0.0000000000000000000, -1.000000000000000000 ) ) ;
#1323 = AXIS2_PLACEMENT_3D ( 'NONE', #2073, #1900, #608 ) ;
#1324 = VECTOR ( 'NONE', #1414, 1000.000000000000000 ) ;
#1325 = LINE ( 'NONE', #671, #344 ) ;
#1326 = DIRECTION ( 'NONE',  ( -0.0000000000000000000, -0.0000000000000000000, -1.000000000000000000 ) ) ;
#1327 = EDGE_CURVE ( 'NONE', #1581, #1447, #975, .T. ) ;
#1328 = DIRECTION ( 'NONE',  ( -0.0000000000000000000, -0.0000000000000000000, -1.000000000000000000 ) ) ;
#1329 = CYLINDRICAL_SURFACE ( 'NONE', #777, 1.499999999999999556 ) ;
#1330 = CARTESIAN_POINT ( 'NONE',  ( -1.999999999999428013, 18.46697673420217001, 0.0000000000000000000 ) ) ;
#1331 = AXIS2_PLACEMENT_3D ( 'NONE', #1433, #1408, #2176 ) ;
#1332 = CYLINDRICAL_SURFACE ( 'NONE', #1938, 1.499999999999999556 ) ;
#1333 = VERTEX_POINT ( 'NONE', #2387 ) ;
#1334 = EDGE_CURVE ( 'NONE', #837, #997, #281, .T. ) ;
#1335 = DIRECTION ( 'NONE',  ( 0.0000000000000000000, 0.0000000000000000000, 1.000000000000000000 ) ) ;
#1336 = AXIS2_PLACEMENT_3D ( 'NONE', #1967, #98, #1598 ) ;
#1337 = DIRECTION ( 'NONE',  ( 1.000000000000000000, 0.0000000000000000000, 0.0000000000000000000 ) ) ;
#1338 = ORIENTED_EDGE ( 'NONE', *, *, #1961, .F. ) ;
#1339 = CALENDAR_DATE ( 2018, 16, 8 ) ;
#1340 = CARTESIAN_POINT ( 'NONE',  ( -4.999999999999427125, 18.46697673420217001, 0.0000000000000000000 ) ) ;
#1341 = CIRCLE ( 'NONE', #728, 8.000000000000003553 ) ;
#1342 = DIRECTION ( 'NONE',  ( -1.000000000000000000, 0.0000000000000000000, 0.0000000000000000000 ) ) ;
#1343 = EDGE_LOOP ( 'NONE', ( #232, #805, #2034, #1015 ) ) ;
#1344 = AXIS2_PLACEMENT_3D ( 'NONE', #794, #1895, #2271 ) ;
#1345 = DIRECTION ( 'NONE',  ( 1.000000000000000000, 0.0000000000000000000, 0.0000000000000000000 ) ) ;
#1346 = DIRECTION ( 'NONE',  ( -1.000000000000000000, 0.0000000000000000000, 0.0000000000000000000 ) ) ;
#1347 = ORIENTED_EDGE ( 'NONE', *, *, #1121, .T. ) ;
#1348 = EDGE_CURVE ( 'NONE', #1669, #1263, #605, .T. ) ;
#1349 = VERTEX_POINT ( 'NONE', #2180 ) ;
#1350 = EDGE_LOOP ( 'NONE', ( #1960, #305 ) ) ;
#1351 = LINE ( 'NONE', #1623, #2392 ) ;
#1352 = ORIENTED_EDGE ( 'NONE', *, *, #1741, .F. ) ;
#1353 = VECTOR ( 'NONE', #1328, 1000.000000000000000 ) ;
#1354 = DIRECTION ( 'NONE',  ( 0.0000000000000000000, 0.0000000000000000000, 1.000000000000000000 ) ) ;
#1355 = APPROVAL ( #972, '未指定' ) ;
#1356 = CIRCLE ( 'NONE', #2260, 8.000000000000001776 ) ;
#1357 = EDGE_LOOP ( 'NONE', ( #335, #974, #801, #890 ) ) ;
#1358 = VECTOR ( 'NONE', #388, 1000.000000000000000 ) ;
#1359 = EDGE_CURVE ( 'NONE', #851, #1263, #1097, .T. ) ;
#1360 = DIRECTION ( 'NONE',  ( -1.000000000000000000, 0.0000000000000000000, 0.0000000000000000000 ) ) ;
#1361 = ORIENTED_EDGE ( 'NONE', *, *, #1724, .F. ) ;
#1362 = EDGE_LOOP ( 'NONE', ( #625, #2415 ) ) ;
#1363 = EDGE_CURVE ( 'NONE', #1887, #2414, #1936, .T. ) ;
#1364 = CARTESIAN_POINT ( 'NONE',  ( -17.50000000000001421, 18.46697673420170105, 2.000000000000000000 ) ) ;
#1365 = AXIS2_PLACEMENT_3D ( 'NONE', #1671, #1707, #11 ) ;
#1366 = CARTESIAN_POINT ( 'NONE',  ( -12.74990455419142954, -9.963254167142267193, 2.000000000000000000 ) ) ;
#1367 = ORGANIZATION ( '未指定', '未指定', '' ) ;
#1368 = DIRECTION ( 'NONE',  ( -0.0000000000000000000, -0.0000000000000000000, -1.000000000000000000 ) ) ;
#1369 = ORIENTED_EDGE ( 'NONE', *, *, #85, .T. ) ;
#1370 = ORIENTED_EDGE ( 'NONE', *, *, #1106, .F. ) ;
#1371 = DIRECTION ( 'NONE',  ( 0.0000000000000000000, 0.0000000000000000000, 1.000000000000000000 ) ) ;
#1372 = AXIS2_PLACEMENT_3D ( 'NONE', #2331, #2130, #92 ) ;
#1373 = DIRECTION ( 'NONE',  ( 1.000000000000000000, 0.0000000000000000000, 0.0000000000000000000 ) ) ;
#1374 = ORIENTED_EDGE ( 'NONE', *, *, #1834, .F. ) ;
#1375 = ORIENTED_EDGE ( 'NONE', *, *, #295, .T. ) ;
#1376 = EDGE_CURVE ( 'NONE', #485, #1963, #1766, .T. ) ;
#1377 = ORIENTED_EDGE ( 'NONE', *, *, #2315, .T. ) ;
#1378 = FACE_OUTER_BOUND ( 'NONE', #1666, .T. ) ;
#1379 = ORIENTED_EDGE ( 'NONE', *, *, #1214, .T. ) ;
#1380 = DIRECTION ( 'NONE',  ( 1.000000000000000000, 0.0000000000000000000, 0.0000000000000000000 ) ) ;
#1381 = FACE_BOUND ( 'NONE', #1350, .T. ) ;
#1382 = DATE_TIME_ROLE ( 'creation_date' ) ;
#1383 = VECTOR ( 'NONE', #478, 1000.000000000000000 ) ;
#1384 = FACE_OUTER_BOUND ( 'NONE', #1173, .T. ) ;
#1385 = VERTEX_POINT ( 'NONE', #1315 ) ;
#1386 = EDGE_CURVE ( 'NONE', #752, #1089, #1004, .T. ) ;
#1387 = VERTEX_POINT ( 'NONE', #189 ) ;
#1388 = CARTESIAN_POINT ( 'NONE',  ( -12.74990455419142954, -9.963254167142267193, 2.000000000000000000 ) ) ;
#1389 = DIRECTION ( 'NONE',  ( 0.0000000000000000000, 0.0000000000000000000, 1.000000000000000000 ) ) ;
#1390 = CALENDAR_DATE ( 2018, 16, 8 ) ;
#1391 = CARTESIAN_POINT ( 'NONE',  ( -22.75000000000000000, 28.46697673420221264, 2.000000000000000000 ) ) ;
#1392 = CARTESIAN_POINT ( 'NONE',  ( 3.999999999999999112, 30.46697673420220909, 2.000000000000000000 ) ) ;
#1393 = VECTOR ( 'NONE', #679, 1000.000000000000000 ) ;
#1394 = AXIS2_PLACEMENT_3D ( 'NONE', #2089, #37, #769 ) ;
#1395 = EDGE_LOOP ( 'NONE', ( #1377, #1595, #1352, #569 ) ) ;
#1396 = DIRECTION ( 'NONE',  ( -0.0000000000000000000, -0.0000000000000000000, -1.000000000000000000 ) ) ;
#1397 = ADVANCED_FACE ( 'NONE', ( #394 ), #865, .F. ) ;
#1398 = EDGE_CURVE ( 'NONE', #2065, #1977, #783, .T. ) ;
#1399 = ORIENTED_EDGE ( 'NONE', *, *, #1596, .T. ) ;
#1400 = ORIENTED_EDGE ( 'NONE', *, *, #409, .T. ) ;
#1401 = CARTESIAN_POINT ( 'NONE',  ( -24.75000000000000000, 28.46697673420221264, 1.199999999999997291 ) ) ;
#1402 = AXIS2_PLACEMENT_3D ( 'NONE', #460, #1767, #1014 ) ;
#1403 = DIRECTION ( 'NONE',  ( -0.0000000000000000000, -0.0000000000000000000, -1.000000000000000000 ) ) ;
#1404 = ORIENTED_EDGE ( 'NONE', *, *, #1398, .F. ) ;
#1405 = SECURITY_CLASSIFICATION_LEVEL ( 'unclassified' ) ;
#1406 = CYLINDRICAL_SURFACE ( 'NONE', #2298, 1.500000000000002220 ) ;
#1407 = ADVANCED_FACE ( 'NONE', ( #947 ), #1588, .F. ) ;
#1408 = DIRECTION ( 'NONE',  ( 0.0000000000000000000, 0.0000000000000000000, 1.000000000000000000 ) ) ;
#1409 = FACE_OUTER_BOUND ( 'NONE', #832, .T. ) ;
#1410 = EDGE_CURVE ( 'NONE', #235, #2351, #1877, .T. ) ;
#1411 = EDGE_LOOP ( 'NONE', ( #1733, #782 ) ) ;
#1412 = CIRCLE ( 'NONE', #590, 4.000000000000007994 ) ;
#1413 = AXIS2_PLACEMENT_3D ( 'NONE', #899, #2219, #1451 ) ;
#1414 = DIRECTION ( 'NONE',  ( -2.610467861434275626E-16, 1.000000000000000000, 0.0000000000000000000 ) ) ;
#1415 = CARTESIAN_POINT ( 'NONE',  ( 1.500000000000140332, 23.46697673420220553, 2.000000000000000000 ) ) ;
#1416 = LINE ( 'NONE', #1580, #2216 ) ;
#1417 = ADVANCED_FACE ( 'NONE', ( #1378 ), #1970, .F. ) ;
#1418 = CARTESIAN_POINT ( 'NONE',  ( 7.000000000000093259, 30.46697673420228369, 2.000000000000000000 ) ) ;
#1419 = EDGE_LOOP ( 'NONE', ( #365, #1881, #65, #1239 ) ) ;
#1420 = EDGE_LOOP ( 'NONE', ( #2279, #1947 ) ) ;
#1421 = ADVANCED_FACE ( 'NONE', ( #44 ), #1468, .F. ) ;
#1422 = AXIS2_PLACEMENT_3D ( 'NONE', #908, #1649, #706 ) ;
#1423 = CARTESIAN_POINT ( 'NONE',  ( 23.16207110931273760, 68.96697673420221975, 2.000000000000000000 ) ) ;
#1424 = DIRECTION ( 'NONE',  ( 1.000000000000000000, 0.0000000000000000000, 0.0000000000000000000 ) ) ;
#1425 = EDGE_CURVE ( 'NONE', #704, #554, #894, .T. ) ;
#1426 = DIRECTION ( 'NONE',  ( -0.0000000000000000000, -0.0000000000000000000, -1.000000000000000000 ) ) ;
#1427 = ADVANCED_FACE ( 'NONE', ( #1823 ), #838, .F. ) ;
#1428 = LINE ( 'NONE', #2246, #709 ) ;
#1429 = CARTESIAN_POINT ( 'NONE',  ( 17.50000000000018829, 18.46697673420237251, 2.000000000000000000 ) ) ;
#1430 = CARTESIAN_POINT ( 'NONE',  ( 8.999999999999996447, 25.46697673420220909, 2.000000000000000000 ) ) ;
#1431 = CARTESIAN_POINT ( 'NONE',  ( -26.75000000000000355, 28.46697673420221264, 2.000000000000000000 ) ) ;
#1432 = EDGE_LOOP ( 'NONE', ( #2203, #508, #94, #247 ) ) ;
#1433 = CARTESIAN_POINT ( 'NONE',  ( -24.75000000000000000, 28.46697673420221264, 2.000000000000000000 ) ) ;
#1434 = ORIENTED_EDGE ( 'NONE', *, *, #1804, .F. ) ;
#1435 = EDGE_CURVE ( 'NONE', #1447, #1306, #2360, .T. ) ;
#1436 = ORIENTED_EDGE ( 'NONE', *, *, #312, .F. ) ;
#1437 = VECTOR ( 'NONE', #42, 1000.000000000000000 ) ;
#1438 = EDGE_LOOP ( 'NONE', ( #416, #566 ) ) ;
#1439 = LINE ( 'NONE', #1571, #1210 ) ;
#1440 = FACE_BOUND ( 'NONE', #2217, .T. ) ;
#1441 = EDGE_CURVE ( 'NONE', #1387, #406, #920, .T. ) ;
#1442 = FACE_BOUND ( 'NONE', #14, .T. ) ;
#1443 = ORIENTED_EDGE ( 'NONE', *, *, #756, .T. ) ;
#1444 = ADVANCED_FACE ( 'NONE', ( #1643 ), #391, .F. ) ;
#1445 = VECTOR ( 'NONE', #716, 1000.000000000000000 ) ;
#1446 = CC_DESIGN_APPROVAL ( #1355, ( #78 ) ) ;
#1447 = VERTEX_POINT ( 'NONE', #791 ) ;
#1448 = ORIENTED_EDGE ( 'NONE', *, *, #1945, .T. ) ;
#1449 = DIRECTION ( 'NONE',  ( -1.000000000000000000, 0.0000000000000000000, 0.0000000000000000000 ) ) ;
#1450 = EDGE_CURVE ( 'NONE', #889, #181, #944, .T. ) ;
#1451 = DIRECTION ( 'NONE',  ( 1.000000000000000000, 0.0000000000000000000, 0.0000000000000000000 ) ) ;
#1452 = DIRECTION ( 'NONE',  ( 1.000000000000000000, 0.0000000000000000000, 0.0000000000000000000 ) ) ;
#1453 = AXIS2_PLACEMENT_3D ( 'NONE', #1971, #1426, #102 ) ;
#1454 = DIRECTION ( 'NONE',  ( 0.0000000000000000000, 0.0000000000000000000, 1.000000000000000000 ) ) ;
#1455 = VECTOR ( 'NONE', #1684, 1000.000000000000000 ) ;
#1456 = EDGE_CURVE ( 'NONE', #1933, #2198, #687, .T. ) ;
#1457 = CARTESIAN_POINT ( 'NONE',  ( -8.999999999999490186, 11.46697673420161223, 2.000000000000000000 ) ) ;
#1458 = FACE_OUTER_BOUND ( 'NONE', #720, .T. ) ;
#1459 = ORIENTED_EDGE ( 'NONE', *, *, #1302, .F. ) ;
#1460 = AXIS2_PLACEMENT_3D ( 'NONE', #419, #1166, #1717 ) ;
#1461 = ORIENTED_EDGE ( 'NONE', *, *, #2022, .T. ) ;
#1462 = ORIENTED_EDGE ( 'NONE', *, *, #797, .F. ) ;
#1463 = CARTESIAN_POINT ( 'NONE',  ( 23.16207110931273760, 68.96697673420221975, 2.000000000000000000 ) ) ;
#1464 = EDGE_LOOP ( 'NONE', ( #785, #216 ) ) ;
#1465 = DIRECTION ( 'NONE',  ( 0.0000000000000000000, 0.0000000000000000000, 1.000000000000000000 ) ) ;
#1466 = DIRECTION ( 'NONE',  ( -0.0000000000000000000, -0.0000000000000000000, -1.000000000000000000 ) ) ;
#1467 = ORIENTED_EDGE ( 'NONE', *, *, #2408, .T. ) ;
#1468 = CYLINDRICAL_SURFACE ( 'NONE', #2141, 8.000000000000001776 ) ;
#1469 = AXIS2_PLACEMENT_3D ( 'NONE', #2102, #1354, #2080 ) ;
#1470 = DIRECTION ( 'NONE',  ( 0.0000000000000000000, 0.0000000000000000000, 1.000000000000000000 ) ) ;
#1471 = CIRCLE ( 'NONE', #1040, 1.500000000000001332 ) ;
#1472 = CIRCLE ( 'NONE', #38, 2.000000000000001776 ) ;
#1473 = CARTESIAN_POINT ( 'NONE',  ( 22.74999999999999645, 28.46697673420221264, 1.199999999999994182 ) ) ;
#1474 = ORIENTED_EDGE ( 'NONE', *, *, #472, .T. ) ;
#1475 = ORIENTED_EDGE ( 'NONE', *, *, #2166, .T. ) ;
#1476 = DIRECTION ( 'NONE',  ( 0.0000000000000000000, 0.0000000000000000000, 1.000000000000000000 ) ) ;
#1477 = EDGE_LOOP ( 'NONE', ( #682, #2299, #2057, #2187 ) ) ;
#1478 = AXIS2_PLACEMENT_3D ( 'NONE', #395, #1218, #97 ) ;
#1479 = DIRECTION ( 'NONE',  ( -0.0000000000000000000, -0.0000000000000000000, -1.000000000000000000 ) ) ;
#1480 = EDGE_CURVE ( 'NONE', #943, #893, #1493, .T. ) ;
#1481 = DIRECTION ( 'NONE',  ( -1.000000000000000000, 0.0000000000000000000, 0.0000000000000000000 ) ) ;
#1482 = CARTESIAN_POINT ( 'NONE',  ( -10.50000000000000711, 18.46697673420220553, 2.000000000000000000 ) ) ;
#1483 = VECTOR ( 'NONE', #491, 1000.000000000000000 ) ;
#1484 = DIRECTION ( 'NONE',  ( -1.000000000000000000, 0.0000000000000000000, 0.0000000000000000000 ) ) ;
#1485 = EDGE_CURVE ( 'NONE', #1051, #680, #13, .T. ) ;
#1486 = DIRECTION ( 'NONE',  ( -0.0000000000000000000, -0.0000000000000000000, -1.000000000000000000 ) ) ;
#1487 = DIRECTION ( 'NONE',  ( 0.0000000000000000000, 0.0000000000000000000, 1.000000000000000000 ) ) ;
#1488 = ORIENTED_EDGE ( 'NONE', *, *, #548, .F. ) ;
#1489 = EDGE_LOOP ( 'NONE', ( #1262, #114 ) ) ;
#1490 = VERTEX_POINT ( 'NONE', #62 ) ;
#1491 = AXIS2_PLACEMENT_3D ( 'NONE', #209, #1487, #1685 ) ;
#1492 = ORIENTED_EDGE ( 'NONE', *, *, #1480, .F. ) ;
#1493 = CIRCLE ( 'NONE', #2100, 3.999999999999994671 ) ;
#1494 = DIRECTION ( 'NONE',  ( 1.000000000000000000, 0.0000000000000000000, 0.0000000000000000000 ) ) ;
#1495 = ORIENTED_EDGE ( 'NONE', *, *, #2265, .F. ) ;
#1496 = EDGE_LOOP ( 'NONE', ( #1652, #1088, #500, #1399 ) ) ;
#1497 = VECTOR ( 'NONE', #593, 1000.000000000000000 ) ;
#1498 = CARTESIAN_POINT ( 'NONE',  ( 24.75000000000000000, 28.46697673420221264, -1.734723475976807094E-15 ) ) ;
#1499 = CARTESIAN_POINT ( 'NONE',  ( 0.0000000000000000000, 0.0000000000000000000, 0.0000000000000000000 ) ) ;
#1500 = DIRECTION ( 'NONE',  ( -1.000000000000000000, 0.0000000000000000000, 0.0000000000000000000 ) ) ;
#1501 = CIRCLE ( 'NONE', #2129, 8.000000000000001776 ) ;
#1502 = AXIS2_PLACEMENT_3D ( 'NONE', #1366, #1561, #448 ) ;
#1503 = CARTESIAN_POINT ( 'NONE',  ( -9.455268294981648552E-15, 37.46697673420221264, 0.0000000000000000000 ) ) ;
#1504 = CIRCLE ( 'NONE', #1372, 1.499999999999999556 ) ;
#1505 = EDGE_CURVE ( 'NONE', #1387, #181, #1586, .T. ) ;
#1506 = DIRECTION ( 'NONE',  ( -0.0000000000000000000, -0.0000000000000000000, -1.000000000000000000 ) ) ;
#1507 = ORIENTED_EDGE ( 'NONE', *, *, #384, .T. ) ;
#1508 = ORIENTED_EDGE ( 'NONE', *, *, #989, .T. ) ;
#1509 = DIRECTION ( 'NONE',  ( 0.0000000000000000000, 0.0000000000000000000, 1.000000000000000000 ) ) ;
#1510 = ORIENTED_EDGE ( 'NONE', *, *, #541, .T. ) ;
#1511 = DIRECTION ( 'NONE',  ( -0.0000000000000000000, -0.0000000000000000000, -1.000000000000000000 ) ) ;
#1512 = DIRECTION ( 'NONE',  ( 1.000000000000000000, 0.0000000000000000000, 0.0000000000000000000 ) ) ;
#1513 = DIRECTION ( 'NONE',  ( -1.000000000000000000, 0.0000000000000000000, 0.0000000000000000000 ) ) ;
#1514 = EDGE_CURVE ( 'NONE', #1285, #1244, #1762, .T. ) ;
#1515 = CARTESIAN_POINT ( 'NONE',  ( 23.16207110931276603, -45.94509437511053562, 2.000000000000000000 ) ) ;
#1516 = LINE ( 'NONE', #597, #2159 ) ;
#1517 = CARTESIAN_POINT ( 'NONE',  ( -10.50000000000000711, 25.46697673420220553, 2.000000000000000000 ) ) ;
#1518 = CIRCLE ( 'NONE', #586, 8.000000000000001776 ) ;
#1519 = VERTEX_POINT ( 'NONE', #252 ) ;
#1520 = ORIENTED_EDGE ( 'NONE', *, *, #1376, .F. ) ;
#1521 = CARTESIAN_POINT ( 'NONE',  ( -12.74990455419142954, -9.963254167142267193, 0.0000000000000000000 ) ) ;
#1522 = EDGE_LOOP ( 'NONE', ( #151, #2114 ) ) ;
#1523 = ORIENTED_EDGE ( 'NONE', *, *, #1359, .F. ) ;
#1524 = CARTESIAN_POINT ( 'NONE',  ( -23.16207110931276603, 68.96697673420220553, 0.0000000000000000000 ) ) ;
#1525 = CARTESIAN_POINT ( 'NONE',  ( -4.749904554191427763, -9.963254167142265416, 2.000000000000000000 ) ) ;
#1526 = FACE_OUTER_BOUND ( 'NONE', #2262, .T. ) ;
#1527 = EDGE_LOOP ( 'NONE', ( #1201, #2167, #1699, #863 ) ) ;
#1528 = AXIS2_PLACEMENT_3D ( 'NONE', #1499, #1319, #1585 ) ;
#1529 = VECTOR ( 'NONE', #1479, 1000.000000000000000 ) ;
#1530 = VECTOR ( 'NONE', #218, 1000.000000000000000 ) ;
#1531 = EDGE_CURVE ( 'NONE', #304, #912, #188, .T. ) ;
#1532 = CARTESIAN_POINT ( 'NONE',  ( -24.75000000000000000, 18.46697673420220909, -1.734723475976807094E-15 ) ) ;
#1533 = FACE_BOUND ( 'NONE', #183, .T. ) ;
#1534 = DIRECTION ( 'NONE',  ( -1.000000000000000000, -0.0000000000000000000, -0.0000000000000000000 ) ) ;
#1535 = CIRCLE ( 'NONE', #1641, 1.499999999999999556 ) ;
#1536 = DIRECTION ( 'NONE',  ( 1.000000000000000000, 0.0000000000000000000, 0.0000000000000000000 ) ) ;
#1537 = VERTEX_POINT ( 'NONE', #983 ) ;
#1538 = MANIFOLD_SOLID_BREP ( '打孔尺寸开槽半沉头螺钉的类型1', #750 ) ;
#1539 = EDGE_CURVE ( 'NONE', #1813, #1704, #2120, .T. ) ;
#1540 = DIRECTION ( 'NONE',  ( 1.000000000000000000, 0.0000000000000000000, 0.0000000000000000000 ) ) ;
#1541 = VERTEX_POINT ( 'NONE', #429 ) ;
#1542 = CARTESIAN_POINT ( 'NONE',  ( -9.455268294981648552E-15, 37.46697673420221264, 2.000000000000000000 ) ) ;
#1543 = AXIS2_PLACEMENT_3D ( 'NONE', #262, #968, #798 ) ;
#1544 = DIRECTION ( 'NONE',  ( -0.0000000000000000000, -0.0000000000000000000, -1.000000000000000000 ) ) ;
#1545 = CARTESIAN_POINT ( 'NONE',  ( 12.74999999999999645, -35.53302326579778025, 2.000000000000000000 ) ) ;
#1546 = VECTOR ( 'NONE', #719, 1000.000000000000000 ) ;
#1547 = DIRECTION ( 'NONE',  ( 1.000000000000000000, 0.0000000000000000000, 0.0000000000000000000 ) ) ;
#1548 = AXIS2_PLACEMENT_3D ( 'NONE', #2032, #1837, #153 ) ;
#1549 = DIRECTION ( 'NONE',  ( 1.000000000000000000, 0.0000000000000000000, 0.0000000000000000000 ) ) ;
#1550 = DIRECTION ( 'NONE',  ( 1.000000000000000000, 0.0000000000000000000, 0.0000000000000000000 ) ) ;
#1551 = ORIENTED_EDGE ( 'NONE', *, *, #437, .F. ) ;
#1552 = PRODUCT_DEFINITION_SHAPE ( 'NONE', 'NONE',  #458 ) ;
#1553 = ORIENTED_EDGE ( 'NONE', *, *, #1601, .F. ) ;
#1554 = EDGE_LOOP ( 'NONE', ( #72, #512 ) ) ;
#1555 = ORIENTED_EDGE ( 'NONE', *, *, #2218, .T. ) ;
#1556 = FACE_OUTER_BOUND ( 'NONE', #2024, .T. ) ;
#1557 = VERTEX_POINT ( 'NONE', #990 ) ;
#1558 = DIRECTION ( 'NONE',  ( -0.0000000000000000000, -0.0000000000000000000, -1.000000000000000000 ) ) ;
#1559 = CARTESIAN_POINT ( 'NONE',  ( 12.74999999999999645, -35.53302326579778025, 2.000000000000000000 ) ) ;
#1560 = VECTOR ( 'NONE', #2142, 1000.000000000000000 ) ;
#1561 = DIRECTION ( 'NONE',  ( 0.0000000000000000000, 0.0000000000000000000, 1.000000000000000000 ) ) ;
#1562 = FACE_BOUND ( 'NONE', #1362, .T. ) ;
#1563 = FACE_BOUND ( 'NONE', #1791, .T. ) ;
#1564 = EDGE_CURVE ( 'NONE', #91, #190, #278, .T. ) ;
#1565 = CARTESIAN_POINT ( 'NONE',  ( -19.00000000000001066, 18.46697673420170105, 2.000000000000000000 ) ) ;
#1566 = ORIENTED_EDGE ( 'NONE', *, *, #1719, .F. ) ;
#1567 = CARTESIAN_POINT ( 'NONE',  ( 20.74999999999999645, -35.53302326579778025, 2.000000000000000000 ) ) ;
#1568 = ORIENTED_EDGE ( 'NONE', *, *, #2381, .F. ) ;
#1569 = EDGE_CURVE ( 'NONE', #867, #485, #780, .T. ) ;
#1570 = DIRECTION ( 'NONE',  ( -1.000000000000000000, 0.0000000000000000000, 0.0000000000000000000 ) ) ;
#1571 = CARTESIAN_POINT ( 'NONE',  ( 8.500000000000094147, 30.46697673420228369, 2.000000000000000000 ) ) ;
#1572 = DIRECTION ( 'NONE',  ( -0.0000000000000000000, -0.0000000000000000000, -1.000000000000000000 ) ) ;
#1573 = CALENDAR_DATE ( 2018, 16, 8 ) ;
#1574 = CARTESIAN_POINT ( 'NONE',  ( 5.500000000000090594, 30.46697673420228369, 2.000000000000000000 ) ) ;
#1575 = CYLINDRICAL_SURFACE ( 'NONE', #567, 1.499999999999994449 ) ;
#1576 = ADVANCED_FACE ( 'NONE', ( #2060 ), #311, .F. ) ;
#1577 = EDGE_CURVE ( 'NONE', #715, #1703, #1819, .T. ) ;
#1578 = EDGE_LOOP ( 'NONE', ( #2206, #1991 ) ) ;
#1579 = VECTOR ( 'NONE', #1941, 1000.000000000000000 ) ;
#1580 = CARTESIAN_POINT ( 'NONE',  ( -31.75000000000000000, -45.94509437511054273, 2.000000000000000000 ) ) ;
#1581 = VERTEX_POINT ( 'NONE', #464 ) ;
#1582 = DIRECTION ( 'NONE',  ( 1.000000000000000000, 0.0000000000000000000, 0.0000000000000000000 ) ) ;
#1583 = DIRECTION ( 'NONE',  ( -1.000000000000000000, 0.0000000000000000000, 0.0000000000000000000 ) ) ;
#1584 = ORIENTED_EDGE ( 'NONE', *, *, #1327, .F. ) ;
#1585 = DIRECTION ( 'NONE',  ( 1.000000000000000000, 0.0000000000000000000, 0.0000000000000000000 ) ) ;
#1586 = CIRCLE ( 'NONE', #502, 2.000000000000001776 ) ;
#1587 = DIRECTION ( 'NONE',  ( 0.0000000000000000000, 0.0000000000000000000, 1.000000000000000000 ) ) ;
#1588 = CYLINDRICAL_SURFACE ( 'NONE', #923, 1.499999999999997780 ) ;
#1589 = AXIS2_PLACEMENT_3D ( 'NONE', #2017, #1073, #1271 ) ;
#1590 = CARTESIAN_POINT ( 'NONE',  ( 7.000000000000093259, 30.46697673420228369, 0.0000000000000000000 ) ) ;
#1591 = CIRCLE ( 'NONE', #1006, 3.200000000000001510 ) ;
#1592 = DIRECTION ( 'NONE',  ( 0.0000000000000000000, 0.0000000000000000000, 1.000000000000000000 ) ) ;
#1593 = ADVANCED_FACE ( 'NONE', ( #2205 ), #443, .F. ) ;
#1594 = FACE_BOUND ( 'NONE', #574, .T. ) ;
#1595 = ORIENTED_EDGE ( 'NONE', *, *, #2290, .F. ) ;
#1596 = EDGE_CURVE ( 'NONE', #680, #69, #892, .T. ) ;
#1597 = ORIENTED_EDGE ( 'NONE', *, *, #2325, .T. ) ;
#1598 = DIRECTION ( 'NONE',  ( 1.000000000000000000, 0.0000000000000000000, 0.0000000000000000000 ) ) ;
#1599 = EDGE_LOOP ( 'NONE', ( #1145, #1876, #896, #2026 ) ) ;
#1600 = AXIS2_PLACEMENT_3D ( 'NONE', #963, #970, #992 ) ;
#1601 = EDGE_CURVE ( 'NONE', #291, #1490, #454, .T. ) ;
#1602 = CARTESIAN_POINT ( 'NONE',  ( -3.499999999999427125, 18.46697673420217001, 2.000000000000000000 ) ) ;
#1603 = ADVANCED_FACE ( 'NONE', ( #1526 ), #219, .F. ) ;
#1604 = VECTOR ( 'NONE', #476, 1000.000000000000000 ) ;
#1605 = AXIS2_PLACEMENT_3D ( 'NONE', #1637, #1087, #1246 ) ;
#1606 = EDGE_LOOP ( 'NONE', ( #1774, #1135 ) ) ;
#1607 = DIRECTION ( 'NONE',  ( 1.000000000000000000, 0.0000000000000000000, 0.0000000000000000000 ) ) ;
#1608 = DIRECTION ( 'NONE',  ( 0.0000000000000000000, 0.0000000000000000000, 1.000000000000000000 ) ) ;
#1609 = ORIENTED_EDGE ( 'NONE', *, *, #698, .T. ) ;
#1610 = ORIENTED_EDGE ( 'NONE', *, *, #2232, .F. ) ;
#1611 = EDGE_CURVE ( 'NONE', #754, #235, #1095, .T. ) ;
#1612 = EDGE_LOOP ( 'NONE', ( #66, #1462 ) ) ;
#1613 = ORIENTED_EDGE ( 'NONE', *, *, #1425, .T. ) ;
#1614 = CARTESIAN_POINT ( 'NONE',  ( 14.49999999999998934, 18.46697673420220909, 2.000000000000000000 ) ) ;
#1615 = DIRECTION ( 'NONE',  ( -1.000000000000000000, 0.0000000000000000000, 0.0000000000000000000 ) ) ;
#1616 = ADVANCED_FACE ( 'NONE', ( #1673 ), #1123, .F. ) ;
#1617 = EDGE_LOOP ( 'NONE', ( #2427, #1735 ) ) ;
#1618 = CIRCLE ( 'NONE', #1917, 1.499999999999994449 ) ;
#1619 = FACE_OUTER_BOUND ( 'NONE', #213, .T. ) ;
#1620 = EDGE_CURVE ( 'NONE', #69, #680, #2174, .T. ) ;
#1621 = FACE_BOUND ( 'NONE', #2226, .T. ) ;
#1622 = AXIS2_PLACEMENT_3D ( 'NONE', #933, #598, #1500 ) ;
#1623 = CARTESIAN_POINT ( 'NONE',  ( -1.999999999999428457, 18.46697673420217001, 2.000000000000000000 ) ) ;
#1624 = FACE_BOUND ( 'NONE', #387, .T. ) ;
#1625 = DIRECTION ( 'NONE',  ( 0.0000000000000000000, 0.0000000000000000000, 1.000000000000000000 ) ) ;
#1626 = LINE ( 'NONE', #686, #903 ) ;
#1627 = ORIENTED_EDGE ( 'NONE', *, *, #1986, .T. ) ;
#1628 = CARTESIAN_POINT ( 'NONE',  ( -31.75000000000000000, 60.37904784351497511, 2.000000000000000000 ) ) ;
#1629 = AXIS2_PLACEMENT_3D ( 'NONE', #1950, #826, #659 ) ;
#1630 = DIRECTION ( 'NONE',  ( 0.0000000000000000000, 0.0000000000000000000, 1.000000000000000000 ) ) ;
#1631 = ADVANCED_FACE ( 'NONE', ( #631 ), #159, .F. ) ;
#1632 = EDGE_CURVE ( 'NONE', #1541, #564, #1321, .T. ) ;
#1633 = CARTESIAN_POINT ( 'NONE',  ( -8.598015535578499360E-15, 30.46697673420220909, 2.000000000000000000 ) ) ;
#1634 = PERSON_AND_ORGANIZATION ( #51, #1367 ) ;
#1635 = DIRECTION ( 'NONE',  ( -0.0000000000000000000, -0.0000000000000000000, -1.000000000000000000 ) ) ;
#1636 = FACE_OUTER_BOUND ( 'NONE', #1527, .T. ) ;
#1637 = CARTESIAN_POINT ( 'NONE',  ( 10.50000000000033218, 11.46697673420221264, 0.0000000000000000000 ) ) ;
#1638 = ORIENTED_EDGE ( 'NONE', *, *, #2227, .F. ) ;
#1639 = ORIENTED_EDGE ( 'NONE', *, *, #1632, .T. ) ;
#1640 = DIRECTION ( 'NONE',  ( 0.0000000000000000000, 0.0000000000000000000, 1.000000000000000000 ) ) ;
#1641 = AXIS2_PLACEMENT_3D ( 'NONE', #854, #2342, #296 ) ;
#1642 = LINE ( 'NONE', #230, #1242 ) ;
#1643 = FACE_OUTER_BOUND ( 'NONE', #245, .T. ) ;
#1644 = LINE ( 'NONE', #2276, #166 ) ;
#1645 = DIRECTION ( 'NONE',  ( 1.000000000000000000, 0.0000000000000000000, 0.0000000000000000000 ) ) ;
#1646 = CARTESIAN_POINT ( 'NONE',  ( -12.74990455419142954, -9.963254167142267193, 0.0000000000000000000 ) ) ;
#1647 = CARTESIAN_POINT ( 'NONE',  ( -24.75000000000000000, 28.46697673420221264, -1.734723475976807094E-15 ) ) ;
#1648 = VECTOR ( 'NONE', #1511, 1000.000000000000000 ) ;
#1649 = DIRECTION ( 'NONE',  ( 0.0000000000000000000, 0.0000000000000000000, 1.000000000000000000 ) ) ;
#1650 = ORIENTED_EDGE ( 'NONE', *, *, #1804, .T. ) ;
#1651 = APPROVAL ( #422, '未指定' ) ;
#1652 = ORIENTED_EDGE ( 'NONE', *, *, #1111, .F. ) ;
#1653 = CARTESIAN_POINT ( 'NONE',  ( -4.749904554191427763, -9.963254167142265416, 0.0000000000000000000 ) ) ;
#1654 = ORIENTED_EDGE ( 'NONE', *, *, #711, .T. ) ;
#1655 = DIRECTION ( 'NONE',  ( -0.0000000000000000000, -0.0000000000000000000, -1.000000000000000000 ) ) ;
#1656 = ADVANCED_FACE ( 'NONE', ( #1147 ), #1295, .F. ) ;
#1657 = EDGE_CURVE ( 'NONE', #2266, #2128, #1935, .T. ) ;
#1658 = CARTESIAN_POINT ( 'NONE',  ( -14.50000000000000178, 18.46697673420220553, 0.0000000000000000000 ) ) ;
#1659 = DIRECTION ( 'NONE',  ( -0.7071067811865472397, 0.0000000000000000000, -0.7071067811865479058 ) ) ;
#1660 = FACE_OUTER_BOUND ( 'NONE', #511, .T. ) ;
#1661 = EDGE_LOOP ( 'NONE', ( #539, #921, #323, #141 ) ) ;
#1662 = DIRECTION ( 'NONE',  ( 1.000000000000000000, 0.0000000000000000000, 0.0000000000000000000 ) ) ;
#1663 = AXIS2_PLACEMENT_3D ( 'NONE', #1009, #829, #1937 ) ;
#1664 = ORIENTED_EDGE ( 'NONE', *, *, #1505, .F. ) ;
#1665 = ORIENTED_EDGE ( 'NONE', *, *, #797, .T. ) ;
#1666 = EDGE_LOOP ( 'NONE', ( #1448, #1243, #919, #840 ) ) ;
#1667 = AXIS2_PLACEMENT_3D ( 'NONE', #1233, #1989, #18 ) ;
#1668 = AXIS2_PLACEMENT_3D ( 'NONE', #949, #1706, #2234 ) ;
#1669 = VERTEX_POINT ( 'NONE', #1653 ) ;
#1670 = CARTESIAN_POINT ( 'NONE',  ( 5.000000000000190070, 18.46697673420209185, 2.000000000000000000 ) ) ;
#1671 = CARTESIAN_POINT ( 'NONE',  ( -24.75000000000000000, 18.46697673420220909, -1.734723475976807094E-15 ) ) ;
#1672 = EDGE_LOOP ( 'NONE', ( #861, #1964 ) ) ;
#1673 = FACE_OUTER_BOUND ( 'NONE', #627, .T. ) ;
#1674 = VERTEX_POINT ( 'NONE', #534 ) ;
#1675 = AXIS2_PLACEMENT_3D ( 'NONE', #2204, #700, #1079 ) ;
#1676 = CARTESIAN_POINT ( 'NONE',  ( 7.000000000000093259, 30.46697673420228369, 2.000000000000000000 ) ) ;
#1677 = ORIENTED_EDGE ( 'NONE', *, *, #1162, .T. ) ;
#1678 = CYLINDRICAL_SURFACE ( 'NONE', #214, 4.000000000000007994 ) ;
#1679 = FACE_BOUND ( 'NONE', #1002, .T. ) ;
#1680 = EDGE_CURVE ( 'NONE', #2296, #1750, #1873, .T. ) ;
#1681 = CARTESIAN_POINT ( 'NONE',  ( 23.16207110931276603, -45.94509437511053562, 0.0000000000000000000 ) ) ;
#1682 = DIRECTION ( 'NONE',  ( -0.0000000000000000000, -0.0000000000000000000, -1.000000000000000000 ) ) ;
#1683 = LINE ( 'NONE', #641, #1185 ) ;
#1684 = DIRECTION ( 'NONE',  ( -0.0000000000000000000, -0.0000000000000000000, -1.000000000000000000 ) ) ;
#1685 = DIRECTION ( 'NONE',  ( 1.000000000000000000, 0.0000000000000000000, 0.0000000000000000000 ) ) ;
#1686 = ORIENTED_EDGE ( 'NONE', *, *, #948, .F. ) ;
#1687 = EDGE_LOOP ( 'NONE', ( #713, #744 ) ) ;
#1688 = CARTESIAN_POINT ( 'NONE',  ( 12.00000000000000533, 25.46697673420220909, 2.000000000000000000 ) ) ;
#1689 = ORIENTED_EDGE ( 'NONE', *, *, #1680, .F. ) ;
#1690 = AXIS2_PLACEMENT_3D ( 'NONE', #913, #1256, #536 ) ;
#1691 = DIRECTION ( 'NONE',  ( -2.610467861434275626E-16, 1.000000000000000000, 0.0000000000000000000 ) ) ;
#1692 = CARTESIAN_POINT ( 'NONE',  ( -9.455268294981648552E-15, 37.46697673420221264, 0.0000000000000000000 ) ) ;
#1693 = CARTESIAN_POINT ( 'NONE',  ( -9.000000000000007105, 25.46697673420220553, 2.000000000000000000 ) ) ;
#1694 = DIRECTION ( 'NONE',  ( 0.0000000000000000000, 0.0000000000000000000, 1.000000000000000000 ) ) ;
#1695 = CYLINDRICAL_SURFACE ( 'NONE', #2082, 1.500000000000004885 ) ;
#1696 = EDGE_CURVE ( 'NONE', #1977, #2065, #1618, .T. ) ;
#1697 = DIRECTION ( 'NONE',  ( 1.000000000000000000, 0.0000000000000000000, 0.0000000000000000000 ) ) ;
#1698 = ORIENTED_EDGE ( 'NONE', *, *, #745, .T. ) ;
#1699 = ORIENTED_EDGE ( 'NONE', *, *, #1162, .F. ) ;
#1700 = LINE ( 'NONE', #171, #721 ) ;
#1701 = CARTESIAN_POINT ( 'NONE',  ( 12.00000000000033573, 11.46697673420221264, 2.000000000000000000 ) ) ;
#1702 = EDGE_CURVE ( 'NONE', #742, #304, #339, .T. ) ;
#1703 = VERTEX_POINT ( 'NONE', #2038 ) ;
#1704 = VERTEX_POINT ( 'NONE', #910 ) ;
#1705 = VECTOR ( 'NONE', #180, 1000.000000000000000 ) ;
#1706 = DIRECTION ( 'NONE',  ( -0.0000000000000000000, -0.0000000000000000000, -1.000000000000000000 ) ) ;
#1707 = DIRECTION ( 'NONE',  ( -0.0000000000000000000, -0.0000000000000000000, -1.000000000000000000 ) ) ;
#1708 = ORIENTED_EDGE ( 'NONE', *, *, #1018, .F. ) ;
#1709 = CONICAL_SURFACE ( 'NONE', #1668, 3.200000000000001510, 0.7853981633974479459 ) ;
#1710 = CIRCLE ( 'NONE', #1502, 8.000000000000001776 ) ;
#1711 = EDGE_CURVE ( 'NONE', #1048, #203, #1700, .T. ) ;
#1712 = LINE ( 'NONE', #1693, #1155 ) ;
#1713 = CARTESIAN_POINT ( 'NONE',  ( -16.00000000000002132, 18.46697673420170105, 0.0000000000000000000 ) ) ;
#1714 = ORIENTED_EDGE ( 'NONE', *, *, #1077, .F. ) ;
#1715 = AXIS2_PLACEMENT_3D ( 'NONE', #1836, #1281, #2019 ) ;
#1716 = DIRECTION ( 'NONE',  ( 0.0000000000000000000, 0.0000000000000000000, 1.000000000000000000 ) ) ;
#1717 = DIRECTION ( 'NONE',  ( 1.000000000000000000, 0.0000000000000000000, 0.0000000000000000000 ) ) ;
#1718 = CARTESIAN_POINT ( 'NONE',  ( 4.749999999999992006, -10.03302326579778914, 2.000000000000000000 ) ) ;
#1719 = EDGE_CURVE ( 'NONE', #1146, #2326, #603, .T. ) ;
#1720 = CARTESIAN_POINT ( 'NONE',  ( -23.16207110931276603, -54.53302326579778736, 2.000000000000000000 ) ) ;
#1721 = CIRCLE ( 'NONE', #157, 1.499999999999999556 ) ;
#1722 = DIRECTION ( 'NONE',  ( -1.000000000000000000, 0.0000000000000000000, 0.0000000000000000000 ) ) ;
#1723 = CIRCLE ( 'NONE', #29, 8.000000000000003553 ) ;
#1724 = EDGE_CURVE ( 'NONE', #91, #1843, #2237, .T. ) ;
#1725 = ORIENTED_EDGE ( 'NONE', *, *, #137, .T. ) ;
#1726 = DIRECTION ( 'NONE',  ( -0.0000000000000000000, -0.0000000000000000000, -1.000000000000000000 ) ) ;
#1727 = DIRECTION ( 'NONE',  ( -1.000000000000000000, 0.0000000000000000000, 0.0000000000000000000 ) ) ;
#1728 = ORIENTED_EDGE ( 'NONE', *, *, #1569, .T. ) ;
#1729 = ORIENTED_EDGE ( 'NONE', *, *, #74, .F. ) ;
#1730 = ORIENTED_EDGE ( 'NONE', *, *, #113, .F. ) ;
#1731 = CARTESIAN_POINT ( 'NONE',  ( 1.500000000000140332, 23.46697673420220553, 0.0000000000000000000 ) ) ;
#1732 = DIRECTION ( 'NONE',  ( 0.0000000000000000000, 0.0000000000000000000, 1.000000000000000000 ) ) ;
#1733 = ORIENTED_EDGE ( 'NONE', *, *, #251, .F. ) ;
#1734 = CARTESIAN_POINT ( 'NONE',  ( -8.598015535578499360E-15, 30.46697673420220909, 2.000000000000000000 ) ) ;
#1735 = ORIENTED_EDGE ( 'NONE', *, *, #2301, .T. ) ;
#1736 = AXIS2_PLACEMENT_3D ( 'NONE', #2405, #321, #1258 ) ;
#1737 = CYLINDRICAL_SURFACE ( 'NONE', #347, 8.587928890687233974 ) ;
#1738 = ORIENTED_EDGE ( 'NONE', *, *, #1831, .T. ) ;
#1739 = ORIENTED_EDGE ( 'NONE', *, *, #200, .T. ) ;
#1740 = LINE ( 'NONE', #19, #924 ) ;
#1741 = EDGE_CURVE ( 'NONE', #643, #1314, #809, .T. ) ;
#1742 = DIRECTION ( 'NONE',  ( 0.0000000000000000000, 0.0000000000000000000, 1.000000000000000000 ) ) ;
#1743 = VECTOR ( 'NONE', #2036, 1000.000000000000000 ) ;
#1744 = ORIENTED_EDGE ( 'NONE', *, *, #1611, .T. ) ;
#1745 = VECTOR ( 'NONE', #367, 1000.000000000000000 ) ;
#1746 = DIRECTION ( 'NONE',  ( -0.0000000000000000000, -0.0000000000000000000, -1.000000000000000000 ) ) ;
#1747 = VERTEX_POINT ( 'NONE', #2420 ) ;
#1748 = EDGE_CURVE ( 'NONE', #203, #1906, #998, .T. ) ;
#1749 = CARTESIAN_POINT ( 'NONE',  ( 26.75000000000000711, 28.46697673420221264, 2.000000000000000000 ) ) ;
#1750 = VERTEX_POINT ( 'NONE', #1330 ) ;
#1751 = CARTESIAN_POINT ( 'NONE',  ( -4.000000000000016875, 30.46697673420220909, 2.000000000000000000 ) ) ;
#1752 = AXIS2_PLACEMENT_3D ( 'NONE', #962, #2310, #807 ) ;
#1753 = CARTESIAN_POINT ( 'NONE',  ( 20.74999999999999645, -35.53302326579778025, 0.0000000000000000000 ) ) ;
#1754 = LOCAL_TIME ( 17, 25, 19.00000000000000000, #479 ) ;
#1755 = CARTESIAN_POINT ( 'NONE',  ( 27.95000000000000284, 18.46697673420220909, -1.734723475976807094E-15 ) ) ;
#1756 = AXIS2_PLACEMENT_3D ( 'NONE', #859, #2368, #873 ) ;
#1757 = CARTESIAN_POINT ( 'NONE',  ( -12.74990455419142954, -9.963254167142267193, 2.000000000000000000 ) ) ;
#1758 = VERTEX_POINT ( 'NONE', #1525 ) ;
#1759 = EDGE_CURVE ( 'NONE', #1747, #602, #96, .T. ) ;
#1760 = ORIENTED_EDGE ( 'NONE', *, *, #1214, .F. ) ;
#1761 = DIRECTION ( 'NONE',  ( 1.000000000000000000, 0.0000000000000000000, 0.0000000000000000000 ) ) ;
#1762 = LINE ( 'NONE', #1749, #2327 ) ;
#1763 = AXIS2_PLACEMENT_3D ( 'NONE', #1521, #762, #1140 ) ;
#1764 = CARTESIAN_POINT ( 'NONE',  ( 10.50000000000000000, 25.46697673420220909, 2.000000000000000000 ) ) ;
#1765 = EDGE_LOOP ( 'NONE', ( #1822, #2173, #185, #1071 ) ) ;
#1766 = LINE ( 'NONE', #385, #1036 ) ;
#1767 = DIRECTION ( 'NONE',  ( -0.0000000000000000000, -0.0000000000000000000, -1.000000000000000000 ) ) ;
#1768 = LINE ( 'NONE', #1891, #1530 ) ;
#1769 = FACE_OUTER_BOUND ( 'NONE', #1932, .T. ) ;
#1770 = AXIS2_PLACEMENT_3D ( 'NONE', #1104, #128, #140 ) ;
#1771 = CARTESIAN_POINT ( 'NONE',  ( 5.500000000000090594, 30.46697673420228369, 0.0000000000000000000 ) ) ;
#1772 = LINE ( 'NONE', #2228, #287 ) ;
#1773 = CARTESIAN_POINT ( 'NONE',  ( -8.499999999999912959, 30.46697673420217711, 2.000000000000000000 ) ) ;
#1774 = ORIENTED_EDGE ( 'NONE', *, *, #169, .T. ) ;
#1775 = ADVANCED_FACE ( 'NONE', ( #2389 ), #1176, .F. ) ;
#1776 = DIRECTION ( 'NONE',  ( -1.000000000000000000, 0.0000000000000000000, 0.0000000000000000000 ) ) ;
#1777 = CARTESIAN_POINT ( 'NONE',  ( -4.749904554191427763, -35.46325416714226719, 2.000000000000000000 ) ) ;
#1778 = CARTESIAN_POINT ( 'NONE',  ( 19.00000000000019895, 18.46697673420237251, 2.000000000000000000 ) ) ;
#1779 = PERSON_AND_ORGANIZATION ( #51, #1367 ) ;
#1780 = EDGE_CURVE ( 'NONE', #2021, #2112, #2143, .T. ) ;
#1781 = LINE ( 'NONE', #655, #2225 ) ;
#1782 = ORIENTED_EDGE ( 'NONE', *, *, #1348, .F. ) ;
#1783 = CARTESIAN_POINT ( 'NONE',  ( -31.75000000000000000, -45.94509437511054273, 2.000000000000000000 ) ) ;
#1784 = CARTESIAN_POINT ( 'NONE',  ( 23.16207110931276603, -54.53302326579778025, 2.000000000000000000 ) ) ;
#1785 = ORIENTED_EDGE ( 'NONE', *, *, #1045, .T. ) ;
#1786 = ADVANCED_FACE ( 'NONE', ( #1065 ), #1737, .T. ) ;
#1787 = VERTEX_POINT ( 'NONE', #2053 ) ;
#1788 = DIRECTION ( 'NONE',  ( -0.0000000000000000000, -0.0000000000000000000, -1.000000000000000000 ) ) ;
#1789 = EDGE_LOOP ( 'NONE', ( #71, #482 ) ) ;
#1790 = EDGE_CURVE ( 'NONE', #1581, #833, #1642, .T. ) ;
#1791 = EDGE_LOOP ( 'NONE', ( #369, #1555 ) ) ;
#1792 = VECTOR ( 'NONE', #402, 1000.000000000000000 ) ;
#1793 = EDGE_LOOP ( 'NONE', ( #1654, #666, #1553, #314 ) ) ;
#1794 = AXIS2_PLACEMENT_3D ( 'NONE', #2137, #1946, #1017 ) ;
#1795 = DIRECTION ( 'NONE',  ( -0.0000000000000000000, -0.0000000000000000000, -1.000000000000000000 ) ) ;
#1796 = CIRCLE ( 'NONE', #57, 2.000000000000001776 ) ;
#1797 = FACE_OUTER_BOUND ( 'NONE', #1357, .T. ) ;
#1798 = FACE_OUTER_BOUND ( 'NONE', #1190, .T. ) ;
#1799 = ADVANCED_FACE ( 'NONE', ( #1556 ), #1999, .F. ) ;
#1800 = ORIENTED_EDGE ( 'NONE', *, *, #242, .T. ) ;
#1801 = CARTESIAN_POINT ( 'NONE',  ( 24.75000000000000000, 18.46697673420220909, 2.000000000000000000 ) ) ;
#1802 = CARTESIAN_POINT ( 'NONE',  ( -16.00000000000002132, 18.46697673420170105, 2.000000000000000000 ) ) ;
#1803 = EDGE_LOOP ( 'NONE', ( #651, #2238 ) ) ;
#1804 = EDGE_CURVE ( 'NONE', #867, #1674, #2027, .T. ) ;
#1805 = CARTESIAN_POINT ( 'NONE',  ( -26.75000000000000355, 28.46697673420221264, 1.199999999999997291 ) ) ;
#1806 = DIRECTION ( 'NONE',  ( -0.0000000000000000000, -0.0000000000000000000, -1.000000000000000000 ) ) ;
#1807 = DIRECTION ( 'NONE',  ( -0.0000000000000000000, -0.0000000000000000000, -1.000000000000000000 ) ) ;
#1808 = DIRECTION ( 'NONE',  ( -0.0000000000000000000, -0.0000000000000000000, -1.000000000000000000 ) ) ;
#1809 = FACE_OUTER_BOUND ( 'NONE', #969, .T. ) ;
#1810 = CARTESIAN_POINT ( 'NONE',  ( -23.16207110931276603, -45.94509437511054273, 0.0000000000000000000 ) ) ;
#1811 = EDGE_LOOP ( 'NONE', ( #144, #2424 ) ) ;
#1812 = AXIS2_PLACEMENT_3D ( 'NONE', #1825, #2385, #338 ) ;
#1813 = VERTEX_POINT ( 'NONE', #195 ) ;
#1814 = DIRECTION ( 'NONE',  ( -1.000000000000000000, 0.0000000000000000000, 0.0000000000000000000 ) ) ;
#1815 = ORIENTED_EDGE ( 'NONE', *, *, #1450, .F. ) ;
#1816 = CARTESIAN_POINT ( 'NONE',  ( 1.380442006958332136E-13, 23.46697673420220553, 0.0000000000000000000 ) ) ;
#1817 = CARTESIAN_POINT ( 'NONE',  ( 8.999999999999996447, 25.46697673420220909, 2.000000000000000000 ) ) ;
#1818 = ORIENTED_EDGE ( 'NONE', *, *, #1203, .F. ) ;
#1819 = CIRCLE ( 'NONE', #852, 8.000000000000007105 ) ;
#1820 = DIRECTION ( 'NONE',  ( 0.0000000000000000000, 0.0000000000000000000, 1.000000000000000000 ) ) ;
#1821 = DIRECTION ( 'NONE',  ( 0.0000000000000000000, 0.0000000000000000000, 1.000000000000000000 ) ) ;
#1822 = ORIENTED_EDGE ( 'NONE', *, *, #1280, .F. ) ;
#1823 = FACE_OUTER_BOUND ( 'NONE', #1496, .T. ) ;
#1824 = EDGE_CURVE ( 'NONE', #893, #943, #654, .T. ) ;
#1825 = CARTESIAN_POINT ( 'NONE',  ( 7.000000000000093259, 30.46697673420228369, 2.000000000000000000 ) ) ;
#1826 = FACE_OUTER_BOUND ( 'NONE', #821, .T. ) ;
#1827 = CC_DESIGN_PERSON_AND_ORGANIZATION_ASSIGNMENT ( #272, #1042, ( #78 ) ) ;
#1828 = FACE_BOUND ( 'NONE', #1251, .T. ) ;
#1829 = DIRECTION ( 'NONE',  ( -1.000000000000000000, 0.0000000000000000000, 0.0000000000000000000 ) ) ;
#1830 = LINE ( 'NONE', #352, #434 ) ;
#1831 = EDGE_CURVE ( 'NONE', #1159, #2188, #254, .T. ) ;
#1832 = ORIENTED_EDGE ( 'NONE', *, *, #1860, .F. ) ;
#1833 = AXIS2_PLACEMENT_3D ( 'NONE', #175, #350, #1829 ) ;
#1834 = EDGE_CURVE ( 'NONE', #736, #946, #70, .T. ) ;
#1835 = CARTESIAN_POINT ( 'NONE',  ( 1.380442006958332136E-13, 23.46697673420220553, 0.0000000000000000000 ) ) ;
#1836 = CARTESIAN_POINT ( 'NONE',  ( -3.499999999999427125, 18.46697673420217001, 0.0000000000000000000 ) ) ;
#1837 = DIRECTION ( 'NONE',  ( -0.0000000000000000000, -0.0000000000000000000, -1.000000000000000000 ) ) ;
#1838 = AXIS2_PLACEMENT_3D ( 'NONE', #1948, #2337, #2133 ) ;
#1839 = FACE_OUTER_BOUND ( 'NONE', #1793, .T. ) ;
#1840 = EDGE_LOOP ( 'NONE', ( #398, #763, #1638, #1928 ) ) ;
#1841 = DIRECTION ( 'NONE',  ( -0.0000000000000000000, -0.0000000000000000000, -1.000000000000000000 ) ) ;
#1842 = EDGE_LOOP ( 'NONE', ( #2103, #450, #2329, #217 ) ) ;
#1843 = VERTEX_POINT ( 'NONE', #1862 ) ;
#1844 = AXIS2_PLACEMENT_3D ( 'NONE', #326, #2215, #1814 ) ;
#1845 = DIRECTION ( 'NONE',  ( -0.0000000000000000000, -0.0000000000000000000, -1.000000000000000000 ) ) ;
#1846 = EDGE_LOOP ( 'NONE', ( #449, #543 ) ) ;
#1847 = ORIENTED_EDGE ( 'NONE', *, *, #1111, .T. ) ;
#1848 = VECTOR ( 'NONE', #999, 1000.000000000000000 ) ;
#1849 = EDGE_LOOP ( 'NONE', ( #915, #1708 ) ) ;
#1850 = FACE_OUTER_BOUND ( 'NONE', #636, .T. ) ;
#1851 = FACE_BOUND ( 'NONE', #1789, .T. ) ;
#1852 = CIRCLE ( 'NONE', #1257, 2.000000000000005329 ) ;
#1853 = AXIS2_PLACEMENT_3D ( 'NONE', #882, #692, #1615 ) ;
#1854 = EDGE_LOOP ( 'NONE', ( #1062, #1109, #1003, #420 ) ) ;
#1855 = EDGE_CURVE ( 'NONE', #1887, #1333, #517, .T. ) ;
#1856 = DIRECTION ( 'NONE',  ( 1.000000000000000000, 0.0000000000000000000, 0.0000000000000000000 ) ) ;
#1857 = ORIENTED_EDGE ( 'NONE', *, *, #2377, .F. ) ;
#1858 = DIRECTION ( 'NONE',  ( 0.0000000000000000000, 0.0000000000000000000, 1.000000000000000000 ) ) ;
#1859 = DIRECTION ( 'NONE',  ( -0.0000000000000000000, -0.0000000000000000000, -1.000000000000000000 ) ) ;
#1860 = EDGE_CURVE ( 'NONE', #2075, #1265, #575, .T. ) ;
#1861 = CARTESIAN_POINT ( 'NONE',  ( 6.499999999999998224, 18.46697673420220909, 0.0000000000000000000 ) ) ;
#1862 = CARTESIAN_POINT ( 'NONE',  ( 16.00000000000018119, 18.46697673420237251, 0.0000000000000000000 ) ) ;
#1863 = PERSON_AND_ORGANIZATION ( #51, #1367 ) ;
#1864 = DIRECTION ( 'NONE',  ( -0.0000000000000000000, -0.0000000000000000000, -1.000000000000000000 ) ) ;
#1865 = AXIS2_PLACEMENT_3D ( 'NONE', #1692, #583, #1871 ) ;
#1866 = ORIENTED_EDGE ( 'NONE', *, *, #85, .F. ) ;
#1867 = DIRECTION ( 'NONE',  ( 1.000000000000000000, 0.0000000000000000000, 0.0000000000000000000 ) ) ;
#1868 = ORIENTED_EDGE ( 'NONE', *, *, #2118, .F. ) ;
#1869 = DIRECTION ( 'NONE',  ( 1.000000000000000000, 0.0000000000000000000, 0.0000000000000000000 ) ) ;
#1870 = DIRECTION ( 'NONE',  ( -1.000000000000000000, -2.610467861434275626E-16, 0.0000000000000000000 ) ) ;
#1871 = DIRECTION ( 'NONE',  ( 1.000000000000000000, 0.0000000000000000000, 0.0000000000000000000 ) ) ;
#1872 = ORIENTED_EDGE ( 'NONE', *, *, #1913, .T. ) ;
#1873 = CIRCLE ( 'NONE', #1715, 1.499999999999998668 ) ;
#1874 = AXIS2_PLACEMENT_3D ( 'NONE', #1810, #1625, #2375 ) ;
#1875 = CARTESIAN_POINT ( 'NONE',  ( 12.49999999999999112, 50.46697673420221264, 2.000000000000000000 ) ) ;
#1876 = ORIENTED_EDGE ( 'NONE', *, *, #437, .T. ) ;
#1877 = CIRCLE ( 'NONE', #878, 3.200000000000001510 ) ;
#1878 = FACE_BOUND ( 'NONE', #1438, .T. ) ;
#1879 = EDGE_CURVE ( 'NONE', #1557, #1168, #2066, .T. ) ;
#1880 = DIRECTION ( 'NONE',  ( -1.000000000000000000, 0.0000000000000000000, 0.0000000000000000000 ) ) ;
#1881 = ORIENTED_EDGE ( 'NONE', *, *, #1961, .T. ) ;
#1882 = DIRECTION ( 'NONE',  ( 1.000000000000000000, 0.0000000000000000000, 0.0000000000000000000 ) ) ;
#1883 = CIRCLE ( 'NONE', #396, 1.500000000000001332 ) ;
#1884 = DIRECTION ( 'NONE',  ( 2.610467861434275626E-16, -1.000000000000000000, 0.0000000000000000000 ) ) ;
#1885 = AXIS2_PLACEMENT_3D ( 'NONE', #818, #1001, #2099 ) ;
#1886 = CYLINDRICAL_SURFACE ( 'NONE', #1812, 1.500000000000002220 ) ;
#1887 = VERTEX_POINT ( 'NONE', #2252 ) ;
#1888 = EDGE_LOOP ( 'NONE', ( #1475, #1296, #510, #860 ) ) ;
#1889 = CARTESIAN_POINT ( 'NONE',  ( -27.95000000000000284, 18.46697673420220909, -1.734723475976807094E-15 ) ) ;
#1890 = ORIENTED_EDGE ( 'NONE', *, *, #1480, .T. ) ;
#1891 = CARTESIAN_POINT ( 'NONE',  ( 1.500000000000140332, 23.46697673420220553, 2.000000000000000000 ) ) ;
#1892 = AXIS2_PLACEMENT_3D ( 'NONE', #1875, #1283, #1291 ) ;
#1893 = DIRECTION ( 'NONE',  ( -0.0000000000000000000, -0.0000000000000000000, -1.000000000000000000 ) ) ;
#1894 = CARTESIAN_POINT ( 'NONE',  ( -10.50000000000000711, 25.46697673420220553, 2.000000000000000000 ) ) ;
#1895 = DIRECTION ( 'NONE',  ( 0.0000000000000000000, 0.0000000000000000000, 1.000000000000000000 ) ) ;
#1896 = COORDINATED_UNIVERSAL_TIME_OFFSET ( 8, 0, .AHEAD. ) ;
#1897 = FACE_OUTER_BOUND ( 'NONE', #507, .T. ) ;
#1898 = CARTESIAN_POINT ( 'NONE',  ( 12.74999999999999645, -10.03302326579778914, 2.000000000000000000 ) ) ;
#1899 = ORIENTED_EDGE ( 'NONE', *, *, #2213, .F. ) ;
#1900 = DIRECTION ( 'NONE',  ( 0.0000000000000000000, 0.0000000000000000000, 1.000000000000000000 ) ) ;
#1901 = ORIENTED_EDGE ( 'NONE', *, *, #1657, .F. ) ;
#1902 = PRODUCT_RELATED_PRODUCT_CATEGORY ( 'detail', '', ( #480 ) ) ;
#1903 = ORIENTED_EDGE ( 'NONE', *, *, #1564, .F. ) ;
#1904 = DIRECTION ( 'NONE',  ( 0.0000000000000000000, 0.0000000000000000000, 1.000000000000000000 ) ) ;
#1905 = EDGE_CURVE ( 'NONE', #468, #632, #1501, .T. ) ;
#1906 = VERTEX_POINT ( 'NONE', #950 ) ;
#1907 = FACE_OUTER_BOUND ( 'NONE', #1929, .T. ) ;
#1908 = CARTESIAN_POINT ( 'NONE',  ( 12.74999999999999645, -10.03302326579778914, 0.0000000000000000000 ) ) ;
#1909 = DIRECTION ( 'NONE',  ( -1.000000000000000000, 0.0000000000000000000, 0.0000000000000000000 ) ) ;
#1910 = LINE ( 'NONE', #2406, #1152 ) ;
#1911 = DIRECTION ( 'NONE',  ( 0.0000000000000000000, 0.0000000000000000000, 1.000000000000000000 ) ) ;
#1912 = FACE_OUTER_BOUND ( 'NONE', #973, .T. ) ;
#1913 = EDGE_CURVE ( 'NONE', #1314, #1887, #134, .T. ) ;
#1914 = EDGE_LOOP ( 'NONE', ( #1714, #942, #1105, #1374 ) ) ;
#1915 = CARTESIAN_POINT ( 'NONE',  ( 8.500000000000095923, 30.46697673420228369, 0.0000000000000000000 ) ) ;
#1916 = ORIENTED_EDGE ( 'NONE', *, *, #571, .F. ) ;
#1917 = AXIS2_PLACEMENT_3D ( 'NONE', #2224, #733, #2029 ) ;
#1918 = CARTESIAN_POINT ( 'NONE',  ( -10.50000000000000711, 25.46697673420220553, 2.000000000000000000 ) ) ;
#1919 = ORIENTED_EDGE ( 'NONE', *, *, #2078, .F. ) ;
#1920 = CARTESIAN_POINT ( 'NONE',  ( -12.50000000000001066, 50.46697673420221264, 2.000000000000000000 ) ) ;
#1921 = DIRECTION ( 'NONE',  ( -0.0000000000000000000, -0.0000000000000000000, -1.000000000000000000 ) ) ;
#1922 = DIRECTION ( 'NONE',  ( 0.0000000000000000000, 0.0000000000000000000, 1.000000000000000000 ) ) ;
#1923 = DIRECTION ( 'NONE',  ( -1.000000000000000000, 0.0000000000000000000, 0.0000000000000000000 ) ) ;
#1924 = CYLINDRICAL_SURFACE ( 'NONE', #442, 1.500000000000003109 ) ;
#1925 = AXIS2_PLACEMENT_3D ( 'NONE', #1388, #1371, #1939 ) ;
#1926 = EDGE_CURVE ( 'NONE', #1750, #2296, #52, .T. ) ;
#1927 = DIRECTION ( 'NONE',  ( -1.000000000000000000, 0.0000000000000000000, 0.0000000000000000000 ) ) ;
#1928 = ORIENTED_EDGE ( 'NONE', *, *, #53, .F. ) ;
#1929 = EDGE_LOOP ( 'NONE', ( #1035, #1379, #884, #276 ) ) ;
#1930 = VERTEX_POINT ( 'NONE', #802 ) ;
#1931 = DIRECTION ( 'NONE',  ( 1.000000000000000000, 0.0000000000000000000, 0.0000000000000000000 ) ) ;
#1932 = EDGE_LOOP ( 'NONE', ( #1025, #2054, #2030, #2084 ) ) ;
#1933 = VERTEX_POINT ( 'NONE', #423 ) ;
#1934 = ORIENTED_EDGE ( 'NONE', *, *, #2186, .F. ) ;
#1935 = CIRCLE ( 'NONE', #1413, 1.499999999999997780 ) ;
#1936 = LINE ( 'NONE', #1148, #2003 ) ;
#1937 = DIRECTION ( 'NONE',  ( 0.0000000000000000000, -0.0000000000000000000, -1.000000000000000000 ) ) ;
#1938 = AXIS2_PLACEMENT_3D ( 'NONE', #2025, #726, #165 ) ;
#1939 = DIRECTION ( 'NONE',  ( 1.000000000000000000, 0.0000000000000000000, 0.0000000000000000000 ) ) ;
#1940 = FACE_BOUND ( 'NONE', #2291, .T. ) ;
#1941 = DIRECTION ( 'NONE',  ( -0.0000000000000000000, -0.0000000000000000000, -1.000000000000000000 ) ) ;
#1942 = CIRCLE ( 'NONE', #855, 1.499999999999997780 ) ;
#1943 = CYLINDRICAL_SURFACE ( 'NONE', #1548, 8.587928890687233974 ) ;
#1944 = ORIENTED_EDGE ( 'NONE', *, *, #1260, .F. ) ;
#1945 = EDGE_CURVE ( 'NONE', #1959, #156, #2090, .T. ) ;
#1946 = DIRECTION ( 'NONE',  ( -0.0000000000000000000, -0.0000000000000000000, -1.000000000000000000 ) ) ;
#1947 = ORIENTED_EDGE ( 'NONE', *, *, #161, .F. ) ;
#1948 = CARTESIAN_POINT ( 'NONE',  ( -6.999999999999912959, 30.46697673420217711, 0.0000000000000000000 ) ) ;
#1949 = CC_DESIGN_PERSON_AND_ORGANIZATION_ASSIGNMENT ( #354, #1029, ( #616 ) ) ;
#1950 = CARTESIAN_POINT ( 'NONE',  ( 24.75000000000000000, 28.46697673420221264, 2.000000000000000000 ) ) ;
#1951 = EDGE_CURVE ( 'NONE', #1204, #1704, #849, .T. ) ;
#1952 = CARTESIAN_POINT ( 'NONE',  ( 23.16207110931274471, 60.37904784351498222, 0.0000000000000000000 ) ) ;
#1953 = FACE_OUTER_BOUND ( 'NONE', #1994, .T. ) ;
#1954 = CARTESIAN_POINT ( 'NONE',  ( -12.00000000000000711, 25.46697673420220553, 2.000000000000000000 ) ) ;
#1955 = CARTESIAN_POINT ( 'NONE',  ( 31.75000000000000000, -45.94509437511053562, 2.000000000000000000 ) ) ;
#1956 = ADVANCED_FACE ( 'NONE', ( #1636 ), #639, .F. ) ;
#1957 = CYLINDRICAL_SURFACE ( 'NONE', #953, 8.000000000000001776 ) ;
#1958 = DATE_TIME_ROLE ( 'classification_date' ) ;
#1959 = VERTEX_POINT ( 'NONE', #77 ) ;
#1960 = ORIENTED_EDGE ( 'NONE', *, *, #2108, .F. ) ;
#1961 = EDGE_CURVE ( 'NONE', #1255, #2334, #60, .T. ) ;
#1962 = VERTEX_POINT ( 'NONE', #433 ) ;
#1963 = VERTEX_POINT ( 'NONE', #612 ) ;
#1964 = ORIENTED_EDGE ( 'NONE', *, *, #228, .F. ) ;
#1965 = AXIS2_PLACEMENT_3D ( 'NONE', #1764, #1389, #2365 ) ;
#1966 = DIRECTION ( 'NONE',  ( 1.000000000000000000, 0.0000000000000000000, 0.0000000000000000000 ) ) ;
#1967 = CARTESIAN_POINT ( 'NONE',  ( -10.49999999999948841, 11.46697673420161223, 2.000000000000000000 ) ) ;
#1968 = ORIENTED_EDGE ( 'NONE', *, *, #409, .F. ) ;
#1969 = APPLICATION_CONTEXT ( 'configuration controlled 3d designs of mechanical parts and assemblies' ) ;
#1970 = CYLINDRICAL_SURFACE ( 'NONE', #760, 1.500000000000001332 ) ;
#1971 = CARTESIAN_POINT ( 'NONE',  ( 12.74999999999999645, -10.03302326579778914, 2.000000000000000000 ) ) ;
#1972 = VECTOR ( 'NONE', #2336, 999.9999999999998863 ) ;
#1973 = ADVANCED_FACE ( 'NONE', ( #1458 ), #2195, .F. ) ;
#1974 = FACE_OUTER_BOUND ( 'NONE', #349, .T. ) ;
#1975 = AXIS2_PLACEMENT_3D ( 'NONE', #1110, #2253, #2261 ) ;
#1976 = DIRECTION ( 'NONE',  ( 0.0000000000000000000, 0.0000000000000000000, 1.000000000000000000 ) ) ;
#1977 = VERTEX_POINT ( 'NONE', #1713 ) ;
#1978 = APPROVAL_STATUS ( 'not_yet_approved' ) ;
#1979 = EDGE_CURVE ( 'NONE', #643, #2153, #1164, .T. ) ;
#1980 = ORIENTED_EDGE ( 'NONE', *, *, #1748, .F. ) ;
#1981 = DIRECTION ( 'NONE',  ( 1.000000000000000000, 0.0000000000000000000, 0.0000000000000000000 ) ) ;
#1982 = EDGE_LOOP ( 'NONE', ( #1510, #1995, #1866, #2101 ) ) ;
#1983 = ADVANCED_FACE ( 'NONE', ( #1897 ), #355, .F. ) ;
#1984 = AXIS2_PLACEMENT_3D ( 'NONE', #1144, #1870, #1884 ) ;
#1985 = CARTESIAN_POINT ( 'NONE',  ( 4.499999999999984901, 50.46697673420221264, 2.000000000000000000 ) ) ;
#1986 = EDGE_CURVE ( 'NONE', #2116, #1146, #1987, .T. ) ;
#1987 = LINE ( 'NONE', #1184, #799 ) ;
#1988 = DIRECTION ( 'NONE',  ( -0.0000000000000000000, -0.0000000000000000000, -1.000000000000000000 ) ) ;
#1989 = DIRECTION ( 'NONE',  ( 0.0000000000000000000, 0.0000000000000000000, 1.000000000000000000 ) ) ;
#1990 = CARTESIAN_POINT ( 'NONE',  ( 12.74999999999999645, -35.53302326579778025, 2.000000000000000000 ) ) ;
#1991 = ORIENTED_EDGE ( 'NONE', *, *, #766, .T. ) ;
#1992 = ORIENTED_EDGE ( 'NONE', *, *, #21, .T. ) ;
#1993 = DIRECTION ( 'NONE',  ( 0.0000000000000000000, 0.0000000000000000000, 1.000000000000000000 ) ) ;
#1994 = EDGE_LOOP ( 'NONE', ( #40, #1028, #456, #2052 ) ) ;
#1995 = ORIENTED_EDGE ( 'NONE', *, *, #329, .T. ) ;
#1996 = EDGE_CURVE ( 'NONE', #190, #91, #301, .T. ) ;
#1997 = ORIENTED_EDGE ( 'NONE', *, *, #558, .T. ) ;
#1998 = DIRECTION ( 'NONE',  ( -1.000000000000000000, 0.0000000000000000000, 0.0000000000000000000 ) ) ;
#1999 = CYLINDRICAL_SURFACE ( 'NONE', #1622, 2.000000000000001776 ) ;
#2000 = ORIENTED_EDGE ( 'NONE', *, *, #1748, .T. ) ;
#2001 = AXIS2_PLACEMENT_3D ( 'NONE', #770, #825, #1909 ) ;
#2002 = DIRECTION ( 'NONE',  ( -0.0000000000000000000, -0.0000000000000000000, -1.000000000000000000 ) ) ;
#2003 = VECTOR ( 'NONE', #2249, 1000.000000000000000 ) ;
#2004 = CARTESIAN_POINT ( 'NONE',  ( 12.49999999999999112, 50.46697673420221264, 0.0000000000000000000 ) ) ;
#2005 = ORIENTED_EDGE ( 'NONE', *, *, #1456, .F. ) ;
#2006 = FACE_OUTER_BOUND ( 'NONE', #1175, .T. ) ;
#2007 = CIRCLE ( 'NONE', #735, 4.000000000000007994 ) ;
#2008 = CARTESIAN_POINT ( 'NONE',  ( 20.74999999999999645, -10.03302326579778736, 2.000000000000000000 ) ) ;
#2009 = ORIENTED_EDGE ( 'NONE', *, *, #324, .F. ) ;
#2010 = CARTESIAN_POINT ( 'NONE',  ( 10.49999999999999289, 18.46697673420220909, 2.000000000000000000 ) ) ;
#2011 = ORIENTED_EDGE ( 'NONE', *, *, #875, .T. ) ;
#2012 = AXIS2_PLACEMENT_3D ( 'NONE', #1401, #299, #1038 ) ;
#2013 = EDGE_CURVE ( 'NONE', #1963, #1674, #1341, .T. ) ;
#2014 = CARTESIAN_POINT ( 'NONE',  ( -24.75000000000000000, 18.46697673420220909, 2.000000000000000000 ) ) ;
#2015 = DIRECTION ( 'NONE',  ( -1.000000000000000000, 0.0000000000000000000, 0.0000000000000000000 ) ) ;
#2016 = AXIS2_PLACEMENT_3D ( 'NONE', #2074, #2278, #2258 ) ;
#2017 = CARTESIAN_POINT ( 'NONE',  ( -24.75000000000000000, 28.46697673420221264, 1.199999999999997291 ) ) ;
#2018 = LOCAL_TIME ( 17, 25, 19.00000000000000000, #740 ) ;
#2019 = DIRECTION ( 'NONE',  ( 1.000000000000000000, 0.0000000000000000000, 0.0000000000000000000 ) ) ;
#2020 = LINE ( 'NONE', #1777, #1604 ) ;
#2021 = VERTEX_POINT ( 'NONE', #1784 ) ;
#2022 = EDGE_CURVE ( 'NONE', #2326, #1146, #1141, .T. ) ;
#2023 = VERTEX_POINT ( 'NONE', #1026 ) ;
#2024 = EDGE_LOOP ( 'NONE', ( #1760, #378, #1997, #565 ) ) ;
#2025 = CARTESIAN_POINT ( 'NONE',  ( -10.50000000000000711, 25.46697673420220553, 2.000000000000000000 ) ) ;
#2026 = ORIENTED_EDGE ( 'NONE', *, *, #2218, .F. ) ;
#2027 = LINE ( 'NONE', #381, #129 ) ;
#2028 = CARTESIAN_POINT ( 'NONE',  ( 6.499999999999998224, 18.46697673420220909, 2.000000000000000000 ) ) ;
#2029 = DIRECTION ( 'NONE',  ( 1.000000000000000000, 0.0000000000000000000, 0.0000000000000000000 ) ) ;
#2030 = ORIENTED_EDGE ( 'NONE', *, *, #1268, .T. ) ;
#2031 = CYLINDRICAL_SURFACE ( 'NONE', #1076, 2.000000000000001776 ) ;
#2032 = CARTESIAN_POINT ( 'NONE',  ( 23.16207110931274471, 60.37904784351498222, 2.000000000000000000 ) ) ;
#2033 = CONICAL_SURFACE ( 'NONE', #573, 3.200000000000001510, 0.7853981633974479459 ) ;
#2034 = ORIENTED_EDGE ( 'NONE', *, *, #917, .T. ) ;
#2035 = FACE_BOUND ( 'NONE', #1464, .T. ) ;
#2036 = DIRECTION ( 'NONE',  ( -0.0000000000000000000, -0.0000000000000000000, -1.000000000000000000 ) ) ;
#2037 = CIRCLE ( 'NONE', #273, 1.499999999999998668 ) ;
#2038 = CARTESIAN_POINT ( 'NONE',  ( 20.49999999999999645, 50.46697673420221264, 2.000000000000000000 ) ) ;
#2039 = ORIENTED_EDGE ( 'NONE', *, *, #1824, .T. ) ;
#2040 = CARTESIAN_POINT ( 'NONE',  ( 17.50000000000018829, 18.46697673420237251, 0.0000000000000000000 ) ) ;
#2041 = AXIS2_PLACEMENT_3D ( 'NONE', #59, #1211, #1005 ) ;
#2042 = VERTEX_POINT ( 'NONE', #1415 ) ;
#2043 = EDGE_CURVE ( 'NONE', #2023, #1265, #856, .T. ) ;
#2044 = CARTESIAN_POINT ( 'NONE',  ( -22.75000000000000000, 28.46697673420221264, 1.199999999999997291 ) ) ;
#2045 = DIRECTION ( 'NONE',  ( -0.0000000000000000000, -0.0000000000000000000, -1.000000000000000000 ) ) ;
#2046 = CARTESIAN_POINT ( 'NONE',  ( 4.749999999999992006, -10.03302326579778914, 0.0000000000000000000 ) ) ;
#2047 = AXIS2_PLACEMENT_3D ( 'NONE', #234, #2324, #1570 ) ;
#2048 = CYLINDRICAL_SURFACE ( 'NONE', #239, 8.000000000000003553 ) ;
#2049 = AXIS2_PLACEMENT_3D ( 'NONE', #2200, #1266, #1108 ) ;
#2050 = DIRECTION ( 'NONE',  ( -0.0000000000000000000, -0.0000000000000000000, -1.000000000000000000 ) ) ;
#2051 = DIRECTION ( 'NONE',  ( -0.0000000000000000000, -0.0000000000000000000, -1.000000000000000000 ) ) ;
#2052 = ORIENTED_EDGE ( 'NONE', *, *, #362, .F. ) ;
#2053 = CARTESIAN_POINT ( 'NONE',  ( 12.00000000000000533, 25.46697673420220909, 2.000000000000000000 ) ) ;
#2054 = ORIENTED_EDGE ( 'NONE', *, *, #571, .T. ) ;
#2055 = DIRECTION ( 'NONE',  ( -0.0000000000000000000, -0.0000000000000000000, -1.000000000000000000 ) ) ;
#2056 = ORIENTED_EDGE ( 'NONE', *, *, #828, .F. ) ;
#2057 = ORIENTED_EDGE ( 'NONE', *, *, #2061, .F. ) ;
#2058 = ORIENTED_EDGE ( 'NONE', *, *, #2095, .T. ) ;
#2059 = AXIS2_PLACEMENT_3D ( 'NONE', #475, #489, #1582 ) ;
#2060 = FACE_OUTER_BOUND ( 'NONE', #1343, .T. ) ;
#2061 = EDGE_CURVE ( 'NONE', #1385, #1064, #2109, .T. ) ;
#2062 = EDGE_LOOP ( 'NONE', ( #1613, #2275, #515, #1188 ) ) ;
#2063 = CIRCLE ( 'NONE', #1925, 8.000000000000001776 ) ;
#2064 = CARTESIAN_POINT ( 'NONE',  ( -10.50000000000000711, 25.46697673420220553, 0.0000000000000000000 ) ) ;
#2065 = VERTEX_POINT ( 'NONE', #648 ) ;
#2066 = CIRCLE ( 'NONE', #2171, 1.499999999999997780 ) ;
#2067 = ORIENTED_EDGE ( 'NONE', *, *, #1996, .F. ) ;
#2068 = CARTESIAN_POINT ( 'NONE',  ( -26.75000000000000355, 18.46697673420220909, 2.000000000000000000 ) ) ;
#2069 = CIRCLE ( 'NONE', #2041, 3.999999999999994227 ) ;
#2070 = DESIGN_CONTEXT ( 'detailed design', #1969, 'design' ) ;
#2071 = CARTESIAN_POINT ( 'NONE',  ( -10.49999999999948841, 11.46697673420161223, 2.000000000000000000 ) ) ;
#2072 = ORIENTED_EDGE ( 'NONE', *, *, #956, .T. ) ;
#2073 = CARTESIAN_POINT ( 'NONE',  ( -10.50000000000000711, 18.46697673420220553, 0.0000000000000000000 ) ) ;
#2074 = CARTESIAN_POINT ( 'NONE',  ( 10.49999999999999289, 18.46697673420220909, 2.000000000000000000 ) ) ;
#2075 = VERTEX_POINT ( 'NONE', #2162 ) ;
#2076 = CARTESIAN_POINT ( 'NONE',  ( -6.999999999999912959, 30.46697673420217711, 2.000000000000000000 ) ) ;
#2077 = CARTESIAN_POINT ( 'NONE',  ( -20.74990455419143132, -9.963254167142267193, 2.000000000000000000 ) ) ;
#2078 = EDGE_CURVE ( 'NONE', #2128, #2266, #991, .T. ) ;
#2079 = DIRECTION ( 'NONE',  ( 0.0000000000000000000, 0.0000000000000000000, 1.000000000000000000 ) ) ;
#2080 = DIRECTION ( 'NONE',  ( 1.000000000000000000, 0.0000000000000000000, 0.0000000000000000000 ) ) ;
#2081 = LINE ( 'NONE', #1817, #1393 ) ;
#2082 = AXIS2_PLACEMENT_3D ( 'NONE', #158, #895, #2172 ) ;
#2083 = ORIENTED_EDGE ( 'NONE', *, *, #2419, .F. ) ;
#2084 = ORIENTED_EDGE ( 'NONE', *, *, #2425, .F. ) ;
#2085 = CARTESIAN_POINT ( 'NONE',  ( 24.75000000000000000, 28.46697673420221264, -1.734723475976807094E-15 ) ) ;
#2086 = EDGE_CURVE ( 'NONE', #1349, #1813, #2020, .T. ) ;
#2087 = ORIENTED_EDGE ( 'NONE', *, *, #1711, .T. ) ;
#2088 = DIRECTION ( 'NONE',  ( -1.000000000000000000, 0.0000000000000000000, 0.0000000000000000000 ) ) ;
#2089 = CARTESIAN_POINT ( 'NONE',  ( 17.50000000000018829, 18.46697673420237251, 2.000000000000000000 ) ) ;
#2090 = CIRCLE ( 'NONE', #173, 1.500000000000001332 ) ;
#2091 = AXIS2_PLACEMENT_3D ( 'NONE', #1517, #1746, #1923 ) ;
#2092 = FACE_OUTER_BOUND ( 'NONE', #1982, .T. ) ;
#2093 = AXIS2_PLACEMENT_3D ( 'NONE', #2010, #497, #2160 ) ;
#2094 = LINE ( 'NONE', #595, #1353 ) ;
#2095 = EDGE_CURVE ( 'NONE', #1118, #1385, #1781, .T. ) ;
#2096 = CARTESIAN_POINT ( 'NONE',  ( 24.75000000000000000, 28.46697673420221264, 1.199999999999994182 ) ) ;
#2097 = FACE_BOUND ( 'NONE', #1672, .T. ) ;
#2098 = PERSON_AND_ORGANIZATION_ROLE ( 'design_owner' ) ;
#2099 = DIRECTION ( 'NONE',  ( 1.000000000000000000, 0.0000000000000000000, 0.0000000000000000000 ) ) ;
#2100 = AXIS2_PLACEMENT_3D ( 'NONE', #2302, #635, #2104 ) ;
#2101 = ORIENTED_EDGE ( 'NONE', *, *, #2245, .F. ) ;
#2102 = CARTESIAN_POINT ( 'NONE',  ( 12.74999999999999645, -35.53302326579778025, 2.000000000000000000 ) ) ;
#2103 = ORIENTED_EDGE ( 'NONE', *, *, #1034, .T. ) ;
#2104 = DIRECTION ( 'NONE',  ( 1.000000000000000000, 0.0000000000000000000, 0.0000000000000000000 ) ) ;
#2105 = ORIENTED_EDGE ( 'NONE', *, *, #2250, .F. ) ;
#2106 = AXIS2_PLACEMENT_3D ( 'NONE', #1160, #425, #266 ) ;
#2107 = DIRECTION ( 'NONE',  ( 0.0000000000000000000, 0.0000000000000000000, 1.000000000000000000 ) ) ;
#2108 = EDGE_CURVE ( 'NONE', #1232, #1787, #712, .T. ) ;
#2109 = CIRCLE ( 'NONE', #298, 1.499999999999999556 ) ;
#2110 = DIRECTION ( 'NONE',  ( -0.0000000000000000000, -0.0000000000000000000, -1.000000000000000000 ) ) ;
#2111 = ORIENTED_EDGE ( 'NONE', *, *, #1069, .T. ) ;
#2112 = VERTEX_POINT ( 'NONE', #1955 ) ;
#2113 = DIRECTION ( 'NONE',  ( -0.0000000000000000000, -0.0000000000000000000, -1.000000000000000000 ) ) ;
#2114 = ORIENTED_EDGE ( 'NONE', *, *, #2408, .F. ) ;
#2115 = ORIENTED_EDGE ( 'NONE', *, *, #541, .F. ) ;
#2116 = VERTEX_POINT ( 'NONE', #1041 ) ;
#2117 = CARTESIAN_POINT ( 'NONE',  ( -24.75000000000000000, 18.46697673420220909, 1.199999999999997291 ) ) ;
#2118 = EDGE_CURVE ( 'NONE', #1292, #1490, #1284, .T. ) ;
#2119 = ORIENTED_EDGE ( 'NONE', *, *, #64, .F. ) ;
#2120 = CIRCLE ( 'NONE', #552, 8.000000000000001776 ) ;
#2121 = CIRCLE ( 'NONE', #1113, 8.000000000000001776 ) ;
#2122 = FACE_BOUND ( 'NONE', #257, .T. ) ;
#2123 = EDGE_CURVE ( 'NONE', #681, #912, #649, .T. ) ;
#2124 = DIRECTION ( 'NONE',  ( -0.7071067811865472397, 0.0000000000000000000, -0.7071067811865479058 ) ) ;
#2125 = FACE_BOUND ( 'NONE', #1554, .T. ) ;
#2126 = CARTESIAN_POINT ( 'NONE',  ( -23.16207110931276603, -54.53302326579778736, 0.0000000000000000000 ) ) ;
#2127 = DIRECTION ( 'NONE',  ( 0.0000000000000000000, 1.000000000000000000, 0.0000000000000000000 ) ) ;
#2128 = VERTEX_POINT ( 'NONE', #284 ) ;
#2129 = AXIS2_PLACEMENT_3D ( 'NONE', #1559, #2107, #1345 ) ;
#2130 = DIRECTION ( 'NONE',  ( 0.0000000000000000000, 0.0000000000000000000, 1.000000000000000000 ) ) ;
#2131 = VERTEX_POINT ( 'NONE', #275 ) ;
#2132 = DIRECTION ( 'NONE',  ( 1.000000000000000000, 0.0000000000000000000, 0.0000000000000000000 ) ) ;
#2133 = DIRECTION ( 'NONE',  ( 1.000000000000000000, 0.0000000000000000000, 0.0000000000000000000 ) ) ;
#2134 = DIRECTION ( 'NONE',  ( -0.0000000000000000000, -0.0000000000000000000, -1.000000000000000000 ) ) ;
#2135 = DIRECTION ( 'NONE',  ( 0.0000000000000000000, 0.0000000000000000000, 1.000000000000000000 ) ) ;
#2136 = LINE ( 'NONE', #1565, #1483 ) ;
#2137 = CARTESIAN_POINT ( 'NONE',  ( 24.75000000000000000, 18.46697673420220909, -1.734723475976807094E-15 ) ) ;
#2138 = EDGE_LOOP ( 'NONE', ( #1434, #1728, #2149, #179 ) ) ;
#2139 = ORIENTED_EDGE ( 'NONE', *, *, #200, .F. ) ;
#2140 = AXIS2_PLACEMENT_3D ( 'NONE', #142, #2002, #523 ) ;
#2141 = AXIS2_PLACEMENT_3D ( 'NONE', #579, #1859, #767 ) ;
#2142 = DIRECTION ( 'NONE',  ( -0.0000000000000000000, -0.0000000000000000000, -1.000000000000000000 ) ) ;
#2143 = CIRCLE ( 'NONE', #2306, 8.587928890687241079 ) ;
#2144 = ADVANCED_FACE ( 'NONE', ( #505 ), #243, .F. ) ;
#2145 = ORIENTED_EDGE ( 'NONE', *, *, #1435, .T. ) ;
#2146 = VECTOR ( 'NONE', #1534, 1000.000000000000000 ) ;
#2147 = AXIS2_PLACEMENT_3D ( 'NONE', #1676, #1470, #177 ) ;
#2148 = CARTESIAN_POINT ( 'NONE',  ( 31.74999999999997868, 60.37904784351498222, 0.0000000000000000000 ) ) ;
#2149 = ORIENTED_EDGE ( 'NONE', *, *, #1376, .T. ) ;
#2150 = VECTOR ( 'NONE', #1322, 1000.000000000000000 ) ;
#2151 = CARTESIAN_POINT ( 'NONE',  ( 10.49999999999999289, 18.46697673420220909, 2.000000000000000000 ) ) ;
#2152 = ORIENTED_EDGE ( 'NONE', *, *, #2086, .F. ) ;
#2153 = VERTEX_POINT ( 'NONE', #2148 ) ;
#2154 = CARTESIAN_POINT ( 'NONE',  ( -5.499999999999912959, 30.46697673420217711, 0.0000000000000000000 ) ) ;
#2155 = ADVANCED_FACE ( 'NONE', ( #2350 ), #1957, .F. ) ;
#2156 = ORIENTED_EDGE ( 'NONE', *, *, #289, .T. ) ;
#2157 = DIRECTION ( 'NONE',  ( 1.000000000000000000, 0.0000000000000000000, 0.0000000000000000000 ) ) ;
#2158 = EDGE_CURVE ( 'NONE', #1933, #2065, #2136, .T. ) ;
#2159 = VECTOR ( 'NONE', #1893, 1000.000000000000000 ) ;
#2160 = DIRECTION ( 'NONE',  ( 1.000000000000000000, 0.0000000000000000000, 0.0000000000000000000 ) ) ;
#2161 = AXIS2_PLACEMENT_3D ( 'NONE', #2357, #2380, #2157 ) ;
#2162 = CARTESIAN_POINT ( 'NONE',  ( -31.75000000000000000, -45.94509437511054273, 0.0000000000000000000 ) ) ;
#2163 = CIRCLE ( 'NONE', #205, 8.000000000000001776 ) ;
#2164 = EDGE_LOOP ( 'NONE', ( #1597, #1639 ) ) ;
#2165 = DIRECTION ( 'NONE',  ( 0.0000000000000000000, 0.0000000000000000000, 1.000000000000000000 ) ) ;
#2166 = EDGE_CURVE ( 'NONE', #681, #742, #675, .T. ) ;
#2167 = ORIENTED_EDGE ( 'NONE', *, *, #1317, .F. ) ;
#2168 = ADVANCED_FACE ( 'NONE', ( #1231 ), #481, .F. ) ;
#2169 = ORIENTED_EDGE ( 'NONE', *, *, #1053, .T. ) ;
#2170 = ORIENTED_EDGE ( 'NONE', *, *, #2325, .F. ) ;
#2171 = AXIS2_PLACEMENT_3D ( 'NONE', #46, #2283, #1549 ) ;
#2172 = DIRECTION ( 'NONE',  ( -1.000000000000000000, 0.0000000000000000000, 0.0000000000000000000 ) ) ;
#2173 = ORIENTED_EDGE ( 'NONE', *, *, #1008, .T. ) ;
#2174 = CIRCLE ( 'NONE', #670, 3.200000000000001510 ) ;
#2175 = ADVANCED_FACE ( 'NONE', ( #1114 ), #1695, .F. ) ;
#2176 = DIRECTION ( 'NONE',  ( 1.000000000000000000, 0.0000000000000000000, 0.0000000000000000000 ) ) ;
#2177 = VERTEX_POINT ( 'NONE', #2210 ) ;
#2178 = CYLINDRICAL_SURFACE ( 'NONE', #886, 8.000000000000001776 ) ;
#2179 = FACE_BOUND ( 'NONE', #1687, .T. ) ;
#2180 = CARTESIAN_POINT ( 'NONE',  ( -4.749904554191427763, -35.46325416714226719, 2.000000000000000000 ) ) ;
#2181 = VERTEX_POINT ( 'NONE', #2395 ) ;
#2182 = CARTESIAN_POINT ( 'NONE',  ( 22.74999999999999645, 18.46697673420220909, 2.000000000000000000 ) ) ;
#2183 = CIRCLE ( 'NONE', #264, 1.500000000000002220 ) ;
#2184 = ADVANCED_FACE ( 'NONE', ( #1057 ), #1198, .F. ) ;
#2185 = ORIENTED_EDGE ( 'NONE', *, *, #2348, .F. ) ;
#2186 = EDGE_CURVE ( 'NONE', #485, #867, #1723, .T. ) ;
#2187 = ORIENTED_EDGE ( 'NONE', *, *, #2095, .F. ) ;
#2188 = VERTEX_POINT ( 'NONE', #904 ) ;
#2189 = CARTESIAN_POINT ( 'NONE',  ( -22.75000000000000000, 18.46697673420220909, 1.199999999999997291 ) ) ;
#2190 = DIRECTION ( 'NONE',  ( -0.0000000000000000000, -0.0000000000000000000, -1.000000000000000000 ) ) ;
#2191 = DIRECTION ( 'NONE',  ( 1.000000000000000000, 0.0000000000000000000, 0.0000000000000000000 ) ) ;
#2192 = APPROVAL_DATE_TIME ( #382, #1355 ) ;
#2193 = CARTESIAN_POINT ( 'NONE',  ( 10.50000000000000000, 25.46697673420220909, 0.0000000000000000000 ) ) ;
#2194 = EDGE_CURVE ( 'NONE', #1120, #1051, #1086, .T. ) ;
#2195 = CYLINDRICAL_SURFACE ( 'NONE', #965, 2.000000000000001776 ) ;
#2196 = CARTESIAN_POINT ( 'NONE',  ( -23.16207110931276603, -54.53302326579778736, 0.0000000000000000000 ) ) ;
#2197 = DIRECTION ( 'NONE',  ( -1.000000000000000000, 0.0000000000000000000, 0.0000000000000000000 ) ) ;
#2198 = VERTEX_POINT ( 'NONE', #1802 ) ;
#2199 = ADVANCED_FACE ( 'NONE', ( #594 ), #2048, .F. ) ;
#2200 = CARTESIAN_POINT ( 'NONE',  ( -23.16207110931276603, 60.37904784351497511, 2.000000000000000000 ) ) ;
#2201 = CARTESIAN_POINT ( 'NONE',  ( 27.95000000000000284, 28.46697673420221264, -1.734723475976807094E-15 ) ) ;
#2202 = CARTESIAN_POINT ( 'NONE',  ( -6.999999999999912959, 30.46697673420217711, 0.0000000000000000000 ) ) ;
#2203 = ORIENTED_EDGE ( 'NONE', *, *, #875, .F. ) ;
#2204 = CARTESIAN_POINT ( 'NONE',  ( 12.74999999999999645, -10.03302326579778914, 2.000000000000000000 ) ) ;
#2205 = FACE_OUTER_BOUND ( 'NONE', #1221, .T. ) ;
#2206 = ORIENTED_EDGE ( 'NONE', *, *, #2227, .T. ) ;
#2207 = ORIENTED_EDGE ( 'NONE', *, *, #312, .T. ) ;
#2208 = AXIS2_PLACEMENT_3D ( 'NONE', #2193, #1608, #1981 ) ;
#2209 = CIRCLE ( 'NONE', #2093, 3.999999999999994671 ) ;
#2210 = CARTESIAN_POINT ( 'NONE',  ( 4.499999999999984901, 50.46697673420221264, 0.0000000000000000000 ) ) ;
#2211 = VERTEX_POINT ( 'NONE', #333 ) ;
#2212 = FACE_OUTER_BOUND ( 'NONE', #1888, .T. ) ;
#2213 = EDGE_CURVE ( 'NONE', #2042, #1125, #2409, .T. ) ;
#2214 = FACE_OUTER_BOUND ( 'NONE', #1432, .T. ) ;
#2215 = DIRECTION ( 'NONE',  ( -0.0000000000000000000, -0.0000000000000000000, -1.000000000000000000 ) ) ;
#2216 = VECTOR ( 'NONE', #318, 1000.000000000000000 ) ;
#2217 = EDGE_LOOP ( 'NONE', ( #310, #576 ) ) ;
#2218 = EDGE_CURVE ( 'NONE', #1306, #833, #90, .T. ) ;
#2219 = DIRECTION ( 'NONE',  ( 0.0000000000000000000, 0.0000000000000000000, 1.000000000000000000 ) ) ;
#2220 = CARTESIAN_POINT ( 'NONE',  ( 16.00000000000018119, 18.46697673420237251, 2.000000000000000000 ) ) ;
#2221 = AXIS2_PLACEMENT_3D ( 'NONE', #2411, #162, #1481 ) ;
#2222 = COORDINATED_UNIVERSAL_TIME_OFFSET ( 8, 0, .AHEAD. ) ;
#2223 = DIRECTION ( 'NONE',  ( 1.000000000000000000, 0.0000000000000000000, 0.0000000000000000000 ) ) ;
#2224 = CARTESIAN_POINT ( 'NONE',  ( -17.50000000000001421, 18.46697673420170105, 0.0000000000000000000 ) ) ;
#2225 = VECTOR ( 'NONE', #1572, 1000.000000000000000 ) ;
#2226 = EDGE_LOOP ( 'NONE', ( #1890, #2039 ) ) ;
#2227 = EDGE_CURVE ( 'NONE', #2177, #623, #562, .T. ) ;
#2228 = CARTESIAN_POINT ( 'NONE',  ( 20.74999999999999645, -35.53302326579778025, 2.000000000000000000 ) ) ;
#2229 = VERTEX_POINT ( 'NONE', #1431 ) ;
#2230 = ORIENTED_EDGE ( 'NONE', *, *, #848, .T. ) ;
#2231 = ORIENTED_EDGE ( 'NONE', *, *, #917, .F. ) ;
#2232 = EDGE_CURVE ( 'NONE', #1232, #564, #2081, .T. ) ;
#2233 = ORIENTED_EDGE ( 'NONE', *, *, #1620, .F. ) ;
#2234 = DIRECTION ( 'NONE',  ( -1.000000000000000000, 0.0000000000000000000, 0.0000000000000000000 ) ) ;
#2235 = DIRECTION ( 'NONE',  ( -1.000000000000000000, 0.0000000000000000000, 0.0000000000000000000 ) ) ;
#2236 = ORIENTED_EDGE ( 'NONE', *, *, #816, .F. ) ;
#2237 = LINE ( 'NONE', #1289, #1206 ) ;
#2238 = ORIENTED_EDGE ( 'NONE', *, *, #1834, .T. ) ;
#2239 = VECTOR ( 'NONE', #1841, 1000.000000000000000 ) ;
#2240 = CC_DESIGN_PERSON_AND_ORGANIZATION_ASSIGNMENT ( #1863, #477, ( #458 ) ) ;
#2241 = FACE_BOUND ( 'NONE', #806, .T. ) ;
#2242 = DIRECTION ( 'NONE',  ( -0.0000000000000000000, -0.0000000000000000000, -1.000000000000000000 ) ) ;
#2243 = DIRECTION ( 'NONE',  ( -1.000000000000000000, 0.0000000000000000000, 0.0000000000000000000 ) ) ;
#2244 = FACE_OUTER_BOUND ( 'NONE', #979, .T. ) ;
#2245 = EDGE_CURVE ( 'NONE', #2334, #1051, #178, .T. ) ;
#2246 = CARTESIAN_POINT ( 'NONE',  ( 31.75000000000000000, -45.94509437511053562, 2.000000000000000000 ) ) ;
#2247 = ORIENTED_EDGE ( 'NONE', *, *, #1334, .F. ) ;
#2248 = ORIENTED_EDGE ( 'NONE', *, *, #939, .F. ) ;
#2249 = DIRECTION ( 'NONE',  ( -0.0000000000000000000, -0.0000000000000000000, -1.000000000000000000 ) ) ;
#2250 = EDGE_CURVE ( 'NONE', #1704, #1813, #1518, .T. ) ;
#2251 = CARTESIAN_POINT ( 'NONE',  ( -4.500000000000007105, 50.46697673420221264, 2.000000000000000000 ) ) ;
#2252 = CARTESIAN_POINT ( 'NONE',  ( -23.16207110931276603, 68.96697673420220553, 2.000000000000000000 ) ) ;
#2253 = DIRECTION ( 'NONE',  ( 0.0000000000000000000, 0.0000000000000000000, 1.000000000000000000 ) ) ;
#2254 = AXIS2_PLACEMENT_3D ( 'NONE', #2402, #1640, #907 ) ;
#2255 = PERSON_AND_ORGANIZATION ( #51, #1367 ) ;
#2256 = CARTESIAN_POINT ( 'NONE',  ( 24.75000000000000000, 18.46697673420220909, -1.734723475976807094E-15 ) ) ;
#2257 = DIRECTION ( 'NONE',  ( -0.0000000000000000000, -0.0000000000000000000, -1.000000000000000000 ) ) ;
#2258 = DIRECTION ( 'NONE',  ( 1.000000000000000000, 0.0000000000000000000, 0.0000000000000000000 ) ) ;
#2259 = EDGE_LOOP ( 'NONE', ( #1901, #1919 ) ) ;
#2260 = AXIS2_PLACEMENT_3D ( 'NONE', #109, #2165, #518 ) ;
#2261 = DIRECTION ( 'NONE',  ( 1.000000000000000000, 0.0000000000000000000, 0.0000000000000000000 ) ) ;
#2262 = EDGE_LOOP ( 'NONE', ( #1686, #718, #2058, #2311 ) ) ;
#2263 = VECTOR ( 'NONE', #739, 999.9999999999998863 ) ;
#2264 = AXIS2_PLACEMENT_3D ( 'NONE', #441, #1921, #1342 ) ;
#2265 = EDGE_CURVE ( 'NONE', #1962, #2414, #741, .T. ) ;
#2266 = VERTEX_POINT ( 'NONE', #353 ) ;
#2267 = ORIENTED_EDGE ( 'NONE', *, *, #1359, .T. ) ;
#2268 = CIRCLE ( 'NONE', #2059, 1.499999999999999556 ) ;
#2269 = AXIS2_PLACEMENT_3D ( 'NONE', #1720, #2127, #2318 ) ;
#2270 = LINE ( 'NONE', #1751, #1039 ) ;
#2271 = DIRECTION ( 'NONE',  ( 1.000000000000000000, 0.0000000000000000000, 0.0000000000000000000 ) ) ;
#2272 = VECTOR ( 'NONE', #650, 1000.000000000000000 ) ;
#2273 = AXIS2_PLACEMENT_3D ( 'NONE', #2399, #1465, #549 ) ;
#2274 = DIRECTION ( 'NONE',  ( 0.0000000000000000000, 0.0000000000000000000, 1.000000000000000000 ) ) ;
#2275 = ORIENTED_EDGE ( 'NONE', *, *, #21, .F. ) ;
#2276 = CARTESIAN_POINT ( 'NONE',  ( -31.75000000000000000, -45.94509437511054273, 0.0000000000000000000 ) ) ;
#2277 = AXIS2_PLACEMENT_3D ( 'NONE', #49, #248, #1138 ) ;
#2278 = DIRECTION ( 'NONE',  ( 0.0000000000000000000, 0.0000000000000000000, 1.000000000000000000 ) ) ;
#2279 = ORIENTED_EDGE ( 'NONE', *, *, #989, .F. ) ;
#2280 = DIRECTION ( 'NONE',  ( -0.0000000000000000000, -0.0000000000000000000, -1.000000000000000000 ) ) ;
#2281 = DIRECTION ( 'NONE',  ( 0.0000000000000000000, 0.0000000000000000000, 1.000000000000000000 ) ) ;
#2282 = APPROVAL_ROLE ( '' ) ;
#2283 = DIRECTION ( 'NONE',  ( 0.0000000000000000000, 0.0000000000000000000, 1.000000000000000000 ) ) ;
#2284 = DATE_AND_TIME ( #1339, #412 ) ;
#2285 = LINE ( 'NONE', #1463, #150 ) ;
#2286 = AXIS2_PLACEMENT_3D ( 'NONE', #1081, #498, #504 ) ;
#2287 = VERTEX_POINT ( 'NONE', #1278 ) ;
#2288 = DIRECTION ( 'NONE',  ( 1.000000000000000000, 0.0000000000000000000, 0.0000000000000000000 ) ) ;
#2289 = ORIENTED_EDGE ( 'NONE', *, *, #117, .T. ) ;
#2290 = EDGE_CURVE ( 'NONE', #1314, #1962, #2285, .T. ) ;
#2291 = EDGE_LOOP ( 'NONE', ( #43, #390 ) ) ;
#2292 = AXIS2_PLACEMENT_3D ( 'NONE', #2, #1308, #768 ) ;
#2293 = DIRECTION ( 'NONE',  ( -1.000000000000000000, 0.0000000000000000000, 0.0000000000000000000 ) ) ;
#2294 = ORIENTED_EDGE ( 'NONE', *, *, #1268, .F. ) ;
#2295 = CARTESIAN_POINT ( 'NONE',  ( -1.500000000000010880, 37.46697673420221264, 2.000000000000000000 ) ) ;
#2296 = VERTEX_POINT ( 'NONE', #1340 ) ;
#2297 = FACE_OUTER_BOUND ( 'NONE', #1419, .T. ) ;
#2298 = AXIS2_PLACEMENT_3D ( 'NONE', #2378, #133, #115 ) ;
#2299 = ORIENTED_EDGE ( 'NONE', *, *, #948, .T. ) ;
#2300 = CIRCLE ( 'NONE', #823, 1.499999999999999556 ) ;
#2301 = EDGE_CURVE ( 'NONE', #1674, #1963, #118, .T. ) ;
#2302 = CARTESIAN_POINT ( 'NONE',  ( 10.49999999999999289, 18.46697673420220909, 0.0000000000000000000 ) ) ;
#2303 = ORIENTED_EDGE ( 'NONE', *, *, #53, .T. ) ;
#2304 = CONICAL_SURFACE ( 'NONE', #340, 3.200000000000001510, 0.7853981633974479459 ) ;
#2305 = DIRECTION ( 'NONE',  ( -0.0000000000000000000, -0.0000000000000000000, -1.000000000000000000 ) ) ;
#2306 = AXIS2_PLACEMENT_3D ( 'NONE', #1515, #1509, #1856 ) ;
#2307 = CIRCLE ( 'NONE', #2161, 2.000000000000005329 ) ;
#2308 = DIRECTION ( 'NONE',  ( 1.000000000000000000, 0.0000000000000000000, 0.0000000000000000000 ) ) ;
#2309 = VERTEX_POINT ( 'NONE', #233 ) ;
#2310 = DIRECTION ( 'NONE',  ( -0.0000000000000000000, -0.0000000000000000000, -1.000000000000000000 ) ) ;
#2311 = ORIENTED_EDGE ( 'NONE', *, *, #1121, .F. ) ;
#2312 = DIRECTION ( 'NONE',  ( 0.0000000000000000000, 0.0000000000000000000, 1.000000000000000000 ) ) ;
#2313 = DIRECTION ( 'NONE',  ( -0.0000000000000000000, -0.0000000000000000000, -1.000000000000000000 ) ) ;
#2314 = AXIS2_PLACEMENT_3D ( 'NONE', #2096, #2281, #430 ) ;
#2315 = EDGE_CURVE ( 'NONE', #2153, #1962, #911, .T. ) ;
#2316 = CALENDAR_DATE ( 2018, 16, 8 ) ;
#2317 = CARTESIAN_POINT ( 'NONE',  ( -12.00000000000000711, 25.46697673420220553, 2.000000000000000000 ) ) ;
#2318 = DIRECTION ( 'NONE',  ( 0.0000000000000000000, -0.0000000000000000000, 1.000000000000000000 ) ) ;
#2319 = ORIENTED_EDGE ( 'NONE', *, *, #1702, .F. ) ;
#2320 = CARTESIAN_POINT ( 'NONE',  ( 6.499999999999998224, 18.46697673420220909, 2.000000000000000000 ) ) ;
#2321 = EDGE_LOOP ( 'NONE', ( #1868, #1115, #2111, #653 ) ) ;
#2322 = EDGE_LOOP ( 'NONE', ( #874, #743 ) ) ;
#2323 = ORIENTED_EDGE ( 'NONE', *, *, #607, .T. ) ;
#2324 = DIRECTION ( 'NONE',  ( -0.0000000000000000000, -0.0000000000000000000, -1.000000000000000000 ) ) ;
#2325 = EDGE_CURVE ( 'NONE', #564, #1541, #33, .T. ) ;
#2326 = VERTEX_POINT ( 'NONE', #2332 ) ;
#2327 = VECTOR ( 'NONE', #2280, 1000.000000000000000 ) ;
#2328 = DIRECTION ( 'NONE',  ( 1.000000000000000000, 0.0000000000000000000, 0.0000000000000000000 ) ) ;
#2329 = ORIENTED_EDGE ( 'NONE', *, *, #113, .T. ) ;
#2330 = LINE ( 'NONE', #1954, #2416 ) ;
#2331 = CARTESIAN_POINT ( 'NONE',  ( -10.50000000000000711, 25.46697673420220553, 0.0000000000000000000 ) ) ;
#2332 = CARTESIAN_POINT ( 'NONE',  ( -8.499999999999912959, 30.46697673420217711, 0.0000000000000000000 ) ) ;
#2333 = FACE_BOUND ( 'NONE', #916, .T. ) ;
#2334 = VERTEX_POINT ( 'NONE', #1016 ) ;
#2335 = FACE_BOUND ( 'NONE', #100, .T. ) ;
#2336 = DIRECTION ( 'NONE',  ( 0.7071067811865472397, 8.659560562354930393E-17, -0.7071067811865479058 ) ) ;
#2337 = DIRECTION ( 'NONE',  ( 0.0000000000000000000, 0.0000000000000000000, 1.000000000000000000 ) ) ;
#2338 = CYLINDRICAL_SURFACE ( 'NONE', #1675, 8.000000000000003553 ) ;
#2339 = ADVANCED_FACE ( 'NONE', ( #1660 ), #537, .F. ) ;
#2340 = CARTESIAN_POINT ( 'NONE',  ( 8.999999999999996447, 25.46697673420220909, 0.0000000000000000000 ) ) ;
#2341 = EDGE_LOOP ( 'NONE', ( #753, #1899 ) ) ;
#2342 = DIRECTION ( 'NONE',  ( 0.0000000000000000000, 0.0000000000000000000, 1.000000000000000000 ) ) ;
#2343 = CARTESIAN_POINT ( 'NONE',  ( 20.74999999999999645, -10.03302326579778736, 2.000000000000000000 ) ) ;
#2344 = AXIS2_PLACEMENT_3D ( 'NONE', #1279, #1287, #2191 ) ;
#2345 = DIRECTION ( 'NONE',  ( -0.0000000000000000000, -0.0000000000000000000, -1.000000000000000000 ) ) ;
#2346 = DIRECTION ( 'NONE',  ( 1.000000000000000000, 0.0000000000000000000, -0.0000000000000000000 ) ) ;
#2347 = LINE ( 'NONE', #764, #1455 ) ;
#2348 = EDGE_CURVE ( 'NONE', #1263, #1669, #2163, .T. ) ;
#2349 = ADVANCED_FACE ( 'NONE', ( #414 ), #881, .F. ) ;
#2350 = FACE_OUTER_BOUND ( 'NONE', #1174, .T. ) ;
#2351 = VERTEX_POINT ( 'NONE', #2201 ) ;
#2352 = AXIS2_PLACEMENT_3D ( 'NONE', #202, #778, #589 ) ;
#2353 = CARTESIAN_POINT ( 'NONE',  ( -1.499999999999864109, 23.46697673420220553, 2.000000000000000000 ) ) ;
#2354 = ORIENTED_EDGE ( 'NONE', *, *, #1564, .T. ) ;
#2355 = APPLICATION_PROTOCOL_DEFINITION ( 'international standard', 'config_control_design', 1994, #1226 ) ;
#2356 = ADVANCED_FACE ( 'NONE', ( #1083 ), #1575, .F. ) ;
#2357 = CARTESIAN_POINT ( 'NONE',  ( 24.75000000000000000, 28.46697673420221264, 2.000000000000000000 ) ) ;
#2358 = ORIENTED_EDGE ( 'NONE', *, *, #2265, .T. ) ;
#2359 = ORIENTED_EDGE ( 'NONE', *, *, #472, .F. ) ;
#2360 = LINE ( 'NONE', #1701, #1497 ) ;
#2361 = AXIS2_PLACEMENT_3D ( 'NONE', #1429, #1807, #1998 ) ;
#2362 = ORIENTED_EDGE ( 'NONE', *, *, #1280, .T. ) ;
#2363 = DIRECTION ( 'NONE',  ( -0.0000000000000000000, -0.0000000000000000000, -1.000000000000000000 ) ) ;
#2364 = CYLINDRICAL_SURFACE ( 'NONE', #986, 8.587928890687241079 ) ;
#2365 = DIRECTION ( 'NONE',  ( 1.000000000000000000, 0.0000000000000000000, 0.0000000000000000000 ) ) ;
#2366 = ADVANCED_FACE ( 'NONE', ( #1839 ), #1195, .F. ) ;
#2367 = CIRCLE ( 'NONE', #167, 1.500000000000004885 ) ;
#2368 = DIRECTION ( 'NONE',  ( 0.0000000000000000000, 0.0000000000000000000, 1.000000000000000000 ) ) ;
#2369 = FACE_OUTER_BOUND ( 'NONE', #676, .T. ) ;
#2370 = ORIENTED_EDGE ( 'NONE', *, *, #41, .T. ) ;
#2371 = CARTESIAN_POINT ( 'NONE',  ( 5.500000000000090594, 30.46697673420228369, 2.000000000000000000 ) ) ;
#2372 = DIRECTION ( 'NONE',  ( 0.0000000000000000000, 0.0000000000000000000, 1.000000000000000000 ) ) ;
#2373 = EDGE_LOOP ( 'NONE', ( #1169, #1725, #1400, #1202 ) ) ;
#2374 = CC_DESIGN_SECURITY_CLASSIFICATION ( #78, ( #616 ) ) ;
#2375 = DIRECTION ( 'NONE',  ( 1.000000000000000000, 0.0000000000000000000, -0.0000000000000000000 ) ) ;
#2376 = ADVANCED_FACE ( 'NONE', ( #1809 ), #28, .F. ) ;
#2377 = EDGE_CURVE ( 'NONE', #1758, #1669, #1516, .T. ) ;
#2378 = CARTESIAN_POINT ( 'NONE',  ( 7.000000000000093259, 30.46697673420228369, 2.000000000000000000 ) ) ;
#2379 = ADVANCED_FACE ( 'NONE', ( #30 ), #1924, .F. ) ;
#2380 = DIRECTION ( 'NONE',  ( 0.0000000000000000000, 0.0000000000000000000, 1.000000000000000000 ) ) ;
#2381 = EDGE_CURVE ( 'NONE', #2112, #643, #1428, .T. ) ;
#2382 = ORIENTED_EDGE ( 'NONE', *, *, #1596, .F. ) ;
#2383 = ORIENTED_EDGE ( 'NONE', *, *, #2022, .F. ) ;
#2384 = ORIENTED_EDGE ( 'NONE', *, *, #705, .T. ) ;
#2385 = DIRECTION ( 'NONE',  ( -0.0000000000000000000, -0.0000000000000000000, -1.000000000000000000 ) ) ;
#2386 = EDGE_LOOP ( 'NONE', ( #2083, #250, #2303, #985 ) ) ;
#2387 = CARTESIAN_POINT ( 'NONE',  ( -31.75000000000000000, 60.37904784351497511, 2.000000000000000000 ) ) ;
#2388 = ORIENTED_EDGE ( 'NONE', *, *, #8, .F. ) ;
#2389 = FACE_OUTER_BOUND ( 'NONE', #2373, .T. ) ;
#2390 = CARTESIAN_POINT ( 'NONE',  ( 3.500000000000190514, 18.46697673420209185, 2.000000000000000000 ) ) ;
#2391 = ORIENTED_EDGE ( 'NONE', *, *, #1979, .F. ) ;
#2392 = VECTOR ( 'NONE', #513, 1000.000000000000000 ) ;
#2393 = FACE_BOUND ( 'NONE', #1489, .T. ) ;
#2394 = CARTESIAN_POINT ( 'NONE',  ( -24.75000000000000000, 28.46697673420221264, 2.000000000000000000 ) ) ;
#2395 = CARTESIAN_POINT ( 'NONE',  ( -1.499999999999864109, 23.46697673420220553, 0.0000000000000000000 ) ) ;
#2396 = CIRCLE ( 'NONE', #2106, 2.000000000000005329 ) ;
#2397 = AXIS2_PLACEMENT_3D ( 'NONE', #1783, #1191, #1223 ) ;
#2398 = EDGE_CURVE ( 'NONE', #997, #1089, #1229, .T. ) ;
#2399 = CARTESIAN_POINT ( 'NONE',  ( 12.74999999999999645, -35.53302326579778025, 0.0000000000000000000 ) ) ;
#2400 = CIRCLE ( 'NONE', #351, 1.500000000000003109 ) ;
#2401 = CARTESIAN_POINT ( 'NONE',  ( -17.50000000000001421, 18.46697673420170105, 2.000000000000000000 ) ) ;
#2402 = CARTESIAN_POINT ( 'NONE',  ( 10.50000000000000000, 25.46697673420220909, 0.0000000000000000000 ) ) ;
#2403 = ORIENTED_EDGE ( 'NONE', *, *, #1249, .F. ) ;
#2404 = AXIS2_PLACEMENT_3D ( 'NONE', #1224, #1976, #1020 ) ;
#2405 = CARTESIAN_POINT ( 'NONE',  ( 1.380442006958332136E-13, 23.46697673420220553, 2.000000000000000000 ) ) ;
#2406 = CARTESIAN_POINT ( 'NONE',  ( -11.99999999999948663, 11.46697673420161223, 2.000000000000000000 ) ) ;
#2407 = CARTESIAN_POINT ( 'NONE',  ( -10.50000000000000711, 18.46697673420220553, 2.000000000000000000 ) ) ;
#2408 = EDGE_CURVE ( 'NONE', #2116, #484, #1721, .T. ) ;
#2409 = CIRCLE ( 'NONE', #1736, 1.500000000000002220 ) ;
#2410 = VERTEX_POINT ( 'NONE', #208 ) ;
#2411 = CARTESIAN_POINT ( 'NONE',  ( 10.49999999999999289, 18.46697673420220909, 2.000000000000000000 ) ) ;
#2412 = VERTEX_POINT ( 'NONE', #788 ) ;
#2413 = DIRECTION ( 'NONE',  ( -1.000000000000000000, 0.0000000000000000000, 0.0000000000000000000 ) ) ;
#2414 = VERTEX_POINT ( 'NONE', #1524 ) ;
#2415 = ORIENTED_EDGE ( 'NONE', *, *, #1531, .F. ) ;
#2416 = VECTOR ( 'NONE', #1019, 1000.000000000000000 ) ;
#2417 = ADVANCED_FACE ( 'NONE', ( #1953 ), #210, .F. ) ;
#2418 = CIRCLE ( 'NONE', #960, 8.000000000000001776 ) ;
#2419 = EDGE_CURVE ( 'NONE', #1703, #623, #2347, .T. ) ;
#2420 = CARTESIAN_POINT ( 'NONE',  ( 14.49999999999998934, 18.46697673420220909, 2.000000000000000000 ) ) ;
#2421 = VECTOR ( 'NONE', #866, 1000.000000000000000 ) ;
#2422 = CARTESIAN_POINT ( 'NONE',  ( 21.55000000000000071, 28.46697673420221264, -1.734723475976807094E-15 ) ) ;
#2423 = CYLINDRICAL_SURFACE ( 'NONE', #1844, 8.000000000000005329 ) ;
#2424 = ORIENTED_EDGE ( 'NONE', *, *, #956, .F. ) ;
#2425 = EDGE_CURVE ( 'NONE', #1089, #752, #796, .T. ) ;
#2426 = DIRECTION ( 'NONE',  ( -0.0000000000000000000, -0.0000000000000000000, -1.000000000000000000 ) ) ;
#2427 = ORIENTED_EDGE ( 'NONE', *, *, #2013, .T. ) ;
ENDSEC;
END-ISO-10303-21;
